authorId,host,component,split,band,raDeg,decDeg,shiftedRaDeg,shiftedDecDeg,mosaicX,mosaicY,edgeDistancePixels,validCoverage,centerContributionCount,centerSegmentationLabel,nearestCatalogLabel,nearestCatalogDistanceArcsec,secondCatalogDistanceArcsec,catalogMatchedAt0_3Arcsec,catalogSourcesWithin1Arcsec,centerLabelEqualsNearestCatalogLabel,centerScienceMJySr,centerErrorMJySr,centerWeight,referenceFluxJy,referenceCombinedErrorJy,referenceSignalToNoise,referenceVegaMag,referenceBackgroundMJySr,referenceBackgroundRobustSigmaMJySr,referenceApertureSegmentedFraction,referenceTargetLabelFraction,sensitivityFluxJy,sensitivityCombinedErrorJy,sensitivitySignalToNoise,sensitivityVegaMag,sensitivityBackgroundMJySr
1055,N3447Spiral,spiral,validation,F090W,163.34825,16.79841,163.3482558031922,16.79838777777778,9597.656189732963,648.8075108871658,292.34381026703704,True,4,0,235,0.7579972006049681,1.3504860198814037,False,1,False,0.8835791945457458,0.03105206787586212,1705.0784912109375,9.579918413459142e-08,4.067777548569e-09,23.550743124656,25.96258522612433,0.3627452254295349,0.018632826286554334,0.0,0.0,9.823977602082787e-08,3.916614058034532e-09,25.08283291770836,25.935271343182144,0.3653919994831085
2067,N3447Spiral,spiral,validation,F090W,163.34715,16.79693,163.3471558031469,16.79690777777778,9392.025090176294,609.1446309207363,497.9749098237062,True,4,0,219,1.342531232219149,1.7038358820633335,False,0,False,0.7483993172645569,0.029252367094159126,1704.4368896484375,5.373734151861143e-08,3.776850947079095e-09,14.22808108436747,26.590299309002322,0.35849282145500183,0.017685700365900992,0.0,0.0,5.185326160581517e-08,2.9039720056512736e-09,17.85597846842399,26.629049554767683,0.3577147424221039
3321,N3447Spiral,spiral,validation,F090W,163.35086,16.7993,163.3508658032194,16.799277777777778,9810.55407794294,868.3330009358708,79.44592205706067,True,4,0,435,0.5719053118594091,0.9656173594512043,False,2,False,0.46285051107406616,0.024196472018957138,1711.100341796875,7.104091318873972e-08,4.347219637859995e-09,16.34168942605141,26.287218413772198,0.38016536831855774,0.02261775404512882,0.0,0.0,5.315479923758755e-08,3.431873843292296e-09,15.48856445917447,26.602133546817573,0.3761806935071945
3366,N3447Spiral,spiral,development,F090W,163.34379,16.79359,163.34379580304483,16.793567777777778,8887.77404675868,431.49624869147397,431.49624869147397,True,4,0,98,1.3092730361610012,1.474117775840709,False,0,False,0.8792679309844971,0.03179103136062622,1642.8834228515625,1.9950615657328238e-07,4.505458227839749e-09,44.280991296403705,25.166098996905152,0.3639872968196869,0.01816426726877689,0.0,0.0,1.803118287690767e-07,4.041077028626242e-09,44.61974555094621,25.27592920695944,0.3653627932071686
4945,N3447Spiral,spiral,validation,F090W,163.3509,16.79854,163.35090580319613,16.79851777777778,9732.66258640349,908.7098288394322,157.33741359650958,True,4,0,479,1.2396174359516847,1.392998523029432,False,0,False,1.1621499061584473,0.034271564334630966,1712.459716796875,2.6543470429204487e-07,4.714791408462753e-09,56.29829218225992,24.856095491970958,0.36647558212280273,0.019698743373155594,0.0,0.0,2.5059368076875866e-07,4.2561826718536135e-09,58.877567080461425,24.918564464346602,0.3691187649965286
8638,N3447Spiral,spiral,development,F090W,163.34595,16.79274,163.34595580301882,16.792717777777778,8897.533538958694,689.0819256337704,689.0819256337704,True,4,258,258,0.02268301300262074,0.3862114024844409,True,3,True,0.4751063585281372,0.024674970656633377,1707.456298828125,9.006596380095215e-08,4.196137270083777e-09,21.464017500827364,26.029588000309335,0.4026709645986557,0.019643445941805837,0.7646756509821836,0.7646756509821836,6.079108006963313e-08,3.2650747715075637e-09,18.618587421066753,26.4563901034726,0.40319567918777466
8644,N3447Spiral,spiral,development,F090W,163.35084,16.79666,163.35084580313867,16.79663777777778,9532.703773025896,992.6273649306445,357.2962269741038,True,4,640,640,0.03676617950931013,0.710251175396172,True,4,True,0.8944509029388428,0.03200206160545349,1650.9271240234375,1.1824017241938423e-07,4.257157065838326e-09,27.77444444514527,25.734077116419297,0.37513718008995056,0.019292595559358597,0.805481016271767,0.805481016271767,1.123673555898761e-07,3.6232301528620773e-09,31.013032804751415,25.789389351120004,0.37739336490631104
8851,N3447Spiral,spiral,validation,F090W,163.35147,16.79708,163.35147580315152,16.79705777777778,9605.61608414062,1035.8006356931705,284.38391585938007,True,4,0,785,0.7205023001000875,0.9556009024919011,False,2,False,0.4814962148666382,0.0243687704205513,1716.423095703125,6.064992205008917e-08,3.871885894325593e-09,15.664181152387293,26.458914134710124,0.36323606967926025,0.01708993295431137,0.0,0.0,4.662627962288443e-08,3.093954336073887e-09,15.07012533418688,26.744412842624726,0.3619612157344818
9061,N3447Spiral,spiral,validation,F090W,163.35075,16.79638,163.3507558031301,16.79635777777778,9499.209872398847,996.9849482620423,390.79012760115256,True,4,0,702,0.8556335849574714,0.939660876480851,False,2,False,1.2127536535263062,0.03726993873715401,1715.59326171875,1.1091877699040625e-07,4.191487928689639e-09,26.462864471396,25.8034770714666,0.379053458571434,0.018929748970270156,0.0,0.0,1.0550620614362729e-07,3.6402855213026134e-09,28.982948047952487,25.857794735552037,0.37873363494873047
10465,N3447Spiral,spiral,validation,F090W,163.34505,16.79114,163.3450558029699,16.791117777777778,8688.473170324196,675.2396632876435,675.2396632876435,True,4,0,209,1.8635283642838956,2.4493887530620153,False,0,False,0.852367103099823,0.03110416792333126,1706.78271484375,8.628947408821209e-08,4.18183737105434e-09,20.63434477043197,26.0760951970675,0.36852066218852997,0.02013277187347412,0.0,0.0,6.851154481273113e-08,3.250341276884161e-09,21.07826193513058,26.32658035179932,0.36810147762298584
11974,N3447Spiral,spiral,development,F090W,163.34971,16.79421,163.34971580306376,16.79418777777778,9223.945045169916,996.3595306747561,666.0549548300842,True,4,0,641,0.4487960464629058,0.5393245206031709,False,5,False,0.6408025622367859,0.027405643835663795,1716.184326171875,5.6041405453486384e-08,4.131071847938791e-09,13.565826864388328,26.544717206401,0.42210957407951355,0.019908246186375617,0.0,0.0,5.612279867151839e-08,3.607619806891295e-09,15.55673870187549,26.543141452713087,0.4236965477466583
12639,N3447,other,validation,F090W,163.33628,16.78311,163.33628580272457,16.78308777777778,7444.463347003069,178.58477040906382,178.58477040906382,True,4,0,81,5.641859045941128,6.287478513520317,False,0,False,0.9685279130935669,0.030436066910624504,1455.58203125,1.010326530323777e-07,3.6276267247618497e-09,27.850895557345527,25.904835358916515,0.3624009042978287,0.01477864171564579,0.0,0.0,7.84790985875378e-08,3.132810754825913e-09,25.050698790740967,26.179104737068176,0.3637002408504486
16293,N3447Spiral,spiral,validation,F090W,163.35241,16.79448,163.352415803072,16.79445777777778,9375.93199819902,1254.5899813221595,514.0680018009807,True,4,0,1342,1.1433969305429836,1.165895114733198,False,0,False,1.1073225736618042,0.03536747023463249,1723.128173828125,1.3337779255858046e-07,4.2507836231086586e-09,31.37722462124275,25.60328093867822,0.37065838277339935,0.018686113303899764,0.0,0.0,1.2334242601980313e-07,3.6964545215368088e-09,33.367765057345615,25.68820853652198,0.37139424681663513
17282,N3447Spiral,spiral,development,F090W,163.34263,16.78622,163.34263580281961,16.78619777777778,8061.525996878439,667.5639028316943,667.5639028316943,True,3,0,300,3.631788768298279,4.499764325914177,False,0,False,0.5104095339775085,0.02825850248336792,1278.41845703125,9.431175724802568e-08,4.3322383115428805e-09,21.769752831172752,25.97957516016177,0.37726476788520813,0.019206854715943335,0.0,0.0,8.176166962813404e-08,3.775474369975836e-09,21.655999118504766,26.134615373617713,0.38250449299812317
20127,N3447Spiral,spiral,validation,F090W,163.34515,16.78715,163.345155802848,16.78712777777778,8274.499290112535,876.1599401101776,876.1599401101776,True,4,0,429,0.9916951117301883,2.5059896395114913,False,1,False,1.7891370058059692,0.04357980936765671,1711.4718017578125,1.807375397990444e-07,4.647866411980455e-09,38.88613049057754,25.27336883637061,0.38989293575286865,0.021537366396188733,0.0,0.0,1.6167437223352256e-07,3.890514100815653e-09,41.55604324878999,25.39438679403837,0.3887275904417038
23741,N3447Spiral,spiral,validation,F090W,163.35044,16.79001,163.35044580293538,16.789987777777778,8816.80218619162,1270.6054652000057,1073.1978138083796,True,4,1582,1582,0.044379997880177595,0.22633525749481326,True,4,True,0.7772525548934937,0.030699143186211586,1724.0147705078125,7.659951872666404e-08,4.378138473746818e-09,17.49591046194344,26.20542464983945,0.40119192004203796,0.021693825209140778,0.8706896551724138,0.8706896551724138,5.9177464409434594e-08,3.401456484369861e-09,17.397683810262695,26.485598870015476,0.39893750846385956
24125,N3447Spiral,spiral,validation,F090W,163.3523,16.79136,163.35230580297667,16.79133777777778,9043.608904724311,1392.8126091668742,846.3910952756887,True,4,2261,2261,0.05865289085874204,0.46769765239855177,True,4,True,0.9402503967285156,0.033313728868961334,1727.39501953125,1.58392940754889e-07,4.480461290247603e-09,35.35192706600435,25.41665019708281,0.3882867693901062,0.020149297034740447,0.9994861547245218,0.9994861547245218,1.3761219563085378e-07,3.753048204434065e-09,36.66678074325581,25.569347441870708,0.3939722925424576
25440,N3447Spiral,spiral,development,F090W,163.33905,16.78025,163.33905580263723,16.780227777777778,7271.302128371448,593.5975395261348,593.5975395261348,True,4,0,223,2.2434506143289776,2.610575260945029,False,0,False,0.7033628821372986,0.027198579162359238,1697.06201171875,1.1694425279095976e-07,4.203492013548698e-09,27.820738665382247,25.74604254396299,0.39637361466884613,0.02048059558868408,0.0,0.0,6.788742382332554e-08,3.329450216766183e-09,20.38998014791253,26.33651643108757,0.39641979336738586
26714,N3447,other,development,F090W,163.35797,16.79499,163.3579758030876,16.794967777777778,9684.097778764033,1788.5466157147878,205.90222123596686,True,4,0,3111,2.924288449183008,3.280243786892396,False,0,False,1.4746694564819336,0.03945301100611687,1736.5228271484375,1.656481068560065e-07,4.345362017530727e-09,38.1206689310864,25.368023560229403,0.35736775398254395,0.01937234934568405,0.0,0.0,1.4162834983508282e-07,3.448381676771857e-09,41.07096113782444,25.53811426465017,0.355476051568985
27675,N3447,other,validation,F090W,163.33597,16.77696,163.33597580253678,16.77693777777778,6785.113554901309,441.6298490576605,441.6298490576605,True,4,0,121,1.037742341172321,1.7555371537415327,False,0,False,0.8561716675758362,0.02939695119857788,1687.811279296875,7.645361927679619e-08,3.711504199331332e-09,20.599092758825424,26.207494628475946,0.3887314349412918,0.01586258625090122,0.0,0.0,5.808477622031066e-08,3.281084731515442e-09,17.702918691003422,26.50583395099117,0.39345985651016235
27783,N3447Spiral,spiral,validation,F090W,163.34823,16.7868,163.3482358028373,16.78677777777778,8378.851545470392,1202.2283062810686,1202.2283062810686,True,4,1264,1264,0.08134440048335409,1.5084856667477522,True,1,True,0.8457489013671875,0.03115430288016796,1721.0811767578125,2.619602550110298e-07,4.9258821347976365e-09,53.18037416292982,24.87040124095578,0.4022494852542877,0.021943602579832074,0.7999657475595137,0.7999657475595137,1.778670822410286e-07,4.217072180799539e-09,42.17786051916848,25.290750800058262,0.40838173031806946
27945,N3447Spiral,spiral,validation,F090W,163.34828,16.78677,163.3482858028364,16.78674777777778,8377.994643531409,1208.685011954755,1208.685011954755,True,4,1264,1264,0.13753159465007422,1.5769756236348884,True,1,True,0.733390212059021,0.029568275436758995,1721.27197265625,1.0574331607506708e-07,4.4208488423277535e-09,23.919233578542578,25.855357438250937,0.4016423970460892,0.021509971743822097,0.8045104196403083,0.8045104196403083,7.807221637430074e-08,3.4723966215138182e-09,22.4836690286447,26.184748480716113,0.4037525802850723
28576,N3447Spiral,spiral,development,F090W,163.34533,16.78418,163.34533580275726,16.78415777777778,7971.188405851827,1036.3193763674235,1036.3193763674235,True,4,0,715,1.430038481291814,1.5459786455745457,False,0,False,1.041222095489502,0.033929020166397095,1715.1539306640625,1.110498945282798e-07,3.982228642962019e-09,27.886368283886345,25.802194376268833,0.3837887644767761,0.016016283506155013,0.0,0.0,1.0899340029326849e-07,3.4292747619459955e-09,31.783221777020422,25.82248924832495,0.3801361620426178
29870,N3447,other,development,F090W,163.33722,16.7772,163.3372258025441,16.77717777777778,6867.538172931177,555.6965446860354,555.6965446860354,True,4,0,176,0.5027731482158043,0.8664979509931556,False,2,False,0.6674529314041138,0.02604050002992153,1692.1751708984375,6.676902269395085e-08,3.9376887869036434e-09,16.956399123266902,26.35455220363092,0.38523054122924805,0.019471301481127738,0.0,0.0,6.482997087615962e-08,3.0782869178359603e-09,21.060405545866132,26.3865501860247,0.3863157778978348
36326,N3447Spiral,spiral,development,F090W,163.35696,16.79093,163.35696580296351,16.79090777777778,9211.949746506942,1881.3705976418858,678.0502534930583,True,4,0,3212,1.4122950701940133,2.302337236046451,False,0,False,1.1580615043640137,0.034843750298023224,1739.9190673828125,3.0685460619854474e-07,4.98374265636265e-09,61.57111780376325,24.698658135109525,0.3601608872413635,0.021498792958259582,0.0,0.0,2.8176200569148977e-07,4.4064495801380536e-09,63.9430908188588,24.79128367700434,0.36023184657096863
39885,N3447Spiral,spiral,validation,F090W,163.34841,16.78292,163.3484158027188,16.78289777777778,7980.08424339727,1405.9274927163456,1405.9274927163456,True,4,0,2270,0.341778354246071,0.440958394282804,False,4,False,1.0202759504318237,0.03398049995303154,1725.464599609375,6.657099623295547e-08,4.526969355607626e-09,14.705422326416448,26.357777111771842,0.41589778661727905,0.024553031587600707,0.0,0.0,6.957558295806296e-08,3.7047160512513398e-09,18.780274114277248,26.309847617590982,0.4126874506473541
48618,N3447Spiral,spiral,development,F090W,163.34092,16.77437,163.34092580245772,16.77434777777778,6740.124848745967,1062.6911128482993,1062.6911128482993,True,4,819,819,0.057636233696522904,0.8988203124562809,True,2,True,1.0268691778182983,0.03244543820619583,1705.62353515625,8.89666885452914e-08,4.476659317562595e-09,19.873455233964744,26.04292118760911,0.42805173993110657,0.02317092719078064,0.7640410958904109,0.7640410958904109,8.275059921489911e-08,3.849266328686657e-09,21.49775883217025,26.121561884084834,0.42368485033512115
51982,N3447Spiral,spiral,development,F090W,163.34872,16.77973,163.34872580262135,16.77970777777778,7659.652720177142,1589.6736062804341,1589.6736062804341,True,2,1352,2571,4.752336916183033,5.173491439057567,False,0,False,0.6232661604881287,0.03479259833693504,697.9202270507812,1.228279788759951e-07,7.460637715321633e-09,16.463469151403487,25.692746488212993,0.5205192565917969,0.03813653740882873,1.0,1.0,7.014759471815282e-08,4.970543096418016e-09,14.112662008444136,26.30095779190202,0.511058509349823
53520,N3447,other,development,F090W,163.33682,16.76975,163.3368258023167,16.769727777777778,6067.693751357177,871.8890088780295,871.8890088780295,True,4,0,543,1.9229047791086944,2.042536858372778,False,0,False,0.5626997947692871,0.02390897460281849,1691.8193359375,8.064555619526842e-08,4.097118875663283e-09,19.68347969454821,26.14953864854463,0.39243660867214203,0.021190404286980626,0.0,0.0,6.7133536057594e-08,3.6135015920728106e-09,18.578526768846455,26.348640944916678,0.39473187923431396
54441,N3447Spiral,spiral,validation,F090W,163.35415,16.78345,163.354155802735,16.783427777777778,8298.597683856136,1957.044826399535,1591.4023161438636,True,4,2575,3399,3.7779770936421775,4.04806812141509,False,0,False,1.0594578981399536,0.033595386892557144,1740.496337890625,2.5352703059628064e-07,9.050314547343778e-09,28.01306289080191,24.90592907769487,0.7792736887931824,0.05959529882669449,1.0,1.0,1.920016248023548e-07,5.16541037835737e-09,37.17064293803747,25.207727492506283,0.7751194834709167
58671,N3447Spiral,spiral,validation,F090W,163.35219,16.78081,163.35219580265436,16.78078777777778,7931.886093452679,1886.5059326248895,1886.5059326248895,True,4,2575,3074,5.153699538821774,5.548806256667352,False,0,False,0.8084067702293396,0.030369369313120842,1571.11572265625,5.065341984416547e-08,5.69486770065674e-09,8.894573589185232,26.65446782254731,0.5119648575782776,0.0347454329252243,1.0,1.0,4.996237058437445e-08,4.592254308298356e-09,10.879704657054987,26.669382161449324,0.5098695755004883
60901,N3447Spiral,spiral,validation,F090W,163.35413,16.7818,163.35413580268457,16.78177777777778,8124.598992570169,2033.9783233615133,1765.4010074298312,True,4,2575,2575,3.284037143342563,5.306175041026343,False,0,True,0.6206614375114441,0.026835869997739792,1741.7135009765625,1.288997050258766e-07,3.931378680831322e-09,32.78740500231326,25.640359943494932,0.434261679649353,0.011940003418922424,1.0,1.0,9.464070478036986e-08,3.1274487476732113e-09,30.26131278754977,25.975794837827696,0.4355827569961548
61470,N3447Spiral,spiral,development,F090W,163.34675,16.77572,163.3467558024989,16.77569777777778,7148.769888806117,1583.6570057413785,1583.6570057413785,True,4,1352,2340,5.255650751149852,5.586839312006783,False,0,False,0.8719010949134827,0.029262874275445938,1644.7794189453125,1.1062632423275402e-07,5.203118291741852e-09,21.261543180429896,25.806343546327454,0.5283556580543518,0.02951349617242813,1.0,1.0,7.95685364927889e-08,4.396977898036824e-09,18.09618750376592,26.164136326934457,0.5355216860771179
61857,N3447Spiral,spiral,validation,F090W,163.34553,16.77465,163.34553580246626,16.77462777777778,6980.645958731437,1512.3128772908285,1512.3128772908285,True,4,1352,2356,2.7726933433477727,2.972563097246634,False,0,False,0.6307293772697449,0.026428598910570145,1720.4134521484375,1.7998706671283046e-07,5.365889003334291e-09,33.54282330495263,25.277886504205217,0.4968574047088623,0.02928603218793869,1.0,1.0,1.2320277881379065e-07,4.5197730097949125e-09,27.258620852594774,25.68943849387425,0.500090479850769
67873,N3447A,tidal,validation,F090W,163.36685,16.79034,163.36685580294548,16.79031777777778,9603.101052932569,2902.7998881844055,286.89894706743144,True,4,4593,4593,0.14722206882107058,1.3417118175974452,True,1,True,3.253840208053589,0.0579817108809948,1762.9468994140625,3.4410157573686817e-07,4.999959205010443e-09,68.82087665676254,24.574273098830314,0.36076270043849945,0.01919379807114601,0.9889777270131354,0.9889777270131354,3.328116708305733e-07,4.7561821152116255e-09,69.97454318793781,24.61049338365284,0.3679071366786957
69920,N3447Spiral,spiral,development,F090W,163.34024,16.76851,163.34024580227884,16.76848777777778,6094.2552519807505,1274.714277341438,1274.714277341438,True,4,0,1530,0.40708616561495325,0.6016939256726268,False,6,False,0.6019828915596008,0.025130385532975197,1703.3896484375,5.7074998781840976e-08,4.206790905780915e-09,13.567348618018853,26.524874975049553,0.4300845265388489,0.022259789890050886,0.0,0.0,3.186137021558111e-08,3.220279204260974e-09,9.893977569840258,27.157828629938507,0.42769715189933777
71805,N3447Spiral,spiral,validation,F090W,163.33959,16.76757,163.33959580225016,16.76754777777778,5965.875988423334,1254.3932690060312,1254.3932690060312,True,4,0,1578,0.439893068738256,0.7131382888177115,False,3,False,0.6246751546859741,0.02580738440155983,1701.01171875,8.806271887825153e-08,3.93730451988364e-09,22.3662453420936,26.054009527568134,0.41471001505851746,0.017941685718297958,0.0,0.0,6.940504871388266e-08,3.239554154624428e-09,21.424259450890087,26.312512093838567,0.41388994455337524
72673,N3447Spiral,spiral,validation,F090W,163.34338,16.77044,163.34338580233776,16.77041777777778,6440.536013949254,1497.7712958271682,1497.7712958271682,True,4,1352,2513,0.4186013188495254,1.561638480793839,False,1,False,0.5084963440895081,0.023150533437728882,1713.98095703125,7.432585634814654e-08,3.896196719899429e-09,19.076515302354927,26.238139948167248,0.4422954022884369,0.01710150940418243,0.8558296220166723,0.8558296220166723,5.1207589791010945e-08,3.1193390608562594e-09,16.416166627604262,26.642653914292485,0.44139155745506287
73864,N3447Spiral,spiral,development,F090W,163.35855,16.78241,163.35855580270322,16.782387777777778,8391.054384542233,2448.6951592394757,1498.9456154577674,True,4,3699,3726,0.36588908270553744,0.47861853534000715,False,5,False,0.6902999877929688,0.028973128646612167,1752.4476318359375,1.0641160413464856e-07,4.3900966109550635e-09,24.23901193178953,25.848517276913523,0.42237767577171326,0.020031765139102934,0.8675496688741722,0.8675496688741722,7.144491951172415e-08,3.558959992266348e-09,20.07466216731141,26.281061374029903,0.4230974018573761
75689,N3447A,tidal,validation,F090W,163.36533,16.78749,163.3653358028584,16.787467777777778,9234.516500836438,2886.5271610182785,655.4834991635616,True,4,0,4552,0.36793929361406125,0.7008026454467865,False,2,False,0.5425205230712891,0.02762381173670292,1763.34130859375,6.052774461562383e-08,4.012259228641907e-09,15.085701388270374,26.461103523441622,0.3678319603204727,0.016116627466678617,0.0,0.0,6.028202798554105e-08,3.368568481981166e-09,17.895443808845233,26.465520116628177,0.3685566186904907
76269,N3447A,tidal,validation,F090W,163.36583,16.78778,163.36583580286725,16.78775777777778,9287.841532213592,2922.863393387234,602.1584677864084,True,4,4677,4677,0.08393489321241275,0.6051524839751913,True,4,True,1.277740240097046,0.03912515193223953,1764.012451171875,1.3317996249000734e-07,4.4330855404266424e-09,30.042272199690068,25.6048925316873,0.36943158507347107,0.019638762339949607,0.7155502255724973,0.7155502255724973,1.2078647583877502e-07,3.678283324241998e-09,32.83773031912002,25.71094397694608,0.37207186222076416
76411,N3447,other,validation,F090W,163.33789,16.7653,163.3378958021809,16.76527777777778,5649.884530563261,1192.2274253238406,1192.2274253238406,True,4,0,1192,0.2626493833274964,0.3182196565308995,True,6,False,0.4895016849040985,0.023335719481110573,1369.7724609375,4.4011066662855226e-08,4.150517654820375e-09,10.603753633415138,26.807085016390754,0.42250490188598633,0.022259127116203307,0.0,0.0,2.651884971033957e-08,3.463282700508427e-09,7.657142660183782,27.357103047151615,0.42894650995731354
77257,N3447A,tidal,validation,F090W,163.36793,16.78926,163.36793580291248,16.789237777777778,9539.289839085888,3062.936309779774,350.71016091411184,True,4,0,5127,0.84728577947698,1.1331041364371828,False,1,False,1.1486010551452637,0.03623485937714577,1609.863037109375,1.366604266781047e-07,4.088997466339012e-09,33.4214994758753,25.576882821449153,0.35214053094387054,0.01580664813816547,0.0,0.0,1.2504032905848131e-07,3.613281239694383e-09,34.60575603272371,25.67336448250683,0.35176920890808105
77714,N3447A,tidal,development,F090W,163.36684,16.7883,163.36684580288315,16.78827777777778,9388.656147058393,2999.4104974640995,501.3438529416071,True,4,4987,4987,0.05877139171650779,0.36020771817303876,True,8,True,0.4995390474796295,0.025975719094276428,1765.3948974609375,1.9577802381825336e-07,4.890260208195259e-09,40.03427537253786,25.186579901210354,0.390567421913147,0.023017053195834157,0.9813905696997374,0.9813905696997374,1.1247395370168685e-07,3.6321562127482367e-09,30.966166407414647,25.78835984779263,0.3919656276702881
77934,N3447A,tidal,development,F090W,163.36937,16.79028,163.36937580294367,16.79025777777778,9712.251426844487,3158.737731117285,177.74857315551344,True,4,0,5318,0.8372016075296531,1.1712404645329262,False,1,False,0.9680845141410828,0.03514065593481064,1767.9554443359375,1.0865343975373333e-07,4.252670827316122e-09,25.549459190638782,25.825881052828656,0.35603564977645874,0.017323759567737577,0.0,0.0,8.343192946912804e-08,3.681636100161053e-09,22.66164476860663,26.11265903400631,0.35688768327236176
78400,N3447A,tidal,development,F090W,163.36916,16.79003,163.369165802936,16.79000777777778,9676.40722806345,3149.61179543063,213.59277193654998,True,4,5274,5274,0.13242454364543704,1.5707203219686785,True,1,True,0.6552695631980896,0.028889253735542297,1675.2491455078125,7.341839973081781e-08,4.015637273500491e-09,18.283125374722378,26.251477466928012,0.34903767704963684,0.017628856462240217,0.5124193456289613,0.5124193456289613,3.9406915503932676e-08,3.256954173227142e-09,12.099315313634415,26.927058645582985,0.3518322855234146
78676,N3447A,tidal,development,F090W,163.36919,16.78999,163.3691958029348,16.78996777777778,9673.585783506715,3154.538558515061,216.4142164932855,True,4,5274,5274,0.05298611347015947,1.5320247901900221,True,1,True,0.5449582934379578,0.030785666778683662,1767.9468994140625,1.0225449603182971e-07,4.4330926412695186e-09,23.066176212944374,25.891783720757708,0.3513221740722656,0.019095221507549286,0.7081192189105858,0.7081192189105858,7.399079571392754e-08,3.585894577836652e-09,20.633845783209203,26.243045507659946,0.3533955365419388
78744,N3447A,tidal,development,F090W,163.36734,16.78849,163.36734580288896,16.78846777777778,9431.491822304048,3040.5311788503664,458.5081776959523,True,4,0,5075,0.4189344266234382,1.0887653041093721,False,1,False,0.9108930230140686,0.032181598246097565,1766.16259765625,6.470684733304286e-08,4.109490939491904e-09,15.745708722998957,26.38861415101203,0.3654344379901886,0.019629373043775558,0.0,0.0,5.722758307114654e-08,3.21724332054648e-09,17.78776964293328,26.521976241129522,0.3592697083950043
78811,N3447A,tidal,validation,F090W,163.36611,16.78749,163.3661158028584,16.787467777777778,9270.248777033554,2964.8589438555796,619.7512229664462,True,4,4843,4843,0.0329983056766803,0.4853859310277989,True,6,True,0.699004590511322,0.030142972245812416,1764.8978271484375,1.129236690293953e-07,4.04488613292124e-09,27.917638548663216,25.784027301112435,0.3678300827741623,0.01609460128247738,0.8243150684931507,0.8243150684931507,6.186569895089959e-08,3.185337059065889e-09,19.422025928095007,26.43736494254661,0.36979715526103973
78887,N3447A,tidal,validation,F090W,163.36555,16.78703,163.36555580284437,16.78700777777778,9196.34273770714,2930.631631270667,693.6572622928597,True,4,0,4728,0.2042992097344097,0.6159400961560401,True,2,False,0.9588538408279419,0.034005243331193924,1764.2933349609375,1.088673811510466e-07,4.644706864876678e-09,23.439020872189563,25.823745312491763,0.37507013976573944,0.023362910681962966,0.0,0.0,6.465427211442494e-08,3.619613959297721e-09,17.862201008576392,26.389496685450712,0.3821209967136383
79416,N3447A,tidal,development,F090W,163.36684,16.78796,163.36684580287275,16.78793777777778,9352.991681086463,3015.679637956142,537.0083189135366,True,4,4992,4992,0.46491252354456297,0.5602076351192615,False,5,True,1.7681704759597778,0.04309874773025513,1765.801025390625,2.0632073937301567e-07,4.898197762773057e-09,42.1217658750082,25.12963253859569,0.3981185257434845,0.022154298385977742,0.8414891794666819,0.8414891794666819,1.7007344771464003e-07,4.023434776266657e-09,42.27071076629981,25.339398462829447,0.40426185727119446
79644,N3447Spiral,spiral,development,F090W,163.34318,16.76889,163.34318580229044,16.76886777777778,6268.778563074566,1551.8321488320976,1551.8321488320976,True,4,1352,2560,1.1088258086231542,1.7554167107501475,False,0,False,0.6432848572731018,0.02673245035111904,1713.1942138671875,1.02007241628699e-07,3.762759935116578e-09,27.109686343978414,25.894412242295388,0.4448983371257782,0.012919936645030975,0.9827566518214,0.9827566518214,7.380288546561708e-08,3.1492103825431455e-09,23.435362043363245,26.24580639795166,0.4439300000667572
80225,N3447A,tidal,validation,F090W,163.36733,16.7882,163.3673358028801,16.78817777777778,9400.61405283457,3053.403629150277,489.3859471654305,True,4,0,5094,0.6921449826919485,0.9102573106246328,False,2,False,0.5220804214477539,0.025773879140615463,1766.4580078125,1.0757094905097933e-07,4.111086961853245e-09,26.166060229114493,25.836752251706045,0.36547374725341797,0.017516162815690038,0.0,0.0,9.002433175359347e-08,3.4499578705919972e-09,26.094327852805257,26.030089986513108,0.3616756796836853
80527,N3447Spiral,spiral,validation,F090W,163.34067,16.76671,163.34067580222393,16.76668777777778,5925.127123751261,1404.009843486118,1404.009843486118,True,4,2241,2213,0.6711386632075542,0.7626883952695269,False,2,False,0.9841641187667847,0.030758194625377655,1595.4385986328125,1.918240715152313e-07,3.9910555161403024e-09,48.063493664638834,25.208731990369266,0.4447425901889801,0.012845330402255058,1.0,1.0,1.290151287033835e-07,3.145188380040121e-09,41.019841457552936,25.63938815236443,0.4430989921092987
81271,N3447A,tidal,validation,F090W,163.36764,16.78824,163.3676458028813,16.788217777777778,9419.011378416777,3082.6212162462707,470.988621583223,True,4,0,5197,0.3801818711961384,1.2216911118837728,False,1,False,0.7088395953178406,0.03057353012263775,1767.0211181640625,1.4918738583872945e-07,4.9191742544080994e-09,30.327729436508942,25.48165949223262,0.3750884234905243,0.025233567774295806,0.0,0.0,9.762732088586258e-08,3.821001623751526e-09,25.55019089209661,25.94206132364906,0.38088276982307434
82290,N3447Spiral,spiral,development,F090W,163.35852,16.78071,163.3585258026513,16.78068777777778,8211.354432088427,2527.0204924084064,1678.6455679115734,True,4,3616,3806,0.517843167567731,0.6131662230203098,False,6,False,0.7970696687698364,0.03031187877058983,1753.50341796875,6.95809305523286e-08,3.799559730143477e-09,18.312892938704014,26.30976417087967,0.42365822196006775,0.01359386718571186,1.0,1.0,5.8409365387019536e-08,3.1932057589563873e-09,18.291763762229042,26.49978353305403,0.4246213436126709
82374,N3447A,tidal,development,F090W,163.37049,16.79033,163.37049580294516,16.79030777777778,9768.805681431491,3268.8187872770422,121.1943185685086,True,4,0,5326,2.799696504928512,3.1544302041171175,False,0,False,0.4147752523422241,0.02336033619940281,1770.021240234375,4.837084261281724e-08,3.662902770581666e-09,13.205603763579012,26.704530620284654,0.3436242938041687,0.015481115716695784,0.0,0.0,2.993632812388425e-08,2.9190928570602332e-09,10.255353149002802,27.225493426370335,0.3438417911529541
82479,N3447Spiral,spiral,validation,F090W,163.34724,16.77161,163.34724580237346,16.77158777777778,6740.074103800183,1829.4932113672269,1829.4932113672269,True,4,1352,1352,9.696879918922752,9.866096856771254,False,0,True,0.8233974575996399,0.03095167689025402,1726.0672607421875,1.6225547195654936e-07,6.547784432409623e-09,24.780209799429574,25.39049137226127,0.581237405538559,0.04026974131464958,1.0,1.0,1.1034493199447829e-07,5.5721816278564554e-09,19.802823986002505,25.809108773906786,0.5881925821304321
83244,N3447Spiral,spiral,development,F090W,163.35693,16.77925,163.3569358026067,16.77922777777778,7985.368544810644,2437.18950473131,1904.6314551893556,True,4,3616,3616,2.5016897826867,5.752232292086421,False,0,True,0.6966525316238403,0.029163051396608353,1750.29736328125,5.301689871366157e-08,5.23023191441716e-09,10.136624834459106,26.604953953358397,0.48304666578769684,0.03048923183083534,1.0,1.0,3.542226072068317e-08,4.1038941193873625e-09,8.631377830471678,27.042799064044157,0.4850136339664459
83980,N3447A,tidal,development,F090W,163.36818,16.78815,163.36818580287857,16.78812777777778,9434.309045259284,3141.157027511938,455.6909547407158,True,4,0,5265,0.8329811417838814,1.4410900233365946,False,1,False,0.6470046043395996,0.028140056878328323,1768.13134765625,9.902862354562253e-08,4.215775062612884e-09,23.49001596974338,25.926587895808844,0.3654562085866928,0.01932295060157776,0.0,0.0,6.607368239527034e-08,3.3944946574539985e-09,19.46495401021728,26.365918473706227,0.3667500466108322
84280,N3447A,tidal,development,F090W,163.36854,16.78838,163.3685458028856,16.78835777777778,9474.927158184706,3166.304012783896,415.07284181529394,True,4,0,5331,0.8638359915779725,0.9178857434531357,False,2,False,0.40006762742996216,0.024294784292578697,1768.5423583984375,1.0320065937840042e-07,4.331744855871362e-09,23.82427008334055,25.881783571954298,0.36886751651763916,0.02061354802250862,0.0,0.0,5.929401910384654e-08,3.4193573978270413e-09,17.340690722042435,26.483462529883095,0.3665013909339905
84747,N3447A,tidal,validation,F090W,163.36682,16.78692,163.36682580284096,16.786897777777778,9242.984148649812,3063.4355588646804,647.0158513501883,True,4,4739,5161,0.7299642906091233,0.9246211921679546,False,2,False,0.5706416964530945,0.027756432071328163,1766.8948974609375,1.2757204858697336e-07,3.989860603870947e-09,31.974061565760834,25.651600928274757,0.4220914840698242,0.011431346583366394,0.9442351598173516,0.9442351598173516,8.24108381633733e-08,3.3331460837005895e-09,24.724640352959735,26.126028924343487,0.4168177843093872
85045,N3447A,tidal,validation,F090W,163.3672,16.78717,163.36720580284862,16.78714777777778,9286.61633097824,3089.634547896324,603.3836690217595,True,4,0,5185,0.27327038914727236,0.2755683948881804,True,8,False,0.4531867504119873,0.025305043905973434,1767.36962890625,6.423491375230954e-08,4.474284567514278e-09,14.356465884778475,26.396561888945214,0.39225757122039795,0.023178836292028427,0.0,0.0,3.3964694171168876e-08,3.5324660407731802e-09,9.615009395457554,27.088420481232973,0.39156925678253174
86410,N3447Spiral,spiral,development,F090W,163.34156,16.76628,163.3415658022108,16.766257777777778,5920.784267403715,1513.9731542269424,1513.9731542269424,True,4,2532,2532,0.044145109150333046,0.2403363579311466,True,9,True,0.6844244599342346,0.027145573869347572,1707.3695068359375,1.2942049739607253e-07,4.539489035743055e-09,28.50992620029274,25.635982090796812,0.43434152007102966,0.022248832029104233,0.9151110349945767,0.9151110349945767,1.0606493642260907e-07,3.657152076746916e-09,29.002057939290072,25.852060162344316,0.42910072207450867
86541,N3447A,tidal,validation,F090W,163.36617,16.78605,163.3661758028144,16.78602777777778,9121.947695753704,3039.7885435451253,768.0523042462955,True,4,5117,5117,0.12650822311933715,0.36787611376902624,True,4,True,0.716751217842102,0.029601899906992912,1766.548095703125,1.163626404719351e-07,4.7871785455306695e-09,24.307144462069786,25.751455833310725,0.3926582932472229,0.02470529283285141,0.7178257394084733,0.7178257394084733,8.009165434967521e-08,3.4259537695961284e-09,23.377914512581672,26.157021591244995,0.3936554491519928
86627,N3447A,tidal,validation,F090W,163.36701,16.78671,163.36701580283457,16.78668777777778,9229.6602623334,3092.564988197547,660.3397376665998,True,4,4739,5212,0.46203831709095255,1.093570193879014,False,1,False,0.6009970903396606,0.027479643002152443,1767.49853515625,1.2903241091916979e-07,4.641142436560242e-09,27.801864020101366,25.639242722360073,0.4030846059322357,0.021412809097766876,0.9925794851304298,0.9925794851304298,6.808881062009828e-08,3.5463218832795907e-09,19.19983940011973,26.333300382383428,0.4037491977214813
86732,N3447Spiral,spiral,development,F090W,163.34342,16.76772,163.34342580225476,16.76769777777778,6157.037182901706,1631.9083323002806,1631.9083323002806,True,4,1352,2779,1.660911045515386,1.7468703985019514,False,0,False,1.088455319404602,0.033201731741428375,1713.789306640625,2.2620729729536248e-07,5.423716612346138e-09,41.7070642629892,25.029723225123508,0.49007201194763184,0.029852968937158584,1.0,1.0,1.623810969232135e-07,4.721176476827102e-09,34.39420189442755,25.389651075175777,0.4936704635620117
87369,N3447A,tidal,validation,F090W,163.36878,16.78798,163.36878580287336,16.78795777777778,9443.964002045159,3209.5464001360087,446.03599795484115,True,4,5348,5348,0.023733342733883254,0.8372875697283847,True,3,True,0.7457490563392639,0.029656849801540375,1769.4423828125,1.2312162276678223e-07,4.339806343087421e-09,28.370303426763314,25.69015392491636,0.36949749290943146,0.019529382562637327,0.748772690946455,0.748772690946455,8.191662574632248e-08,3.45124849513448e-09,23.73536007673958,26.132559615185677,0.3722074031829834
88606,N3447A,tidal,development,F090W,163.36835,16.7874,163.36835580285563,16.78737777777778,9363.425697691742,3194.1175883352817,526.5743023082578,True,4,0,5325,0.30004306668967995,0.3736107021749212,False,3,False,0.8095638751983643,0.03141006827354431,1769.26904296875,1.4999463075977362e-07,4.528879140973896e-09,33.119592307671645,25.475800469195313,0.36619308590888977,0.02079095048904419,0.0,0.0,1.1458504318925936e-07,3.725451812475675e-09,30.757354800709166,25.768169920339336,0.3663625568151474
90136,N3447Spiral,spiral,development,F090W,163.34304,16.76672,163.34304580222425,16.76669777777778,6034.730490475495,1641.5785953254276,1641.5785953254276,True,4,1352,2805,1.367481246290651,1.4349521412796329,False,0,False,0.9730153679847717,0.031417448073625565,1712.364501953125,3.6638184473506424e-07,1.1189035364439247e-08,32.74472130988978,24.50615488978404,0.5408170819282532,0.07875825582146644,1.0,1.0,2.3123715658544692e-07,6.919919810482318e-09,33.416161302211634,25.005845701229887,0.5218816995620728
90575,N3447A,tidal,validation,F090W,163.36983,16.78816,163.36983580287887,16.78813777777778,9510.947986159994,3306.378536353948,379.0520138400061,True,4,0,5474,0.3647623104479703,0.6510300322115743,False,4,False,0.7340499758720398,0.029501013457775116,1771.1373291015625,1.6160144614839794e-07,4.6450312416318054e-09,34.79017421885566,25.39487664504319,0.3762010335922241,0.02210280085802078,0.0,0.0,1.284778394245926e-07,3.698011028907417e-09,34.7424165099236,25.643919190810184,0.3795885145664215
90953,N3447Spiral,spiral,validation,F090W,163.35912,16.77948,163.3591258026137,16.77945777777778,8109.81596457074,2646.129795390778,1742.8702046092221,True,4,3930,3930,0.050093041877683694,0.4388938383892547,True,7,True,0.5804852843284607,0.026903700083494186,1755.809814453125,7.453545372050712e-08,3.931960057148317e-09,18.956309992264906,26.235082503544845,0.4255935251712799,0.01522457805275917,0.9773311254496659,0.9773311254496659,5.38942617102753e-08,3.166054312464488e-09,17.02253227245602,26.58713343487334,0.4246528893709183
90965,N3447A,tidal,validation,F090W,163.36936,16.78769,163.3693658028645,16.78766777777778,9440.115556769237,3281.6695199927317,449.8844432307633,True,4,5431,5431,0.047830819293955315,0.28746234100878243,True,6,True,1.4319533109664917,0.039260491728782654,1611.052978515625,2.2723633972167993e-07,4.610507507769417e-09,49.2866217740133,25.02479528945382,0.3757272958755493,0.017643349117040633,0.9830402010050251,0.9830402010050251,1.8315722358616596e-07,3.989771815212065e-09,45.9066914272717,25.258929623299153,0.3789892792701721
91477,N3447A,tidal,validation,F090W,163.36743,16.78604,163.3674358028141,16.78601777777778,9178.621236868184,3166.8036534011835,711.3787631318155,True,4,0,5310,0.3458726219837989,0.5319671085425093,False,6,False,0.8645660281181335,0.031524658203125,1768.97509765625,1.0321095856309619e-07,4.548753724630952e-09,22.689942083305436,25.88167522342407,0.40097713470458984,0.021511474031209944,0.0,0.0,8.717825933862163e-08,3.6632257392766264e-09,23.798221988862917,26.064969268921107,0.4039919972419739
91981,N3447A,tidal,validation,F090W,163.37055,16.78842,163.37055580288683,16.788397777777778,9571.205736706874,3366.2421869370123,318.7942632931263,True,4,0,5511,0.676883026003664,0.820988182447051,False,2,False,0.6342440843582153,0.027901718392968178,1772.1500244140625,9.335492377895347e-08,4.03966732584369e-09,23.109557359269967,25.990646680537427,0.35541868209838867,0.016976333516836164,0.0,0.0,6.938001161631822e-08,3.229407563213032e-09,21.48382025441534,26.31290383173194,0.35644960403442383
92989,N3447A,tidal,validation,F090W,163.3678,16.786,163.36780580281285,16.78597777777778,9191.375836770556,3205.8751966436107,698.6241632294441,True,4,5335,5335,0.2143805066318383,0.4692682854126872,True,8,True,0.7945545315742493,0.029514910653233528,1575.647216796875,1.31374790850914e-07,4.518986174068845e-09,29.07173994131201,25.61970965818561,0.3778245896100998,0.02166514919400215,0.6862163395709722,0.6862163395709722,7.207269466391357e-08,3.412008446704588e-09,21.12324626087118,26.271562852718795,0.37648504972457886
93366,N3447A,tidal,development,F090W,163.37069,16.78822,163.3706958028807,16.78819777777778,9556.640625761647,3389.8720008224714,333.35937423835276,True,4,5557,5557,0.05715797616101719,1.219276774912653,True,1,True,0.45544302463531494,0.025211429223418236,1772.6112060546875,7.397666006961803e-08,4.046482674324944e-09,18.28171921728522,26.243252953017034,0.36045511066913605,0.018476345381140707,0.7144651215892225,0.7144651215892225,4.126552849832653e-08,3.179838080795479e-09,12.977242063848548,26.877021223274593,0.3609750121831894
93367,N3447A,tidal,validation,F090W,163.37135,16.78876,163.3713558028972,16.78873777777778,9643.52026556758,3430.3111731999174,246.47973443241972,True,4,0,5609,0.7887681951797154,1.7732829526886185,False,1,False,0.4589070975780487,0.025295259431004524,1773.2137451171875,9.092025945627614e-08,3.918470208694046e-09,23.202998776039742,26.01933808631432,0.3547280728816986,0.015593323329091071,0.0,0.0,7.295784816408892e-08,3.3281089627603326e-09,21.92171259428288,26.25830971146775,0.35766008496284485
93765,N3447A,tidal,validation,F090W,163.36712,16.78524,163.36712580278964,16.78521777777778,9080.503262538532,3173.9521113786313,809.496737461468,True,4,5301,5301,0.0889266825113941,0.5049918630560208,True,4,True,0.6775935292243958,0.02850724756717682,1769.1632080078125,1.1305620234832955e-07,4.586669146834008e-09,24.648867997459043,25.7827537696397,0.3809675872325897,0.02255207315683365,0.8790248915277461,0.8790248915277461,1.0194326525497342e-07,3.7167486217867503e-09,27.428076426101235,25.89509340233311,0.38350966572761536
93883,N3447A,tidal,validation,F090W,163.36662,16.78482,163.36662580277684,16.78479777777778,9013.5412710869,3143.836091576271,876.4587289130995,True,4,0,5288,0.6696567264184674,1.088770548420177,False,1,False,0.7597554326057434,0.03020070679485798,1768.6002197265625,1.3012832690611048e-07,4.44553249892409e-09,29.271707481073236,25.630060137321085,0.36733874678611755,0.01939470691680908,0.0,0.0,1.1942653132118883e-07,3.9338604291406325e-09,30.358609175994083,25.723237705683918,0.37370792031288147
95031,N3447,other,validation,F090W,163.36188,16.78074,163.3618858026522,16.78071777777778,8368.421058140144,2863.0305689863635,1521.578941859856,True,4,0,4364,0.7593379301308911,2.4315849723303677,False,1,False,0.9220547676086426,0.032364875078201294,1761.6650390625,1.4612644513914885e-07,4.280652339456736e-09,34.13648985044508,25.504167704255188,0.38297295570373535,0.01817206590771675,0.0,0.0,9.137992488205303e-08,3.399907693171317e-09,26.877178185039774,26.01386276050116,0.38736575841903687
96115,N3447Spiral,spiral,validation,F090W,163.34693,16.76845,163.34693580227702,16.76842777777778,6394.389775815796,1949.5314686264762,1949.5314686264762,True,4,1352,2952,6.606163962343845,6.664667693724179,False,0,False,0.9391239881515503,0.031151462346315384,1724.971923828125,1.0948117429478415e-07,8.36033537716132e-09,13.095308902782026,25.817641134770916,0.5559261441230774,0.05767316629886627,1.0,1.0,5.4341231476031e-08,7.093459886622383e-09,7.660751219375132,26.57816606194391,0.5812463760375977
100493,N3447A,tidal,validation,F090W,163.3679,16.78431,163.36790580276124,16.78428777777778,9018.684106392751,3296.7859026616834,871.3158936072487,True,4,0,5476,2.416142457191528,2.656262453197009,False,0,False,1.2314084768295288,0.03762272372841835,1771.4583740234375,1.4535208396218837e-07,4.34214266127647e-09,33.47473708278826,25.509936595335844,0.35489967465400696,0.01743444280028343,0.0,0.0,1.4420546558315056e-07,3.785331336321243e-09,38.095863418734695,25.518535449665944,0.35438115894794464
101263,N3447Spiral,spiral,validation,F090W,163.34935,16.76925,163.34935580230143,16.76922777777778,6589.160717282444,2154.322028512879,2154.322028512879,True,4,1352,3604,12.81673612083323,14.187714695139592,False,0,False,0.9444788694381714,0.030950436368584633,1732.1737060546875,1.3305858583191992e-07,6.379656354490375e-09,20.85670111968735,25.60588249382508,0.7193278074264526,0.038154564857482906,1.0,1.0,8.930304667170102e-08,6.594847402398697e-09,13.541336322538632,26.038824063343693,0.7287209331989288
103898,N3447A,tidal,development,F090W,163.36866,16.78417,163.36866580275696,16.78414777777778,9038.81643049811,3379.8091998904424,851.1835695018908,True,4,0,5534,1.2834143331019399,1.3461730968009509,False,0,False,0.807127058506012,0.029721448197960854,1772.955322265625,1.7910216838670012e-07,4.43871357324163e-09,40.35001705593278,25.283237642591562,0.35661277174949646,0.01867791700065136,0.0,0.0,1.4601481486366302e-07,3.82200364431799e-09,38.2037351222145,25.50499744694569,0.35419347882270813
104640,N3447A,tidal,development,F090W,163.36988,16.78498,163.3698858027817,16.78495777777778,9179.673291441022,3463.5691545509817,710.3267085589778,True,4,5627,5627,0.02731741849814038,0.49197809724836605,True,4,True,0.9066102504730225,0.032000865787267685,1774.38818359375,2.3279345191772296e-07,4.884103266554939e-09,47.66349915486669,24.998562851813496,0.3827310651540756,0.020966983222961425,0.9113179534033805,0.9113179534033805,1.903601950241101e-07,4.030034791403649e-09,47.23537261518485,25.2170493996276,0.3798752725124359
107124,N3447A,tidal,development,F090W,163.37167,16.7859,163.37167580280982,16.78587777777778,9358.182726559487,3599.306124868571,531.8172734405125,True,4,5749,5749,0.2155495041675608,0.5503695635916216,True,4,True,1.0350075960159302,0.034390371292829514,1776.5548095703125,7.988752582211254e-08,4.488995526670336e-09,17.796303281542418,26.15979232494721,0.38579168915748596,0.022654493808746335,0.794515852613539,0.794515852613539,7.638215685241346e-08,3.6713194170948718e-09,20.805097071301667,26.208509958119983,0.38971012830734253
108400,N3447Spiral,spiral,development,F090W,163.35478,16.77206,163.3547858023872,16.77203777777778,7132.662974961231,2565.259360575525,1823.740639424475,True,4,3604,4376,8.758302550544663,9.59956924148655,False,0,False,0.5782762169837952,0.027328679338097572,1747.3714599609375,9.535538483123513e-08,5.520736386571909e-09,17.272222065007146,25.96762669428972,0.5232423543930054,0.031140738523006438,1.0,1.0,5.91527405151602e-08,4.8021928248857155e-09,12.317860334266761,26.48605257712338,0.5233259201049805
109758,N3447,other,development,F090W,163.36257,16.77805,163.36257580257006,16.77802777777778,8117.858695946621,3061.038609548733,1327.961390451267,True,4,5148,5148,0.13707425226438344,0.26643096655883836,True,7,True,2.5327749252319336,0.050532322376966476,1764.7164306640625,4.212293204343306e-07,5.4749991136908036e-09,76.93687463455527,24.35469326872148,0.39815253019332886,0.021377151864767074,0.9996573582319684,0.9996573582319684,3.6592866161116446e-07,4.7723689433501096e-09,76.6765239558972,24.507498684208812,0.40322452783584595
110026,N3447,other,development,F090W,163.36538,16.78025,163.36538580263723,16.780227777777778,8477.361207613478,3237.9798162884745,1151.0201837115255,True,4,0,5455,1.8715597900778629,2.0010540261159853,False,0,False,0.7950441837310791,0.03039952926337719,1769.4849853515625,6.671601725124176e-08,3.734407992060861e-09,17.86521917076983,26.35541447151123,0.3473062068223953,0.015259660881757736,0.0,0.0,5.889964182694618e-08,3.068187857208728e-09,19.196882514400503,26.490708117736116,0.35078033804893494
110491,N3447Spiral,spiral,validation,F090W,163.35479,16.77164,163.35479580237438,16.77161777777778,7089.063752252498,2586.3582171561125,1802.6417828438875,True,4,3604,4376,8.435686004876223,9.039039422479703,False,0,False,1.3712561130523682,0.037516381591558456,1747.443359375,5.499239314265806e-07,7.082116228123913e-09,77.64966200960784,24.065233203303215,0.5641618967056274,0.03753977583646774,1.0,1.0,3.7680472017399476e-07,5.791535487419229e-09,65.0612814153545,24.475698916046742,0.5633994042873383
111039,N3447Spiral,spiral,validation,F090W,163.34814,16.76619,163.34814580220808,16.76616777777778,6212.74111521062,2179.182973058116,2179.182973058116,True,2,1352,3339,8.117717939144859,8.34215168418569,False,0,False,0.6996157169342041,0.03877774998545647,863.9638671875,1.8658463177047404e-07,6.554825941066524e-09,28.465230571799925,25.238800077820084,0.5246188640594482,0.029692445111274716,1.0,1.0,1.0680308878720435e-07,6.19742932130807e-09,17.233450072595872,25.84453022018008,0.5459781885147095
113116,N3447A,tidal,development,F090W,163.37089,16.78404,163.370895802753,16.78401777777778,9127.34416609985,3609.9804243099907,762.6558339001494,True,4,0,5767,0.5346953444237497,1.25255754897136,False,1,False,0.9384840130805969,0.03343173488974571,1776.9215087890625,1.1232329157056222e-07,4.096434278718078e-09,27.419771422699895,25.789815197966004,0.35917602479457855,0.01494857693016529,0.0,0.0,8.563166049053663e-08,3.3447887939786008e-09,25.601515002888544,26.08440383842404,0.3594553619623184
115695,N3447Spiral,spiral,validation,F090W,163.35902,16.77395,163.35902580244488,16.77392777777778,7525.152717051324,2900.6765838808783,1488.3234161191217,True,4,4500,4500,0.09561830275874308,0.5021722815729547,True,4,True,1.1292433738708496,0.03778427839279175,1757.659423828125,1.92168474103089e-07,4.360403621876378e-09,44.07125825209609,25.206784398088203,0.43201905488967896,0.012241874814033507,1.0,1.0,1.325602063101112e-07,3.565253460007446e-09,37.18114512672946,25.609956823966893,0.43201905488967896
116319,N3447Spiral,spiral,validation,F090W,163.35626,16.77161,163.35626580237346,16.77158777777778,7153.256416937786,2735.4345925671096,1653.5654074328904,True,4,3604,4376,3.4121121054897694,4.338672820380213,False,0,False,0.5141293406486511,0.02495308220386505,1751.3609619140625,6.717791478048873e-08,4.749263144856303e-09,14.144913164739226,26.347923454522217,0.4737900495529175,0.02504273309111595,1.0,1.0,2.9024279073192122e-08,3.868536902809645e-09,7.502650175603169,27.259086149250784,0.4730429947376251
116574,N3447A,tidal,development,F090W,163.37374,16.7856,163.37374580280064,16.785577777777778,9421.550660872213,3821.5412624793935,468.4493391277865,True,4,0,5997,0.7354397090938195,0.9705989208055642,False,2,False,0.5505820512771606,0.027213148772716522,1780.2288818359375,5.56100049387416e-08,4.592336318873973e-09,12.109305825488192,26.553107418165407,0.4022153615951538,0.023250327497720717,0.0,0.0,5.0844146639715845e-08,3.442481843862816e-09,14.769619404198085,26.65038734578199,0.4017813801765442
116985,N3447A,tidal,validation,F090W,163.37192,16.78405,163.37192580275328,16.78402777777778,9175.58185828368,3712.940549802408,676.059450197592,True,4,5859,5859,0.22097828381214835,0.44203781214891413,True,5,True,0.610763430595398,0.0281020849943161,1778.625732421875,6.135826319477921e-08,4.4339985110135704e-09,13.838133468554839,26.446307107312528,0.3899555802345276,0.02269571834206581,0.7733059313809443,0.7733059313809443,5.633809213873116e-08,3.503453995551789e-09,16.0807283926838,26.53898441294799,0.3895559012889862
117223,N3447Spiral,spiral,validation,F090W,163.3519,16.76791,163.35190580226055,16.76788777777778,6565.404732507391,2474.549080034648,1914.450919965352,True,4,3604,3604,6.6010038790624455,7.385921253923949,False,0,True,0.7315362095832825,0.02939329482614994,1739.288818359375,6.905628097723715e-08,5.390971262097327e-09,12.809617714484197,26.317981787946408,0.5820308327674866,0.030666811037063597,1.0,1.0,2.6386727223168365e-08,4.631894631099913e-09,5.696746002380983,27.36252593352072,0.5973271727561951
117715,N3447A,tidal,validation,F090W,163.372,16.78398,163.37200580275118,16.78395777777778,9171.904429266979,3724.3243290471137,664.6756709528863,True,4,5877,5877,0.2198127420513498,0.5192164169893827,True,5,True,0.6890614628791809,0.028795205056667328,1778.81103515625,1.2956247417035638e-07,4.311805893873445e-09,30.048308611120227,25.634791670140313,0.3934364318847656,0.018691194570064542,0.7532549109182275,0.7532549109182275,9.972694331701383e-08,3.5501222988370395e-09,28.091128959045356,25.918958482554217,0.3968222141265869
119172,N3447A,tidal,development,F090W,163.37326,16.78469,163.37326580277283,16.78466777777778,9304.105970386763,3816.884425394877,572.1155746051231,True,4,0,5969,0.45257694248278824,0.5338713396740719,False,7,False,0.8199043869972229,0.03170111030340195,1780.2578125,5.578241290661581e-08,4.580724290780566e-09,12.17764033929891,26.5497465121755,0.39295177161693573,0.024047732806205747,0.0,0.0,5.7758296319497e-08,3.4066471809399306e-09,16.95458709156986,26.511953816066708,0.38779953122138977
121541,N3447,other,validation,F090W,163.36485,16.77745,163.36485580255174,16.77742777777778,8159.372165662162,3318.7304677302964,1070.2695322697036,True,4,0,5367,2.9269483886161978,5.070768476644208,False,0,False,0.5142418146133423,0.026212463155388832,1769.796630859375,6.909257601234387e-08,3.766380931959473e-09,18.34455336847678,26.317411289783283,0.34043286740779877,0.01527095012962818,0.0,0.0,3.557282554139611e-08,2.986383990908069e-09,11.911671656992606,27.038193846114194,0.34030479192733765
121674,N3447Spiral,spiral,development,F090W,163.35669,16.77086,163.35669580235057,16.77083777777778,7094.281180678452,2814.5057992404622,1574.4942007595378,True,4,3604,4432,2.1592503826761535,2.5708135402556067,False,0,False,0.678203821182251,0.028359659016132355,1752.572021484375,5.4689757591175886e-08,5.7091065010313495e-09,9.579389976574475,26.571224756290686,0.47603994607925415,0.03513483465313911,0.8827357844256679,0.8827357844256679,2.561029193122513e-08,4.390234290960434e-09,5.833468155436978,27.3949534297545,0.47956202924251556
123448,N3447A,tidal,development,F090W,163.37554,16.7856,163.37554580280064,16.785577777777778,9504.018714904647,4002.305028436647,385.9812850953531,True,4,5954,6190,0.8577186919264601,0.9180475247890939,False,4,False,0.9892653822898865,0.033930033445358276,1717.691162109375,1.3442786743770294e-07,4.148567138398643e-09,32.403445081906625,25.594766479671758,0.41714851558208466,0.01346577509343624,1.0,1.0,1.0884299894095132e-07,3.348510335329364e-09,32.50490159536729,25.823988503912883,0.41865894198417664
124481,N3447A,tidal,validation,F090W,163.37309,16.78341,163.37309580273376,16.78338777777778,9162.053115122535,3861.06490281678,527.93509718322,True,4,6033,6033,0.17295606920968762,0.3451730702575877,True,7,True,1.514817476272583,0.04038098827004433,1781.0819091796875,1.3403306468663663e-07,4.649450560239008e-09,28.827721243635843,25.59795988249723,0.39591512084007263,0.02213443726301193,0.8571591752812839,0.8571591752812839,1.3482967124340463e-07,3.851401243519276e-09,35.007952357672806,25.591526063340076,0.4012065529823303
125140,N3447,other,development,F090W,163.36399,16.77594,163.36399580250563,16.775917777777778,7961.58034212177,3304.6116773407507,1084.3883226592493,True,4,0,5527,2.0869133002084124,2.628336904277433,False,0,False,0.7740365266799927,0.031231997534632683,1768.724365234375,1.3065605807884974e-07,4.0392092100062354e-09,32.34694002855278,25.62566587404657,0.34426768124103546,0.014410006901621818,0.0,0.0,1.1631153680180234e-07,3.5509986643160424e-09,32.75459885992525,25.751932767248142,0.3453114926815033
128801,N3447A,tidal,validation,F090W,163.37373,16.7829,163.37373580271816,16.78287777777778,9137.879176184524,3949.7429492844803,439.25705071551965,True,4,6109,6109,0.4955193681445527,0.6288838602266374,False,6,True,0.8559756875038147,0.03201446309685707,1782.5635986328125,1.7839303033485772e-07,4.893908993763902e-09,36.452053064774255,25.28754504515058,0.38881538808345795,0.023737223258614538,0.9994860666971219,0.9994860666971219,1.1316905039669791e-07,3.865862954877709e-09,29.273942640389805,25.781670572954752,0.39055831730365753
129008,N3447Spiral,spiral,development,F090W,163.34951,16.76338,163.34951580212237,16.76335777777778,5980.729006149648,2451.2203604314195,1937.7796395685805,True,4,3604,3757,5.235718841227222,5.248491589975601,False,0,False,0.7046722173690796,0.028119685128331184,1731.1605224609375,1.1778294481254217e-07,7.376446524768345e-09,15.967436951797207,25.738283731376224,0.5177270770072937,0.048683080905675885,1.0,1.0,8.694854006605077e-08,5.035438615308263e-09,17.267322016739133,26.067834016641875,0.5178285837173462
129640,N3447A,tidal,development,F090W,163.37288,16.78199,163.3728858026904,16.78196777777778,9003.48238767612,3907.927584343839,481.07241565616096,True,4,0,6124,0.8291252239210833,0.8678478725776712,False,4,False,0.9768893718719482,0.034818507730960846,1781.8865966796875,7.904109299846218e-08,4.4054951130095065e-09,17.941477852296874,26.171357409418864,0.37969550490379333,0.021179689443111417,0.0,0.0,7.455745317678114e-08,3.5230210099839993e-09,21.16293174678506,26.234762091168,0.3789291977882385
129895,N3447Spiral,spiral,validation,F090W,163.34918,16.76288,163.3491858021071,16.76285777777778,5913.16247780583,2441.995084225272,1947.004915774728,True,4,3604,3757,3.2808188080990894,3.599909287386067,False,0,False,1.195407748222351,0.03560451790690422,1729.9869384765625,3.109866885011577e-07,4.654442964559775e-09,66.81501757978279,24.684135252659015,0.43321017920970917,0.01285465342104435,1.0,1.0,1.8766389352859315e-07,4.780448221936106e-09,39.256547674223796,25.232537945924527,0.4732690453529358
130307,N3447A,tidal,validation,F090W,163.37467,16.78327,163.37467580272948,16.78324777777778,9219.756857641503,4026.437058778248,362.5629412217522,True,4,0,6248,0.29480533536710724,0.4138790437909468,True,7,False,0.45106619596481323,0.02531946264207363,1783.783203125,7.342403894309335e-08,4.400862450979014e-09,16.68401131845406,26.25139407554617,0.3847993314266205,0.02129479116797447,0.0,0.0,4.4095896427588915e-08,3.241691085586603e-09,13.60274475987261,26.804994312726897,0.3847993314266205
132433,N3447Spiral,spiral,validation,F090W,163.34922,16.76226,163.3492258020882,16.76223777777778,5849.956995677575,2475.6742495396866,1913.3257504603134,True,4,3604,3757,1.0817466781233132,1.399705951594995,False,0,False,0.5970792174339294,0.026859527453780174,1729.8282470703125,8.577928345114143e-08,3.591585466400294e-09,23.883403096937762,26.082533717077958,0.4284687638282776,0.008535245794057846,1.0,1.0,4.33753437906388e-08,3.017643367489093e-09,14.373913186013878,26.822882427264116,0.4284922480583191
132707,N3447A,tidal,validation,F090W,163.37413,16.78219,163.3741358026965,16.78216777777778,9081.730978465672,4023.8898343738856,365.1101656261144,True,4,6250,6250,0.12475481697344638,0.6830334606093428,True,3,True,0.7530484199523926,0.030107559636235237,1783.8154296875,9.645488749540584e-08,4.3562207957193465e-09,22.14187297167938,25.955179155263878,0.37770700454711914,0.019986122113466263,0.8280607583371402,0.8280607583371402,8.409631992142577e-08,3.6234542298756842e-09,23.20888152195895,26.104047273869103,0.38214509189128876
132923,N3447A,tidal,validation,F090W,163.37406,16.78208,163.3740658026931,16.78205777777778,9066.985537674253,4022.12396190445,366.87603809555003,True,4,0,6255,0.29698892850771136,0.340817247020356,True,3,False,0.4868199825286865,0.026237642392516136,1783.7847900390625,5.483713028700304e-08,4.127674129268563e-09,13.285237295784382,26.568302953779618,0.3832854628562927,0.01953578937649727,0.0,0.0,3.4927706457557867e-08,3.2887048213034675e-09,10.620505139684255,27.058064581169052,0.3885089159011841
133848,N3447Spiral,spiral,development,F090W,163.34956,16.76214,163.34956580208453,16.762117777777778,5852.943900813452,2515.5656319339487,1873.4343680660513,True,4,3604,3813,1.2946434208745594,1.5728987318356062,False,0,False,1.6136236190795898,0.03876427561044693,1529.7236328125,3.1678717306359336e-07,4.314825903813088e-09,73.4182977773548,24.664070781324444,0.4309213161468506,0.007576653885841369,1.0,1.0,1.945888809822996e-07,4.631339285293134e-09,42.01568250467388,25.19319470081206,0.46424996852874756
134944,N3447Spiral,spiral,development,F090W,163.35011,16.76225,163.35011580208788,16.76222777777778,5889.677606595779,2565.5463799986655,1823.4536200013345,True,4,3604,3888,1.9857175577837747,2.1692281952241137,False,0,False,0.7719373106956482,0.02924703247845173,1732.4117431640625,2.0820845213253835e-07,4.209496455106605e-09,49.461605290095314,25.119743863457185,0.4247673451900482,0.011288452541828154,1.0,1.0,1.1395869453682184e-07,3.1506201423959355e-09,36.17024248761397,25.774121088532592,0.4288497269153595
135027,N3447,other,validation,F090W,163.3776,16.78432,163.37760580276156,16.78429777777778,9464.137924590032,4270.434005202162,118.56599479783836,True,4,6540,6540,0.13268133740919688,0.5179602512911621,True,5,True,0.7278720140457153,0.030184820294380188,1787.75732421875,1.3605510517929196e-07,4.668467734926871e-09,29.143417691720042,25.58170264627985,0.4087654948234558,0.021429820293188094,0.8863195158159187,0.8863195158159187,1.0130910502245632e-07,3.7491247579531e-09,27.022068232738082,25.901868555384166,0.4148388206958771
136273,N3447,other,validation,F090W,163.37861,16.78479,163.37861580277593,16.78476777777778,9559.713299338715,4349.3698293457865,39.63017065421354,True,4,6576,6576,0.40041557220923946,0.9407280782613395,False,2,True,0.5274721384048462,0.025834504514932632,1789.1038818359375,8.581515549164415e-08,4.07286208943332e-09,21.06998803477387,26.082079767941615,0.41426214575767517,0.015394690006971358,1.0,1.0,5.5992788466972e-08,3.348960686111316e-09,16.719452306258233,26.54565951202915,0.41514967381954193
137012,N3447A,tidal,development,F090W,163.37646,16.78285,163.37646580271667,16.78282777777778,9257.713464100736,4226.297711072329,162.70228892767136,True,4,0,6511,0.6745113774920717,0.7356060607888771,False,3,False,0.45271751284599304,0.026566611602902412,1787.1746826171875,5.8075630355893854e-08,4.042664711737026e-09,14.365680682665442,26.5060049214007,0.3768981993198395,0.01746121886372566,0.0,0.0,4.1557571549792714e-08,3.390083196320399e-09,12.258569817666823,26.869364349086407,0.3817884922027588
138268,N3447A,tidal,development,F090W,163.37526,16.78147,163.3752658026745,16.781447777777778,9057.980257652001,4171.826826533754,217.17317346624623,True,4,0,6433,2.443915556891313,2.973862700892471,False,0,False,1.1008663177490234,0.03577306494116783,1786.34912109375,1.0272554813533177e-07,4.06234977488749e-09,25.28722385510904,25.886793584030205,0.3581022322177887,0.01722292957305908,0.0,0.0,9.75157557810877e-08,3.3429365562185736e-09,29.170686951772275,25.943302774677793,0.35911715030670166
138397,N3447A,tidal,validation,F090W,163.37561,16.78171,163.37561580268184,16.78168777777778,9099.19060958231,4195.490826805184,193.50917319481596,True,4,0,6433,1.1547441982743953,2.3671773932585998,False,0,False,0.7038541436195374,0.029422186315059662,1786.737548828125,9.098159461816775e-08,4.131555219278115e-09,22.02114937097815,26.018605891375977,0.35766446590423584,0.018118823075294492,0.0,0.0,7.186386329405553e-08,3.2778558481350965e-09,21.92404627401225,26.274713350983486,0.36079198122024536
141792,N3447Spiral,spiral,development,F090W,163.36019,16.76817,163.36019580226846,16.76814777777778,6972.446306320995,3294.7392909095215,1094.2607090904785,True,4,0,5402,1.2236570133943157,1.2720788491437307,False,0,False,0.5870794653892517,0.026656338945031166,1761.0721435546875,5.8080190893624976e-08,3.952182068448087e-09,14.695727546891955,26.505919664529763,0.37812793254852295,0.018647053831815717,0.0,0.0,3.143929536210915e-08,3.0834960950272713e-09,10.19599000394748,27.172307742815544,0.3744601309299469
141940,N3447Spiral,spiral,development,F090W,163.35653,16.76516,163.35653580217664,16.76513777777778,6489.033342310347,3071.1522510194886,1317.8477489805114,True,4,5152,5152,0.0747460668954538,0.8361082142067684,True,2,True,1.3271257877349854,0.03737493231892586,1751.203125,1.757858179779577e-07,4.915940048695863e-09,35.758332330474914,25.303530166768375,0.3939182162284851,0.024730323591828345,0.9351101472434653,0.9351101472434653,1.5234574707411585e-07,4.5214213530871405e-09,33.69421586203132,25.45891391517372,0.39831459522247314
143650,N3447Spiral,spiral,development,F090W,163.35044,16.75962,163.35044580200767,16.75959777777778,5628.909114506587,2724.516093330327,1664.4839066696732,True,4,4089,4089,0.008819979564831338,1.8789361423009039,True,1,True,0.6934897303581238,0.028754521161317825,1731.83349609375,7.059465071655847e-08,4.5841083912728025e-09,15.399865075388735,26.294060267793547,0.3922942131757736,0.025270992404222488,0.8758490781437297,0.8758490781437297,5.001381581019503e-08,3.4884579537437747e-09,14.336940984632122,26.668264776376343,0.3945731818675995
149841,N3447Spiral,spiral,validation,F090W,163.3551,16.76058,163.35510580203695,16.76055777777778,5943.089559582779,3146.6503004506203,1242.3496995493797,True,4,0,5193,1.829252247208898,2.7214115985377583,False,0,False,0.633863091468811,0.027530506253242493,1745.18603515625,6.327212007567842e-08,3.871536619252593e-09,16.34289593466204,26.412958785474387,0.3692375719547272,0.0175318484634161,0.0,0.0,4.199050992533167e-08,3.114771554388535e-09,13.48108816075755,26.85811188061873,0.36701107025146484
152955,N3447Spiral,spiral,validation,F090W,163.35555,16.75923,163.35555580199576,16.759207777777778,5822.092348057178,3256.439172585023,1132.5608274149772,True,4,0,5316,2.4272223293749233,3.5794732601369352,False,0,False,0.45324015617370605,0.023906048387289047,1745.41650390625,7.111000524237259e-08,3.6459183565925394e-09,19.504003734420348,26.286162975638902,0.3675839900970459,0.014578240996599197,0.0,0.0,3.694474280307406e-08,3.1160952206381275e-09,11.85610200817559,26.997108133550782,0.3714556396007538
158741,N3447,other,validation,F090W,163.36324,16.76165,163.36324580206957,16.76162777777778,6428.2526102251195,3913.0427795156033,475.95722048439666,True,4,0,6125,0.3548858068489425,0.8337495233897221,False,2,False,0.8627433776855469,0.032439444214105606,1765.0108642578125,7.03055939579603e-08,4.326910950188878e-09,16.248449475229283,26.298515048252536,0.3721064329147339,0.021477849304676055,0.0,0.0,6.67884076949782e-08,3.588130282973981e-09,18.613707537849315,26.35423702839086,0.3699178695678711
159894,N3447Spiral,spiral,development,F090W,163.36072,16.7588,163.36072580198265,16.75877777777778,6013.84276708292,3796.29873933884,592.7012606611602,True,4,0,5923,1.270854299994195,4.278897014360731,False,0,False,0.6285431981086731,0.02748502977192402,1757.503662109375,9.554864441305064e-08,3.7987302403694346e-09,25.15278484311598,25.96542842747048,0.3576420545578003,0.014422179847955702,0.0,0.0,7.075159899706936e-08,3.293895148688357e-09,21.47961480353828,26.29164910370814,0.36194950342178345
160864,N3447,other,development,F090W,163.36186,16.75906,163.3618658019906,16.75903777777778,6093.345290471965,3898.361664328072,490.63833567192796,True,4,0,6096,0.2482842364928694,1.311518517669768,True,1,False,0.5639029145240784,0.02606862224638462,1760.2353515625,6.679141599161693e-08,4.167255911163247e-09,16.02767322561018,26.354188125547815,0.36348946392536163,0.020417256501317024,0.0,0.0,5.103670804255888e-08,3.352460050446408e-09,15.22365882801882,26.646283117635964,0.3668820559978485
162049,N3447,other,validation,F090W,163.36218,16.75845,163.362185801972,16.75842777777778,6044.019360520534,3959.690098430979,429.3099015690209,True,4,0,6161,0.6251284850154365,1.0950452538641717,False,1,False,0.4345201253890991,0.024432696402072906,1760.52734375,4.2133969577359917e-08,3.999183196047043e-09,10.535643783212247,26.854408808931634,0.3646255284547806,0.019874974939227102,0.0,0.0,2.3423254899499186e-08,2.971800444135241e-09,7.881839760043201,27.491871640869302,0.3673056364059448
162730,N3447,other,development,F090W,163.36315,16.75877,163.36315580198175,16.758747777777778,6122.027746368593,4041.806752286323,347.193247713677,True,4,0,6295,1.0137302286892522,1.2810123603456556,False,0,False,0.6918714046478271,0.028699010610580444,1762.88916015625,8.68834063749901e-08,4.526883142352927e-09,19.19276545093915,26.06864765316026,0.3708290457725525,0.02395688860416412,0.0,0.0,6.001818032365802e-08,3.6846883237864486e-09,16.28853651914372,26.470282692228178,0.3669215738773346
164281,N3447,other,validation,F090W,163.36405,16.75831,163.3640558019677,16.75828777777778,6115.010318992387,4154.214172408767,234.7858275912331,True,4,0,6437,1.042627878183616,1.2596248884529433,False,0,False,0.5881916284561157,0.028080277144908905,1764.54443359375,1.7907366209737128e-07,4.508888200296091e-09,39.71570243981916,25.28341046447299,0.36083391308784485,0.020023325818777082,0.0,0.0,1.1533714580579002e-07,3.599413554147759e-09,32.043315965424995,25.761066752466824,0.3565824329853058
164897,N3447,other,validation,F090W,163.36401,16.7578,163.36401580195218,16.75777777777778,6059.680619555922,4174.599466958489,214.40053304151115,True,4,0,6396,0.8237031883376948,1.1356951455609083,False,1,False,0.6257598400115967,0.026768788695335388,1764.1298828125,1.486740423314006e-07,4.4833622076106034e-09,33.161282860221114,25.485401877989855,0.3608919084072113,0.021115886414051054,0.0,0.0,9.798312797154847e-08,3.6730165946153205e-09,26.676472988222468,25.93811150334909,0.36383138597011566
164975,N3447,other,validation,F090W,163.36502,16.75853,163.3650258019744,16.75850777777778,6182.529922262447,4241.1151095361,147.88489046389986,True,4,0,6497,0.6161634584097255,1.138012639926886,False,1,False,0.6043534874916077,0.028045477345585823,1766.8272705078125,1.1576629367677826e-07,4.047311204046093e-09,28.60325975453699,25.75703442895546,0.36405569314956665,0.015804659816622733,0.0,0.0,1.0485140627216939e-07,3.4923392174965095e-09,30.023259409299975,25.86455410323429,0.36752963066101074
165114,N3447,other,development,F090W,163.36571,16.75899,163.36571580198847,16.75896777777778,6262.395952067606,4288.408310067269,100.59168993273124,True,4,0,6500,1.7302815509176845,1.83164766569405,False,0,False,0.4166489839553833,0.027237113565206528,1768.6182861328125,4.65943823559624e-08,4.535570192903658e-09,10.273103573364128,26.745155854273573,0.3631140887737274,0.023673353952169417,0.0,0.0,3.1376204258093687e-08,3.384458078882582e-09,9.270673037395962,27.174488743341723,0.3577481806278229
165662,N3447,other,development,F090W,163.36485,16.75784,163.36485580195338,16.75781777777778,6102.362809755336,4257.0562170446865,131.9437829553135,True,4,0,6534,1.02420254581808,1.2116498381322622,False,0,False,0.6905975937843323,0.029289010912179947,1765.999267578125,8.599041667224686e-08,4.423908216386611e-09,19.437658393031192,26.07986461889052,0.36554524302482605,0.02288072061538696,0.0,0.0,6.388024757768793e-08,3.3139206499032876e-09,19.276335895234,26.40257327567093,0.3690534979104996
166075,N3447,other,validation,F090W,163.36487,16.75749,163.36487580194273,16.75746777777778,6066.565580623645,4275.812316715922,113.18768328407805,True,4,0,6537,0.3624000845052216,0.38005503297121335,False,4,False,0.4770495295524597,0.026075122877955437,1765.83642578125,4.601628099070229e-08,4.283509231067409e-09,10.742659466438335,26.75871096147902,0.3798879384994507,0.02105142061114311,0.0,0.0,3.999041402715569e-08,3.3101286866974584e-09,12.081226384903616,26.91110000108957,0.3747433125972748
3051006,N3447A,tidal,development,F090W,163.37225,16.78334,163.37225580273162,16.78331777777778,9116.225828121876,3780.0568563725838,608.9431436274162,True,4,5745,5968,0.8413931871041449,0.9450640632086266,False,3,False,0.6317999958992004,0.02933705598115921,1779.7623291015625,1.750387729374333e-07,4.399892021836869e-09,39.78251558645251,25.308154101885886,0.41983431577682495,0.013960049736499785,1.0,1.0,6.190643829630963e-08,4.195722874341272e-09,14.75465376297736,26.436650206825778,0.46485547721385956
7553,N3447Spiral,spiral,validation,F090W,163.35037,16.79682,163.35037580314355,16.79679777777778,9527.961336302726,937.7734092288122,362.0386636972744,True,4,559,559,0.24123489763954778,1.274684451950991,True,1,True,0.5749211311340332,0.026584425941109657,1713.8236083984375,6.586454205054469e-08,3.98676076866296e-09,16.52081623965455,26.369360560869108,0.3744695782661438,0.018884812903404234,0.4934338243690762,0.4934338243690762,5.0268011267049276e-08,3.1497470148562338e-09,15.95938055658216,26.66276049290367,0.3751949071884155
51737,N3447,other,validation,F090W,163.33443,16.76831,163.33443580227276,16.76828777777778,5807.171915938922,700.7133775653745,700.7133775653745,True,4,0,272,0.5937940800788306,1.4431421370774664,False,1,False,0.6620662808418274,0.026516268029808998,1683.1781005859375,8.954119864256873e-08,4.1218276191183195e-09,21.723664091930672,26.03593249286701,0.39433450996875763,0.020712743175029753,0.0,0.0,5.1468721011239224e-08,3.2166059906676512e-09,16.000940482162125,26.637131311677336,0.393334299325943
89582,N3447A,tidal,development,F090W,163.3698,16.78836,163.36980580288497,16.78833777777778,9530.5525659807,3293.795418965011,359.4474340192992,True,4,5447,5447,0.08352548997653024,0.4701614726214326,True,5,True,0.7190977334976196,0.029934527352452278,1770.8798828125,3.6691703702896737e-07,5.228074850816415e-09,70.18205505831074,24.504570057820914,0.39133861660957336,0.021885411036014556,0.9566681890842658,0.9566681890842658,1.9587077125840372e-07,4.233514446545158e-09,46.266706711783605,25.18606566878162,0.3963868021965027
116352,N3447A,tidal,development,F090W,163.37275,16.78484,163.37275580277742,16.78481777777778,9296.474442606508,3758.48955902495,593.5255573934919,True,4,5913,5913,0.07388696733514563,0.2759309010368831,True,10,True,1.198190450668335,0.03635699674487114,1779.2874755859375,1.048256420801418e-07,4.51398979875809e-09,23.22239232994765,25.864820924199496,0.40357714891433716,0.021316419687867162,0.9704152150322691,0.9704152150322691,9.868100161815304e-08,3.486142812073707e-09,28.306643456024496,25.93040587989371,0.4039236903190613
118434,N3447A,tidal,development,F090W,163.37143,16.78337,163.37143580273255,16.78334777777778,9081.804598536317,3696.2718283741997,692.7281716258003,True,4,5838,5838,0.07706451027673007,0.6176695973771863,True,6,True,0.9177957773208618,0.032673291862010956,1778.3760986328125,1.3932343803988166e-07,4.748105204504514e-09,29.3429551450768,25.555929295121384,0.39062613248825073,0.023410321104526517,0.9614089170520066,0.9614089170520066,1.1793251936128022e-07,3.800686683349191e-09,31.0292663370392,25.73690581138916,0.3900906890630722
1055,N3447Spiral,spiral,validation,F150W,163.34825,16.79841,163.3482558031922,16.79838777777778,9597.722691386129,648.5169790347704,292.27730861387136,True,4,0,2734,0.24951191031212636,0.5360483062512793,True,6,False,0.8219566941261292,0.02348925732076168,2130.864990234375,9.067036171155898e-08,3.951657295719369e-09,22.944894996278553,25.301828951617907,0.39275550842285156,0.017166041484475134,0.0,0.0,9.168606881034493e-08,3.1159732309574012e-09,29.424536738453895,25.289733942169892,0.39582376182079315
2067,N3447Spiral,spiral,validation,F150W,163.34715,16.79693,163.3471558031469,16.79690777777778,9392.086813744158,608.8528127978077,497.91318625584245,True,4,2382,2382,0.06000260905303084,0.3935120792528306,True,7,True,0.7681820392608643,0.022360820323228836,2130.037353515625,7.612768627240232e-08,3.6335434571629876e-09,20.951362539046553,25.49163574577603,0.3917040526866913,0.01435462110042572,0.8790179492469569,0.8790179492469569,7.059087035928463e-08,2.9396725539613924e-09,24.013174618431236,25.573620980735246,0.3909571170806885
3321,N3447Spiral,spiral,validation,F150W,163.35086,16.7993,163.3508658032194,16.799277777777778,9810.625221413049,868.0480064219664,79.37477858695092,True,4,0,4067,0.22995865931829576,0.33971754151339917,True,13,False,0.4742509126663208,0.01822044514119625,2138.3359375,6.611920839364317e-08,3.528558451258094e-09,18.73830611196723,25.644673208836284,0.3995676636695862,0.013132510310411452,0.0,0.0,5.0586505628304396e-08,2.639762709907419e-09,19.163277607659875,25.935405620734485,0.39975884556770325
3366,N3447Spiral,spiral,development,F150W,163.34379,16.79359,163.34379580304483,16.793567777777778,8887.82419087993,431.19938197095826,431.19938197095826,True,4,961,961,0.02921286281402993,0.41481387153337107,True,9,True,1.0236163139343262,0.02555023320019245,2124.07470703125,1.9143982393624954e-07,3.761225585558994e-09,50.8982563213628,24.490411606800308,0.40629467368125916,0.01216682672202587,0.9769179948798414,0.9769179948798414,1.7415862958972937e-07,3.3826767728368565e-09,51.485448148116305,24.593129825550005,0.40627551078796387
4945,N3447Spiral,spiral,validation,F150W,163.3509,16.79854,163.35090580319613,16.79851777777778,9732.731825249904,908.425652672699,157.26817475009557,True,4,4181,4181,0.12194592707841086,0.3211319182556306,True,10,True,1.4124610424041748,0.028958158567547798,2140.03662109375,3.0380618445679343e-07,4.150004818842883e-09,73.20622450301192,23.989000796357665,0.3883195221424103,0.014673326951265334,1.0,1.0,2.799290972306212e-07,3.395997998807684e-09,82.42911136252222,24.0778722133988,0.3889209181070328
8638,N3447Spiral,spiral,development,F150W,163.34595,16.79274,163.34595580301882,16.792717777777778,8897.583472669943,688.7911458667675,688.7911458667675,True,4,2245,2666,1.3096776735038758,1.6971862432013174,False,0,False,0.5868146419525146,0.019542517140507698,2133.826416015625,1.6019857355841711e-07,3.447520460996813e-09,46.46776585398349,24.683845710490743,0.413754403591156,0.008308731785416603,1.0,1.0,9.527515882069312e-08,3.3144307988320486e-09,28.745556810015927,25.248043118782107,0.43833833932876587
8644,N3447Spiral,spiral,development,F150W,163.35084,16.79666,163.35084580313867,16.79663777777778,9532.768156169956,992.3448244893684,357.23184383004445,True,4,4406,4406,0.054442118931421486,0.471537322344965,True,10,True,1.0167683362960815,0.02555990032851696,2143.731689453125,1.4197780193796974e-07,3.801042254891927e-09,37.35233454856884,24.814941201631797,0.39776673913002014,0.014379364657402038,0.9883173712021136,0.9883173712021136,1.2213697160592126e-07,2.8966891258238926e-09,42.164335315472414,24.978374453698006,0.40323084592819214
8851,N3447Spiral,spiral,validation,F150W,163.35147,16.79708,163.35147580315152,16.79705777777778,9605.682111719721,1035.5192373341147,284.31788828027857,True,4,4501,4501,0.06920582393910046,0.44731728817336097,True,7,True,0.5554895401000977,0.019976351410150528,2145.0810546875,6.900048750145014e-08,3.646664541452849e-09,18.92153410797693,25.598361924481054,0.39102424681186676,0.01468660452067852,0.5784997729430706,0.5784997729430706,5.440703104389923e-08,2.7432867612621572e-09,19.83279029089439,25.85635475381557,0.38849614560604095
9061,N3447Spiral,spiral,validation,F150W,163.35075,16.79638,163.3507558031301,16.79635777777778,9499.273458773941,996.702453246588,390.72654122605854,True,4,4435,4435,0.020103023699139442,0.2906335627857742,True,8,True,1.0879398584365845,0.02597654052078724,2144.02001953125,1.129609471611369e-07,3.597606664468918e-09,31.39891536136352,25.063171509234344,0.4004286229610443,0.012893248951435088,0.9390873425562668,0.9390873425562668,1.049022148494615e-07,2.8184041363290472e-09,37.22043034825231,25.1435306779007,0.4027961194515228
10465,N3447Spiral,spiral,validation,F150W,163.34505,16.79114,163.3450558029699,16.791117777777778,8688.518200981573,674.9481998786182,674.9481998786182,True,4,2907,2907,0.06290101035954497,0.44206362887709616,True,10,True,0.6281153559684753,0.020792653784155846,2133.10302734375,1.1956459755618242e-07,3.8262639472981465e-09,31.248392479721897,25.001485806303673,0.4048702269792557,0.014766026920080184,0.9995045417010735,0.9995045417010735,9.67149247814374e-08,2.77281191466014e-09,34.879727784670756,25.231758576317922,0.4057205319404602
11974,N3447Spiral,spiral,development,F150W,163.34971,16.79421,163.34971580306376,16.79418777777778,9224.002145724719,996.0765502927575,665.9978542752815,True,4,2245,4369,1.2868086125993508,1.514800289631401,False,0,False,0.7934548854827881,0.02270396426320076,2144.731201171875,7.041856600271296e-08,4.306506488857614e-09,16.351668384782318,25.57627438005523,0.44874800741672516,0.019757686060667037,1.0,1.0,7.125806664583339e-08,3.529390177278944e-09,20.189909039972246,25.563407234739703,0.45173248648643494
12639,N3447,other,validation,F150W,163.33628,16.78311,163.33628580272457,16.78308777777778,7444.479910471902,178.27947589781797,178.27947589781797,True,4,110,110,0.02575497712543684,0.6002659103544783,True,3,True,1.0515844821929932,0.023495275527238846,2106.296142578125,1.2250349896496365e-07,3.489761829471812e-09,35.1036847071896,24.975121089113003,0.3817408084869385,0.014510726433992385,0.8135782088320264,0.8135782088320264,1.1141986695158384e-07,2.7770310459995467e-09,40.121937819920944,25.078085733469532,0.3813529312610626
16293,N3447Spiral,spiral,validation,F150W,163.35241,16.79448,163.352415803072,16.79445777777778,9375.992238969025,1254.3133462581977,514.0077610309745,True,4,4721,4721,0.018942364281415366,0.3649633836996008,True,7,True,0.9271154403686523,0.024314073845744133,2153.476318359375,1.4544349096098796e-07,3.894608844223582e-09,37.344826342883515,24.788756597237896,0.38958655297756195,0.015421996289491653,0.9728859725145474,0.9728859725145474,1.3443606744386928e-07,3.0983242552474144e-09,43.389928351167356,24.874202822540322,0.3905259668827057
17282,N3447Spiral,spiral,development,F150W,163.34263,16.78622,163.34263580281961,16.78619777777778,8061.556266024185,667.271186624226,667.271186624226,True,4,2692,2692,0.2290382999075314,0.8728374846362531,True,7,True,0.6585990786552429,0.020820466801524162,1793.61572265625,9.347846460078448e-08,3.8204517024797416e-09,24.467909001469746,25.268713396231732,0.4073869585990906,0.013902123302221297,0.9961198712127466,0.9961198712127466,8.389924836417341e-08,3.0340498224153946e-09,27.652561188788116,25.38609714705059,0.4055883586406708
20127,N3447Spiral,spiral,validation,F150W,163.34515,16.78715,163.345155802848,16.78712777777778,8274.534221542268,875.8725038075211,875.8725038075211,True,4,3975,3975,0.17282051767332357,0.7245025552295609,True,3,True,0.8641166687011719,0.022874584421515465,2139.2392578125,1.7468430323420045e-07,3.6445334295886185e-09,47.93049826789987,24.589857617424258,0.409440279006958,0.011019631469249724,0.9677778694611766,0.9677778694611766,1.5361894670693376e-07,2.958810740766032e-09,51.91915271578405,24.72938036470333,0.4096539318561554
23741,N3447Spiral,spiral,validation,F150W,163.35044,16.79001,163.35044580293538,16.789987777777778,8816.849223131556,1270.3282515969354,1073.1507768684442,True,4,2245,4724,0.4734129821255212,0.7029814078301061,False,4,False,0.6928300261497498,0.02258947677910328,2154.6875,1.3505622654565049e-07,3.6501029467231738e-09,37.00066231471505,24.869205793733997,0.4120528995990753,0.010882834947109222,1.0,1.0,8.072190942455819e-08,2.8257099607982967e-09,28.566947968627783,25.42801375651865,0.41172701120376587
24125,N3447Spiral,spiral,validation,F150W,163.3523,16.79136,163.35230580297667,16.79133777777778,9043.661077647888,1392.538663276198,846.3389223521117,True,4,2245,4876,0.5209395556144659,0.7714251738543694,False,3,False,1.1204246282577515,0.02595308981835842,2158.87548828125,2.0837492205096438e-07,3.629828853463217e-09,57.4062663731801,24.398378696344956,0.4069559574127197,0.010368080592155457,1.0,1.0,1.7548245771648383e-07,3.0298432970906736e-09,57.91799789942476,24.5849080515841,0.4076443910598755
25440,N3447Spiral,spiral,development,F150W,163.33905,16.78025,163.33905580263723,16.780227777777778,7271.313901561538,593.3017291554786,593.3017291554786,True,4,2133,2133,0.19485588466302767,0.5865722165387636,True,5,True,0.7803692817687988,0.02065807767212391,2120.903564453125,1.3053474495627383e-07,3.1661505016183743e-09,41.22821858580353,24.906177009870742,0.40761637687683105,0.009585521417856216,1.0,1.0,8.996168711866593e-08,2.500812294933086e-09,35.9729865775764,25.31034834356087,0.4073171615600586
26714,N3447,other,development,F150W,163.35797,16.79499,163.3579758030876,16.794967777777778,9684.16436883675,1788.2830907559674,205.83563116325058,True,4,0,5499,0.3522942636126222,0.38329666293633774,False,2,False,0.8631846308708191,0.023585744202136993,2170.30517578125,1.4354203539493562e-07,3.6698236264111047e-09,39.11415098041434,24.80304457192839,0.380778968334198,0.013080548840761184,0.0,0.0,1.261187882083536e-07,2.9351561045321412e-09,42.96834093887375,24.943542849160306,0.3809395134449005
27675,N3447,other,validation,F150W,163.33597,16.77696,163.33597580253678,16.77693777777778,6785.11413039063,441.329626161295,441.329626161295,True,4,1025,1025,0.17439087523164518,0.5700888848214234,True,9,True,0.6653342247009277,0.019184483215212822,2109.403076171875,9.861322932209798e-08,3.551250354923674e-09,27.768594006720612,25.210654369711538,0.40390101075172424,0.014878389179706573,0.959534230737468,0.959534230737468,8.281277020099805e-08,3.0804168887449838e-09,26.883624259941463,25.400249040700775,0.407574325799942
27783,N3447Spiral,spiral,validation,F150W,163.34823,16.7868,163.3482358028373,16.78677777777778,8378.888378575415,1201.9487325239415,1201.9487325239415,True,4,2245,4557,3.8168461379382363,3.9981592300425586,False,0,False,1.0277405977249146,0.024716442450881004,2151.302001953125,3.816347851307028e-07,4.13315537613574e-09,92.33497180730456,23.74137244034011,0.4115706533193588,0.011044375026226043,0.9937234174340339,0.9937234174340339,2.6255941124411116e-07,3.401279860619001e-09,77.19429803001503,24.147423347631488,0.4094352722167969
27945,N3447Spiral,spiral,validation,F150W,163.34828,16.78677,163.3482858028364,16.78674777777778,8378.031445405015,1208.405588890881,1208.405588890881,True,4,2245,4557,4.010352587712655,4.148782480277705,False,0,False,0.6091629266738892,0.021115729585289955,2151.5068359375,1.1896341799572636e-07,3.4898244966249323e-09,34.08865348695267,25.00695873823525,0.41225481033325195,0.010039344763755799,1.0,1.0,8.498596421022354e-08,2.7847343804139293e-09,30.518517244575058,25.372124307096023,0.41389891505241394
28576,N3447Spiral,spiral,development,F150W,163.34533,16.78418,163.34533580275726,16.78415777777778,7971.215915628065,1036.0351958045649,1036.0351958045649,True,4,2245,4490,0.5288873943485752,0.9674153905689982,False,2,False,1.2211929559707642,0.02716563083231449,2143.6259765625,1.4818633838377597e-07,3.773605577287312e-09,39.2691645559579,24.76847190490856,0.4123195856809616,0.013164036253094672,1.0,1.0,1.4292623307602633e-07,3.2065422156852273e-09,44.57332025035681,24.80771245298925,0.41023939847946167
29870,N3447,other,development,F150W,163.33722,16.7772,163.3372258025441,16.77717777777778,6867.5404958163,555.3991508120996,555.3991508120996,True,4,1790,1790,0.7727817534187101,0.8021600002655239,False,4,True,0.5413442254066467,0.01756085827946663,2114.80859375,6.117789211245045e-08,3.2483084514410084e-09,18.833769337795133,25.729006049115217,0.4023178815841675,0.013111610841751099,0.8573374050841862,0.8573374050841862,5.5079342377735345e-08,2.4434679505761427e-09,22.541462991052633,25.843020456438463,0.40350228548049927
36326,N3447Spiral,spiral,development,F150W,163.35696,16.79093,163.35696580296351,16.79090777777778,9212.005051242575,1881.10845292938,677.9949487574249,True,4,5685,5685,0.02311419970689438,0.35186144507922945,True,3,True,1.6096009016036987,0.030832648277282715,2174.57470703125,3.2339577185387566e-07,4.286231230666017e-09,75.44991262723471,23.921156478412975,0.39503467082977295,0.01544802120923996,0.9858404887714664,0.9858404887714664,2.9874943746922536e-07,3.7110006501987027e-09,80.5037416129876,24.0072245817787,0.39675506949424744
39885,N3447Spiral,spiral,validation,F150W,163.34841,16.78292,163.3484158027188,16.78289777777778,7980.111330881164,1405.6520375532177,1405.6520375532177,True,4,2245,4681,6.364999695485967,8.345504887688314,False,0,False,0.970156729221344,0.024939775466918945,2156.48876953125,8.883369394854943e-08,5.023715430746884e-09,17.682867426139698,25.32404801818296,0.4483335316181183,0.02568891550004482,1.0,1.0,9.2335641632356e-08,3.5267824436453413e-09,26.18126950210071,25.28206889375788,0.4414907693862915
48618,N3447Spiral,spiral,development,F150W,163.34092,16.77437,163.34092580245772,16.77434777777778,6740.123302183794,1062.4054489764058,1062.4054489764058,True,4,2532,3520,9.70861860437767,9.83973897865229,False,0,False,0.8057234883308411,0.021302606910467148,2131.640625,8.052279170544784e-08,4.665578478179079e-09,17.258908425193816,25.430695263880104,0.4561409056186676,0.02408217495381832,1.0,1.0,8.221309804683392e-08,2.9980386486726767e-09,27.422294266697385,25.40813978706027,0.44662564992904663
51982,N3447Spiral,spiral,development,F150W,163.34872,16.77973,163.34872580262135,16.77970777777778,7659.671942214205,1589.4019334300715,1589.4019334300715,True,2,2532,4599,14.467805283858047,14.549197303637976,False,0,False,1.0437486171722412,0.032537978142499924,1004.5227661132812,1.940934133982378e-07,8.076919965098353e-09,24.030622345763746,24.475465327877984,0.5468936562538147,0.04005442818403244,1.0,1.0,1.403999456677271e-07,5.3530675921132945e-09,26.22794187665016,24.827074972958215,0.5373300313949585
53520,N3447,other,development,F150W,163.33682,16.76975,163.3368258023167,16.769727777777778,6067.676684494089,871.597698884817,871.597698884817,True,4,2532,4101,0.49158599390045543,0.8184571020051272,False,3,False,0.7408246397972107,0.01995174214243889,2114.7099609375,1.0892635423528401e-07,3.31957510832265e-09,32.81334227449472,25.102659902179894,0.4072958379983902,0.012155449104309081,0.9616067373983405,0.9616067373983405,9.318839612263501e-08,2.478933399275991e-09,37.59213383863079,25.27208772953183,0.40708234906196594
54441,N3447Spiral,spiral,validation,F150W,163.35415,16.78345,163.354155802735,16.783427777777778,8298.631335163638,1956.7829034443298,1591.3686648363619,True,4,2245,5989,8.015762802999927,8.443855000165145,False,0,False,1.6384196281433105,0.03088727965950966,2175.664306640625,2.4183829760293125e-07,1.3723642603628684e-08,17.622019502241084,24.23667962976487,1.0828797817230225,0.08320887057781219,1.0,1.0,2.055535187662002e-07,8.81957152285357e-09,23.30651985003614,24.41318003316604,1.0547881722450256
58671,N3447Spiral,spiral,validation,F150W,163.35219,16.78081,163.35219580265436,16.78078777777778,7931.911223435896,1886.2417203734237,1886.2417203734237,True,4,2245,2245,17.67293527582016,18.55445358436106,False,0,True,0.8040587902069092,0.022883055731654167,2171.641357421875,6.058371150974024e-08,7.518079230074911e-09,8.058402905277253,25.739602632836334,0.5681110620498657,0.04328540650606155,1.0,1.0,6.231715346502902e-08,6.440664522267104e-09,9.675578234137472,25.70897330395635,0.5678691864013672
60901,N3447Spiral,spiral,validation,F150W,163.35413,16.7818,163.35413580268457,16.78177777777778,8124.628411884819,2033.7179159322131,1765.371588115181,True,4,2245,6227,11.77717854818991,12.795539776380098,False,0,False,0.7892175912857056,0.02236541174352169,2177.164306640625,1.1261106290814933e-07,6.775311104542513e-09,16.620795882369023,25.066539678055292,0.5303501486778259,0.03832078853845596,1.0,1.0,8.810692884356559e-08,5.551856396835644e-09,15.869814084849768,25.332967164186236,0.5401653051376343
61470,N3447Spiral,spiral,development,F150W,163.34675,16.77572,163.3467558024989,16.77569777777778,7148.777081663939,1583.3843176332507,1583.3843176332507,True,4,2532,2532,10.006895718692014,18.905569601084657,False,0,True,1.0940470695495605,0.024395205080509186,2154.228759765625,2.307870689688576e-07,8.820943212150177e-09,26.163536417620964,24.28746364331733,0.5957498848438263,0.05202540523409843,1.0,1.0,1.4138712162188887e-07,7.337420250126793e-09,19.269323113862214,24.81946768942324,0.615943193435669
61857,N3447Spiral,spiral,validation,F150W,163.34553,16.77465,163.34553580246626,16.77462777777778,6980.649311556545,1512.0382204405996,1512.0382204405996,True,4,2532,2532,7.478232859356742,19.045055701658548,False,0,True,0.8457377552986145,0.021674534305930138,2149.92578125,2.280831668114183e-07,8.361500643700278e-09,27.27777901724623,24.300259236564056,0.5579855442047119,0.04888345953226089,1.0,1.0,1.647251951577224e-07,5.6508543330272766e-09,29.150493969550936,24.65359224540955,0.5601148307323456
67873,N3447A,tidal,validation,F150W,163.36685,16.79034,163.36685580294548,16.79031777777778,9603.163829154446,2902.562483236778,286.8361708455541,True,4,7429,7429,0.1289151745542298,0.3273479994182141,True,2,True,2.273581027984619,0.03674456849694252,2203.401611328125,3.214996822550613e-07,4.017396812048848e-09,80.02686747070385,23.927540952187165,0.37161508202552795,0.012084753227233886,0.9943463189171343,0.9943463189171343,3.145649556130957e-07,3.73226671944753e-09,84.2825497904553,23.951216477228385,0.3759605288505554
69920,N3447Spiral,spiral,development,F150W,163.34024,16.76851,163.34024580227884,16.76848777777778,6094.238122343386,1274.4325057515043,1274.4325057515043,True,4,2532,4358,9.923332979662183,10.945088317027551,False,0,False,0.5543435215950012,0.017751311883330345,2129.219970703125,6.959766083229486e-08,4.912131836408957e-09,14.168524614187604,25.589005714085506,0.46296459436416626,0.026322858685255048,1.0,1.0,4.770773253977351e-08,3.2104154736024874e-09,14.8602985912722,25.999020382690905,0.4557607173919678
71805,N3447Spiral,spiral,validation,F150W,163.33959,16.76757,163.33959580225016,16.76754777777778,5965.855868143719,1254.1107990357784,1254.1107990357784,True,4,2532,4357,9.016739374356433,9.843699735586904,False,0,False,0.7916117310523987,0.020939165726304054,2126.224365234375,1.394455913094993e-07,4.0750714561974304e-09,34.219176966192414,24.834480351704336,0.4380820393562317,0.017966606014966965,1.0,1.0,1.0958534249675462e-07,3.2890951766792253e-09,33.317777872088044,25.096111149011648,0.43813522160053253
72673,N3447Spiral,spiral,validation,F150W,163.34338,16.77044,163.34338580233776,16.77041777777778,6440.526663402905,1497.495372848216,1497.495372848216,True,4,2532,2532,14.728904012387124,18.576927500913694,False,0,True,0.6018283367156982,0.01871573179960251,2142.3251953125,1.0064016227139711e-07,6.444161137478468e-09,15.617263461350461,25.188564001395413,0.49997976422309875,0.03740381882786751,1.0,1.0,6.8111253118724e-08,4.411639678684495e-09,15.438988240089923,25.612445145891495,0.49721142649650574
73864,N3447Spiral,spiral,development,F150W,163.35855,16.78241,163.35855580270322,16.782387777777778,8391.089374086729,2448.444980594872,1498.9106259132714,True,4,6383,6566,3.1522271436170164,3.156857885458877,False,0,False,0.8137984275817871,0.02318989485502243,2190.4501953125,1.7108765285381685e-07,4.73663721814862e-09,36.12006682679591,24.61244565159933,0.45030224323272705,0.021613629573583603,1.0,1.0,1.1967763560784285e-07,4.3991260229849825e-09,27.204866371761,25.00045982094388,0.45264506340026855
75689,N3447A,tidal,validation,F150W,163.36533,16.78749,163.3653358028584,16.787467777777778,9234.570618822378,2886.28874241018,655.4293811776224,True,4,0,7407,0.361251630165935,0.49896088697663055,False,2,False,0.576789140701294,0.02072586864233017,2203.574951171875,6.530550793006855e-08,3.743867317379764e-09,17.443328620890924,25.658117793184967,0.3806189000606537,0.015047573250532149,0.0,0.0,6.528467566701058e-08,2.734997648299057e-09,23.870103035595754,25.658464195062937,0.38159099221229553
76269,N3447A,tidal,validation,F150W,163.36583,16.78778,163.36583580286725,16.78775777777778,9287.896844731986,2922.6259222498584,602.1031552680142,True,4,7476,7476,0.06457347420728422,0.6040397671899902,True,4,True,1.365572214126587,0.029387040063738823,2204.4619140625,1.615807510532058e-07,3.975527018936055e-09,40.643856848053474,24.674518266106872,0.386115700006485,0.015370962703227997,0.8625201205167361,0.8625201205167361,1.4825376294797258e-07,3.1949759080711975e-09,46.40215363547864,24.767978008898055,0.38544198870658875
76411,N3447,other,validation,F150W,163.33789,16.7653,163.3378958021809,16.76527777777778,5649.8570699096335,1191.9429500931396,1191.9429500931396,True,4,2532,4478,5.543840977270817,5.5756210376512945,False,0,False,0.5344454646110535,0.017369665205478668,1759.4853515625,3.7453893158818375e-08,4.967450770176335e-09,7.5398619717954105,26.261749904075046,0.4569276422262192,0.026769722905755043,1.0,1.0,2.4966962015142778e-08,4.292667322530021e-09,5.81618843000107,26.702078070962088,0.4689158648252487
77257,N3447A,tidal,validation,F150W,163.36793,16.78926,163.36793580291248,16.789237777777778,9539.350837743052,3062.7025695071334,350.64916225694833,True,4,0,8077,0.7558301308539073,0.956827082234657,False,2,False,1.1831384897232056,0.027866240590810776,2207.59619140625,1.5407752133318808e-07,3.702949498321942e-09,41.60940390977816,24.726144114082018,0.37395988404750824,0.01261751293838024,0.0,0.0,1.4449083948718486e-07,2.9356739037225262e-09,49.218967850606965,24.795891536493297,0.3733523488044739
77714,N3447A,tidal,development,F150W,163.36684,16.7883,163.36684580288315,16.78827777777778,9388.713704495542,2999.175002600473,501.2862955044584,True,4,7714,7714,0.23739735759801858,0.526377055249324,True,7,True,0.6426265835762024,0.02127954363822937,2206.24609375,2.343908004513293e-07,4.310854455356585e-09,54.37223707705552,24.270640916882417,0.39356929063796997,0.017008676880598067,1.0,1.0,1.40181275474077e-07,3.2956382431224385e-09,42.535395311247164,24.82876730427853,0.4005424380302429
77934,N3447A,tidal,development,F150W,163.36937,16.79028,163.36937580294367,16.79025777777778,9712.31633771511,3158.5065442167197,177.68366228488958,True,4,0,8325,0.5972223896102177,0.8339422515413021,False,3,False,0.9897492527961731,0.02582438848912716,2209.676513671875,1.0964633459728255e-07,3.8626810372332445e-09,28.38607007422489,25.095507027067832,0.37658458948135376,0.015558814904093742,0.0,0.0,9.225329427128671e-08,3.153033503860638e-09,29.258583569863724,25.283037613976916,0.38096021115779877
78400,N3447A,tidal,development,F150W,163.36916,16.79003,163.369165802936,16.79000777777778,9676.471309834797,3149.3803321849236,213.52869016520344,True,4,8368,8368,0.13034080208299045,0.9433008704919345,True,2,True,0.5038154721260071,0.01975652016699314,2209.48828125,8.158862536411979e-08,3.4277078808832105e-09,23.8026775324556,25.416418282196908,0.36987340450286865,0.011907792609930037,0.5051571911873917,0.5051571911873917,4.979090702429451e-08,2.53279284532382e-09,19.658499555627376,25.95261722792025,0.3726009130477905
78676,N3447A,tidal,development,F150W,163.36919,16.78999,163.3691958029348,16.78996777777778,9673.649790363841,3154.3072065492324,216.35020963615898,True,4,8368,8368,0.055018317362876656,1.0789076493793472,True,1,True,0.5886878967285156,0.021477805450558662,2209.614501953125,1.1983798602498445e-07,3.689150171694192e-09,32.483900206737985,24.999006067922156,0.3699619770050049,0.013559734332561493,0.7972437695989437,0.7972437695989437,8.857983829015898e-08,3.0072287506138675e-09,29.45563694550244,25.32715511451006,0.3710218369960785
78744,N3447A,tidal,development,F150W,163.36734,16.78849,163.36734580288896,16.78846777777778,9431.55031890252,3040.2967262742386,458.4496810974797,True,4,0,7839,0.4097155455870682,0.702315241971538,False,4,False,0.5333927869796753,0.019918566569685936,2207.20556640625,8.877716108583574e-08,3.5517298922387385e-09,24.995470877397555,25.32473918965295,0.38199862837791443,0.012993637096881866,0.0,0.0,7.594984738299451e-08,2.734754721655242e-09,27.772087486158533,25.494175058509704,0.37972448766231537
78811,N3447A,tidal,validation,F150W,163.36611,16.78749,163.3661158028584,16.787467777777778,9270.30360316006,2964.6224323067117,619.6963968399396,True,4,7605,7605,0.026962813312433484,0.48077892283988916,True,7,True,0.8663589358329773,0.024036547169089317,2205.552490234375,2.0409846048484754e-07,4.049530084948312e-09,50.400529494387655,24.420893000171837,0.3829338252544403,0.015999824622273444,0.9058270056124134,0.9058270056124134,9.499534874000633e-08,2.947589525707798e-09,32.22814707118872,25.25123646869173,0.38362249732017517
78887,N3447A,tidal,validation,F150W,163.36555,16.78703,163.36555580284437,16.78700777777778,9196.395880685763,2930.3941867624517,693.6041193142373,True,4,7500,7500,0.11408106482828667,0.34971524440350316,True,7,True,0.595272958278656,0.021063264459371567,2204.740234375,1.4868545252965037e-07,4.020444777374596e-09,36.98233920943044,24.764821124836814,0.3897528052330017,0.015648664945364,0.794541475700896,0.794541475700896,9.799686870139136e-08,3.104160464035226e-09,31.569524139226104,25.21746182507735,0.3917035907506943
79416,N3447A,tidal,development,F150W,163.36684,16.78796,163.36684580287275,16.78793777777778,9353.048370238896,3015.4444655146663,536.9516297611044,True,4,7523,7809,0.44253437794884604,0.5371059263637771,False,5,False,0.8580965995788574,0.02501608058810234,2206.7021484375,2.361261625774056e-07,4.003200221065429e-09,58.984349904577584,24.262632049275037,0.40180718898773193,0.01205276334285736,0.944054500412882,0.944054500412882,2.0572365822589686e-07,3.3918438262495962e-09,60.65245593968519,24.412281726174438,0.40519359707832336
79644,N3447Spiral,spiral,development,F150W,163.34318,16.76889,163.34318580229044,16.76886777777778,6268.765072459652,1551.557206194293,1551.557206194293,True,4,2532,4358,18.51757386028537,19.107089533015845,False,0,False,0.7882235050201416,0.020872000604867935,2141.4619140625,1.2668412787190976e-07,4.898597344986067e-09,25.8613066047522,24.93868680735949,0.48435327410697937,0.025159646397829055,1.0,1.0,9.394970092469044e-08,3.886131452945512e-09,24.175636378301306,25.26325381746983,0.48742106556892395
80225,N3447A,tidal,validation,F150W,163.36733,16.7882,163.3673358028801,16.78817777777778,9400.671799758995,3053.169427133831,489.3282002410051,True,4,7935,7935,0.027724233637702933,0.4216900878519388,True,8,True,0.6747921705245972,0.021540487185120583,2207.5791015625,1.373098001161054e-07,3.6335544253323023e-09,37.78938858292948,24.85123848493583,0.3823308199644089,0.012382559609413146,0.8130520927928672,0.8130520927928672,1.1233839392790368e-07,2.9638996441315717e-09,37.90222592398841,25.06917179580229,0.38300126791000366
80527,N3447Spiral,spiral,validation,F150W,163.34067,16.76671,163.34067580222393,16.76668777777778,5925.105787380875,1403.7308297126178,1403.7308297126178,True,4,2532,4357,13.589160564375527,13.83158906763938,False,0,False,1.401939034461975,0.02683155983686447,2130.510009765625,2.674311855274494e-07,5.79405610954227e-09,46.1561262907025,24.12746219835568,0.4910811334848404,0.030306107416749,1.0,1.0,2.0712343058763532e-07,5.490037900468002e-09,37.72714038458258,24.404919245505685,0.4984467327594757
81271,N3447A,tidal,validation,F150W,163.36764,16.78824,163.3676458028813,16.788217777777778,9419.06950893665,3082.387734225181,470.9304910633491,True,4,8046,8046,0.08620165071341916,0.28491782249752856,True,6,True,0.7465181946754456,0.02225385420024395,2208.27001953125,2.2969363644660116e-07,4.10577496671385e-09,55.94403938568549,24.292619913685275,0.3943186104297638,0.01493980622291565,1.0,1.0,1.5265280861048934e-07,3.1833616015112372e-09,47.95333603886548,24.736230324396544,0.3934825658798218
82290,N3447Spiral,spiral,development,F150W,163.35852,16.78071,163.3585258026513,16.78068777777778,8211.385052910271,2526.7718523418553,1678.614947089729,True,4,6383,6383,4.112675360534273,5.623040505244203,False,0,True,0.9466727375984192,0.02504790760576725,2191.733642578125,6.884460043991856e-08,5.5098621157158e-09,12.494795512859179,25.60081761298238,0.4763488620519638,0.028894840970635414,1.0,1.0,6.43710581686085e-08,4.303514373276855e-09,14.95778858514512,25.6737657013547,0.4826565235853195
82374,N3447A,tidal,development,F150W,163.37049,16.79033,163.37049580294516,16.79030777777778,9768.871736844641,3268.5902912373417,121.12826315535858,True,4,0,8804,2.021560581870326,2.2655034209385034,False,0,False,0.5467312932014465,0.020208904519677162,2212.268798828125,5.855265585822407e-08,3.340620187377093e-09,17.527480699383855,25.77662582532352,0.36987732350826263,0.01137781654894352,0.0,0.0,4.196022703729748e-08,2.6147207483908207e-09,16.0476896292352,26.138397748789515,0.36662888526916504
82479,N3447Spiral,spiral,validation,F150W,163.34724,16.77161,163.34724580237346,16.77158777777778,6740.071245016457,1829.2256178808452,1829.2256178808452,True,4,2532,2532,5.064308561743475,24.397333724773024,False,0,True,1.1225359439849854,0.024564171209931374,2157.23876953125,2.0012529968752907e-07,9.871964833093082e-09,20.27208393375383,24.442237334073237,0.6700471639633179,0.05865177397727966,1.0,1.0,1.4350950121543503e-07,1.0281870514152551e-08,13.957528546765921,24.803290684784248,0.6898506283760071
83244,N3447Spiral,spiral,development,F150W,163.35693,16.77925,163.3569358026067,16.77922777777778,7985.393993637508,2436.9383613336213,1904.6060063624918,True,4,6383,6383,4.835613067724399,12.17818850484713,False,0,True,0.8508564829826355,0.02440601959824562,2187.6982421875,9.115405382851587e-08,6.3764714827290165e-09,14.295375440070746,25.296052353567593,0.5247926712036133,0.03509802861213684,1.0,1.0,5.4061660119864005e-08,4.5719393776937695e-09,11.824666876299311,25.86326887768853,0.5277816653251648
83980,N3447A,tidal,development,F150W,163.36818,16.78815,163.36818580287857,16.78812777777778,9434.36743620321,3140.9249511002645,455.6325637967893,True,4,0,8324,0.7931380359086878,0.8365298725674215,False,3,False,0.7599366903305054,0.02239379845559597,2209.6953125,1.1044261100109612e-07,3.6395768066267897e-09,30.344904605394458,25.08765065890246,0.3792710155248642,0.013362117263674735,0.0,0.0,8.017856522653371e-08,2.8051684882513127e-09,28.58244186127852,25.435346621274174,0.37863320112228394
84280,N3447A,tidal,development,F150W,163.36854,16.78838,163.3685458028856,16.78835777777778,9474.986463338397,3166.0725984317282,415.0135366616032,True,4,0,8425,0.3678135798194872,0.5271404963491148,False,7,False,0.5039477944374084,0.019556814804673195,2210.239013671875,1.1257263205964131e-07,3.608905658006692e-09,31.193010493330156,25.066910271174976,0.3816712200641632,0.012163181465864181,0.0,0.0,6.681459679468318e-08,3.121873321627277e-09,21.402084553468065,25.633313942483014,0.38208267092704773
84747,N3447A,tidal,validation,F150W,163.36682,16.78692,163.36682580284096,16.786897777777778,9243.038163718098,3063.201323757058,646.9618362819019,True,4,7523,7523,1.037325436270404,1.2708038113921662,False,0,True,0.6915515661239624,0.022551873698830605,2208.034423828125,1.1831006860281446e-07,7.274777553196319e-09,16.263049658588194,25.012938056811944,0.4567243456840515,0.04105610039234161,1.0,1.0,9.18377838839712e-08,5.500077949704443e-09,16.69754223917977,25.287938833977154,0.44954925775527954
85045,N3447A,tidal,validation,F150W,163.3672,16.78717,163.36720580284862,16.78714777777778,9286.671329487726,3089.401004792688,603.3286705122737,True,4,8091,8091,0.052601683910533895,0.2794637794211593,True,5,True,0.3997826874256134,0.01807239092886448,2208.627197265625,6.551917775635602e-08,3.85160994395981e-09,17.010854865795746,25.654571225940018,0.40059950947761536,0.015621226108074187,0.6175377755759227,0.6175377755759227,4.000623674717831e-08,2.5921524757662633e-09,15.433597028412501,26.190173070603137,0.3942881226539612
86410,N3447Spiral,spiral,development,F150W,163.34156,16.76628,163.3415658022108,16.766257777777778,5920.762640679375,1513.6967244280836,1513.6967244280836,True,4,2532,4478,16.825840516329063,17.022720097997023,False,0,False,1.0343091487884521,0.023605836555361748,2134.068603515625,1.9804798236659185e-07,4.2176172395954366e-09,46.95731526021291,24.453566266420076,0.45150527358055115,0.018789726948738098,1.0,1.0,1.6483045446775495e-07,3.527549841544088e-09,46.726612485113726,24.652898682135447,0.45397719740867615
86541,N3447A,tidal,validation,F150W,163.36617,16.78605,163.3661758028144,16.78602777777778,9121.99889890798,3039.553544233055,768.0011010920207,True,4,7888,7888,0.11865186836656087,0.3260519049226641,True,7,True,0.7424625754356384,0.02314826287329197,2207.558837890625,1.0577951178105797e-07,4.064168554017343e-09,26.02734369284394,25.13448842671307,0.3990858197212219,0.016652413845062254,0.7198217159836573,0.7198217159836573,7.518400599942266e-08,2.902331705776121e-09,25.904690993725502,25.50517866644706,0.40063101053237915
86627,N3447A,tidal,validation,F150W,163.36701,16.78671,163.36701580283457,16.78668777777778,9229.713913608342,3092.331416773831,660.2860863916576,True,4,7523,8146,0.4813930448562031,0.9354080223427711,False,2,False,0.5051992535591125,0.019850797951221466,2208.76318359375,1.5196313620142662e-07,3.918935293685723e-09,38.776638248218354,24.741146702518947,0.4120289534330368,0.013118525782227516,1.0,1.0,8.523632000628813e-08,2.7559242388894244e-09,30.928397378817806,25.368930594250447,0.4121156632900238
86732,N3447Spiral,spiral,development,F150W,163.34342,16.76772,163.34342580225476,16.76769777777778,6157.0209220798215,1631.6350856918498,1631.6350856918498,True,4,2532,4358,20.77734248407813,21.955654165956457,False,0,False,1.7290024757385254,0.030327608808875084,2142.19091796875,3.4214937126730197e-07,6.713542334685578e-09,50.964059539713354,23.859952956595293,0.5268263518810272,0.03640616744756699,1.0,1.0,2.768696726347615e-07,4.922231052131374e-09,56.248816787028765,24.08980385426807,0.5269494354724884
87369,N3447A,tidal,validation,F150W,163.36878,16.78798,163.36878580287336,16.78795777777778,9444.022503588942,3209.315951895293,445.9774964110584,True,4,8661,8661,0.1378267494824185,0.36577619994696525,True,6,True,0.6781401634216309,0.02186679281294346,2211.32666015625,1.6870705310827703e-07,3.928460510087732e-09,42.944826013921,24.62765922366398,0.389984592795372,0.014354709470272063,0.9872905834777586,0.9872905834777586,1.1900534180846074e-07,3.1267773635211847e-09,38.06006247737582,25.006576182122966,0.3929155766963959
88606,N3447A,tidal,development,F150W,163.36835,16.7874,163.36835580285563,16.78737777777778,9363.482327646732,3193.88663880057,526.5176723532677,True,4,8593,8593,0.03201049692975894,0.3093004906300694,True,9,True,0.9695226550102234,0.02512015588581562,2211.084228515625,1.4277838532379365e-07,3.656682500457654e-09,39.0458797847295,24.80883615671248,0.38865071535110474,0.011966182985901831,0.8115529130021883,0.8115529130021883,1.1262900526703786e-07,3.071879674971872e-09,36.66452373922138,25.066366701117012,0.39057889580726624
90136,N3447Spiral,spiral,development,F150W,163.34304,16.76672,163.34304580222425,16.76669777777778,6034.711330837958,1641.3053674960624,1641.3053674960624,True,4,2532,4357,21.294145974719335,21.50776697338042,False,0,False,1.9855996370315552,0.03177572414278984,2140.31787109375,5.792732330517363e-07,1.3034708909333195e-08,44.44082618806788,23.28828366936922,0.5713157057762146,0.0790193003475666,1.0,1.0,4.0259551449519256e-07,8.945566526238613e-09,45.005032751623155,23.683319992527803,0.5616090893745422
90575,N3447A,tidal,validation,F150W,163.36983,16.78816,163.36983580287887,16.78813777777778,9511.007900690223,3306.1504845830887,378.9920993097767,True,4,9170,9170,0.30360688675157216,0.4353870483496608,False,5,True,0.8852859139442444,0.024890000000596046,2213.52978515625,1.680338243272792e-07,3.857201020829781e-09,43.563667908376445,24.63200054296593,0.3957820385694504,0.013023307272791862,0.8921261142291185,0.8921261142291185,1.4143442555266462e-07,3.295582907739107e-09,42.916360932850544,24.819104495096198,0.39410361647605896
90953,N3447Spiral,spiral,validation,F150W,163.35912,16.77948,163.3591258026137,16.77945777777778,8109.843988891729,2645.8837886519123,1743.1162113480877,True,4,6383,6383,2.8966720527647034,4.619665685634619,False,0,True,0.6839303374290466,0.022133104503154755,2194.408935546875,8.519234794770097e-08,5.099197441574686e-09,16.70701103924948,25.369490852775474,0.46499547362327576,0.025406595933437345,1.0,1.0,6.972397831585546e-08,3.905579656528146e-09,17.85240206260097,25.587036924404103,0.45830386877059937
90965,N3447A,tidal,validation,F150W,163.36936,16.78769,163.3693658028645,16.78766777777778,9440.173844309564,3281.4407648255747,449.8261556904363,True,4,9039,9039,0.17128586201071608,0.41964052989664563,True,6,True,1.1976038217544556,0.027322933077812195,2213.048095703125,2.1695710803098626e-07,4.075537421781465e-09,53.23398746665214,24.35455761423548,0.39128875732421875,0.014998793095350264,0.990545784823714,0.990545784823714,1.9080805098172973e-07,3.197435070917487e-09,59.67534813051837,24.49400058368945,0.39119136333465576
91477,N3447A,tidal,validation,F150W,163.36743,16.78604,163.3674358028141,16.78601777777778,9178.673558425766,3166.571744222724,711.3264415742342,True,4,7523,8479,0.3299592314381561,0.872057732022224,False,2,False,0.9803606271743774,0.025222506374120712,2210.63525390625,1.1397615912684868e-07,3.5033040394809337e-09,32.53390452052684,25.05345727820571,0.40248164534568787,0.010271779552102088,0.9288545709802626,0.9288545709802626,9.915330191846635e-08,2.8933171701197796e-09,34.26976583917398,25.204724369068302,0.4031739830970764
91981,N3447A,tidal,validation,F150W,163.37055,16.78842,163.37055580288683,16.788397777777778,9571.266968920463,3366.0156489368974,318.7330310795369,True,4,0,9390,0.3006123735114017,0.6815062514134539,False,3,False,0.8253473043441772,0.023250244557857513,2214.842529296875,1.1769878608008435e-07,3.729319754977986e-09,31.560390047803534,25.018562363165138,0.37524256110191345,0.013702274894714355,0.0,0.0,9.015525117703075e-08,2.900221001307612e-09,31.085648692421294,25.308014753072396,0.37749965488910675
92989,N3447A,tidal,validation,F150W,163.3678,16.786,163.36780580281285,16.78597777777778,9191.428392102696,3205.644230032056,698.5716078973037,True,4,8604,8702,0.2898939702535182,0.30034674981715925,True,7,False,1.2071400880813599,0.027571529150009155,2211.564208984375,2.07783292084243e-07,3.899911980032765e-09,53.27896966600187,24.401465765087664,0.3943575918674469,0.013329177403450012,0.930010735816335,0.930010735816335,1.276732809727593e-07,2.997742226718433e-09,42.58981303823466,24.930242274507847,0.3947044312953949
93366,N3447A,tidal,development,F150W,163.37069,16.78822,163.3706958028807,16.78819777777778,9556.701474330064,3389.6459947792428,333.29852566993577,True,4,9489,9489,0.0630681940646964,0.9197320868799581,True,2,True,0.5497918725013733,0.02054559625685215,2215.42041015625,1.2206444259867642e-07,3.5050333907748633e-09,34.82547211103499,24.97901939157957,0.3766397535800934,0.011672154414653777,0.8999545811140014,0.8999545811140014,6.205007493885589e-08,2.6958669465565807e-09,23.016742357449125,25.7136365464338,0.3782021105289459
93367,N3447A,tidal,validation,F150W,163.37135,16.78876,163.3713558028972,16.78873777777778,9643.58309239856,3430.086268685619,246.41690760144047,True,4,9602,9602,0.04478078419517685,0.7742120966226984,True,3,True,0.5350459218025208,0.019932150840759277,2216.21728515625,9.843051139481629e-08,3.5905736186167794e-09,27.4135895402516,25.21266796857084,0.37534165382385254,0.01314417513012886,0.760383122780943,0.760383122780943,7.70910352590656e-08,2.843196296803503e-09,27.114214852395563,25.477982627605044,0.37573249638080597
93765,N3447A,tidal,validation,F150W,163.36712,16.78524,163.36712580278964,16.78521777777778,9080.553259628183,3173.720202906643,809.4467403718172,True,4,8434,8434,0.10143834689061024,0.5080315698850959,True,7,True,0.7483066916465759,0.02327559143304825,2210.856689453125,1.3777446271346632e-07,3.8663676102729515e-09,35.634082581128375,24.84757050713448,0.3924524188041687,0.014569624936580657,0.9437497420659485,0.9437497420659485,1.2761958408090576e-07,3.063024754762126e-09,41.66456176447607,24.930699010033273,0.39475709199905396
93883,N3447A,tidal,validation,F150W,163.36662,16.78482,163.36662580277684,16.78479777777778,9013.589741642336,3143.603358903558,876.4102583576641,True,4,8332,8332,0.018612455562412467,0.22842546831624827,True,7,True,0.9497988820075989,0.025325868278741837,2210.13818359375,1.7373266707149654e-07,3.820277959738621e-09,45.47644671472625,24.595788605251997,0.3794691264629364,0.01327226722240448,0.8876413770329398,0.8876413770329398,1.6150141067837486e-07,3.19581673125124e-09,50.53525413365713,24.675051521912287,0.3855672776699066
95031,N3447,other,validation,F150W,163.36188,16.78074,163.3618858026522,16.78071777777778,8368.45480590207,2862.790115874207,1521.5451940979292,True,4,7325,7325,0.016913720423376907,0.39280813910848866,True,7,True,1.2707496881484985,0.02777889557182789,2201.633056640625,1.9496759771688435e-07,3.957543071365148e-09,49.26480753363743,24.47058622082516,0.3938721716403961,0.014080586206912993,0.8630713961266878,0.8630713961266878,1.385018462912601e-07,3.0837156580070823e-09,44.91394851261023,24.84185341533771,0.3941650092601776
96115,N3447Spiral,spiral,validation,F150W,163.34693,16.76845,163.34693580227702,16.76842777777778,6394.378565399012,1949.2661129379271,1949.2661129379271,True,4,2532,2532,16.175524522166917,22.96665775246276,False,0,True,1.093281865119934,0.024529630318284035,2156.05126953125,1.54651127925323e-07,1.23945018351686e-08,12.477397638242335,24.722109592747568,0.6217347085475922,0.07642343611121177,1.0,1.0,9.897186562226563e-08,1.2641875997392025e-08,7.828890715482669,25.206712930270854,0.6662790477275848
100493,N3447A,tidal,validation,F150W,163.3679,16.78431,163.36790580276124,16.78428777777778,9018.732436641018,3296.55678319697,871.2675633589824,True,4,0,9177,0.814130794008508,0.9175744768879116,False,2,False,1.34040105342865,0.029116516932845116,2213.79541015625,1.8192401523294897e-07,3.790161290284996e-09,47.99901674349839,24.545767240446423,0.37174543738365173,0.012476187461614607,0.0,0.0,1.7408910056394076e-07,3.2050304399261443e-09,54.31745620735896,24.593563368542803,0.3742287755012512
101263,N3447Spiral,spiral,validation,F150W,163.34935,16.76925,163.34935580230143,16.76922777777778,6589.153746701243,2154.0618319266105,2154.0618319266105,True,4,2532,6373,14.793444629039369,16.00161506517158,False,0,False,1.2930350303649902,0.025979485362768173,2165.141845703125,1.6859685933751966e-07,1.4386926020601828e-08,11.718754867863495,24.628368621724846,0.8551783561706543,0.0880213598549366,1.0,1.0,1.0448658418547564e-07,1.7362155503851567e-08,6.018065220202449,25.14784099301265,0.8999742865562439
103898,N3447A,tidal,development,F150W,163.36866,16.78417,163.36866580275696,16.78414777777778,9038.865093234677,3379.5820713723833,851.1349067653227,True,4,0,9460,0.7410345332504187,0.9139066670054137,False,3,False,0.9407927989959717,0.024932002648711205,2215.7275390625,1.8132611463613006e-07,3.842417862292575e-09,47.190628696469254,24.549341432760087,0.3706674575805664,0.01326188376545906,0.0,0.0,1.4547537062263297e-07,3.1517592296268757e-09,46.15687938823145,24.78851864152204,0.3698146343231201
104640,N3447A,tidal,development,F150W,163.36988,16.78498,163.3698858027817,16.78495777777778,9179.725130401173,3463.3442407459224,710.2748695988266,True,4,9703,9703,0.030100727466700828,0.49710801665376475,True,7,True,0.826452910900116,0.023996485397219658,2217.560546875,2.2966423706128445e-07,4.242573189000301e-09,54.133241037946924,24.292758890195397,0.39604049921035767,0.016182728111743927,0.9175504477365576,0.9175504477365576,1.919197569466157e-07,3.2874369389590544e-09,58.37975313600566,24.487693109893353,0.39175213873386383
107124,N3447A,tidal,development,F150W,163.37167,16.7859,163.37167580280982,16.78587777777778,9358.238540195332,3599.084715041453,531.7614598046675,True,4,9930,9930,0.3340041606431999,0.6469408443160316,False,4,True,0.9957056641578674,0.025375166907906532,2220.40869140625,9.41105189060123e-08,3.8008689678349e-09,24.760263956066012,25.261396902196463,0.4015258699655533,0.01432696133852005,0.9269168834386226,0.9269168834386226,9.272490138172118e-08,2.9964325851165043e-09,30.945098462182138,25.27750137202305,0.40250469744205475
108400,N3447Spiral,spiral,development,F150W,163.35478,16.77206,163.3547858023872,16.77203777777778,7132.668109963441,2565.0097773819166,1823.9902226180834,True,4,6373,6373,13.053448808444605,15.605955313250211,False,0,True,0.8906653523445129,0.023622240871191025,2183.855224609375,1.3911805541747266e-07,9.727485208455243e-09,14.301543763494971,24.837033576034873,0.5962150692939758,0.05795992645025253,1.0,1.0,1.043820077681237e-07,5.817046605399684e-09,17.944158754243247,25.148928206852784,0.5890861749649048
109758,N3447,other,development,F150W,163.36257,16.77805,163.36257580257006,16.77802777777778,8117.886200416917,3060.8023943020235,1328.1976056979765,True,4,7690,8036,0.5898310389841046,0.9689929890339002,False,3,False,2.935939311981201,0.04135257750749588,2205.355224609375,4.871007491750131e-07,4.3674529508816066e-09,111.52970728091938,23.4764453284579,0.4099433869123459,0.010384782493114472,1.0,1.0,4.341629309577643e-07,3.930022243587643e-09,110.47340296003648,23.601360471214335,0.4106443524360657
110026,N3447,other,development,F150W,163.36538,16.78025,163.36538580263723,16.780227777777778,8477.39688159457,3237.7483854876446,1151.2516145123554,True,4,0,8734,0.6461483840742821,1.8719517106591226,False,1,False,0.9084059596061707,0.024805093184113503,2211.468505859375,8.918081232033832e-08,3.559778082199609e-09,25.052351652559462,25.319813762569133,0.3704555183649063,0.01262171050608158,0.0,0.0,8.208737435029768e-08,2.9528849825618086e-09,27.799042236681313,25.409801410959172,0.3683544993400574
110491,N3447Spiral,spiral,validation,F150W,163.35479,16.77164,163.35479580237438,16.77161777777778,7089.067823723086,2586.109056635618,1802.890943364382,True,4,6373,6373,11.63985006292287,15.164586414796322,False,0,True,2.150639772415161,0.03499031811952591,2183.89306640625,6.17114816199741e-07,9.924599007166096e-09,62.18032746251519,23.219577388686123,0.6484147310256958,0.055600451552867886,1.0,1.0,4.794353573631627e-07,7.088280449596709e-09,67.63775231134377,23.4936671742924,0.6368860602378845
111039,N3447Spiral,spiral,validation,F150W,163.34814,16.76619,163.34814580220808,16.76616777777778,6212.725231420496,2178.9227187711854,2178.9227187711854,True,2,2532,6373,20.721056525730898,24.172494735431936,False,0,False,0.9091354608535767,0.031461454927921295,1079.8271484375,3.5067098241803995e-07,7.4050628830486995e-09,47.355571175604524,23.83324274716442,0.5589362382888794,0.03447210499048233,1.0,1.0,1.998145017545732e-07,7.243740266551831e-09,27.584437652633973,24.443924811212973,0.5860259234905243
113116,N3447A,tidal,development,F150W,163.37089,16.78404,163.370895802753,16.78401777777778,9127.39452154705,3609.7588713636014,762.6054784529497,True,4,0,10040,0.5344566987286057,1.2096864452200689,False,1,False,1.0672473907470703,0.02607918716967106,2220.872314453125,1.4232973220339054e-07,3.5654391462859e-09,39.919271193186596,24.812253241729262,0.371864378452301,0.011230990049242972,0.0,0.0,1.0833340388655576e-07,2.8071294176531814e-09,38.59223703947527,25.108586349537312,0.37433522939682007
115695,N3447Spiral,spiral,validation,F150W,163.35902,16.77395,163.35902580244488,16.77392777777778,7525.166527992668,2900.4355761801967,1488.5644238198033,True,4,6373,7761,4.841273635857246,4.933852185107459,False,0,False,1.2244060039520264,0.027906496077775955,2196.955322265625,3.853129437053618e-07,6.503518643994073e-09,59.24684233221873,23.730958326317374,0.49322012066841125,0.033082179862260815,1.0,1.0,2.9581695196612077e-07,5.060049174554338e-09,58.46128007089471,24.017934677589196,0.4933789521455765
116319,N3447Spiral,spiral,validation,F150W,163.35626,16.77161,163.35626580237346,16.77158777777778,7153.261746289709,2735.1890549331583,1653.8109450668417,True,4,6373,7955,10.254193933983212,11.090801546257081,False,0,False,0.5881693959236145,0.020104244351387024,2188.57177734375,6.508395655497411e-08,7.478549467215728e-09,8.702751361114542,25.66180745602083,0.5324992537498474,0.043106766861677165,1.0,1.0,3.6345137349562404e-08,4.367564992366135e-09,8.321601948245393,26.294376536255907,0.5191499590873718
116574,N3447A,tidal,development,F150W,163.37374,16.7856,163.37374580280064,16.785577777777778,9421.607587871313,3821.32519818498,468.3924121286873,True,4,10183,10331,1.7450955919646538,2.25404491800594,False,0,False,0.615894079208374,0.02160497196018696,2225.086669921875,7.202327571285357e-08,3.574076472488909e-09,20.15157657292602,25.55181014786733,0.4118218719959259,0.010936166149377822,0.9955830753353974,0.9955830753353974,6.322503894854265e-08,2.662849564593336e-09,23.74337618963399,25.69326955839447,0.41116607189178467
116985,N3447A,tidal,validation,F150W,163.37192,16.78405,163.37192580275328,16.78402777777778,9175.633174464743,3712.7215056868563,676.2784943131437,True,4,10210,10210,0.15342928707339384,0.35985709296120166,True,5,True,0.7089704871177673,0.022472849115729332,2223.072021484375,8.590572351586173e-08,4.003977328168069e-09,21.455097388167776,25.360437072525176,0.39398059248924255,0.01667287146449089,0.9570438227283982,0.9570438227283982,7.011481786883231e-08,3.2307966908580026e-09,21.702021073387915,25.580967796673416,0.3966553807258606
117223,N3447Spiral,spiral,validation,F150W,163.3519,16.76791,163.35190580226055,16.76788777777778,6565.3966545894,2474.296389306646,1914.7036106933542,True,4,6373,6373,6.359841916338316,18.710430676490134,False,0,True,0.8480516076087952,0.02375616505742073,2174.021728515625,1.5790732718439289e-07,6.626424947243753e-09,23.82994275820993,24.699486615977143,0.650644838809967,0.035714585030078884,1.0,1.0,6.883635985090276e-08,7.509696439864012e-09,9.166330543734905,25.600947581655383,0.6792656183242798
117715,N3447A,tidal,validation,F150W,163.372,16.78398,163.37200580275118,16.78395777777778,9171.955639323654,3724.105546914537,664.8944530854628,True,4,9953,10232,0.2502038546272208,0.4898407041538008,True,5,False,0.9331225156784058,0.025023268535733223,2223.310302734375,1.8057968333818675e-07,4.331355131414917e-09,41.691267019058095,24.553820104493138,0.4004533886909485,0.01719085131883621,0.9192090162242497,0.9192090162242497,1.500475906513238e-07,3.2977271396742894e-09,45.50030499677536,24.754919756656058,0.40138277411460876
119172,N3447A,tidal,development,F150W,163.37326,16.78469,163.37326580277283,16.78466777777778,9304.16013764855,3816.6680505600257,572.3319494399743,True,4,10183,10413,0.3871350425110161,0.48835222660009725,False,6,False,0.8201970458030701,0.023958180099725723,2225.14794921875,7.125840027512707e-08,3.6169569862400314e-09,19.701202017667057,25.563402151349543,0.40515685081481934,0.012584838187694548,0.812543870514885,0.812543870514885,7.377004620717836e-08,2.890994530086298e-09,25.517186365958388,25.52579218356592,0.40232789516448975
121541,N3447,other,validation,F150W,163.36485,16.77745,163.36485580255174,16.77742777777778,8159.400207855728,3318.500396227687,1070.499603772313,True,4,0,9270,1.028074813539634,2.5013953229788086,False,0,False,0.6490448713302612,0.02140110172331333,2211.906494140625,8.551362993950594e-08,3.6161891306552087e-09,23.647443994172928,25.365403967165115,0.36317548155784607,0.014035782694816588,0.0,0.0,5.287540530218673e-08,2.5290796200592196e-09,20.906975360842388,25.88735804887396,0.36107686161994934
121674,N3447Spiral,spiral,development,F150W,163.35669,16.77086,163.35669580235057,16.77083777777778,7094.284985030268,2814.2620241676073,1574.7379758323927,True,4,6373,7955,8.251061963358424,9.826552469306906,False,0,False,0.6060463786125183,0.020810505375266075,2189.962646484375,7.204515605620887e-08,7.535940501692024e-09,9.560207652917745,25.551480356241996,0.5220596194267273,0.04352723059058189,1.0,1.0,4.399759712058901e-08,6.935190953746131e-09,6.344107525521435,26.086919925712486,0.5295512974262238
123448,N3447A,tidal,development,F150W,163.37554,16.7856,163.37554580280064,16.785577777777778,9504.077276284961,4002.0933650167317,385.92272371503896,True,4,10183,10687,1.8391529761403558,1.9294345191051463,False,0,False,1.137365698814392,0.027586987242102623,2228.688232421875,1.363251193853373e-07,5.891428383121395e-09,23.139569985421694,24.859052605562226,0.45702044665813446,0.03069027323126793,1.0,1.0,1.2851695012259536e-07,4.293472602211444e-09,29.933101251513744,24.92309129573564,0.45371392369270325
124481,N3447A,tidal,validation,F150W,163.37309,16.78341,163.37309580273376,16.78338777777778,9162.103859228751,3860.8493262670854,528.1506737329146,True,4,10412,10412,0.39993800482927977,0.5693207106834829,False,3,True,1.2287319898605347,0.028806952759623528,2226.19970703125,1.2922476497226434e-07,4.052914500762848e-09,31.884404407727175,24.917127944865467,0.40411433577537537,0.014705802869796752,1.0,1.0,1.2239877521082114e-07,3.4070397036604018e-09,35.92525648565829,24.97604964217511,0.408600777387619
125140,N3447,other,development,F150W,163.36399,16.77594,163.36399580250563,16.775917777777778,7961.603747293071,3304.380934945452,1084.6190650545482,True,4,0,8897,1.8221542490009828,2.0182789194003803,False,0,False,0.8117475509643555,0.02337806671857834,2210.27783203125,1.386639055914886e-07,3.6082359360055957e-09,38.42983331766073,24.84058375147461,0.366804301738739,0.012026119834184647,0.0,0.0,1.2469820593144955e-07,2.9233433287498684e-09,42.65602493730191,24.955841809269046,0.36726540327072144
128801,N3447A,tidal,validation,F150W,163.37373,16.7829,163.37373580271816,16.78287777777778,9137.929198996566,3949.529421192048,439.4705788079518,True,4,10586,10736,0.5170652411052193,0.6120146221354771,False,4,False,1.0370081663131714,0.02576581761240959,2228.0400390625,2.57838843390553e-07,4.818582144381212e-09,53.509276310918615,24.167121461389083,0.39325353503227234,0.021300623577833175,1.0,1.0,1.4538514715707348e-07,3.804684039807184e-09,38.212147352041725,24.789192221332506,0.39613136649131775
129008,N3447Spiral,spiral,development,F150W,163.34951,16.76338,163.34951580212237,16.76335777777778,5980.707189645445,2450.966120304062,1938.0338796959381,True,4,6373,7141,13.168989367083926,14.206612277518373,False,0,False,0.8672841787338257,0.02313503995537758,2163.80517578125,1.2702120715730227e-07,1.0463713835882941e-08,12.139208807652189,24.935801732835294,0.5677378177642822,0.06288937321901321,1.0,1.0,1.0045282443621067e-07,6.878333014615001e-09,14.604239751516783,25.190586941452697,0.5729967951774597
129640,N3447A,tidal,development,F150W,163.37288,16.78199,163.3728858026904,16.78196777777778,9003.529314787105,3907.7128410495498,481.28715895045025,True,4,0,10582,0.5680855362651397,0.8238306936776498,False,3,False,0.561521589756012,0.021623633801937103,2227.235595703125,7.89035084875361e-08,3.831939767348475e-09,20.591009587328056,25.45275153533283,0.3848002403974533,0.014857180416584015,0.0,0.0,7.381494247778036e-08,2.868385451041911e-09,25.73396906994067,25.52513160814576,0.3847009539604187
129895,N3447Spiral,spiral,validation,F150W,163.34918,16.76288,163.3491858021071,16.76285777777778,5913.1390848030205,2441.7405111757653,1947.2594888242347,True,4,6373,7141,12.073458417693761,12.72583519261616,False,0,False,2.0082461833953857,0.03530335798859596,2162.307861328125,4.519505468808512e-07,6.348497046791944e-09,71.19016415219619,23.557765031668332,0.5110977292060852,0.031046359527111052,1.0,1.0,3.253729749949675e-07,5.585290363031594e-09,58.25533747512474,23.914538626701816,0.5195385217666626
130307,N3447A,tidal,validation,F150W,163.37467,16.78327,163.37467580272948,16.78324777777778,9219.808678852449,4026.2254780456715,362.7745219543285,True,4,0,10844,0.3083557166783543,0.4370854373936878,False,8,False,0.4440305829048157,0.01933508925139904,2229.5,9.201524070547092e-08,4.033962151834455e-09,22.81013981839833,25.28584290592651,0.3922191560268402,0.016140045475959777,0.0,0.0,5.5409109395293715e-08,2.916298160767239e-09,18.99980946417232,25.836539398056352,0.3934423625469208
132433,N3447Spiral,spiral,validation,F150W,163.34922,16.76226,163.3492258020882,16.76223777777778,5849.932055588626,2475.420362109071,1913.579637890929,True,4,6373,7141,10.141548080606617,10.563885195141038,False,0,False,0.6333917379379272,0.021121283993124962,2162.032470703125,1.6319158065680248e-07,7.062840396493563e-09,23.105658841989552,24.663747949849945,0.5100432932376862,0.03959592123627662,1.0,1.0,9.999260828373561e-08,4.319038200705504e-09,23.15159154355293,25.19557257978811,0.5047310888767242
132707,N3447A,tidal,validation,F150W,163.37413,16.78219,163.3741358026965,16.78216777777778,9081.77955131458,4023.677957626999,365.32204237300084,True,4,10851,10851,0.1340649042026895,0.6932309056029069,True,4,True,0.7929704785346985,0.023278824985027313,2229.558349609375,1.2313521581741822e-07,3.771115968100569e-09,32.65219549305953,24.969536632521404,0.3811279237270355,0.013632153421640395,0.7949977299929836,0.7949977299929836,1.0192795666505081e-07,3.2481649911714195e-09,31.380166014378315,25.174759027130133,0.3822956532239914
132923,N3447A,tidal,validation,F150W,163.37406,16.78208,163.3740658026931,16.78205777777778,9067.033766051112,4021.9120183323307,367.0879816676693,True,4,0,10866,0.29595723703915294,0.33205445739622536,True,4,False,0.5557450652122498,0.02119385451078415,2229.5244140625,6.044583646216259e-08,3.880439829547241e-09,15.57705804427207,25.742076342738617,0.386645570397377,0.015461011576652526,0.0,0.0,4.5828489315744626e-08,3.0974517103577034e-09,14.795546016906979,26.042653468644918,0.39070507884025574
133848,N3447Spiral,spiral,development,F150W,163.34956,16.76214,163.34956580208453,16.762117777777778,5852.918962909701,2515.3126896909785,1873.6873103090215,True,4,6373,7141,9.118663918990451,9.806727158195038,False,0,False,1.4653064012527466,0.029621122404932976,2163.182373046875,4.969567947561779e-07,6.4523419115850295e-09,77.01960025768373,23.45469573985844,0.49249935150146484,0.03191377584636211,1.0,1.0,3.802884245993653e-07,4.87480938779144e-09,78.01093219188559,23.7452095564073,0.49201419949531555
134944,N3447Spiral,spiral,development,F150W,163.35011,16.76225,163.35011580208788,16.76222777777778,5889.653448906374,2565.2946784071523,1823.7053215928477,True,4,6373,7141,8.624752283753855,9.915196812599836,False,0,False,0.9225010871887207,0.02438085339963436,2165.239990234375,3.9635023086474717e-07,8.100117742317257e-09,48.93141599585693,23.700294533542536,0.5216372907161713,0.04543950988054275,1.0,1.0,2.8164949726298214e-07,6.187405213720966e-09,45.51980798645713,24.071219871362928,0.5127415657043457
135027,N3447,other,validation,F150W,163.3776,16.78432,163.37760580276156,16.78429777777778,9464.195087711185,4270.228592322714,118.77140767728633,True,4,10183,11203,3.169782383991445,3.2232599119214003,False,0,False,0.8894990682601929,0.024346787482500076,2233.93359375,1.8184402121657877e-07,4.1057244741060104e-09,44.29036150950531,24.546244755744276,0.4116115868091583,0.013065702706575392,0.9937670271609015,0.9937670271609015,1.197828936083758e-07,4.646868384659166e-09,25.777122072968183,24.999505321847483,0.4549387991428375
136273,N3447,other,validation,F150W,163.37861,16.78479,163.37861580277593,16.78476777777778,9559.77257982546,4349.166440073031,39.83355992696943,True,4,10183,11209,6.818130167214134,6.984778961157277,False,0,False,0.5607273578643799,0.020419839769601822,2235.29248046875,8.107491989975183e-08,5.800471716266687e-09,13.977297686391179,25.423276001602808,0.47096601128578186,0.030975177615880964,1.0,1.0,5.7324877132472726e-08,3.6239038012651325e-09,15.818542730759072,25.799634490892263,0.46486298739910126
137012,N3447A,tidal,development,F150W,163.37646,16.78285,163.37646580271667,16.78282777777778,9257.765838086578,4226.09090514882,162.90909485118027,True,4,0,11232,0.3680188010619457,0.37290960932291867,False,5,False,0.5251265168190002,0.020547522231936455,2233.34228515625,7.574631097494822e-08,3.996131091392099e-09,18.954911448753574,25.497088605987845,0.39516305923461914,0.01629849261045456,0.0,0.0,5.702746105348522e-08,3.278383950389096e-09,17.394991531335705,25.805282230817568,0.397752970457077
138268,N3447A,tidal,development,F150W,163.37526,16.78147,163.3752658026745,16.781447777777778,9058.028017860448,4171.6183954630305,217.38160453696946,True,4,11144,11144,0.08387139453811565,0.3971014162262231,True,4,True,1.0672129392623901,0.026696251705288887,2232.458251953125,1.1239767654167373e-07,3.5366871956459554e-09,31.7804969238013,25.06859898805104,0.3727513253688812,0.011479773259162902,0.7281841812105458,0.7281841812105458,1.0843806731473999e-07,2.916654309946392e-09,37.17892344833045,25.10753790085083,0.3744421750307083
138397,N3447A,tidal,validation,F150W,163.37561,16.78171,163.37561580268184,16.78168777777778,9099.23930049366,4195.283023857553,193.71697614244658,True,4,0,11180,1.0500217139596495,1.1196980391837383,False,0,False,0.7823545932769775,0.02362772263586521,2232.880126953125,9.493903534935754e-08,3.74768308180972e-09,25.33272778858142,25.251880285651197,0.37145911157131195,0.014048176565766334,0.0,0.0,7.936300091995845e-08,2.8298083301280872e-09,28.04536267527568,25.446447119151742,0.37268757820129395
141792,N3447Spiral,spiral,development,F150W,163.36019,16.76817,163.36019580226846,16.76814777777778,6972.446418440268,3294.506624717175,1094.4933752828251,True,4,9108,9108,0.22187930209315673,0.5262346601823611,True,7,True,0.6613036394119263,0.021207142621278763,2200.6005859375,7.102560004862914e-08,3.6234169135574767e-09,19.601829362466624,25.566955043584215,0.4033183753490448,0.01467611060142517,0.6814130075932651,0.6814130075932651,4.247026338759732e-08,2.5742099334162984e-09,16.498368231853558,26.12527993638044,0.40485680103302
141940,N3447Spiral,spiral,development,F150W,163.35653,16.76516,163.35653580217664,16.76513777777778,6489.022444593419,3070.9134892728166,1318.0865107271834,True,4,6373,8296,2.159427746463035,2.4433438932889207,False,0,False,1.4262542724609375,0.02948939800262451,2188.660400390625,2.140556423795769e-07,3.966594515050357e-09,53.96458891056058,24.369175622117815,0.41359977424144745,0.011987855690717697,1.0,1.0,1.886004246444841e-07,3.3742731141134502e-09,55.89364531745575,24.506635656679958,0.4140819013118744
143650,N3447Spiral,spiral,development,F150W,163.35044,16.75962,163.35044580200767,16.75959777777778,5628.878539748461,2724.2676921784796,1664.7323078215204,True,4,6373,7078,0.7589866392634492,2.329507146574519,False,1,False,0.5978686213493347,0.020105693489313126,2164.424072265625,1.0812774924499229e-07,3.3517293590980435e-09,32.26028645525535,25.110649414932418,0.4134507477283478,0.009296176448464394,1.0,1.0,6.765283320379676e-08,2.5066711132113126e-09,26.989114306713446,25.619777349918188,0.4168563485145569
149841,N3447Spiral,spiral,validation,F150W,163.3551,16.76058,163.35510580203695,16.76055777777778,5943.065667070683,3146.4123844799087,1242.5876155200913,True,4,8335,8335,0.00874222142494866,0.3549976549372152,True,8,True,0.5130904316902161,0.019701087847352028,2181.25244140625,8.737907518642818e-08,4.127447998936706e-09,21.170242534597257,25.341973712638023,0.40825244784355164,0.018296534836292264,0.8718488261748566,0.8718488261748566,6.569157080618806e-08,3.0312618911621198e-09,21.67136102549138,25.651718205354374,0.4029389023780823
152955,N3447Spiral,spiral,validation,F150W,163.35555,16.75923,163.35555580199576,16.759207777777778,5822.0654164144835,3256.2036370284345,1132.7963629715655,True,4,8947,8947,0.0689534196025154,0.8868820393330572,True,3,True,0.6069965362548828,0.020681370049715042,2181.53076171875,1.2204933599051655e-07,3.874227696634246e-09,31.50288148952822,24.979153769831598,0.4002338945865631,0.01511298902928829,0.7709614828881641,0.7709614828881641,7.949287420743464e-08,3.1080022867975108e-09,25.5768390342287,25.444671822373486,0.40056850016117096
158741,N3447,other,validation,F150W,163.36324,16.76165,163.36324580206957,16.76162777777778,6428.238840743366,3912.8237538460476,476.17624615395243,True,4,0,10629,0.3951449263503222,0.5215180815298197,False,4,False,1.031673789024353,0.02651199698448181,2206.291748046875,1.0748332999656685e-07,4.16852333915973e-09,25.784509585649293,25.117139539604125,0.3981015682220459,0.016854338943958283,0.0,0.0,1.0180516920305891e-07,3.2910754325680975e-09,30.933708840461957,25.176067747138703,0.3988611400127411
159894,N3447Spiral,spiral,development,F150W,163.36072,16.7588,163.36072580198265,16.75877777777778,6013.8194312188425,3796.076253955088,592.9237460449121,True,4,10357,10357,0.09485750785599431,0.8597369825751313,True,3,True,0.8171727657318115,0.02319195121526718,2196.806640625,1.1943678515841586e-07,3.6919372348915092e-09,32.350708465369024,25.002647059509197,0.3808209300041199,0.01330372688770294,0.9511560693641619,0.9511560693641619,9.903997249134282e-08,3.149673533285097e-09,31.444520025554684,25.205966044658656,0.38637590408325195
160864,N3447,other,development,F150W,163.36186,16.75906,163.3618658019906,16.75903777777778,6093.323653663541,3898.141720085083,490.85827991491715,True,4,10579,10579,0.07010301745244858,0.25381705092687623,True,6,True,0.7777100801467896,0.02323642559349537,2200.249267578125,8.497711112437987e-08,3.989445800070245e-09,21.300480162654075,25.372237415379267,0.3944080024957657,0.016875039580464362,0.7782273046278331,0.7782273046278331,7.332483856487662e-08,3.3200121509336295e-09,22.08571391651586,25.53236453355173,0.3960551470518112
162049,N3447,other,validation,F150W,163.36218,16.75845,163.362185801972,16.75842777777778,6043.996456443221,3959.47151512108,429.52848487892015,True,4,0,10723,0.3970744687118995,0.46448733048163426,False,7,False,0.5261088609695435,0.019777385517954826,2200.491943359375,5.949430230789226e-08,3.6311415106684987e-09,16.38446260854738,25.759303882529213,0.3934857249259949,0.013609243538975715,0.0,0.0,4.554460707781303e-08,2.969213642461388e-09,15.33894578231088,26.049399923071505,0.393559992313385
162730,N3447,other,development,F150W,163.36315,16.75877,163.36315580198175,16.758747777777778,6122.006540240416,4041.5902375124415,347.4097624875585,True,4,10876,10876,0.2425629750294249,0.30249606799076306,True,7,True,0.9609025716781616,0.024645863100886345,2203.466064453125,1.5037648321442393e-07,3.825212591486423e-09,39.31192832239156,24.752542512374024,0.3962440937757492,0.01329528756737709,0.7748669499566814,0.7748669499566814,1.1666345373953383e-07,3.032068231708317e-09,38.4765265238783,25.02815524911438,0.3962651789188385
164281,N3447,other,validation,F150W,163.36405,16.75831,163.3640558019677,16.75828777777778,6114.988755302855,4154.0002946255445,234.99970537445552,True,4,11108,11108,0.01777995220985589,0.5303441733613355,True,4,True,0.8414514660835266,0.02415800839662552,2205.359619140625,2.3926315563405466e-07,4.358132807939901e-09,54.90038192460566,24.24830275645052,0.39157766103744507,0.01697885205745697,0.9684662374112597,0.9684662374112597,1.6521957361912913e-07,3.5567853365006095e-09,46.45193847478088,24.65033857966367,0.3935937285423279
164897,N3447,other,validation,F150W,163.36401,16.7578,163.36401580195218,16.75777777777778,6059.657717114212,4174.385974978969,214.614025021031,True,4,11147,11147,0.03725945834837249,0.7575733437892953,True,6,True,0.6217528581619263,0.021319357678294182,2204.699951171875,1.790532906191152e-07,4.12545937982578e-09,43.4020248738158,24.563036555204082,0.39072780311107635,0.015514276501536368,0.8169211721007016,0.8169211721007016,1.4644723955755632e-07,3.2656376619142624e-09,44.844913832758586,24.781289347520186,0.39078012108802795
164975,N3447,other,validation,F150W,163.36502,16.75853,163.3650258019744,16.75850777777778,6182.509801163523,4240.903395100473,148.09660489952694,True,4,0,11245,0.29816811513272434,0.4504139219009312,True,5,False,0.7566090822219849,0.02347390353679657,2208.123291015625,1.0273722117367598e-07,3.812886833743817e-09,26.944733912493234,25.166172785301107,0.3881954848766327,0.014162637609243392,0.0,0.0,1.062763532071223e-07,3.4637724910554916e-09,30.682255685545165,25.129400713516148,0.3900715857744217
165114,N3447,other,development,F150W,163.36571,16.75899,163.36571580198847,16.75896777777778,6262.377632233516,4288.197846692673,100.80215330732699,True,4,11283,11283,0.1810407668390259,0.4174775570342362,True,3,True,0.5234702825546265,0.020612573251128197,2210.331787109375,5.557963510764227e-08,3.8961460008405e-09,14.265285514365297,25.833203094249093,0.386605829000473,0.01636004220843315,0.5528542535188014,0.5528542535188014,4.582983770041074e-08,2.8242829641522453e-09,16.22707012084652,26.04262152413758,0.37963998317718506
165662,N3447,other,development,F150W,163.36485,16.75784,163.36485580195338,16.75781777777778,6102.340772185555,4256.84474121791,132.15525878208973,True,4,0,11244,0.26750182540837697,0.7561199275434655,True,2,False,0.938367486000061,0.02482295036315918,2206.9375,1.016275266906112e-07,3.825507535815567e-09,26.565763036445055,25.177963931578915,0.39549729228019714,0.014714021265506744,0.0,0.0,9.111197174347644e-08,2.8074483561255088e-09,32.453659047612135,25.296553709143517,0.3932061195373535
166075,N3447,other,validation,F150W,163.36487,16.75749,163.36487580194273,16.75746777777778,6066.542667386857,4275.601221689407,113.39877831059312,True,4,11265,11265,0.29032426267718653,0.3458857065548628,True,4,True,0.5630491971969604,0.02050572633743286,2206.623046875,5.85797864832405e-08,3.687232861276462e-09,15.887194730348845,25.77612286129791,0.3975277841091156,0.014710265547037124,0.6974689293529873,0.6974689293529873,5.088003376748374e-08,2.859177320623037e-09,17.79534042904222,25.929123845112006,0.39996859431266785
3051006,N3447A,tidal,development,F150W,163.37225,16.78334,163.37225580273162,16.78331777777778,9116.275630770851,3779.8392924380405,609.1607075619595,True,4,9953,10268,1.1331945255030773,1.4021946363384685,False,0,False,0.9417440295219421,0.025617994368076324,2224.53662109375,5.801943020000062e-07,6.56490878054464e-09,88.37812091455625,23.28655867391339,0.45684221386909485,0.03235328327715397,1.0,1.0,1.610342252231424e-07,4.586542144018329e-09,35.11015928048537,24.678196851986648,0.4745718389749527
7553,N3447Spiral,spiral,validation,F150W,163.35037,16.79682,163.35037580314355,16.79679777777778,9528.02570147208,937.4895679905144,361.97429852792084,True,4,4252,4252,0.2192660923152884,0.7681327226502599,True,2,True,0.6196579337120056,0.02109607495367527,2141.75537109375,1.0329487963396793e-07,3.7471651803952216e-09,27.566139911417835,25.160295337501285,0.4009902775287628,0.014234835773706435,0.9339443481132854,0.9339443481132854,7.611183029862548e-08,2.989400560879488e-09,25.46056600599326,25.491861907882182,0.40450233221054077
51737,N3447,other,validation,F150W,163.33443,16.76831,163.33443580227276,16.76828777777778,5807.149002276976,700.4175882229179,700.4175882229179,True,4,3012,3012,0.3290715454584808,0.5405526815153776,False,6,True,0.48969078063964844,0.016909010708332062,2103.592041015625,1.1107355281894954e-07,3.4545949426578213e-09,32.152409953305316,25.081465663501284,0.40418313443660736,0.01358668713569641,0.8915314422560799,0.8915314422560799,6.82720199004558e-08,2.5505973678643863e-09,26.76707063240637,25.60988544201532,0.40391312539577484
89582,N3447A,tidal,development,F150W,163.3698,16.78836,163.36980580288497,16.78833777777778,9530.61296402421,3293.5671041782202,359.38703597578933,True,4,9066,9066,0.11525742725465815,0.4933221147449671,True,4,True,1.0350606441497803,0.025107089430093765,2213.2158203125,6.472259596050753e-07,4.778446496380958e-09,135.44694077777442,23.167852502072925,0.4008145034313202,0.013542170825600624,0.988191089640365,0.988191089640365,3.546445296089112e-07,3.674575180017539e-09,96.51306946650047,23.821009159170263,0.4095044434070587
116352,N3447A,tidal,development,F150W,163.37275,16.78484,163.37275580277742,16.78481777777778,9296.528529863352,3758.271795009439,593.4714701366483,True,4,10183,10347,1.074804869555582,1.1152456625831015,False,0,False,0.762907862663269,0.023194272071123123,2223.913818359375,1.4690586134936073e-07,3.9181894573942295e-09,37.49330218632656,24.777894512505345,0.4068903923034668,0.01428173806965351,1.0,1.0,1.299370317493053e-07,2.9376401986573794e-09,44.23177208995566,24.911159968225583,0.40783360600471497
118434,N3447A,tidal,development,F150W,163.37143,16.78337,163.37143580273255,16.78334777777778,9081.853733264143,3696.052231111306,692.9477688886941,True,4,10181,10181,0.08606795524113865,0.5445082027878803,True,6,True,1.1067441701889038,0.026824526488780975,2222.7626953125,1.8960645804219765e-07,4.098655234821773e-09,46.260650671791026,24.50085950870742,0.39187392592430115,0.015391906356811523,0.9743155634471652,0.9743155634471652,1.470149937125829e-07,3.2944667340765953e-09,44.624822643349496,24.777088248089154,0.39411842823028564
