injectionId,authorId,split,component,collisionState,centerLabel,labelMultiplicity,labelAreaPixels,offsetIndex,drawIndex,referenceX,referenceY,raDeg,decDeg,offsetRadiusPixels,offsetRadiusArcsec,topologyRule,segmentedFraction5x5,sameLabelFraction5x5,inputF090WVegaMag,inputF150WVegaMag,inputF090WMinusF150WMag
I-26714-01-01,26714,development,other,blank,0,0,,1,1,9691.66436883675,1788.2830907559674,163.3580040005711,16.795026961583034,7.5,0.23418383551428903,unsegmented-local-field,0.0,0.0,25.061611581275073,24.247,0.8146115812750745
I-26714-01-02,26714,development,other,blank,0,0,,1,2,9691.66436883675,1788.2830907559674,163.3580040005711,16.795026961583034,7.5,0.23418383551428903,unsegmented-local-field,0.0,0.0,25.33171997409391,24.247,1.0847199740939102
I-26714-01-03,26714,development,other,blank,0,0,,1,3,9691.66436883675,1788.2830907559674,163.3580040005711,16.795026961583034,7.5,0.23418383551428903,unsegmented-local-field,0.0,0.0,25.461611581275076,24.647000000000002,0.8146115812750745
I-26714-01-04,26714,development,other,blank,0,0,,1,4,9691.66436883675,1788.2830907559674,163.3580040005711,16.795026961583034,7.5,0.23418383551428903,unsegmented-local-field,0.0,0.0,25.731719974093913,24.647000000000002,1.0847199740939102
I-26714-01-05,26714,development,other,blank,0,0,,1,5,9691.66436883675,1788.2830907559674,163.3580040005711,16.795026961583034,7.5,0.23418383551428903,unsegmented-local-field,0.0,0.0,25.861611581275074,25.047,0.8146115812750745
I-26714-01-06,26714,development,other,blank,0,0,,1,6,9691.66436883675,1788.2830907559674,163.3580040005711,16.795026961583034,7.5,0.23418383551428903,unsegmented-local-field,0.0,0.0,26.13171997409391,25.047,1.0847199740939102
I-26714-01-07,26714,development,other,blank,0,0,,1,7,9691.66436883675,1788.2830907559674,163.3580040005711,16.795026961583034,7.5,0.23418383551428903,unsegmented-local-field,0.0,0.0,26.261611581275076,25.447000000000003,0.8146115812750745
I-26714-01-08,26714,development,other,blank,0,0,,1,8,9691.66436883675,1788.2830907559674,163.3580040005711,16.795026961583034,7.5,0.23418383551428903,unsegmented-local-field,0.0,0.0,26.531719974093914,25.447000000000003,1.0847199740939102
I-26714-02-01,26714,development,other,blank,0,0,,2,1,9682.080590704747,1800.1007837921138,163.35806537931606,16.79490879893854,12.0,0.37469413682286246,unsegmented-local-field,0.0,0.0,25.061611581275073,24.247,0.8146115812750745
I-26714-02-02,26714,development,other,blank,0,0,,2,2,9682.080590704747,1800.1007837921138,163.35806537931606,16.79490879893854,12.0,0.37469413682286246,unsegmented-local-field,0.0,0.0,25.33171997409391,24.247,1.0847199740939102
I-26714-02-03,26714,development,other,blank,0,0,,2,3,9682.080590704747,1800.1007837921138,163.35806537931606,16.79490879893854,12.0,0.37469413682286246,unsegmented-local-field,0.0,0.0,25.461611581275076,24.647000000000002,0.8146115812750745
I-26714-02-04,26714,development,other,blank,0,0,,2,4,9682.080590704747,1800.1007837921138,163.35806537931606,16.79490879893854,12.0,0.37469413682286246,unsegmented-local-field,0.0,0.0,25.731719974093913,24.647000000000002,1.0847199740939102
I-26714-02-05,26714,development,other,blank,0,0,,2,5,9682.080590704747,1800.1007837921138,163.35806537931606,16.79490879893854,12.0,0.37469413682286246,unsegmented-local-field,0.0,0.0,25.861611581275074,25.047,0.8146115812750745
I-26714-02-06,26714,development,other,blank,0,0,,2,6,9682.080590704747,1800.1007837921138,163.35806537931606,16.79490879893854,12.0,0.37469413682286246,unsegmented-local-field,0.0,0.0,26.13171997409391,25.047,1.0847199740939102
I-26714-02-07,26714,development,other,blank,0,0,,2,7,9682.080590704747,1800.1007837921138,163.35806537931606,16.79490879893854,12.0,0.37469413682286246,unsegmented-local-field,0.0,0.0,26.261611581275076,25.447000000000003,0.8146115812750745
I-26714-02-08,26714,development,other,blank,0,0,,2,8,9682.080590704747,1800.1007837921138,163.35806537931606,16.79490879893854,12.0,0.37469413682286246,unsegmented-local-field,0.0,0.0,26.531719974093914,25.447000000000003,1.0847199740939102
I-26714-03-01,26714,development,other,blank,0,0,,3,1,9681.100191064274,1790.8542411947135,163.35798547621846,16.794934343487718,4.0,0.12489804560762081,unsegmented-local-field,0.0,0.0,25.061611581275073,24.247,0.8146115812750745
I-26714-03-02,26714,development,other,blank,0,0,,3,2,9681.100191064274,1790.8542411947135,163.35798547621846,16.794934343487718,4.0,0.12489804560762081,unsegmented-local-field,0.0,0.0,25.33171997409391,24.247,1.0847199740939102
I-26714-03-03,26714,development,other,blank,0,0,,3,3,9681.100191064274,1790.8542411947135,163.35798547621846,16.794934343487718,4.0,0.12489804560762081,unsegmented-local-field,0.0,0.0,25.461611581275076,24.647000000000002,0.8146115812750745
I-26714-03-04,26714,development,other,blank,0,0,,3,4,9681.100191064274,1790.8542411947135,163.35798547621846,16.794934343487718,4.0,0.12489804560762081,unsegmented-local-field,0.0,0.0,25.731719974093913,24.647000000000002,1.0847199740939102
I-26714-03-05,26714,development,other,blank,0,0,,3,5,9681.100191064274,1790.8542411947135,163.35798547621846,16.794934343487718,4.0,0.12489804560762081,unsegmented-local-field,0.0,0.0,25.861611581275074,25.047,0.8146115812750745
I-26714-03-06,26714,development,other,blank,0,0,,3,6,9681.100191064274,1790.8542411947135,163.35798547621846,16.794934343487718,4.0,0.12489804560762081,unsegmented-local-field,0.0,0.0,26.13171997409391,25.047,1.0847199740939102
I-26714-03-07,26714,development,other,blank,0,0,,3,7,9681.100191064274,1790.8542411947135,163.35798547621846,16.794934343487718,4.0,0.12489804560762081,unsegmented-local-field,0.0,0.0,26.261611581275076,25.447000000000003,0.8146115812750745
I-26714-03-08,26714,development,other,blank,0,0,,3,8,9681.100191064274,1790.8542411947135,163.35798547621846,16.794934343487718,4.0,0.12489804560762081,unsegmented-local-field,0.0,0.0,26.531719974093914,25.447000000000003,1.0847199740939102
I-26714-04-01,26714,development,other,blank,0,0,,4,1,9674.971835519322,1795.9965420722058,163.35800482247,16.794867474906273,12.0,0.37469413682286246,unsegmented-local-field,0.0,0.0,25.061611581275073,24.247,0.8146115812750745
I-26714-04-02,26714,development,other,blank,0,0,,4,2,9674.971835519322,1795.9965420722058,163.35800482247,16.794867474906273,12.0,0.37469413682286246,unsegmented-local-field,0.0,0.0,25.33171997409391,24.247,1.0847199740939102
I-26714-04-03,26714,development,other,blank,0,0,,4,3,9674.971835519322,1795.9965420722058,163.35800482247,16.794867474906273,12.0,0.37469413682286246,unsegmented-local-field,0.0,0.0,25.461611581275076,24.647000000000002,0.8146115812750745
I-26714-04-04,26714,development,other,blank,0,0,,4,4,9674.971835519322,1795.9965420722058,163.35800482247,16.794867474906273,12.0,0.37469413682286246,unsegmented-local-field,0.0,0.0,25.731719974093913,24.647000000000002,1.0847199740939102
I-26714-04-05,26714,development,other,blank,0,0,,4,5,9674.971835519322,1795.9965420722058,163.35800482247,16.794867474906273,12.0,0.37469413682286246,unsegmented-local-field,0.0,0.0,25.861611581275074,25.047,0.8146115812750745
I-26714-04-06,26714,development,other,blank,0,0,,4,6,9674.971835519322,1795.9965420722058,163.35800482247,16.794867474906273,12.0,0.37469413682286246,unsegmented-local-field,0.0,0.0,26.13171997409391,25.047,1.0847199740939102
I-26714-04-07,26714,development,other,blank,0,0,,4,7,9674.971835519322,1795.9965420722058,163.35800482247,16.794867474906273,12.0,0.37469413682286246,unsegmented-local-field,0.0,0.0,26.261611581275076,25.447000000000003,0.8146115812750745
I-26714-04-08,26714,development,other,blank,0,0,,4,8,9674.971835519322,1795.9965420722058,163.35800482247,16.794867474906273,12.0,0.37469413682286246,unsegmented-local-field,0.0,0.0,26.531719974093914,25.447000000000003,1.0847199740939102
I-26714-05-01,26714,development,other,blank,0,0,,5,1,9672.16436883675,1788.2830907559674,163.35793068715049,16.794873083681132,12.0,0.37469413682286246,unsegmented-local-field,0.0,0.0,25.061611581275073,24.247,0.8146115812750745
I-26714-05-02,26714,development,other,blank,0,0,,5,2,9672.16436883675,1788.2830907559674,163.35793068715049,16.794873083681132,12.0,0.37469413682286246,unsegmented-local-field,0.0,0.0,25.33171997409391,24.247,1.0847199740939102
I-26714-05-03,26714,development,other,blank,0,0,,5,3,9672.16436883675,1788.2830907559674,163.35793068715049,16.794873083681132,12.0,0.37469413682286246,unsegmented-local-field,0.0,0.0,25.461611581275076,24.647000000000002,0.8146115812750745
I-26714-05-04,26714,development,other,blank,0,0,,5,4,9672.16436883675,1788.2830907559674,163.35793068715049,16.794873083681132,12.0,0.37469413682286246,unsegmented-local-field,0.0,0.0,25.731719974093913,24.647000000000002,1.0847199740939102
I-26714-05-05,26714,development,other,blank,0,0,,5,5,9672.16436883675,1788.2830907559674,163.35793068715049,16.794873083681132,12.0,0.37469413682286246,unsegmented-local-field,0.0,0.0,25.861611581275074,25.047,0.8146115812750745
I-26714-05-06,26714,development,other,blank,0,0,,5,6,9672.16436883675,1788.2830907559674,163.35793068715049,16.794873083681132,12.0,0.37469413682286246,unsegmented-local-field,0.0,0.0,26.13171997409391,25.047,1.0847199740939102
I-26714-05-07,26714,development,other,blank,0,0,,5,7,9672.16436883675,1788.2830907559674,163.35793068715049,16.794873083681132,12.0,0.37469413682286246,unsegmented-local-field,0.0,0.0,26.261611581275076,25.447000000000003,0.8146115812750745
I-26714-05-08,26714,development,other,blank,0,0,,5,8,9672.16436883675,1788.2830907559674,163.35793068715049,16.794873083681132,12.0,0.37469413682286246,unsegmented-local-field,0.0,0.0,26.531719974093914,25.447000000000003,1.0847199740939102
I-26714-06-01,26714,development,other,blank,0,0,,6,1,9674.971835519322,1780.569639439729,163.35787766205274,16.79492300085852,12.0,0.37469413682286246,unsegmented-local-field,0.0,0.0,25.061611581275073,24.247,0.8146115812750745
I-26714-06-02,26714,development,other,blank,0,0,,6,2,9674.971835519322,1780.569639439729,163.35787766205274,16.79492300085852,12.0,0.37469413682286246,unsegmented-local-field,0.0,0.0,25.33171997409391,24.247,1.0847199740939102
I-26714-06-03,26714,development,other,blank,0,0,,6,3,9674.971835519322,1780.569639439729,163.35787766205274,16.79492300085852,12.0,0.37469413682286246,unsegmented-local-field,0.0,0.0,25.461611581275076,24.647000000000002,0.8146115812750745
I-26714-06-04,26714,development,other,blank,0,0,,6,4,9674.971835519322,1780.569639439729,163.35787766205274,16.79492300085852,12.0,0.37469413682286246,unsegmented-local-field,0.0,0.0,25.731719974093913,24.647000000000002,1.0847199740939102
I-26714-06-05,26714,development,other,blank,0,0,,6,5,9674.971835519322,1780.569639439729,163.35787766205274,16.79492300085852,12.0,0.37469413682286246,unsegmented-local-field,0.0,0.0,25.861611581275074,25.047,0.8146115812750745
I-26714-06-06,26714,development,other,blank,0,0,,6,6,9674.971835519322,1780.569639439729,163.35787766205274,16.79492300085852,12.0,0.37469413682286246,unsegmented-local-field,0.0,0.0,26.13171997409391,25.047,1.0847199740939102
I-26714-06-07,26714,development,other,blank,0,0,,6,7,9674.971835519322,1780.569639439729,163.35787766205274,16.79492300085852,12.0,0.37469413682286246,unsegmented-local-field,0.0,0.0,26.261611581275076,25.447000000000003,0.8146115812750745
I-26714-06-08,26714,development,other,blank,0,0,,6,8,9674.971835519322,1780.569639439729,163.35787766205274,16.79492300085852,12.0,0.37469413682286246,unsegmented-local-field,0.0,0.0,26.531719974093914,25.447000000000003,1.0847199740939102
I-26714-07-01,26714,development,other,blank,0,0,,7,1,9682.080590704747,1776.4653977198209,163.35787055820856,16.79499386965797,12.0,0.37469413682286246,unsegmented-local-field,0.0,0.0,25.061611581275073,24.247,0.8146115812750745
I-26714-07-02,26714,development,other,blank,0,0,,7,2,9682.080590704747,1776.4653977198209,163.35787055820856,16.79499386965797,12.0,0.37469413682286246,unsegmented-local-field,0.0,0.0,25.33171997409391,24.247,1.0847199740939102
I-26714-07-03,26714,development,other,blank,0,0,,7,3,9682.080590704747,1776.4653977198209,163.35787055820856,16.79499386965797,12.0,0.37469413682286246,unsegmented-local-field,0.0,0.0,25.461611581275076,24.647000000000002,0.8146115812750745
I-26714-07-04,26714,development,other,blank,0,0,,7,4,9682.080590704747,1776.4653977198209,163.35787055820856,16.79499386965797,12.0,0.37469413682286246,unsegmented-local-field,0.0,0.0,25.731719974093913,24.647000000000002,1.0847199740939102
I-26714-07-05,26714,development,other,blank,0,0,,7,5,9682.080590704747,1776.4653977198209,163.35787055820856,16.79499386965797,12.0,0.37469413682286246,unsegmented-local-field,0.0,0.0,25.861611581275074,25.047,0.8146115812750745
I-26714-07-06,26714,development,other,blank,0,0,,7,6,9682.080590704747,1776.4653977198209,163.35787055820856,16.79499386965797,12.0,0.37469413682286246,unsegmented-local-field,0.0,0.0,26.13171997409391,25.047,1.0847199740939102
I-26714-07-07,26714,development,other,blank,0,0,,7,7,9682.080590704747,1776.4653977198209,163.35787055820856,16.79499386965797,12.0,0.37469413682286246,unsegmented-local-field,0.0,0.0,26.261611581275076,25.447000000000003,0.8146115812750745
I-26714-07-08,26714,development,other,blank,0,0,,7,8,9682.080590704747,1776.4653977198209,163.35787055820856,16.79499386965797,12.0,0.37469413682286246,unsegmented-local-field,0.0,0.0,26.531719974093914,25.447000000000003,1.0847199740939102
I-26714-08-01,26714,development,other,blank,0,0,,8,1,9684.945785636251,1783.8514558674124,163.3579422119876,16.79498989483247,4.5,0.14051030130857342,unsegmented-local-field,0.0,0.0,25.061611581275073,24.247,0.8146115812750745
I-26714-08-02,26714,development,other,blank,0,0,,8,2,9684.945785636251,1783.8514558674124,163.3579422119876,16.79498989483247,4.5,0.14051030130857342,unsegmented-local-field,0.0,0.0,25.33171997409391,24.247,1.0847199740939102
I-26714-08-03,26714,development,other,blank,0,0,,8,3,9684.945785636251,1783.8514558674124,163.3579422119876,16.79498989483247,4.5,0.14051030130857342,unsegmented-local-field,0.0,0.0,25.461611581275076,24.647000000000002,0.8146115812750745
I-26714-08-04,26714,development,other,blank,0,0,,8,4,9684.945785636251,1783.8514558674124,163.3579422119876,16.79498989483247,4.5,0.14051030130857342,unsegmented-local-field,0.0,0.0,25.731719974093913,24.647000000000002,1.0847199740939102
I-26714-08-05,26714,development,other,blank,0,0,,8,5,9684.945785636251,1783.8514558674124,163.3579422119876,16.79498989483247,4.5,0.14051030130857342,unsegmented-local-field,0.0,0.0,25.861611581275074,25.047,0.8146115812750745
I-26714-08-06,26714,development,other,blank,0,0,,8,6,9684.945785636251,1783.8514558674124,163.3579422119876,16.79498989483247,4.5,0.14051030130857342,unsegmented-local-field,0.0,0.0,26.13171997409391,25.047,1.0847199740939102
I-26714-08-07,26714,development,other,blank,0,0,,8,7,9684.945785636251,1783.8514558674124,163.3579422119876,16.79498989483247,4.5,0.14051030130857342,unsegmented-local-field,0.0,0.0,26.261611581275076,25.447000000000003,0.8146115812750745
I-26714-08-08,26714,development,other,blank,0,0,,8,8,9684.945785636251,1783.8514558674124,163.3579422119876,16.79498989483247,4.5,0.14051030130857342,unsegmented-local-field,0.0,0.0,26.531719974093914,25.447000000000003,1.0847199740939102
I-110026-01-01,110026,development,other,blank,0,0,,1,1,8484.89688159457,3237.7483854876446,163.365414000239,16.780286960591255,7.5,0.23418383551428903,unsegmented-local-field,0.0,0.0,25.584611581275073,24.77,0.8146115812750745
I-110026-01-02,110026,development,other,blank,0,0,,1,2,8484.89688159457,3237.7483854876446,163.365414000239,16.780286960591255,7.5,0.23418383551428903,unsegmented-local-field,0.0,0.0,25.85471997409391,24.77,1.0847199740939102
I-110026-01-03,110026,development,other,blank,0,0,,1,3,8484.89688159457,3237.7483854876446,163.365414000239,16.780286960591255,7.5,0.23418383551428903,unsegmented-local-field,0.0,0.0,25.984611581275075,25.17,0.8146115812750745
I-110026-01-04,110026,development,other,blank,0,0,,1,4,8484.89688159457,3237.7483854876446,163.365414000239,16.780286960591255,7.5,0.23418383551428903,unsegmented-local-field,0.0,0.0,26.254719974093913,25.17,1.0847199740939102
I-110026-01-05,110026,development,other,blank,0,0,,1,5,8484.89688159457,3237.7483854876446,163.365414000239,16.780286960591255,7.5,0.23418383551428903,unsegmented-local-field,0.0,0.0,26.384611581275074,25.57,0.8146115812750745
I-110026-01-06,110026,development,other,blank,0,0,,1,6,8484.89688159457,3237.7483854876446,163.365414000239,16.780286960591255,7.5,0.23418383551428903,unsegmented-local-field,0.0,0.0,26.65471997409391,25.57,1.0847199740939102
I-110026-01-07,110026,development,other,blank,0,0,,1,7,8484.89688159457,3237.7483854876446,163.365414000239,16.780286960591255,7.5,0.23418383551428903,unsegmented-local-field,0.0,0.0,26.784611581275076,25.970000000000002,0.8146115812750745
I-110026-01-08,110026,development,other,blank,0,0,,1,8,8484.89688159457,3237.7483854876446,163.365414000239,16.780286960591255,7.5,0.23418383551428903,unsegmented-local-field,0.0,0.0,27.054719974093913,25.970000000000002,1.0847199740939102
I-110026-02-01,110026,development,other,blank,0,0,,2,1,8485.110332910808,3246.940918805072,163.3654905675547,16.78025555556893,12.0,0.37469413682286246,unsegmented-local-field,0.0,0.0,25.584611581275073,24.77,0.8146115812750745
I-110026-02-02,110026,development,other,blank,0,0,,2,2,8485.110332910808,3246.940918805072,163.3654905675547,16.78025555556893,12.0,0.37469413682286246,unsegmented-local-field,0.0,0.0,25.85471997409391,24.77,1.0847199740939102
I-110026-02-03,110026,development,other,blank,0,0,,2,3,8485.110332910808,3246.940918805072,163.3654905675547,16.78025555556893,12.0,0.37469413682286246,unsegmented-local-field,0.0,0.0,25.984611581275075,25.17,0.8146115812750745
I-110026-02-04,110026,development,other,blank,0,0,,2,4,8485.110332910808,3246.940918805072,163.3654905675547,16.78025555556893,12.0,0.37469413682286246,unsegmented-local-field,0.0,0.0,26.254719974093913,25.17,1.0847199740939102
I-110026-02-05,110026,development,other,blank,0,0,,2,5,8485.110332910808,3246.940918805072,163.3654905675547,16.78025555556893,12.0,0.37469413682286246,unsegmented-local-field,0.0,0.0,26.384611581275074,25.57,0.8146115812750745
I-110026-02-06,110026,development,other,blank,0,0,,2,6,8485.110332910808,3246.940918805072,163.3654905675547,16.78025555556893,12.0,0.37469413682286246,unsegmented-local-field,0.0,0.0,26.65471997409391,25.57,1.0847199740939102
I-110026-02-07,110026,development,other,blank,0,0,,2,7,8485.110332910808,3246.940918805072,163.3654905675547,16.78025555556893,12.0,0.37469413682286246,unsegmented-local-field,0.0,0.0,26.784611581275076,25.970000000000002,0.8146115812750745
I-110026-02-08,110026,development,other,blank,0,0,,2,8,8485.110332910808,3246.940918805072,163.3654905675547,16.78025555556893,12.0,0.37469413682286246,unsegmented-local-field,0.0,0.0,27.054719974093913,25.970000000000002,1.0847199740939102
I-110026-03-01,110026,development,other,blank,0,0,,3,1,8475.313103462568,3249.566078523791,163.36547536962274,16.780168795727754,12.0,0.37469413682286246,unsegmented-local-field,0.0,0.0,25.584611581275073,24.77,0.8146115812750745
I-110026-03-02,110026,development,other,blank,0,0,,3,2,8475.313103462568,3249.566078523791,163.36547536962274,16.780168795727754,12.0,0.37469413682286246,unsegmented-local-field,0.0,0.0,25.85471997409391,24.77,1.0847199740939102
I-110026-03-03,110026,development,other,blank,0,0,,3,3,8475.313103462568,3249.566078523791,163.36547536962274,16.780168795727754,12.0,0.37469413682286246,unsegmented-local-field,0.0,0.0,25.984611581275075,25.17,0.8146115812750745
I-110026-03-04,110026,development,other,blank,0,0,,3,4,8475.313103462568,3249.566078523791,163.36547536962274,16.780168795727754,12.0,0.37469413682286246,unsegmented-local-field,0.0,0.0,26.254719974093913,25.17,1.0847199740939102
I-110026-03-05,110026,development,other,blank,0,0,,3,5,8475.313103462568,3249.566078523791,163.36547536962274,16.780168795727754,12.0,0.37469413682286246,unsegmented-local-field,0.0,0.0,26.384611581275074,25.57,0.8146115812750745
I-110026-03-06,110026,development,other,blank,0,0,,3,6,8475.313103462568,3249.566078523791,163.36547536962274,16.780168795727754,12.0,0.37469413682286246,unsegmented-local-field,0.0,0.0,26.65471997409391,25.57,1.0847199740939102
I-110026-03-07,110026,development,other,blank,0,0,,3,7,8475.313103462568,3249.566078523791,163.36547536962274,16.780168795727754,12.0,0.37469413682286246,unsegmented-local-field,0.0,0.0,26.784611581275076,25.970000000000002,0.8146115812750745
I-110026-03-08,110026,development,other,blank,0,0,,3,8,8475.313103462568,3249.566078523791,163.36547536962274,16.780168795727754,12.0,0.37469413682286246,unsegmented-local-field,0.0,0.0,27.054719974093913,25.970000000000002,1.0847199740939102
I-110026-04-01,110026,development,other,blank,0,0,,4,1,8474.332703822094,3240.319535926391,163.36539547371595,16.78019434313443,4.0,0.12489804560762081,unsegmented-local-field,0.0,0.0,25.584611581275073,24.77,0.8146115812750745
I-110026-04-02,110026,development,other,blank,0,0,,4,2,8474.332703822094,3240.319535926391,163.36539547371595,16.78019434313443,4.0,0.12489804560762081,unsegmented-local-field,0.0,0.0,25.85471997409391,24.77,1.0847199740939102
I-110026-04-03,110026,development,other,blank,0,0,,4,3,8474.332703822094,3240.319535926391,163.36539547371595,16.78019434313443,4.0,0.12489804560762081,unsegmented-local-field,0.0,0.0,25.984611581275075,25.17,0.8146115812750745
I-110026-04-04,110026,development,other,blank,0,0,,4,4,8474.332703822094,3240.319535926391,163.36539547371595,16.78019434313443,4.0,0.12489804560762081,unsegmented-local-field,0.0,0.0,26.254719974093913,25.17,1.0847199740939102
I-110026-04-05,110026,development,other,blank,0,0,,4,5,8474.332703822094,3240.319535926391,163.36539547371595,16.78019434313443,4.0,0.12489804560762081,unsegmented-local-field,0.0,0.0,26.384611581275074,25.57,0.8146115812750745
I-110026-04-06,110026,development,other,blank,0,0,,4,6,8474.332703822094,3240.319535926391,163.36539547371595,16.78019434313443,4.0,0.12489804560762081,unsegmented-local-field,0.0,0.0,26.65471997409391,25.57,1.0847199740939102
I-110026-04-07,110026,development,other,blank,0,0,,4,7,8474.332703822094,3240.319535926391,163.36539547371595,16.78019434313443,4.0,0.12489804560762081,unsegmented-local-field,0.0,0.0,26.784611581275076,25.970000000000002,0.8146115812750745
I-110026-04-08,110026,development,other,blank,0,0,,4,8,8474.332703822094,3240.319535926391,163.36539547371595,16.78019434313443,4.0,0.12489804560762081,unsegmented-local-field,0.0,0.0,27.054719974093913,25.970000000000002,1.0847199740939102
I-110026-05-01,110026,development,other,blank,0,0,,5,1,8465.39688159457,3237.7483854876446,163.36534068651082,16.78013308526807,12.0,0.37469413682286246,unsegmented-local-field,0.0,0.0,25.584611581275073,24.77,0.8146115812750745
I-110026-05-02,110026,development,other,blank,0,0,,5,2,8465.39688159457,3237.7483854876446,163.36534068651082,16.78013308526807,12.0,0.37469413682286246,unsegmented-local-field,0.0,0.0,25.85471997409391,24.77,1.0847199740939102
I-110026-05-03,110026,development,other,blank,0,0,,5,3,8465.39688159457,3237.7483854876446,163.36534068651082,16.78013308526807,12.0,0.37469413682286246,unsegmented-local-field,0.0,0.0,25.984611581275075,25.17,0.8146115812750745
I-110026-05-04,110026,development,other,blank,0,0,,5,4,8465.39688159457,3237.7483854876446,163.36534068651082,16.78013308526807,12.0,0.37469413682286246,unsegmented-local-field,0.0,0.0,26.254719974093913,25.17,1.0847199740939102
I-110026-05-05,110026,development,other,blank,0,0,,5,5,8465.39688159457,3237.7483854876446,163.36534068651082,16.78013308526807,12.0,0.37469413682286246,unsegmented-local-field,0.0,0.0,26.384611581275074,25.57,0.8146115812750745
I-110026-05-06,110026,development,other,blank,0,0,,5,6,8465.39688159457,3237.7483854876446,163.36534068651082,16.78013308526807,12.0,0.37469413682286246,unsegmented-local-field,0.0,0.0,26.65471997409391,25.57,1.0847199740939102
I-110026-05-07,110026,development,other,blank,0,0,,5,7,8465.39688159457,3237.7483854876446,163.36534068651082,16.78013308526807,12.0,0.37469413682286246,unsegmented-local-field,0.0,0.0,26.784611581275076,25.970000000000002,0.8146115812750745
I-110026-05-08,110026,development,other,blank,0,0,,5,8,8465.39688159457,3237.7483854876446,163.36534068651082,16.78013308526807,12.0,0.37469413682286246,unsegmented-local-field,0.0,0.0,27.054719974093913,25.970000000000002,1.0847199740939102
I-110026-06-01,110026,development,other,blank,0,0,,6,1,8468.204348277142,3230.034934171406,163.36528766746878,16.780183004349773,12.0,0.37469413682286246,unsegmented-local-field,0.0,0.0,25.584611581275073,24.77,0.8146115812750745
I-110026-06-02,110026,development,other,blank,0,0,,6,2,8468.204348277142,3230.034934171406,163.36528766746878,16.780183004349773,12.0,0.37469413682286246,unsegmented-local-field,0.0,0.0,25.85471997409391,24.77,1.0847199740939102
I-110026-06-03,110026,development,other,blank,0,0,,6,3,8468.204348277142,3230.034934171406,163.36528766746878,16.780183004349773,12.0,0.37469413682286246,unsegmented-local-field,0.0,0.0,25.984611581275075,25.17,0.8146115812750745
I-110026-06-04,110026,development,other,blank,0,0,,6,4,8468.204348277142,3230.034934171406,163.36528766746878,16.780183004349773,12.0,0.37469413682286246,unsegmented-local-field,0.0,0.0,26.254719974093913,25.17,1.0847199740939102
I-110026-06-05,110026,development,other,blank,0,0,,6,5,8468.204348277142,3230.034934171406,163.36528766746878,16.780183004349773,12.0,0.37469413682286246,unsegmented-local-field,0.0,0.0,26.384611581275074,25.57,0.8146115812750745
I-110026-06-06,110026,development,other,blank,0,0,,6,6,8468.204348277142,3230.034934171406,163.36528766746878,16.780183004349773,12.0,0.37469413682286246,unsegmented-local-field,0.0,0.0,26.65471997409391,25.57,1.0847199740939102
I-110026-06-07,110026,development,other,blank,0,0,,6,7,8468.204348277142,3230.034934171406,163.36528766746878,16.780183004349773,12.0,0.37469413682286246,unsegmented-local-field,0.0,0.0,26.784611581275076,25.970000000000002,0.8146115812750745
I-110026-06-08,110026,development,other,blank,0,0,,6,8,8468.204348277142,3230.034934171406,163.36528766746878,16.780183004349773,12.0,0.37469413682286246,unsegmented-local-field,0.0,0.0,27.054719974093913,25.970000000000002,1.0847199740939102
I-110026-07-01,110026,development,other,blank,0,0,,7,1,8475.313103462568,3225.930692451498,163.36528056693533,16.780253873419994,12.0,0.37469413682286246,unsegmented-local-field,0.0,0.0,25.584611581275073,24.77,0.8146115812750745
I-110026-07-02,110026,development,other,blank,0,0,,7,2,8475.313103462568,3225.930692451498,163.36528056693533,16.780253873419994,12.0,0.37469413682286246,unsegmented-local-field,0.0,0.0,25.85471997409391,24.77,1.0847199740939102
I-110026-07-03,110026,development,other,blank,0,0,,7,3,8475.313103462568,3225.930692451498,163.36528056693533,16.780253873419994,12.0,0.37469413682286246,unsegmented-local-field,0.0,0.0,25.984611581275075,25.17,0.8146115812750745
I-110026-07-04,110026,development,other,blank,0,0,,7,4,8475.313103462568,3225.930692451498,163.36528056693533,16.780253873419994,12.0,0.37469413682286246,unsegmented-local-field,0.0,0.0,26.254719974093913,25.17,1.0847199740939102
I-110026-07-05,110026,development,other,blank,0,0,,7,5,8475.313103462568,3225.930692451498,163.36528056693533,16.780253873419994,12.0,0.37469413682286246,unsegmented-local-field,0.0,0.0,26.384611581275074,25.57,0.8146115812750745
I-110026-07-06,110026,development,other,blank,0,0,,7,6,8475.313103462568,3225.930692451498,163.36528056693533,16.780253873419994,12.0,0.37469413682286246,unsegmented-local-field,0.0,0.0,26.65471997409391,25.57,1.0847199740939102
I-110026-07-07,110026,development,other,blank,0,0,,7,7,8475.313103462568,3225.930692451498,163.36528056693533,16.780253873419994,12.0,0.37469413682286246,unsegmented-local-field,0.0,0.0,26.784611581275076,25.970000000000002,0.8146115812750745
I-110026-07-08,110026,development,other,blank,0,0,,7,8,8475.313103462568,3225.930692451498,163.36528056693533,16.780253873419994,12.0,0.37469413682286246,unsegmented-local-field,0.0,0.0,27.054719974093913,25.970000000000002,1.0847199740939102
I-110026-08-01,110026,development,other,blank,0,0,,8,1,8485.110332910808,3228.555852170217,163.36533903791482,16.780321734292315,12.0,0.37469413682286246,unsegmented-local-field,0.0,0.0,25.584611581275073,24.77,0.8146115812750745
I-110026-08-02,110026,development,other,blank,0,0,,8,2,8485.110332910808,3228.555852170217,163.36533903791482,16.780321734292315,12.0,0.37469413682286246,unsegmented-local-field,0.0,0.0,25.85471997409391,24.77,1.0847199740939102
I-110026-08-03,110026,development,other,blank,0,0,,8,3,8485.110332910808,3228.555852170217,163.36533903791482,16.780321734292315,12.0,0.37469413682286246,unsegmented-local-field,0.0,0.0,25.984611581275075,25.17,0.8146115812750745
I-110026-08-04,110026,development,other,blank,0,0,,8,4,8485.110332910808,3228.555852170217,163.36533903791482,16.780321734292315,12.0,0.37469413682286246,unsegmented-local-field,0.0,0.0,26.254719974093913,25.17,1.0847199740939102
I-110026-08-05,110026,development,other,blank,0,0,,8,5,8485.110332910808,3228.555852170217,163.36533903791482,16.780321734292315,12.0,0.37469413682286246,unsegmented-local-field,0.0,0.0,26.384611581275074,25.57,0.8146115812750745
I-110026-08-06,110026,development,other,blank,0,0,,8,6,8485.110332910808,3228.555852170217,163.36533903791482,16.780321734292315,12.0,0.37469413682286246,unsegmented-local-field,0.0,0.0,26.65471997409391,25.57,1.0847199740939102
I-110026-08-07,110026,development,other,blank,0,0,,8,7,8485.110332910808,3228.555852170217,163.36533903791482,16.780321734292315,12.0,0.37469413682286246,unsegmented-local-field,0.0,0.0,26.784611581275076,25.970000000000002,0.8146115812750745
I-110026-08-08,110026,development,other,blank,0,0,,8,8,8485.110332910808,3228.555852170217,163.36533903791482,16.780321734292315,12.0,0.37469413682286246,unsegmented-local-field,0.0,0.0,27.054719974093913,25.970000000000002,1.0847199740939102
I-125140-01-01,125140,development,other,blank,0,0,,1,1,7969.103747293071,3304.380934945452,163.36402399903685,16.775976960784952,7.5,0.23418383551428903,unsegmented-local-field,0.0,0.0,25.176611581275072,24.362,0.8146115812750745
I-125140-01-02,125140,development,other,blank,0,0,,1,2,7969.103747293071,3304.380934945452,163.36402399903685,16.775976960784952,7.5,0.23418383551428903,unsegmented-local-field,0.0,0.0,25.44671997409391,24.362,1.0847199740939102
I-125140-01-03,125140,development,other,blank,0,0,,1,3,7969.103747293071,3304.380934945452,163.36402399903685,16.775976960784952,7.5,0.23418383551428903,unsegmented-local-field,0.0,0.0,25.576611581275074,24.762,0.8146115812750745
I-125140-01-04,125140,development,other,blank,0,0,,1,4,7969.103747293071,3304.380934945452,163.36402399903685,16.775976960784952,7.5,0.23418383551428903,unsegmented-local-field,0.0,0.0,25.84671997409391,24.762,1.0847199740939102
I-125140-01-05,125140,development,other,blank,0,0,,1,5,7969.103747293071,3304.380934945452,163.36402399903685,16.775976960784952,7.5,0.23418383551428903,unsegmented-local-field,0.0,0.0,25.976611581275073,25.162,0.8146115812750745
I-125140-01-06,125140,development,other,blank,0,0,,1,6,7969.103747293071,3304.380934945452,163.36402399903685,16.775976960784952,7.5,0.23418383551428903,unsegmented-local-field,0.0,0.0,26.24671997409391,25.162,1.0847199740939102
I-125140-01-07,125140,development,other,blank,0,0,,1,7,7969.103747293071,3304.380934945452,163.36402399903685,16.775976960784952,7.5,0.23418383551428903,unsegmented-local-field,0.0,0.0,26.376611581275075,25.562,0.8146115812750745
I-125140-01-08,125140,development,other,blank,0,0,,1,8,7969.103747293071,3304.380934945452,163.36402399903685,16.775976960784952,7.5,0.23418383551428903,unsegmented-local-field,0.0,0.0,26.646719974093912,25.562,1.0847199740939102
I-125140-02-01,125140,development,other,blank,0,0,,2,1,7969.317198609309,3313.5734682628795,163.36410056484888,16.77594555627589,12.0,0.37469413682286246,unsegmented-local-field,0.0,0.0,25.176611581275072,24.362,0.8146115812750745
I-125140-02-02,125140,development,other,blank,0,0,,2,2,7969.317198609309,3313.5734682628795,163.36410056484888,16.77594555627589,12.0,0.37469413682286246,unsegmented-local-field,0.0,0.0,25.44671997409391,24.362,1.0847199740939102
I-125140-02-03,125140,development,other,blank,0,0,,2,3,7969.317198609309,3313.5734682628795,163.36410056484888,16.77594555627589,12.0,0.37469413682286246,unsegmented-local-field,0.0,0.0,25.576611581275074,24.762,0.8146115812750745
I-125140-02-04,125140,development,other,blank,0,0,,2,4,7969.317198609309,3313.5734682628795,163.36410056484888,16.77594555627589,12.0,0.37469413682286246,unsegmented-local-field,0.0,0.0,25.84671997409391,24.762,1.0847199740939102
I-125140-02-05,125140,development,other,blank,0,0,,2,5,7969.317198609309,3313.5734682628795,163.36410056484888,16.77594555627589,12.0,0.37469413682286246,unsegmented-local-field,0.0,0.0,25.976611581275073,25.162,0.8146115812750745
I-125140-02-06,125140,development,other,blank,0,0,,2,6,7969.317198609309,3313.5734682628795,163.36410056484888,16.77594555627589,12.0,0.37469413682286246,unsegmented-local-field,0.0,0.0,26.24671997409391,25.162,1.0847199740939102
I-125140-02-07,125140,development,other,blank,0,0,,2,7,7969.317198609309,3313.5734682628795,163.36410056484888,16.77594555627589,12.0,0.37469413682286246,unsegmented-local-field,0.0,0.0,26.376611581275075,25.562,0.8146115812750745
I-125140-02-08,125140,development,other,blank,0,0,,2,8,7969.317198609309,3313.5734682628795,163.36410056484888,16.77594555627589,12.0,0.37469413682286246,unsegmented-local-field,0.0,0.0,26.646719974093912,25.562,1.0847199740939102
I-125140-03-01,125140,development,other,blank,0,0,,3,1,7959.519969161068,3316.1986279815983,163.36408536789472,16.775858796326716,12.0,0.37469413682286246,unsegmented-local-field,0.0,0.0,25.176611581275072,24.362,0.8146115812750745
I-125140-03-02,125140,development,other,blank,0,0,,3,2,7959.519969161068,3316.1986279815983,163.36408536789472,16.775858796326716,12.0,0.37469413682286246,unsegmented-local-field,0.0,0.0,25.44671997409391,24.362,1.0847199740939102
I-125140-03-03,125140,development,other,blank,0,0,,3,3,7959.519969161068,3316.1986279815983,163.36408536789472,16.775858796326716,12.0,0.37469413682286246,unsegmented-local-field,0.0,0.0,25.576611581275074,24.762,0.8146115812750745
I-125140-03-04,125140,development,other,blank,0,0,,3,4,7959.519969161068,3316.1986279815983,163.36408536789472,16.775858796326716,12.0,0.37469413682286246,unsegmented-local-field,0.0,0.0,25.84671997409391,24.762,1.0847199740939102
I-125140-03-05,125140,development,other,blank,0,0,,3,5,7959.519969161068,3316.1986279815983,163.36408536789472,16.775858796326716,12.0,0.37469413682286246,unsegmented-local-field,0.0,0.0,25.976611581275073,25.162,0.8146115812750745
I-125140-03-06,125140,development,other,blank,0,0,,3,6,7959.519969161068,3316.1986279815983,163.36408536789472,16.775858796326716,12.0,0.37469413682286246,unsegmented-local-field,0.0,0.0,26.24671997409391,25.162,1.0847199740939102
I-125140-03-07,125140,development,other,blank,0,0,,3,7,7959.519969161068,3316.1986279815983,163.36408536789472,16.775858796326716,12.0,0.37469413682286246,unsegmented-local-field,0.0,0.0,26.376611581275075,25.562,0.8146115812750745
I-125140-03-08,125140,development,other,blank,0,0,,3,8,7959.519969161068,3316.1986279815983,163.36408536789472,16.775858796326716,12.0,0.37469413682286246,unsegmented-local-field,0.0,0.0,26.646719974093912,25.562,1.0847199740939102
I-125140-04-01,125140,development,other,blank,0,0,,4,1,7958.539569520595,3306.952085384198,163.3640054736097,16.775884343197326,4.0,0.12489804560762081,unsegmented-local-field,0.0,0.0,25.176611581275072,24.362,0.8146115812750745
I-125140-04-02,125140,development,other,blank,0,0,,4,2,7958.539569520595,3306.952085384198,163.3640054736097,16.775884343197326,4.0,0.12489804560762081,unsegmented-local-field,0.0,0.0,25.44671997409391,24.362,1.0847199740939102
I-125140-04-03,125140,development,other,blank,0,0,,4,3,7958.539569520595,3306.952085384198,163.3640054736097,16.775884343197326,4.0,0.12489804560762081,unsegmented-local-field,0.0,0.0,25.576611581275074,24.762,0.8146115812750745
I-125140-04-04,125140,development,other,blank,0,0,,4,4,7958.539569520595,3306.952085384198,163.3640054736097,16.775884343197326,4.0,0.12489804560762081,unsegmented-local-field,0.0,0.0,25.84671997409391,24.762,1.0847199740939102
I-125140-04-05,125140,development,other,blank,0,0,,4,5,7958.539569520595,3306.952085384198,163.3640054736097,16.775884343197326,4.0,0.12489804560762081,unsegmented-local-field,0.0,0.0,25.976611581275073,25.162,0.8146115812750745
I-125140-04-06,125140,development,other,blank,0,0,,4,6,7958.539569520595,3306.952085384198,163.3640054736097,16.775884343197326,4.0,0.12489804560762081,unsegmented-local-field,0.0,0.0,26.24671997409391,25.162,1.0847199740939102
I-125140-04-07,125140,development,other,blank,0,0,,4,7,7958.539569520595,3306.952085384198,163.3640054736097,16.775884343197326,4.0,0.12489804560762081,unsegmented-local-field,0.0,0.0,26.376611581275075,25.562,0.8146115812750745
I-125140-04-08,125140,development,other,blank,0,0,,4,8,7958.539569520595,3306.952085384198,163.3640054736097,16.775884343197326,4.0,0.12489804560762081,unsegmented-local-field,0.0,0.0,26.646719974093912,25.562,1.0847199740939102
I-125140-05-01,125140,development,other,blank,0,0,,5,1,7949.603747293071,3304.380934945452,163.36395068809213,16.775823084958194,12.0,0.37469413682286246,unsegmented-local-field,0.0,0.0,25.176611581275072,24.362,0.8146115812750745
I-125140-05-02,125140,development,other,blank,0,0,,5,2,7949.603747293071,3304.380934945452,163.36395068809213,16.775823084958194,12.0,0.37469413682286246,unsegmented-local-field,0.0,0.0,25.44671997409391,24.362,1.0847199740939102
I-125140-05-03,125140,development,other,blank,0,0,,5,3,7949.603747293071,3304.380934945452,163.36395068809213,16.775823084958194,12.0,0.37469413682286246,unsegmented-local-field,0.0,0.0,25.576611581275074,24.762,0.8146115812750745
I-125140-05-04,125140,development,other,blank,0,0,,5,4,7949.603747293071,3304.380934945452,163.36395068809213,16.775823084958194,12.0,0.37469413682286246,unsegmented-local-field,0.0,0.0,25.84671997409391,24.762,1.0847199740939102
I-125140-05-05,125140,development,other,blank,0,0,,5,5,7949.603747293071,3304.380934945452,163.36395068809213,16.775823084958194,12.0,0.37469413682286246,unsegmented-local-field,0.0,0.0,25.976611581275073,25.162,0.8146115812750745
I-125140-05-06,125140,development,other,blank,0,0,,5,6,7949.603747293071,3304.380934945452,163.36395068809213,16.775823084958194,12.0,0.37469413682286246,unsegmented-local-field,0.0,0.0,26.24671997409391,25.162,1.0847199740939102
I-125140-05-07,125140,development,other,blank,0,0,,5,7,7949.603747293071,3304.380934945452,163.36395068809213,16.775823084958194,12.0,0.37469413682286246,unsegmented-local-field,0.0,0.0,26.376611581275075,25.562,0.8146115812750745
I-125140-05-08,125140,development,other,blank,0,0,,5,8,7949.603747293071,3304.380934945452,163.36395068809213,16.775823084958194,12.0,0.37469413682286246,unsegmented-local-field,0.0,0.0,26.646719974093912,25.562,1.0847199740939102
I-125140-06-01,125140,development,other,blank,0,0,,6,1,7952.4112139756435,3296.667483629213,163.36389766988546,16.77587300368632,12.0,0.37469413682286246,unsegmented-local-field,0.0,0.0,25.176611581275072,24.362,0.8146115812750745
I-125140-06-02,125140,development,other,blank,0,0,,6,2,7952.4112139756435,3296.667483629213,163.36389766988546,16.77587300368632,12.0,0.37469413682286246,unsegmented-local-field,0.0,0.0,25.44671997409391,24.362,1.0847199740939102
I-125140-06-03,125140,development,other,blank,0,0,,6,3,7952.4112139756435,3296.667483629213,163.36389766988546,16.77587300368632,12.0,0.37469413682286246,unsegmented-local-field,0.0,0.0,25.576611581275074,24.762,0.8146115812750745
I-125140-06-04,125140,development,other,blank,0,0,,6,4,7952.4112139756435,3296.667483629213,163.36389766988546,16.77587300368632,12.0,0.37469413682286246,unsegmented-local-field,0.0,0.0,25.84671997409391,24.762,1.0847199740939102
I-125140-06-05,125140,development,other,blank,0,0,,6,5,7952.4112139756435,3296.667483629213,163.36389766988546,16.77587300368632,12.0,0.37469413682286246,unsegmented-local-field,0.0,0.0,25.976611581275073,25.162,0.8146115812750745
I-125140-06-06,125140,development,other,blank,0,0,,6,6,7952.4112139756435,3296.667483629213,163.36389766988546,16.77587300368632,12.0,0.37469413682286246,unsegmented-local-field,0.0,0.0,26.24671997409391,25.162,1.0847199740939102
I-125140-06-07,125140,development,other,blank,0,0,,6,7,7952.4112139756435,3296.667483629213,163.36389766988546,16.77587300368632,12.0,0.37469413682286246,unsegmented-local-field,0.0,0.0,26.376611581275075,25.562,0.8146115812750745
I-125140-06-08,125140,development,other,blank,0,0,,6,8,7952.4112139756435,3296.667483629213,163.36389766988546,16.77587300368632,12.0,0.37469413682286246,unsegmented-local-field,0.0,0.0,26.646719974093912,25.562,1.0847199740939102
I-125140-07-01,125140,development,other,blank,0,0,,7,1,7959.519969161068,3292.5632419093054,163.36389056899506,16.77594387271342,12.0,0.37469413682286246,unsegmented-local-field,0.0,0.0,25.176611581275072,24.362,0.8146115812750745
I-125140-07-02,125140,development,other,blank,0,0,,7,2,7959.519969161068,3292.5632419093054,163.36389056899506,16.77594387271342,12.0,0.37469413682286246,unsegmented-local-field,0.0,0.0,25.44671997409391,24.362,1.0847199740939102
I-125140-07-03,125140,development,other,blank,0,0,,7,3,7959.519969161068,3292.5632419093054,163.36389056899506,16.77594387271342,12.0,0.37469413682286246,unsegmented-local-field,0.0,0.0,25.576611581275074,24.762,0.8146115812750745
I-125140-07-04,125140,development,other,blank,0,0,,7,4,7959.519969161068,3292.5632419093054,163.36389056899506,16.77594387271342,12.0,0.37469413682286246,unsegmented-local-field,0.0,0.0,25.84671997409391,24.762,1.0847199740939102
I-125140-07-05,125140,development,other,blank,0,0,,7,5,7959.519969161068,3292.5632419093054,163.36389056899506,16.77594387271342,12.0,0.37469413682286246,unsegmented-local-field,0.0,0.0,25.976611581275073,25.162,0.8146115812750745
I-125140-07-06,125140,development,other,blank,0,0,,7,6,7959.519969161068,3292.5632419093054,163.36389056899506,16.77594387271342,12.0,0.37469413682286246,unsegmented-local-field,0.0,0.0,26.24671997409391,25.162,1.0847199740939102
I-125140-07-07,125140,development,other,blank,0,0,,7,7,7959.519969161068,3292.5632419093054,163.36389056899506,16.77594387271342,12.0,0.37469413682286246,unsegmented-local-field,0.0,0.0,26.376611581275075,25.562,0.8146115812750745
I-125140-07-08,125140,development,other,blank,0,0,,7,8,7959.519969161068,3292.5632419093054,163.36389056899506,16.77594387271342,12.0,0.37469413682286246,unsegmented-local-field,0.0,0.0,26.646719974093912,25.562,1.0847199740939102
I-125140-08-01,125140,development,other,blank,0,0,,8,1,7969.317198609309,3295.188401628024,163.36394903815537,16.77601173398375,12.0,0.37469413682286246,unsegmented-local-field,0.0,0.0,25.176611581275072,24.362,0.8146115812750745
I-125140-08-02,125140,development,other,blank,0,0,,8,2,7969.317198609309,3295.188401628024,163.36394903815537,16.77601173398375,12.0,0.37469413682286246,unsegmented-local-field,0.0,0.0,25.44671997409391,24.362,1.0847199740939102
I-125140-08-03,125140,development,other,blank,0,0,,8,3,7969.317198609309,3295.188401628024,163.36394903815537,16.77601173398375,12.0,0.37469413682286246,unsegmented-local-field,0.0,0.0,25.576611581275074,24.762,0.8146115812750745
I-125140-08-04,125140,development,other,blank,0,0,,8,4,7969.317198609309,3295.188401628024,163.36394903815537,16.77601173398375,12.0,0.37469413682286246,unsegmented-local-field,0.0,0.0,25.84671997409391,24.762,1.0847199740939102
I-125140-08-05,125140,development,other,blank,0,0,,8,5,7969.317198609309,3295.188401628024,163.36394903815537,16.77601173398375,12.0,0.37469413682286246,unsegmented-local-field,0.0,0.0,25.976611581275073,25.162,0.8146115812750745
I-125140-08-06,125140,development,other,blank,0,0,,8,6,7969.317198609309,3295.188401628024,163.36394903815537,16.77601173398375,12.0,0.37469413682286246,unsegmented-local-field,0.0,0.0,26.24671997409391,25.162,1.0847199740939102
I-125140-08-07,125140,development,other,blank,0,0,,8,7,7969.317198609309,3295.188401628024,163.36394903815537,16.77601173398375,12.0,0.37469413682286246,unsegmented-local-field,0.0,0.0,26.376611581275075,25.562,0.8146115812750745
I-125140-08-08,125140,development,other,blank,0,0,,8,8,7969.317198609309,3295.188401628024,163.36394903815537,16.77601173398375,12.0,0.37469413682286246,unsegmented-local-field,0.0,0.0,26.646719974093912,25.562,1.0847199740939102
I-165662-01-01,165662,development,other,blank,0,0,,1,1,6109.840772185555,4256.84474121791,163.3648839960699,16.757876960677766,7.5,0.23418383551428903,unsegmented-local-field,0.0,0.0,25.173611581275072,24.358999999999998,0.8146115812750745
I-165662-01-02,165662,development,other,blank,0,0,,1,2,6109.840772185555,4256.84474121791,163.3648839960699,16.757876960677766,7.5,0.23418383551428903,unsegmented-local-field,0.0,0.0,25.44371997409391,24.358999999999998,1.0847199740939102
I-165662-01-03,165662,development,other,blank,0,0,,1,3,6109.840772185555,4256.84474121791,163.3648839960699,16.757876960677766,7.5,0.23418383551428903,unsegmented-local-field,0.0,0.0,25.573611581275074,24.759,0.8146115812750745
I-165662-01-04,165662,development,other,blank,0,0,,1,4,6109.840772185555,4256.84474121791,163.3648839960699,16.757876960677766,7.5,0.23418383551428903,unsegmented-local-field,0.0,0.0,25.84371997409391,24.759,1.0847199740939102
I-165662-01-05,165662,development,other,blank,0,0,,1,5,6109.840772185555,4256.84474121791,163.3648839960699,16.757876960677766,7.5,0.23418383551428903,unsegmented-local-field,0.0,0.0,25.973611581275073,25.159,0.8146115812750745
I-165662-01-06,165662,development,other,blank,0,0,,1,6,6109.840772185555,4256.84474121791,163.3648839960699,16.757876960677766,7.5,0.23418383551428903,unsegmented-local-field,0.0,0.0,26.24371997409391,25.159,1.0847199740939102
I-165662-01-07,165662,development,other,blank,0,0,,1,7,6109.840772185555,4256.84474121791,163.3648839960699,16.757876960677766,7.5,0.23418383551428903,unsegmented-local-field,0.0,0.0,26.373611581275075,25.559,0.8146115812750745
I-165662-01-08,165662,development,other,blank,0,0,,1,8,6109.840772185555,4256.84474121791,163.3648839960699,16.757876960677766,7.5,0.23418383551428903,unsegmented-local-field,0.0,0.0,26.643719974093912,25.559,1.0847199740939102
I-165662-02-01,165662,development,other,blank,0,0,,2,1,6110.054223501793,4266.037274535338,163.3649605544567,16.75784555585592,12.0,0.37469413682286246,unsegmented-local-field,0.0,0.0,25.173611581275072,24.358999999999998,0.8146115812750745
I-165662-02-02,165662,development,other,blank,0,0,,2,2,6110.054223501793,4266.037274535338,163.3649605544567,16.75784555585592,12.0,0.37469413682286246,unsegmented-local-field,0.0,0.0,25.44371997409391,24.358999999999998,1.0847199740939102
I-165662-02-03,165662,development,other,blank,0,0,,2,3,6110.054223501793,4266.037274535338,163.3649605544567,16.75784555585592,12.0,0.37469413682286246,unsegmented-local-field,0.0,0.0,25.573611581275074,24.759,0.8146115812750745
I-165662-02-04,165662,development,other,blank,0,0,,2,4,6110.054223501793,4266.037274535338,163.3649605544567,16.75784555585592,12.0,0.37469413682286246,unsegmented-local-field,0.0,0.0,25.84371997409391,24.759,1.0847199740939102
I-165662-02-05,165662,development,other,blank,0,0,,2,5,6110.054223501793,4266.037274535338,163.3649605544567,16.75784555585592,12.0,0.37469413682286246,unsegmented-local-field,0.0,0.0,25.973611581275073,25.159,0.8146115812750745
I-165662-02-06,165662,development,other,blank,0,0,,2,6,6110.054223501793,4266.037274535338,163.3649605544567,16.75784555585592,12.0,0.37469413682286246,unsegmented-local-field,0.0,0.0,26.24371997409391,25.159,1.0847199740939102
I-165662-02-07,165662,development,other,blank,0,0,,2,7,6110.054223501793,4266.037274535338,163.3649605544567,16.75784555585592,12.0,0.37469413682286246,unsegmented-local-field,0.0,0.0,26.373611581275075,25.559,0.8146115812750745
I-165662-02-08,165662,development,other,blank,0,0,,2,8,6110.054223501793,4266.037274535338,163.3649605544567,16.75784555585592,12.0,0.37469413682286246,unsegmented-local-field,0.0,0.0,26.643719974093912,25.559,1.0847199740939102
I-165662-03-01,165662,development,other,blank,0,0,,3,1,6100.256994053551,4268.662434254057,163.3649453585561,16.757758795958342,12.0,0.37469413682286246,unsegmented-local-field,0.0,0.0,25.173611581275072,24.358999999999998,0.8146115812750745
I-165662-03-02,165662,development,other,blank,0,0,,3,2,6100.256994053551,4268.662434254057,163.3649453585561,16.757758795958342,12.0,0.37469413682286246,unsegmented-local-field,0.0,0.0,25.44371997409391,24.358999999999998,1.0847199740939102
I-165662-03-03,165662,development,other,blank,0,0,,3,3,6100.256994053551,4268.662434254057,163.3649453585561,16.757758795958342,12.0,0.37469413682286246,unsegmented-local-field,0.0,0.0,25.573611581275074,24.759,0.8146115812750745
I-165662-03-04,165662,development,other,blank,0,0,,3,4,6100.256994053551,4268.662434254057,163.3649453585561,16.757758795958342,12.0,0.37469413682286246,unsegmented-local-field,0.0,0.0,25.84371997409391,24.759,1.0847199740939102
I-165662-03-05,165662,development,other,blank,0,0,,3,5,6100.256994053551,4268.662434254057,163.3649453585561,16.757758795958342,12.0,0.37469413682286246,unsegmented-local-field,0.0,0.0,25.973611581275073,25.159,0.8146115812750745
I-165662-03-06,165662,development,other,blank,0,0,,3,6,6100.256994053551,4268.662434254057,163.3649453585561,16.757758795958342,12.0,0.37469413682286246,unsegmented-local-field,0.0,0.0,26.24371997409391,25.159,1.0847199740939102
I-165662-03-07,165662,development,other,blank,0,0,,3,7,6100.256994053551,4268.662434254057,163.3649453585561,16.757758795958342,12.0,0.37469413682286246,unsegmented-local-field,0.0,0.0,26.373611581275075,25.559,0.8146115812750745
I-165662-03-08,165662,development,other,blank,0,0,,3,8,6100.256994053551,4268.662434254057,163.3649453585561,16.757758795958342,12.0,0.37469413682286246,unsegmented-local-field,0.0,0.0,26.643719974093912,25.559,1.0847199740939102
I-165662-04-01,165662,development,other,blank,0,0,,4,1,6099.276594413079,4259.415891656657,163.3648654719864,16.7577843431545,4.0,0.12489804560762081,unsegmented-local-field,0.0,0.0,25.173611581275072,24.358999999999998,0.8146115812750745
I-165662-04-02,165662,development,other,blank,0,0,,4,2,6099.276594413079,4259.415891656657,163.3648654719864,16.7577843431545,4.0,0.12489804560762081,unsegmented-local-field,0.0,0.0,25.44371997409391,24.358999999999998,1.0847199740939102
I-165662-04-03,165662,development,other,blank,0,0,,4,3,6099.276594413079,4259.415891656657,163.3648654719864,16.7577843431545,4.0,0.12489804560762081,unsegmented-local-field,0.0,0.0,25.573611581275074,24.759,0.8146115812750745
I-165662-04-04,165662,development,other,blank,0,0,,4,4,6099.276594413079,4259.415891656657,163.3648654719864,16.7577843431545,4.0,0.12489804560762081,unsegmented-local-field,0.0,0.0,25.84371997409391,24.759,1.0847199740939102
I-165662-04-05,165662,development,other,blank,0,0,,4,5,6099.276594413079,4259.415891656657,163.3648654719864,16.7577843431545,4.0,0.12489804560762081,unsegmented-local-field,0.0,0.0,25.973611581275073,25.159,0.8146115812750745
I-165662-04-06,165662,development,other,blank,0,0,,4,6,6099.276594413079,4259.415891656657,163.3648654719864,16.7577843431545,4.0,0.12489804560762081,unsegmented-local-field,0.0,0.0,26.24371997409391,25.159,1.0847199740939102
I-165662-04-07,165662,development,other,blank,0,0,,4,7,6099.276594413079,4259.415891656657,163.3648654719864,16.7577843431545,4.0,0.12489804560762081,unsegmented-local-field,0.0,0.0,26.373611581275075,25.559,0.8146115812750745
I-165662-04-08,165662,development,other,blank,0,0,,4,8,6099.276594413079,4259.415891656657,163.3648654719864,16.7577843431545,4.0,0.12489804560762081,unsegmented-local-field,0.0,0.0,26.643719974093912,25.559,1.0847199740939102
I-165662-05-01,165662,development,other,blank,0,0,,5,1,6093.148238868127,4264.5581925341485,163.36488481204222,16.757717473906595,12.0,0.37469413682286246,unsegmented-local-field,0.0,0.0,25.173611581275072,24.358999999999998,0.8146115812750745
I-165662-05-02,165662,development,other,blank,0,0,,5,2,6093.148238868127,4264.5581925341485,163.36488481204222,16.757717473906595,12.0,0.37469413682286246,unsegmented-local-field,0.0,0.0,25.44371997409391,24.358999999999998,1.0847199740939102
I-165662-05-03,165662,development,other,blank,0,0,,5,3,6093.148238868127,4264.5581925341485,163.36488481204222,16.757717473906595,12.0,0.37469413682286246,unsegmented-local-field,0.0,0.0,25.573611581275074,24.759,0.8146115812750745
I-165662-05-04,165662,development,other,blank,0,0,,5,4,6093.148238868127,4264.5581925341485,163.36488481204222,16.757717473906595,12.0,0.37469413682286246,unsegmented-local-field,0.0,0.0,25.84371997409391,24.759,1.0847199740939102
I-165662-05-05,165662,development,other,blank,0,0,,5,5,6093.148238868127,4264.5581925341485,163.36488481204222,16.757717473906595,12.0,0.37469413682286246,unsegmented-local-field,0.0,0.0,25.973611581275073,25.159,0.8146115812750745
I-165662-05-06,165662,development,other,blank,0,0,,5,6,6093.148238868127,4264.5581925341485,163.36488481204222,16.757717473906595,12.0,0.37469413682286246,unsegmented-local-field,0.0,0.0,26.24371997409391,25.159,1.0847199740939102
I-165662-05-07,165662,development,other,blank,0,0,,5,7,6093.148238868127,4264.5581925341485,163.36488481204222,16.757717473906595,12.0,0.37469413682286246,unsegmented-local-field,0.0,0.0,26.373611581275075,25.559,0.8146115812750745
I-165662-05-08,165662,development,other,blank,0,0,,5,8,6093.148238868127,4264.5581925341485,163.36488481204222,16.757717473906595,12.0,0.37469413682286246,unsegmented-local-field,0.0,0.0,26.643719974093912,25.559,1.0847199740939102
I-165662-06-01,165662,development,other,blank,0,0,,6,1,6090.340772185555,4256.84474121791,163.36481069140345,16.757723085129797,12.0,0.37469413682286246,unsegmented-local-field,0.0,0.0,25.173611581275072,24.358999999999998,0.8146115812750745
I-165662-06-02,165662,development,other,blank,0,0,,6,2,6090.340772185555,4256.84474121791,163.36481069140345,16.757723085129797,12.0,0.37469413682286246,unsegmented-local-field,0.0,0.0,25.44371997409391,24.358999999999998,1.0847199740939102
I-165662-06-03,165662,development,other,blank,0,0,,6,3,6090.340772185555,4256.84474121791,163.36481069140345,16.757723085129797,12.0,0.37469413682286246,unsegmented-local-field,0.0,0.0,25.573611581275074,24.759,0.8146115812750745
I-165662-06-04,165662,development,other,blank,0,0,,6,4,6090.340772185555,4256.84474121791,163.36481069140345,16.757723085129797,12.0,0.37469413682286246,unsegmented-local-field,0.0,0.0,25.84371997409391,24.759,1.0847199740939102
I-165662-06-05,165662,development,other,blank,0,0,,6,5,6090.340772185555,4256.84474121791,163.36481069140345,16.757723085129797,12.0,0.37469413682286246,unsegmented-local-field,0.0,0.0,25.973611581275073,25.159,0.8146115812750745
I-165662-06-06,165662,development,other,blank,0,0,,6,6,6090.340772185555,4256.84474121791,163.36481069140345,16.757723085129797,12.0,0.37469413682286246,unsegmented-local-field,0.0,0.0,26.24371997409391,25.159,1.0847199740939102
I-165662-06-07,165662,development,other,blank,0,0,,6,7,6090.340772185555,4256.84474121791,163.36481069140345,16.757723085129797,12.0,0.37469413682286246,unsegmented-local-field,0.0,0.0,26.373611581275075,25.559,0.8146115812750745
I-165662-06-08,165662,development,other,blank,0,0,,6,8,6090.340772185555,4256.84474121791,163.36481069140345,16.757723085129797,12.0,0.37469413682286246,unsegmented-local-field,0.0,0.0,26.643719974093912,25.559,1.0847199740939102
I-165662-07-01,165662,development,other,blank,0,0,,7,1,6097.269353044666,4245.96904777347,163.36474711045278,16.75781690671232,12.0,0.37469413682286246,unsegmented-local-field,0.0,0.0,25.173611581275072,24.358999999999998,0.8146115812750745
I-165662-07-02,165662,development,other,blank,0,0,,7,2,6097.269353044666,4245.96904777347,163.36474711045278,16.75781690671232,12.0,0.37469413682286246,unsegmented-local-field,0.0,0.0,25.44371997409391,24.358999999999998,1.0847199740939102
I-165662-07-03,165662,development,other,blank,0,0,,7,3,6097.269353044666,4245.96904777347,163.36474711045278,16.75781690671232,12.0,0.37469413682286246,unsegmented-local-field,0.0,0.0,25.573611581275074,24.759,0.8146115812750745
I-165662-07-04,165662,development,other,blank,0,0,,7,4,6097.269353044666,4245.96904777347,163.36474711045278,16.75781690671232,12.0,0.37469413682286246,unsegmented-local-field,0.0,0.0,25.84371997409391,24.759,1.0847199740939102
I-165662-07-05,165662,development,other,blank,0,0,,7,5,6097.269353044666,4245.96904777347,163.36474711045278,16.75781690671232,12.0,0.37469413682286246,unsegmented-local-field,0.0,0.0,25.973611581275073,25.159,0.8146115812750745
I-165662-07-06,165662,development,other,blank,0,0,,7,6,6097.269353044666,4245.96904777347,163.36474711045278,16.75781690671232,12.0,0.37469413682286246,unsegmented-local-field,0.0,0.0,26.24371997409391,25.159,1.0847199740939102
I-165662-07-07,165662,development,other,blank,0,0,,7,7,6097.269353044666,4245.96904777347,163.36474711045278,16.75781690671232,12.0,0.37469413682286246,unsegmented-local-field,0.0,0.0,26.373611581275075,25.559,0.8146115812750745
I-165662-07-08,165662,development,other,blank,0,0,,7,8,6097.269353044666,4245.96904777347,163.36474711045278,16.75781690671232,12.0,0.37469413682286246,unsegmented-local-field,0.0,0.0,26.643719974093912,25.559,1.0847199740939102
I-165662-08-01,165662,development,other,blank,0,0,,8,1,6108.340772185555,4246.452436372497,163.36479271388353,16.7579025319026,12.0,0.37469413682286246,unsegmented-local-field,0.0,0.0,25.173611581275072,24.358999999999998,0.8146115812750745
I-165662-08-02,165662,development,other,blank,0,0,,8,2,6108.340772185555,4246.452436372497,163.36479271388353,16.7579025319026,12.0,0.37469413682286246,unsegmented-local-field,0.0,0.0,25.44371997409391,24.358999999999998,1.0847199740939102
I-165662-08-03,165662,development,other,blank,0,0,,8,3,6108.340772185555,4246.452436372497,163.36479271388353,16.7579025319026,12.0,0.37469413682286246,unsegmented-local-field,0.0,0.0,25.573611581275074,24.759,0.8146115812750745
I-165662-08-04,165662,development,other,blank,0,0,,8,4,6108.340772185555,4246.452436372497,163.36479271388353,16.7579025319026,12.0,0.37469413682286246,unsegmented-local-field,0.0,0.0,25.84371997409391,24.759,1.0847199740939102
I-165662-08-05,165662,development,other,blank,0,0,,8,5,6108.340772185555,4246.452436372497,163.36479271388353,16.7579025319026,12.0,0.37469413682286246,unsegmented-local-field,0.0,0.0,25.973611581275073,25.159,0.8146115812750745
I-165662-08-06,165662,development,other,blank,0,0,,8,6,6108.340772185555,4246.452436372497,163.36479271388353,16.7579025319026,12.0,0.37469413682286246,unsegmented-local-field,0.0,0.0,26.24371997409391,25.159,1.0847199740939102
I-165662-08-07,165662,development,other,blank,0,0,,8,7,6108.340772185555,4246.452436372497,163.36479271388353,16.7579025319026,12.0,0.37469413682286246,unsegmented-local-field,0.0,0.0,26.373611581275075,25.559,0.8146115812750745
I-165662-08-08,165662,development,other,blank,0,0,,8,8,6108.340772185555,4246.452436372497,163.36479271388353,16.7579025319026,12.0,0.37469413682286246,unsegmented-local-field,0.0,0.0,26.643719974093912,25.559,1.0847199740939102
I-121541-01-01,121541,validation,other,blank,0,0,,1,1,8166.900207855728,3318.500396227687,163.36488399957395,16.77748696066633,7.5,0.23418383551428903,unsegmented-local-field,0.0,0.0,25.525611581275072,24.711,0.8146115812750745
I-121541-01-02,121541,validation,other,blank,0,0,,1,2,8166.900207855728,3318.500396227687,163.36488399957395,16.77748696066633,7.5,0.23418383551428903,unsegmented-local-field,0.0,0.0,25.79571997409391,24.711,1.0847199740939102
I-121541-01-03,121541,validation,other,blank,0,0,,1,3,8166.900207855728,3318.500396227687,163.36488399957395,16.77748696066633,7.5,0.23418383551428903,unsegmented-local-field,0.0,0.0,25.925611581275074,25.111,0.8146115812750745
I-121541-01-04,121541,validation,other,blank,0,0,,1,4,8166.900207855728,3318.500396227687,163.36488399957395,16.77748696066633,7.5,0.23418383551428903,unsegmented-local-field,0.0,0.0,26.19571997409391,25.111,1.0847199740939102
I-121541-01-05,121541,validation,other,blank,0,0,,1,5,8166.900207855728,3318.500396227687,163.36488399957395,16.77748696066633,7.5,0.23418383551428903,unsegmented-local-field,0.0,0.0,26.325611581275073,25.511,0.8146115812750745
I-121541-01-06,121541,validation,other,blank,0,0,,1,6,8166.900207855728,3318.500396227687,163.36488399957395,16.77748696066633,7.5,0.23418383551428903,unsegmented-local-field,0.0,0.0,26.59571997409391,25.511,1.0847199740939102
I-121541-01-07,121541,validation,other,blank,0,0,,1,7,8166.900207855728,3318.500396227687,163.36488399957395,16.77748696066633,7.5,0.23418383551428903,unsegmented-local-field,0.0,0.0,26.725611581275075,25.911,0.8146115812750745
I-121541-01-08,121541,validation,other,blank,0,0,,1,8,8166.900207855728,3318.500396227687,163.36488399957395,16.77748696066633,7.5,0.23418383551428903,unsegmented-local-field,0.0,0.0,26.995719974093912,25.911,1.0847199740939102
I-121541-02-01,121541,validation,other,blank,0,0,,2,1,8167.113659171966,3327.6929295451146,163.36496056585088,16.777455555839744,12.0,0.37469413682286246,unsegmented-local-field,0.0,0.0,25.525611581275072,24.711,0.8146115812750745
I-121541-02-02,121541,validation,other,blank,0,0,,2,2,8167.113659171966,3327.6929295451146,163.36496056585088,16.777455555839744,12.0,0.37469413682286246,unsegmented-local-field,0.0,0.0,25.79571997409391,24.711,1.0847199740939102
I-121541-02-03,121541,validation,other,blank,0,0,,2,3,8167.113659171966,3327.6929295451146,163.36496056585088,16.777455555839744,12.0,0.37469413682286246,unsegmented-local-field,0.0,0.0,25.925611581275074,25.111,0.8146115812750745
I-121541-02-04,121541,validation,other,blank,0,0,,2,4,8167.113659171966,3327.6929295451146,163.36496056585088,16.777455555839744,12.0,0.37469413682286246,unsegmented-local-field,0.0,0.0,26.19571997409391,25.111,1.0847199740939102
I-121541-02-05,121541,validation,other,blank,0,0,,2,5,8167.113659171966,3327.6929295451146,163.36496056585088,16.777455555839744,12.0,0.37469413682286246,unsegmented-local-field,0.0,0.0,26.325611581275073,25.511,0.8146115812750745
I-121541-02-06,121541,validation,other,blank,0,0,,2,6,8167.113659171966,3327.6929295451146,163.36496056585088,16.777455555839744,12.0,0.37469413682286246,unsegmented-local-field,0.0,0.0,26.59571997409391,25.511,1.0847199740939102
I-121541-02-07,121541,validation,other,blank,0,0,,2,7,8167.113659171966,3327.6929295451146,163.36496056585088,16.777455555839744,12.0,0.37469413682286246,unsegmented-local-field,0.0,0.0,26.725611581275075,25.911,0.8146115812750745
I-121541-02-08,121541,validation,other,blank,0,0,,2,8,8167.113659171966,3327.6929295451146,163.36496056585088,16.777455555839744,12.0,0.37469413682286246,unsegmented-local-field,0.0,0.0,26.995719974093912,25.911,1.0847199740939102
I-121541-03-01,121541,validation,other,blank,0,0,,3,1,8157.3164297237245,3330.3180892638334,163.36494536838413,16.777368795955823,12.0,0.37469413682286246,unsegmented-local-field,0.0,0.0,25.525611581275072,24.711,0.8146115812750745
I-121541-03-02,121541,validation,other,blank,0,0,,3,2,8157.3164297237245,3330.3180892638334,163.36494536838413,16.777368795955823,12.0,0.37469413682286246,unsegmented-local-field,0.0,0.0,25.79571997409391,24.711,1.0847199740939102
I-121541-03-03,121541,validation,other,blank,0,0,,3,3,8157.3164297237245,3330.3180892638334,163.36494536838413,16.777368795955823,12.0,0.37469413682286246,unsegmented-local-field,0.0,0.0,25.925611581275074,25.111,0.8146115812750745
I-121541-03-04,121541,validation,other,blank,0,0,,3,4,8157.3164297237245,3330.3180892638334,163.36494536838413,16.777368795955823,12.0,0.37469413682286246,unsegmented-local-field,0.0,0.0,26.19571997409391,25.111,1.0847199740939102
I-121541-03-05,121541,validation,other,blank,0,0,,3,5,8157.3164297237245,3330.3180892638334,163.36494536838413,16.777368795955823,12.0,0.37469413682286246,unsegmented-local-field,0.0,0.0,26.325611581275073,25.511,0.8146115812750745
I-121541-03-06,121541,validation,other,blank,0,0,,3,6,8157.3164297237245,3330.3180892638334,163.36494536838413,16.777368795955823,12.0,0.37469413682286246,unsegmented-local-field,0.0,0.0,26.59571997409391,25.511,1.0847199740939102
I-121541-03-07,121541,validation,other,blank,0,0,,3,7,8157.3164297237245,3330.3180892638334,163.36494536838413,16.777368795955823,12.0,0.37469413682286246,unsegmented-local-field,0.0,0.0,26.725611581275075,25.911,0.8146115812750745
I-121541-03-08,121541,validation,other,blank,0,0,,3,8,8157.3164297237245,3330.3180892638334,163.36494536838413,16.777368795955823,12.0,0.37469413682286246,unsegmented-local-field,0.0,0.0,26.995719974093912,25.911,1.0847199740939102
I-121541-04-01,121541,validation,other,blank,0,0,,4,1,8156.336030083252,3321.0715466664333,163.36486547358135,16.777394343157933,4.0,0.12489804560762081,unsegmented-local-field,0.0,0.0,25.525611581275072,24.711,0.8146115812750745
I-121541-04-02,121541,validation,other,blank,0,0,,4,2,8156.336030083252,3321.0715466664333,163.36486547358135,16.777394343157933,4.0,0.12489804560762081,unsegmented-local-field,0.0,0.0,25.79571997409391,24.711,1.0847199740939102
I-121541-04-03,121541,validation,other,blank,0,0,,4,3,8156.336030083252,3321.0715466664333,163.36486547358135,16.777394343157933,4.0,0.12489804560762081,unsegmented-local-field,0.0,0.0,25.925611581275074,25.111,0.8146115812750745
I-121541-04-04,121541,validation,other,blank,0,0,,4,4,8156.336030083252,3321.0715466664333,163.36486547358135,16.777394343157933,4.0,0.12489804560762081,unsegmented-local-field,0.0,0.0,26.19571997409391,25.111,1.0847199740939102
I-121541-04-05,121541,validation,other,blank,0,0,,4,5,8156.336030083252,3321.0715466664333,163.36486547358135,16.777394343157933,4.0,0.12489804560762081,unsegmented-local-field,0.0,0.0,26.325611581275073,25.511,0.8146115812750745
I-121541-04-06,121541,validation,other,blank,0,0,,4,6,8156.336030083252,3321.0715466664333,163.36486547358135,16.777394343157933,4.0,0.12489804560762081,unsegmented-local-field,0.0,0.0,26.59571997409391,25.511,1.0847199740939102
I-121541-04-07,121541,validation,other,blank,0,0,,4,7,8156.336030083252,3321.0715466664333,163.36486547358135,16.777394343157933,4.0,0.12489804560762081,unsegmented-local-field,0.0,0.0,26.725611581275075,25.911,0.8146115812750745
I-121541-04-08,121541,validation,other,blank,0,0,,4,8,8156.336030083252,3321.0715466664333,163.36486547358135,16.777394343157933,4.0,0.12489804560762081,unsegmented-local-field,0.0,0.0,26.995719974093912,25.911,1.0847199740939102
I-121541-05-01,121541,validation,other,blank,0,0,,5,1,8147.400207855728,3318.500396227687,163.36481068735273,16.777333085148012,12.0,0.37469413682286246,unsegmented-local-field,0.0,0.0,25.525611581275072,24.711,0.8146115812750745
I-121541-05-02,121541,validation,other,blank,0,0,,5,2,8147.400207855728,3318.500396227687,163.36481068735273,16.777333085148012,12.0,0.37469413682286246,unsegmented-local-field,0.0,0.0,25.79571997409391,24.711,1.0847199740939102
I-121541-05-03,121541,validation,other,blank,0,0,,5,3,8147.400207855728,3318.500396227687,163.36481068735273,16.777333085148012,12.0,0.37469413682286246,unsegmented-local-field,0.0,0.0,25.925611581275074,25.111,0.8146115812750745
I-121541-05-04,121541,validation,other,blank,0,0,,5,4,8147.400207855728,3318.500396227687,163.36481068735273,16.777333085148012,12.0,0.37469413682286246,unsegmented-local-field,0.0,0.0,26.19571997409391,25.111,1.0847199740939102
I-121541-05-05,121541,validation,other,blank,0,0,,5,5,8147.400207855728,3318.500396227687,163.36481068735273,16.777333085148012,12.0,0.37469413682286246,unsegmented-local-field,0.0,0.0,26.325611581275073,25.511,0.8146115812750745
I-121541-05-06,121541,validation,other,blank,0,0,,5,6,8147.400207855728,3318.500396227687,163.36481068735273,16.777333085148012,12.0,0.37469413682286246,unsegmented-local-field,0.0,0.0,26.59571997409391,25.511,1.0847199740939102
I-121541-05-07,121541,validation,other,blank,0,0,,5,7,8147.400207855728,3318.500396227687,163.36481068735273,16.777333085148012,12.0,0.37469413682286246,unsegmented-local-field,0.0,0.0,26.725611581275075,25.911,0.8146115812750745
I-121541-05-08,121541,validation,other,blank,0,0,,5,8,8147.400207855728,3318.500396227687,163.36481068735273,16.777333085148012,12.0,0.37469413682286246,unsegmented-local-field,0.0,0.0,26.995719974093912,25.911,1.0847199740939102
I-121541-06-01,121541,validation,other,blank,0,0,,6,1,8150.2076745383,3310.7869449114482,163.36475766895148,16.777383004095366,12.0,0.37469413682286246,unsegmented-local-field,0.0,0.0,25.525611581275072,24.711,0.8146115812750745
I-121541-06-02,121541,validation,other,blank,0,0,,6,2,8150.2076745383,3310.7869449114482,163.36475766895148,16.777383004095366,12.0,0.37469413682286246,unsegmented-local-field,0.0,0.0,25.79571997409391,24.711,1.0847199740939102
I-121541-06-03,121541,validation,other,blank,0,0,,6,3,8150.2076745383,3310.7869449114482,163.36475766895148,16.777383004095366,12.0,0.37469413682286246,unsegmented-local-field,0.0,0.0,25.925611581275074,25.111,0.8146115812750745
I-121541-06-04,121541,validation,other,blank,0,0,,6,4,8150.2076745383,3310.7869449114482,163.36475766895148,16.777383004095366,12.0,0.37469413682286246,unsegmented-local-field,0.0,0.0,26.19571997409391,25.111,1.0847199740939102
I-121541-06-05,121541,validation,other,blank,0,0,,6,5,8150.2076745383,3310.7869449114482,163.36475766895148,16.777383004095366,12.0,0.37469413682286246,unsegmented-local-field,0.0,0.0,26.325611581275073,25.511,0.8146115812750745
I-121541-06-06,121541,validation,other,blank,0,0,,6,6,8150.2076745383,3310.7869449114482,163.36475766895148,16.777383004095366,12.0,0.37469413682286246,unsegmented-local-field,0.0,0.0,26.59571997409391,25.511,1.0847199740939102
I-121541-06-07,121541,validation,other,blank,0,0,,6,7,8150.2076745383,3310.7869449114482,163.36475766895148,16.777383004095366,12.0,0.37469413682286246,unsegmented-local-field,0.0,0.0,26.725611581275075,25.911,0.8146115812750745
I-121541-06-08,121541,validation,other,blank,0,0,,6,8,8150.2076745383,3310.7869449114482,163.36475766895148,16.777383004095366,12.0,0.37469413682286246,unsegmented-local-field,0.0,0.0,26.995719974093912,25.911,1.0847199740939102
I-121541-07-01,121541,validation,other,blank,0,0,,7,1,8157.3164297237245,3306.6827031915404,163.3647505683251,16.777453873150275,12.0,0.37469413682286246,unsegmented-local-field,0.0,0.0,25.525611581275072,24.711,0.8146115812750745
I-121541-07-02,121541,validation,other,blank,0,0,,7,2,8157.3164297237245,3306.6827031915404,163.3647505683251,16.777453873150275,12.0,0.37469413682286246,unsegmented-local-field,0.0,0.0,25.79571997409391,24.711,1.0847199740939102
I-121541-07-03,121541,validation,other,blank,0,0,,7,3,8157.3164297237245,3306.6827031915404,163.3647505683251,16.777453873150275,12.0,0.37469413682286246,unsegmented-local-field,0.0,0.0,25.925611581275074,25.111,0.8146115812750745
I-121541-07-04,121541,validation,other,blank,0,0,,7,4,8157.3164297237245,3306.6827031915404,163.3647505683251,16.777453873150275,12.0,0.37469413682286246,unsegmented-local-field,0.0,0.0,26.19571997409391,25.111,1.0847199740939102
I-121541-07-05,121541,validation,other,blank,0,0,,7,5,8157.3164297237245,3306.6827031915404,163.3647505683251,16.777453873150275,12.0,0.37469413682286246,unsegmented-local-field,0.0,0.0,26.325611581275073,25.511,0.8146115812750745
I-121541-07-06,121541,validation,other,blank,0,0,,7,6,8157.3164297237245,3306.6827031915404,163.3647505683251,16.777453873150275,12.0,0.37469413682286246,unsegmented-local-field,0.0,0.0,26.59571997409391,25.511,1.0847199740939102
I-121541-07-07,121541,validation,other,blank,0,0,,7,7,8157.3164297237245,3306.6827031915404,163.3647505683251,16.777453873150275,12.0,0.37469413682286246,unsegmented-local-field,0.0,0.0,26.725611581275075,25.911,0.8146115812750745
I-121541-07-08,121541,validation,other,blank,0,0,,7,8,8157.3164297237245,3306.6827031915404,163.3647505683251,16.777453873150275,12.0,0.37469413682286246,unsegmented-local-field,0.0,0.0,26.995719974093912,25.911,1.0847199740939102
I-121541-08-01,121541,validation,other,blank,0,0,,8,1,8167.113659171966,3309.3078629102592,163.36480903825552,16.777521734175913,12.0,0.37469413682286246,unsegmented-local-field,0.0,0.0,25.525611581275072,24.711,0.8146115812750745
I-121541-08-02,121541,validation,other,blank,0,0,,8,2,8167.113659171966,3309.3078629102592,163.36480903825552,16.777521734175913,12.0,0.37469413682286246,unsegmented-local-field,0.0,0.0,25.79571997409391,24.711,1.0847199740939102
I-121541-08-03,121541,validation,other,blank,0,0,,8,3,8167.113659171966,3309.3078629102592,163.36480903825552,16.777521734175913,12.0,0.37469413682286246,unsegmented-local-field,0.0,0.0,25.925611581275074,25.111,0.8146115812750745
I-121541-08-04,121541,validation,other,blank,0,0,,8,4,8167.113659171966,3309.3078629102592,163.36480903825552,16.777521734175913,12.0,0.37469413682286246,unsegmented-local-field,0.0,0.0,26.19571997409391,25.111,1.0847199740939102
I-121541-08-05,121541,validation,other,blank,0,0,,8,5,8167.113659171966,3309.3078629102592,163.36480903825552,16.777521734175913,12.0,0.37469413682286246,unsegmented-local-field,0.0,0.0,26.325611581275073,25.511,0.8146115812750745
I-121541-08-06,121541,validation,other,blank,0,0,,8,6,8167.113659171966,3309.3078629102592,163.36480903825552,16.777521734175913,12.0,0.37469413682286246,unsegmented-local-field,0.0,0.0,26.59571997409391,25.511,1.0847199740939102
I-121541-08-07,121541,validation,other,blank,0,0,,8,7,8167.113659171966,3309.3078629102592,163.36480903825552,16.777521734175913,12.0,0.37469413682286246,unsegmented-local-field,0.0,0.0,26.725611581275075,25.911,0.8146115812750745
I-121541-08-08,121541,validation,other,blank,0,0,,8,8,8167.113659171966,3309.3078629102592,163.36480903825552,16.777521734175913,12.0,0.37469413682286246,unsegmented-local-field,0.0,0.0,26.995719974093912,25.911,1.0847199740939102
I-158741-01-01,158741,validation,other,blank,0,0,,1,1,6435.738840743366,3912.8237538460476,163.36327399625037,16.761686960895947,7.5,0.23418383551428903,unsegmented-local-field,0.0,0.0,25.133611581275073,24.319,0.8146115812750745
I-158741-01-02,158741,validation,other,blank,0,0,,1,2,6435.738840743366,3912.8237538460476,163.36327399625037,16.761686960895947,7.5,0.23418383551428903,unsegmented-local-field,0.0,0.0,25.40371997409391,24.319,1.0847199740939102
I-158741-01-03,158741,validation,other,blank,0,0,,1,3,6435.738840743366,3912.8237538460476,163.36327399625037,16.761686960895947,7.5,0.23418383551428903,unsegmented-local-field,0.0,0.0,25.533611581275075,24.719,0.8146115812750745
I-158741-01-04,158741,validation,other,blank,0,0,,1,4,6435.738840743366,3912.8237538460476,163.36327399625037,16.761686960895947,7.5,0.23418383551428903,unsegmented-local-field,0.0,0.0,25.803719974093912,24.719,1.0847199740939102
I-158741-01-05,158741,validation,other,blank,0,0,,1,5,6435.738840743366,3912.8237538460476,163.36327399625037,16.761686960895947,7.5,0.23418383551428903,unsegmented-local-field,0.0,0.0,25.933611581275073,25.119,0.8146115812750745
I-158741-01-06,158741,validation,other,blank,0,0,,1,6,6435.738840743366,3912.8237538460476,163.36327399625037,16.761686960895947,7.5,0.23418383551428903,unsegmented-local-field,0.0,0.0,26.20371997409391,25.119,1.0847199740939102
I-158741-01-07,158741,validation,other,blank,0,0,,1,7,6435.738840743366,3912.8237538460476,163.36327399625037,16.761686960895947,7.5,0.23418383551428903,unsegmented-local-field,0.0,0.0,26.333611581275076,25.519000000000002,0.8146115812750745
I-158741-01-08,158741,validation,other,blank,0,0,,1,8,6435.738840743366,3912.8237538460476,163.36327399625037,16.761686960895947,7.5,0.23418383551428903,unsegmented-local-field,0.0,0.0,26.603719974093913,25.519000000000002,1.0847199740939102
I-158741-02-01,158741,validation,other,blank,0,0,,2,1,6433.310259884255,3923.6994472904876,163.36335449574193,16.761628649627216,12.0,0.37469413682286246,unsegmented-local-field,0.0,0.0,25.133611581275073,24.319,0.8146115812750745
I-158741-02-02,158741,validation,other,blank,0,0,,2,2,6433.310259884255,3923.6994472904876,163.36335449574193,16.761628649627216,12.0,0.37469413682286246,unsegmented-local-field,0.0,0.0,25.40371997409391,24.319,1.0847199740939102
I-158741-02-03,158741,validation,other,blank,0,0,,2,3,6433.310259884255,3923.6994472904876,163.36335449574193,16.761628649627216,12.0,0.37469413682286246,unsegmented-local-field,0.0,0.0,25.533611581275075,24.719,0.8146115812750745
I-158741-02-04,158741,validation,other,blank,0,0,,2,4,6433.310259884255,3923.6994472904876,163.36335449574193,16.761628649627216,12.0,0.37469413682286246,unsegmented-local-field,0.0,0.0,25.803719974093912,24.719,1.0847199740939102
I-158741-02-05,158741,validation,other,blank,0,0,,2,5,6433.310259884255,3923.6994472904876,163.36335449574193,16.761628649627216,12.0,0.37469413682286246,unsegmented-local-field,0.0,0.0,25.933611581275073,25.119,0.8146115812750745
I-158741-02-06,158741,validation,other,blank,0,0,,2,6,6433.310259884255,3923.6994472904876,163.36335449574193,16.761628649627216,12.0,0.37469413682286246,unsegmented-local-field,0.0,0.0,26.20371997409391,25.119,1.0847199740939102
I-158741-02-07,158741,validation,other,blank,0,0,,2,7,6433.310259884255,3923.6994472904876,163.36335449574193,16.761628649627216,12.0,0.37469413682286246,unsegmented-local-field,0.0,0.0,26.333611581275076,25.519000000000002,0.8146115812750745
I-158741-02-08,158741,validation,other,blank,0,0,,2,8,6433.310259884255,3923.6994472904876,163.36335449574193,16.761628649627216,12.0,0.37469413682286246,unsegmented-local-field,0.0,0.0,26.603719974093913,25.519000000000002,1.0847199740939102
I-158741-03-01,158741,validation,other,blank,0,0,,3,1,6425.944534997962,3916.1003620232036,163.3632641805372,16.76159787905405,4.0,0.12489804560762081,unsegmented-local-field,0.0,0.0,25.133611581275073,24.319,0.8146115812750745
I-158741-03-02,158741,validation,other,blank,0,0,,3,2,6425.944534997962,3916.1003620232036,163.3632641805372,16.76159787905405,4.0,0.12489804560762081,unsegmented-local-field,0.0,0.0,25.40371997409391,24.319,1.0847199740939102
I-158741-03-03,158741,validation,other,blank,0,0,,3,3,6425.944534997962,3916.1003620232036,163.3632641805372,16.76159787905405,4.0,0.12489804560762081,unsegmented-local-field,0.0,0.0,25.533611581275075,24.719,0.8146115812750745
I-158741-03-04,158741,validation,other,blank,0,0,,3,4,6425.944534997962,3916.1003620232036,163.3632641805372,16.76159787905405,4.0,0.12489804560762081,unsegmented-local-field,0.0,0.0,25.803719974093912,24.719,1.0847199740939102
I-158741-03-05,158741,validation,other,blank,0,0,,3,5,6425.944534997962,3916.1003620232036,163.3632641805372,16.76159787905405,4.0,0.12489804560762081,unsegmented-local-field,0.0,0.0,25.933611581275073,25.119,0.8146115812750745
I-158741-03-06,158741,validation,other,blank,0,0,,3,6,6425.944534997962,3916.1003620232036,163.3632641805372,16.76159787905405,4.0,0.12489804560762081,unsegmented-local-field,0.0,0.0,26.20371997409391,25.119,1.0847199740939102
I-158741-03-07,158741,validation,other,blank,0,0,,3,7,6425.944534997962,3916.1003620232036,163.3632641805372,16.76159787905405,4.0,0.12489804560762081,unsegmented-local-field,0.0,0.0,26.333611581275076,25.519000000000002,0.8146115812750745
I-158741-03-08,158741,validation,other,blank,0,0,,3,8,6425.944534997962,3916.1003620232036,163.3632641805372,16.76159787905405,4.0,0.12489804560762081,unsegmented-local-field,0.0,0.0,26.603719974093913,25.519000000000002,1.0847199740939102
I-158741-04-01,158741,validation,other,blank,0,0,,4,1,6416.238840743366,3912.8237538460476,163.36320069141675,16.761533084780677,12.0,0.37469413682286246,unsegmented-local-field,0.0,0.0,25.133611581275073,24.319,0.8146115812750745
I-158741-04-02,158741,validation,other,blank,0,0,,4,2,6416.238840743366,3912.8237538460476,163.36320069141675,16.761533084780677,12.0,0.37469413682286246,unsegmented-local-field,0.0,0.0,25.40371997409391,24.319,1.0847199740939102
I-158741-04-03,158741,validation,other,blank,0,0,,4,3,6416.238840743366,3912.8237538460476,163.36320069141675,16.761533084780677,12.0,0.37469413682286246,unsegmented-local-field,0.0,0.0,25.533611581275075,24.719,0.8146115812750745
I-158741-04-04,158741,validation,other,blank,0,0,,4,4,6416.238840743366,3912.8237538460476,163.36320069141675,16.761533084780677,12.0,0.37469413682286246,unsegmented-local-field,0.0,0.0,25.803719974093912,24.719,1.0847199740939102
I-158741-04-05,158741,validation,other,blank,0,0,,4,5,6416.238840743366,3912.8237538460476,163.36320069141675,16.761533084780677,12.0,0.37469413682286246,unsegmented-local-field,0.0,0.0,25.933611581275073,25.119,0.8146115812750745
I-158741-04-06,158741,validation,other,blank,0,0,,4,6,6416.238840743366,3912.8237538460476,163.36320069141675,16.761533084780677,12.0,0.37469413682286246,unsegmented-local-field,0.0,0.0,26.20371997409391,25.119,1.0847199740939102
I-158741-04-07,158741,validation,other,blank,0,0,,4,7,6416.238840743366,3912.8237538460476,163.36320069141675,16.761533084780677,12.0,0.37469413682286246,unsegmented-local-field,0.0,0.0,26.333611581275076,25.519000000000002,0.8146115812750745
I-158741-04-08,158741,validation,other,blank,0,0,,4,8,6416.238840743366,3912.8237538460476,163.36320069141675,16.761533084780677,12.0,0.37469413682286246,unsegmented-local-field,0.0,0.0,26.603719974093913,25.519000000000002,1.0847199740939102
I-158741-05-01,158741,validation,other,blank,0,0,,5,1,6419.046307425939,3905.110302529809,163.3631476769943,16.76158300331849,12.0,0.37469413682286246,unsegmented-local-field,0.0,0.0,25.133611581275073,24.319,0.8146115812750745
I-158741-05-02,158741,validation,other,blank,0,0,,5,2,6419.046307425939,3905.110302529809,163.3631476769943,16.76158300331849,12.0,0.37469413682286246,unsegmented-local-field,0.0,0.0,25.40371997409391,24.319,1.0847199740939102
I-158741-05-03,158741,validation,other,blank,0,0,,5,3,6419.046307425939,3905.110302529809,163.3631476769943,16.76158300331849,12.0,0.37469413682286246,unsegmented-local-field,0.0,0.0,25.533611581275075,24.719,0.8146115812750745
I-158741-05-04,158741,validation,other,blank,0,0,,5,4,6419.046307425939,3905.110302529809,163.3631476769943,16.76158300331849,12.0,0.37469413682286246,unsegmented-local-field,0.0,0.0,25.803719974093912,24.719,1.0847199740939102
I-158741-05-05,158741,validation,other,blank,0,0,,5,5,6419.046307425939,3905.110302529809,163.3631476769943,16.76158300331849,12.0,0.37469413682286246,unsegmented-local-field,0.0,0.0,25.933611581275073,25.119,0.8146115812750745
I-158741-05-06,158741,validation,other,blank,0,0,,5,6,6419.046307425939,3905.110302529809,163.3631476769943,16.76158300331849,12.0,0.37469413682286246,unsegmented-local-field,0.0,0.0,26.20371997409391,25.119,1.0847199740939102
I-158741-05-07,158741,validation,other,blank,0,0,,5,7,6419.046307425939,3905.110302529809,163.3631476769943,16.76158300331849,12.0,0.37469413682286246,unsegmented-local-field,0.0,0.0,26.333611581275076,25.519000000000002,0.8146115812750745
I-158741-05-08,158741,validation,other,blank,0,0,,5,8,6419.046307425939,3905.110302529809,163.3631476769943,16.76158300331849,12.0,0.37469413682286246,unsegmented-local-field,0.0,0.0,26.603719974093913,25.519000000000002,1.0847199740939102
I-158741-06-01,158741,validation,other,blank,0,0,,6,1,6426.155062611363,3901.006060809901,163.36314057635772,16.761653872327393,12.0,0.37469413682286246,unsegmented-local-field,0.0,0.0,25.133611581275073,24.319,0.8146115812750745
I-158741-06-02,158741,validation,other,blank,0,0,,6,2,6426.155062611363,3901.006060809901,163.36314057635772,16.761653872327393,12.0,0.37469413682286246,unsegmented-local-field,0.0,0.0,25.40371997409391,24.319,1.0847199740939102
I-158741-06-03,158741,validation,other,blank,0,0,,6,3,6426.155062611363,3901.006060809901,163.36314057635772,16.761653872327393,12.0,0.37469413682286246,unsegmented-local-field,0.0,0.0,25.533611581275075,24.719,0.8146115812750745
I-158741-06-04,158741,validation,other,blank,0,0,,6,4,6426.155062611363,3901.006060809901,163.36314057635772,16.761653872327393,12.0,0.37469413682286246,unsegmented-local-field,0.0,0.0,25.803719974093912,24.719,1.0847199740939102
I-158741-06-05,158741,validation,other,blank,0,0,,6,5,6426.155062611363,3901.006060809901,163.36314057635772,16.761653872327393,12.0,0.37469413682286246,unsegmented-local-field,0.0,0.0,25.933611581275073,25.119,0.8146115812750745
I-158741-06-06,158741,validation,other,blank,0,0,,6,6,6426.155062611363,3901.006060809901,163.36314057635772,16.761653872327393,12.0,0.37469413682286246,unsegmented-local-field,0.0,0.0,26.20371997409391,25.119,1.0847199740939102
I-158741-06-07,158741,validation,other,blank,0,0,,6,7,6426.155062611363,3901.006060809901,163.36314057635772,16.761653872327393,12.0,0.37469413682286246,unsegmented-local-field,0.0,0.0,26.333611581275076,25.519000000000002,0.8146115812750745
I-158741-06-08,158741,validation,other,blank,0,0,,6,8,6426.155062611363,3901.006060809901,163.36314057635772,16.761653872327393,12.0,0.37469413682286246,unsegmented-local-field,0.0,0.0,26.603719974093913,25.519000000000002,1.0847199740939102
I-158741-07-01,158741,validation,other,blank,0,0,,7,1,6429.0202575428675,3908.3921189574926,163.36321221746908,16.761649895690315,4.5,0.14051030130857342,unsegmented-local-field,0.0,0.0,25.133611581275073,24.319,0.8146115812750745
I-158741-07-02,158741,validation,other,blank,0,0,,7,2,6429.0202575428675,3908.3921189574926,163.36321221746908,16.761649895690315,4.5,0.14051030130857342,unsegmented-local-field,0.0,0.0,25.40371997409391,24.319,1.0847199740939102
I-158741-07-03,158741,validation,other,blank,0,0,,7,3,6429.0202575428675,3908.3921189574926,163.36321221746908,16.761649895690315,4.5,0.14051030130857342,unsegmented-local-field,0.0,0.0,25.533611581275075,24.719,0.8146115812750745
I-158741-07-04,158741,validation,other,blank,0,0,,7,4,6429.0202575428675,3908.3921189574926,163.36321221746908,16.761649895690315,4.5,0.14051030130857342,unsegmented-local-field,0.0,0.0,25.803719974093912,24.719,1.0847199740939102
I-158741-07-05,158741,validation,other,blank,0,0,,7,5,6429.0202575428675,3908.3921189574926,163.36321221746908,16.761649895690315,4.5,0.14051030130857342,unsegmented-local-field,0.0,0.0,25.933611581275073,25.119,0.8146115812750745
I-158741-07-06,158741,validation,other,blank,0,0,,7,6,6429.0202575428675,3908.3921189574926,163.36321221746908,16.761649895690315,4.5,0.14051030130857342,unsegmented-local-field,0.0,0.0,26.20371997409391,25.119,1.0847199740939102
I-158741-07-07,158741,validation,other,blank,0,0,,7,7,6429.0202575428675,3908.3921189574926,163.36321221746908,16.761649895690315,4.5,0.14051030130857342,unsegmented-local-field,0.0,0.0,26.333611581275076,25.519000000000002,0.8146115812750745
I-158741-07-08,158741,validation,other,blank,0,0,,7,8,6429.0202575428675,3908.3921189574926,163.36321221746908,16.761649895690315,4.5,0.14051030130857342,unsegmented-local-field,0.0,0.0,26.603719974093913,25.519000000000002,1.0847199740939102
I-158741-08-01,158741,validation,other,blank,0,0,,8,1,6435.952292059605,3903.63122052862,163.36319904086037,16.761721733821627,12.0,0.37469413682286246,unsegmented-local-field,0.0,0.0,25.133611581275073,24.319,0.8146115812750745
I-158741-08-02,158741,validation,other,blank,0,0,,8,2,6435.952292059605,3903.63122052862,163.36319904086037,16.761721733821627,12.0,0.37469413682286246,unsegmented-local-field,0.0,0.0,25.40371997409391,24.319,1.0847199740939102
I-158741-08-03,158741,validation,other,blank,0,0,,8,3,6435.952292059605,3903.63122052862,163.36319904086037,16.761721733821627,12.0,0.37469413682286246,unsegmented-local-field,0.0,0.0,25.533611581275075,24.719,0.8146115812750745
I-158741-08-04,158741,validation,other,blank,0,0,,8,4,6435.952292059605,3903.63122052862,163.36319904086037,16.761721733821627,12.0,0.37469413682286246,unsegmented-local-field,0.0,0.0,25.803719974093912,24.719,1.0847199740939102
I-158741-08-05,158741,validation,other,blank,0,0,,8,5,6435.952292059605,3903.63122052862,163.36319904086037,16.761721733821627,12.0,0.37469413682286246,unsegmented-local-field,0.0,0.0,25.933611581275073,25.119,0.8146115812750745
I-158741-08-06,158741,validation,other,blank,0,0,,8,6,6435.952292059605,3903.63122052862,163.36319904086037,16.761721733821627,12.0,0.37469413682286246,unsegmented-local-field,0.0,0.0,26.20371997409391,25.119,1.0847199740939102
I-158741-08-07,158741,validation,other,blank,0,0,,8,7,6435.952292059605,3903.63122052862,163.36319904086037,16.761721733821627,12.0,0.37469413682286246,unsegmented-local-field,0.0,0.0,26.333611581275076,25.519000000000002,0.8146115812750745
I-158741-08-08,158741,validation,other,blank,0,0,,8,8,6435.952292059605,3903.63122052862,163.36319904086037,16.761721733821627,12.0,0.37469413682286246,unsegmented-local-field,0.0,0.0,26.603719974093913,25.519000000000002,1.0847199740939102
I-162049-01-01,162049,validation,other,blank,0,0,,1,1,6051.044151099116,3962.0366661960225,163.3622334347768,16.75847415868491,7.5,0.23418383551428903,unsegmented-local-field,0.0,0.0,25.860611581275073,25.046,0.8146115812750745
I-162049-01-02,162049,validation,other,blank,0,0,,1,2,6051.044151099116,3962.0366661960225,163.3622334347768,16.75847415868491,7.5,0.23418383551428903,unsegmented-local-field,0.0,0.0,26.13071997409391,25.046,1.0847199740939102
I-162049-01-03,162049,validation,other,blank,0,0,,1,3,6051.044151099116,3962.0366661960225,163.3622334347768,16.75847415868491,7.5,0.23418383551428903,unsegmented-local-field,0.0,0.0,26.260611581275075,25.446,0.8146115812750745
I-162049-01-04,162049,validation,other,blank,0,0,,1,4,6051.044151099116,3962.0366661960225,163.3622334347768,16.75847415868491,7.5,0.23418383551428903,unsegmented-local-field,0.0,0.0,26.530719974093913,25.446,1.0847199740939102
I-162049-01-05,162049,validation,other,blank,0,0,,1,5,6051.044151099116,3962.0366661960225,163.3622334347768,16.75847415868491,7.5,0.23418383551428903,unsegmented-local-field,0.0,0.0,26.660611581275074,25.846,0.8146115812750745
I-162049-01-06,162049,validation,other,blank,0,0,,1,6,6051.044151099116,3962.0366661960225,163.3622334347768,16.75847415868491,7.5,0.23418383551428903,unsegmented-local-field,0.0,0.0,26.93071997409391,25.846,1.0847199740939102
I-162049-01-07,162049,validation,other,blank,0,0,,1,7,6051.044151099116,3962.0366661960225,163.3622334347768,16.75847415868491,7.5,0.23418383551428903,unsegmented-local-field,0.0,0.0,27.060611581275076,26.246000000000002,0.8146115812750745
I-162049-01-08,162049,validation,other,blank,0,0,,1,8,6051.044151099116,3962.0366661960225,163.3622334347768,16.75847415868491,7.5,0.23418383551428903,unsegmented-local-field,0.0,0.0,27.330719974093913,26.246000000000002,1.0847199740939102
I-162049-02-01,162049,validation,other,blank,0,0,,2,1,6048.100698163129,3970.747826570511,163.362294159613,16.758419576079294,12.0,0.37469413682286246,unsegmented-local-field,0.0,0.0,25.860611581275073,25.046,0.8146115812750745
I-162049-02-02,162049,validation,other,blank,0,0,,2,2,6048.100698163129,3970.747826570511,163.362294159613,16.758419576079294,12.0,0.37469413682286246,unsegmented-local-field,0.0,0.0,26.13071997409391,25.046,1.0847199740939102
I-162049-02-03,162049,validation,other,blank,0,0,,2,3,6048.100698163129,3970.747826570511,163.362294159613,16.758419576079294,12.0,0.37469413682286246,unsegmented-local-field,0.0,0.0,26.260611581275075,25.446,0.8146115812750745
I-162049-02-04,162049,validation,other,blank,0,0,,2,4,6048.100698163129,3970.747826570511,163.362294159613,16.758419576079294,12.0,0.37469413682286246,unsegmented-local-field,0.0,0.0,26.530719974093913,25.446,1.0847199740939102
I-162049-02-05,162049,validation,other,blank,0,0,,2,5,6048.100698163129,3970.747826570511,163.362294159613,16.758419576079294,12.0,0.37469413682286246,unsegmented-local-field,0.0,0.0,26.660611581275074,25.846,0.8146115812750745
I-162049-02-06,162049,validation,other,blank,0,0,,2,6,6048.100698163129,3970.747826570511,163.362294159613,16.758419576079294,12.0,0.37469413682286246,unsegmented-local-field,0.0,0.0,26.93071997409391,25.846,1.0847199740939102
I-162049-02-07,162049,validation,other,blank,0,0,,2,7,6048.100698163129,3970.747826570511,163.362294159613,16.758419576079294,12.0,0.37469413682286246,unsegmented-local-field,0.0,0.0,27.060611581275076,26.246000000000002,0.8146115812750745
I-162049-02-08,162049,validation,other,blank,0,0,,2,8,6048.100698163129,3970.747826570511,163.362294159613,16.758419576079294,12.0,0.37469413682286246,unsegmented-local-field,0.0,0.0,27.330719974093913,26.246000000000002,1.0847199740939102
I-162049-03-01,162049,validation,other,blank,0,0,,3,1,6038.925037302332,3970.34720856552,163.36225636567937,16.75834861202886,12.0,0.37469413682286246,unsegmented-local-field,0.0,0.0,25.860611581275073,25.046,0.8146115812750745
I-162049-03-02,162049,validation,other,blank,0,0,,3,2,6038.925037302332,3970.34720856552,163.36225636567937,16.75834861202886,12.0,0.37469413682286246,unsegmented-local-field,0.0,0.0,26.13071997409391,25.046,1.0847199740939102
I-162049-03-03,162049,validation,other,blank,0,0,,3,3,6038.925037302332,3970.34720856552,163.36225636567937,16.75834861202886,12.0,0.37469413682286246,unsegmented-local-field,0.0,0.0,26.260611581275075,25.446,0.8146115812750745
I-162049-03-04,162049,validation,other,blank,0,0,,3,4,6038.925037302332,3970.34720856552,163.36225636567937,16.75834861202886,12.0,0.37469413682286246,unsegmented-local-field,0.0,0.0,26.530719974093913,25.446,1.0847199740939102
I-162049-03-05,162049,validation,other,blank,0,0,,3,5,6038.925037302332,3970.34720856552,163.36225636567937,16.75834861202886,12.0,0.37469413682286246,unsegmented-local-field,0.0,0.0,26.660611581275074,25.846,0.8146115812750745
I-162049-03-06,162049,validation,other,blank,0,0,,3,6,6038.925037302332,3970.34720856552,163.36225636567937,16.75834861202886,12.0,0.37469413682286246,unsegmented-local-field,0.0,0.0,26.93071997409391,25.846,1.0847199740939102
I-162049-03-07,162049,validation,other,blank,0,0,,3,7,6038.925037302332,3970.34720856552,163.36225636567937,16.75834861202886,12.0,0.37469413682286246,unsegmented-local-field,0.0,0.0,27.060611581275076,26.246000000000002,0.8146115812750745
I-162049-03-08,162049,validation,other,blank,0,0,,3,8,6038.925037302332,3970.34720856552,163.36225636567937,16.75834861202886,12.0,0.37469413682286246,unsegmented-local-field,0.0,0.0,27.330719974093913,26.246000000000002,1.0847199740939102
I-162049-04-01,162049,validation,other,blank,0,0,,4,1,6040.3712252950745,3961.1619881680426,163.36218610568295,16.75839308591445,4.0,0.12489804560762081,unsegmented-local-field,0.0,0.0,25.860611581275073,25.046,0.8146115812750745
I-162049-04-02,162049,validation,other,blank,0,0,,4,2,6040.3712252950745,3961.1619881680426,163.36218610568295,16.75839308591445,4.0,0.12489804560762081,unsegmented-local-field,0.0,0.0,26.13071997409391,25.046,1.0847199740939102
I-162049-04-03,162049,validation,other,blank,0,0,,4,3,6040.3712252950745,3961.1619881680426,163.36218610568295,16.75839308591445,4.0,0.12489804560762081,unsegmented-local-field,0.0,0.0,26.260611581275075,25.446,0.8146115812750745
I-162049-04-04,162049,validation,other,blank,0,0,,4,4,6040.3712252950745,3961.1619881680426,163.36218610568295,16.75839308591445,4.0,0.12489804560762081,unsegmented-local-field,0.0,0.0,26.530719974093913,25.446,1.0847199740939102
I-162049-04-05,162049,validation,other,blank,0,0,,4,5,6040.3712252950745,3961.1619881680426,163.36218610568295,16.75839308591445,4.0,0.12489804560762081,unsegmented-local-field,0.0,0.0,26.660611581275074,25.846,0.8146115812750745
I-162049-04-06,162049,validation,other,blank,0,0,,4,6,6040.3712252950745,3961.1619881680426,163.36218610568295,16.75839308591445,4.0,0.12489804560762081,unsegmented-local-field,0.0,0.0,26.93071997409391,25.846,1.0847199740939102
I-162049-04-07,162049,validation,other,blank,0,0,,4,7,6040.3712252950745,3961.1619881680426,163.36218610568295,16.75839308591445,4.0,0.12489804560762081,unsegmented-local-field,0.0,0.0,27.060611581275076,26.246000000000002,0.8146115812750745
I-162049-04-08,162049,validation,other,blank,0,0,,4,8,6040.3712252950745,3961.1619881680426,163.36218610568295,16.75839308591445,4.0,0.12489804560762081,unsegmented-local-field,0.0,0.0,27.330719974093913,26.246000000000002,1.0847199740939102
I-162049-05-01,162049,validation,other,blank,0,0,,5,1,6032.405346527752,3956.36568657985,163.36211663420121,16.758347490448415,12.0,0.37469413682286246,unsegmented-local-field,0.04,0.0,25.860611581275073,25.046,0.8146115812750745
I-162049-05-02,162049,validation,other,blank,0,0,,5,2,6032.405346527752,3956.36568657985,163.36211663420121,16.758347490448415,12.0,0.37469413682286246,unsegmented-local-field,0.04,0.0,26.13071997409391,25.046,1.0847199740939102
I-162049-05-03,162049,validation,other,blank,0,0,,5,3,6032.405346527752,3956.36568657985,163.36211663420121,16.758347490448415,12.0,0.37469413682286246,unsegmented-local-field,0.04,0.0,26.260611581275075,25.446,0.8146115812750745
I-162049-05-04,162049,validation,other,blank,0,0,,5,4,6032.405346527752,3956.36568657985,163.36211663420121,16.758347490448415,12.0,0.37469413682286246,unsegmented-local-field,0.04,0.0,26.530719974093913,25.446,1.0847199740939102
I-162049-05-05,162049,validation,other,blank,0,0,,5,5,6032.405346527752,3956.36568657985,163.36211663420121,16.758347490448415,12.0,0.37469413682286246,unsegmented-local-field,0.04,0.0,26.660611581275074,25.846,0.8146115812750745
I-162049-05-06,162049,validation,other,blank,0,0,,5,6,6032.405346527752,3956.36568657985,163.36211663420121,16.758347490448415,12.0,0.37469413682286246,unsegmented-local-field,0.04,0.0,26.93071997409391,25.846,1.0847199740939102
I-162049-05-07,162049,validation,other,blank,0,0,,5,7,6032.405346527752,3956.36568657985,163.36211663420121,16.758347490448415,12.0,0.37469413682286246,unsegmented-local-field,0.04,0.0,27.060611581275076,26.246000000000002,0.8146115812750745
I-162049-05-08,162049,validation,other,blank,0,0,,5,8,6032.405346527752,3956.36568657985,163.36211663420121,16.758347490448415,12.0,0.37469413682286246,unsegmented-local-field,0.04,0.0,27.330719974093913,26.246000000000002,1.0847199740939102
I-162049-06-01,162049,validation,other,blank,0,0,,6,1,6045.042325356193,3947.517178743979,163.36209121648486,16.758479060000344,12.0,0.37469413682286246,unsegmented-local-field,0.0,0.0,25.860611581275073,25.046,0.8146115812750745
I-162049-06-02,162049,validation,other,blank,0,0,,6,2,6045.042325356193,3947.517178743979,163.36209121648486,16.758479060000344,12.0,0.37469413682286246,unsegmented-local-field,0.0,0.0,26.13071997409391,25.046,1.0847199740939102
I-162049-06-03,162049,validation,other,blank,0,0,,6,3,6045.042325356193,3947.517178743979,163.36209121648486,16.758479060000344,12.0,0.37469413682286246,unsegmented-local-field,0.0,0.0,26.260611581275075,25.446,0.8146115812750745
I-162049-06-04,162049,validation,other,blank,0,0,,6,4,6045.042325356193,3947.517178743979,163.36209121648486,16.758479060000344,12.0,0.37469413682286246,unsegmented-local-field,0.0,0.0,26.530719974093913,25.446,1.0847199740939102
I-162049-06-05,162049,validation,other,blank,0,0,,6,5,6045.042325356193,3947.517178743979,163.36209121648486,16.758479060000344,12.0,0.37469413682286246,unsegmented-local-field,0.0,0.0,26.660611581275074,25.846,0.8146115812750745
I-162049-06-06,162049,validation,other,blank,0,0,,6,6,6045.042325356193,3947.517178743979,163.36209121648486,16.758479060000344,12.0,0.37469413682286246,unsegmented-local-field,0.0,0.0,26.93071997409391,25.846,1.0847199740939102
I-162049-06-07,162049,validation,other,blank,0,0,,6,7,6045.042325356193,3947.517178743979,163.36209121648486,16.758479060000344,12.0,0.37469413682286246,unsegmented-local-field,0.0,0.0,27.060611581275076,26.246000000000002,0.8146115812750745
I-162049-06-08,162049,validation,other,blank,0,0,,6,8,6045.042325356193,3947.517178743979,163.36209121648486,16.758479060000344,12.0,0.37469413682286246,unsegmented-local-field,0.0,0.0,27.330719974093913,26.246000000000002,1.0847199740939102
I-162049-07-01,162049,validation,other,blank,0,0,,7,1,6045.161142146182,3955.124848902779,163.36215435880086,16.758452614091297,4.5,0.14051030130857342,unsegmented-local-field,0.0,0.0,25.860611581275073,25.046,0.8146115812750745
I-162049-07-02,162049,validation,other,blank,0,0,,7,2,6045.161142146182,3955.124848902779,163.36215435880086,16.758452614091297,4.5,0.14051030130857342,unsegmented-local-field,0.0,0.0,26.13071997409391,25.046,1.0847199740939102
I-162049-07-03,162049,validation,other,blank,0,0,,7,3,6045.161142146182,3955.124848902779,163.36215435880086,16.758452614091297,4.5,0.14051030130857342,unsegmented-local-field,0.0,0.0,26.260611581275075,25.446,0.8146115812750745
I-162049-07-04,162049,validation,other,blank,0,0,,7,4,6045.161142146182,3955.124848902779,163.36215435880086,16.758452614091297,4.5,0.14051030130857342,unsegmented-local-field,0.0,0.0,26.530719974093913,25.446,1.0847199740939102
I-162049-07-05,162049,validation,other,blank,0,0,,7,5,6045.161142146182,3955.124848902779,163.36215435880086,16.758452614091297,4.5,0.14051030130857342,unsegmented-local-field,0.0,0.0,26.660611581275074,25.846,0.8146115812750745
I-162049-07-06,162049,validation,other,blank,0,0,,7,6,6045.161142146182,3955.124848902779,163.36215435880086,16.758452614091297,4.5,0.14051030130857342,unsegmented-local-field,0.0,0.0,26.93071997409391,25.846,1.0847199740939102
I-162049-07-07,162049,validation,other,blank,0,0,,7,7,6045.161142146182,3955.124848902779,163.36215435880086,16.758452614091297,4.5,0.14051030130857342,unsegmented-local-field,0.0,0.0,27.060611581275076,26.246000000000002,0.8146115812750745
I-162049-07-08,162049,validation,other,blank,0,0,,7,8,6045.161142146182,3955.124848902779,163.36215435880086,16.758452614091297,4.5,0.14051030130857342,unsegmented-local-field,0.0,0.0,27.330719974093913,26.246000000000002,1.0847199740939102
I-162049-08-01,162049,validation,other,blank,0,0,,8,1,6052.42294531753,3952.400851414528,163.3621592079876,16.758519722648753,11.0,0.3434696254209572,unsegmented-local-field,0.04,0.0,25.860611581275073,25.046,0.8146115812750745
I-162049-08-02,162049,validation,other,blank,0,0,,8,2,6052.42294531753,3952.400851414528,163.3621592079876,16.758519722648753,11.0,0.3434696254209572,unsegmented-local-field,0.04,0.0,26.13071997409391,25.046,1.0847199740939102
I-162049-08-03,162049,validation,other,blank,0,0,,8,3,6052.42294531753,3952.400851414528,163.3621592079876,16.758519722648753,11.0,0.3434696254209572,unsegmented-local-field,0.04,0.0,26.260611581275075,25.446,0.8146115812750745
I-162049-08-04,162049,validation,other,blank,0,0,,8,4,6052.42294531753,3952.400851414528,163.3621592079876,16.758519722648753,11.0,0.3434696254209572,unsegmented-local-field,0.04,0.0,26.530719974093913,25.446,1.0847199740939102
I-162049-08-05,162049,validation,other,blank,0,0,,8,5,6052.42294531753,3952.400851414528,163.3621592079876,16.758519722648753,11.0,0.3434696254209572,unsegmented-local-field,0.04,0.0,26.660611581275074,25.846,0.8146115812750745
I-162049-08-06,162049,validation,other,blank,0,0,,8,6,6052.42294531753,3952.400851414528,163.3621592079876,16.758519722648753,11.0,0.3434696254209572,unsegmented-local-field,0.04,0.0,26.93071997409391,25.846,1.0847199740939102
I-162049-08-07,162049,validation,other,blank,0,0,,8,7,6052.42294531753,3952.400851414528,163.3621592079876,16.758519722648753,11.0,0.3434696254209572,unsegmented-local-field,0.04,0.0,27.060611581275076,26.246000000000002,0.8146115812750745
I-162049-08-08,162049,validation,other,blank,0,0,,8,8,6052.42294531753,3952.400851414528,163.3621592079876,16.758519722648753,11.0,0.3434696254209572,unsegmented-local-field,0.04,0.0,27.330719974093913,26.246000000000002,1.0847199740939102
I-164975-01-01,164975,validation,other,blank,0,0,,1,1,6190.009801163523,4240.903395100473,163.36505399624593,16.758566960654438,7.5,0.23418383551428903,unsegmented-local-field,0.0,0.0,25.299611581275073,24.485,0.8146115812750745
I-164975-01-02,164975,validation,other,blank,0,0,,1,2,6190.009801163523,4240.903395100473,163.36505399624593,16.758566960654438,7.5,0.23418383551428903,unsegmented-local-field,0.0,0.0,25.56971997409391,24.485,1.0847199740939102
I-164975-01-03,164975,validation,other,blank,0,0,,1,3,6190.009801163523,4240.903395100473,163.36505399624593,16.758566960654438,7.5,0.23418383551428903,unsegmented-local-field,0.0,0.0,25.699611581275075,24.885,0.8146115812750745
I-164975-01-04,164975,validation,other,blank,0,0,,1,4,6190.009801163523,4240.903395100473,163.36505399624593,16.758566960654438,7.5,0.23418383551428903,unsegmented-local-field,0.0,0.0,25.969719974093913,24.885,1.0847199740939102
I-164975-01-05,164975,validation,other,blank,0,0,,1,5,6190.009801163523,4240.903395100473,163.36505399624593,16.758566960654438,7.5,0.23418383551428903,unsegmented-local-field,0.0,0.0,26.099611581275074,25.285,0.8146115812750745
I-164975-01-06,164975,validation,other,blank,0,0,,1,6,6190.009801163523,4240.903395100473,163.36505399624593,16.758566960654438,7.5,0.23418383551428903,unsegmented-local-field,0.0,0.0,26.36971997409391,25.285,1.0847199740939102
I-164975-01-07,164975,validation,other,blank,0,0,,1,7,6190.009801163523,4240.903395100473,163.36505399624593,16.758566960654438,7.5,0.23418383551428903,unsegmented-local-field,0.0,0.0,26.499611581275076,25.685000000000002,0.8146115812750745
I-164975-01-08,164975,validation,other,blank,0,0,,1,8,6190.009801163523,4240.903395100473,163.36505399624593,16.758566960654438,7.5,0.23418383551428903,unsegmented-local-field,0.0,0.0,26.769719974093913,25.685000000000002,1.0847199740939102
I-164975-02-01,164975,validation,other,blank,0,0,,2,1,6180.426023031519,4252.72108813662,163.36511535884893,16.758448795884718,12.0,0.37469413682286246,unsegmented-local-field,0.0,0.0,25.299611581275073,24.485,0.8146115812750745
I-164975-02-02,164975,validation,other,blank,0,0,,2,2,6180.426023031519,4252.72108813662,163.36511535884893,16.758448795884718,12.0,0.37469413682286246,unsegmented-local-field,0.0,0.0,25.56971997409391,24.485,1.0847199740939102
I-164975-02-03,164975,validation,other,blank,0,0,,2,3,6180.426023031519,4252.72108813662,163.36511535884893,16.758448795884718,12.0,0.37469413682286246,unsegmented-local-field,0.0,0.0,25.699611581275075,24.885,0.8146115812750745
I-164975-02-04,164975,validation,other,blank,0,0,,2,4,6180.426023031519,4252.72108813662,163.36511535884893,16.758448795884718,12.0,0.37469413682286246,unsegmented-local-field,0.0,0.0,25.969719974093913,24.885,1.0847199740939102
I-164975-02-05,164975,validation,other,blank,0,0,,2,5,6180.426023031519,4252.72108813662,163.36511535884893,16.758448795884718,12.0,0.37469413682286246,unsegmented-local-field,0.0,0.0,26.099611581275074,25.285,0.8146115812750745
I-164975-02-06,164975,validation,other,blank,0,0,,2,6,6180.426023031519,4252.72108813662,163.36511535884893,16.758448795884718,12.0,0.37469413682286246,unsegmented-local-field,0.0,0.0,26.36971997409391,25.285,1.0847199740939102
I-164975-02-07,164975,validation,other,blank,0,0,,2,7,6180.426023031519,4252.72108813662,163.36511535884893,16.758448795884718,12.0,0.37469413682286246,unsegmented-local-field,0.0,0.0,26.499611581275076,25.685000000000002,0.8146115812750745
I-164975-02-08,164975,validation,other,blank,0,0,,2,8,6180.426023031519,4252.72108813662,163.36511535884893,16.758448795884718,12.0,0.37469413682286246,unsegmented-local-field,0.0,0.0,26.769719974093913,25.685000000000002,1.0847199740939102
I-164975-03-01,164975,validation,other,blank,0,0,,3,1,6179.445623391047,4243.474545539219,163.36503547201258,16.758474343146602,4.0,0.12489804560762081,unsegmented-local-field,0.0,0.0,25.299611581275073,24.485,0.8146115812750745
I-164975-03-02,164975,validation,other,blank,0,0,,3,2,6179.445623391047,4243.474545539219,163.36503547201258,16.758474343146602,4.0,0.12489804560762081,unsegmented-local-field,0.0,0.0,25.56971997409391,24.485,1.0847199740939102
I-164975-03-03,164975,validation,other,blank,0,0,,3,3,6179.445623391047,4243.474545539219,163.36503547201258,16.758474343146602,4.0,0.12489804560762081,unsegmented-local-field,0.0,0.0,25.699611581275075,24.885,0.8146115812750745
I-164975-03-04,164975,validation,other,blank,0,0,,3,4,6179.445623391047,4243.474545539219,163.36503547201258,16.758474343146602,4.0,0.12489804560762081,unsegmented-local-field,0.0,0.0,25.969719974093913,24.885,1.0847199740939102
I-164975-03-05,164975,validation,other,blank,0,0,,3,5,6179.445623391047,4243.474545539219,163.36503547201258,16.758474343146602,4.0,0.12489804560762081,unsegmented-local-field,0.0,0.0,26.099611581275074,25.285,0.8146115812750745
I-164975-03-06,164975,validation,other,blank,0,0,,3,6,6179.445623391047,4243.474545539219,163.36503547201258,16.758474343146602,4.0,0.12489804560762081,unsegmented-local-field,0.0,0.0,26.36971997409391,25.285,1.0847199740939102
I-164975-03-07,164975,validation,other,blank,0,0,,3,7,6179.445623391047,4243.474545539219,163.36503547201258,16.758474343146602,4.0,0.12489804560762081,unsegmented-local-field,0.0,0.0,26.499611581275076,25.685000000000002,0.8146115812750745
I-164975-03-08,164975,validation,other,blank,0,0,,3,8,6179.445623391047,4243.474545539219,163.36503547201258,16.758474343146602,4.0,0.12489804560762081,unsegmented-local-field,0.0,0.0,26.769719974093913,25.685000000000002,1.0847199740939102
I-164975-04-01,164975,validation,other,blank,0,0,,4,1,6173.317267846095,4248.616846416711,163.36505481207874,16.758407473882897,12.0,0.37469413682286246,unsegmented-local-field,0.0,0.0,25.299611581275073,24.485,0.8146115812750745
I-164975-04-02,164975,validation,other,blank,0,0,,4,2,6173.317267846095,4248.616846416711,163.36505481207874,16.758407473882897,12.0,0.37469413682286246,unsegmented-local-field,0.0,0.0,25.56971997409391,24.485,1.0847199740939102
I-164975-04-03,164975,validation,other,blank,0,0,,4,3,6173.317267846095,4248.616846416711,163.36505481207874,16.758407473882897,12.0,0.37469413682286246,unsegmented-local-field,0.0,0.0,25.699611581275075,24.885,0.8146115812750745
I-164975-04-04,164975,validation,other,blank,0,0,,4,4,6173.317267846095,4248.616846416711,163.36505481207874,16.758407473882897,12.0,0.37469413682286246,unsegmented-local-field,0.0,0.0,25.969719974093913,24.885,1.0847199740939102
I-164975-04-05,164975,validation,other,blank,0,0,,4,5,6173.317267846095,4248.616846416711,163.36505481207874,16.758407473882897,12.0,0.37469413682286246,unsegmented-local-field,0.0,0.0,26.099611581275074,25.285,0.8146115812750745
I-164975-04-06,164975,validation,other,blank,0,0,,4,6,6173.317267846095,4248.616846416711,163.36505481207874,16.758407473882897,12.0,0.37469413682286246,unsegmented-local-field,0.0,0.0,26.36971997409391,25.285,1.0847199740939102
I-164975-04-07,164975,validation,other,blank,0,0,,4,7,6173.317267846095,4248.616846416711,163.36505481207874,16.758407473882897,12.0,0.37469413682286246,unsegmented-local-field,0.0,0.0,26.499611581275076,25.685000000000002,0.8146115812750745
I-164975-04-08,164975,validation,other,blank,0,0,,4,8,6173.317267846095,4248.616846416711,163.36505481207874,16.758407473882897,12.0,0.37469413682286246,unsegmented-local-field,0.0,0.0,26.769719974093913,25.685000000000002,1.0847199740939102
I-164975-05-01,164975,validation,other,blank,0,0,,5,1,6170.509801163523,4240.903395100473,163.36498069117638,16.758413085167106,12.0,0.37469413682286246,unsegmented-local-field,0.0,0.0,25.299611581275073,24.485,0.8146115812750745
I-164975-05-02,164975,validation,other,blank,0,0,,5,2,6170.509801163523,4240.903395100473,163.36498069117638,16.758413085167106,12.0,0.37469413682286246,unsegmented-local-field,0.0,0.0,25.56971997409391,24.485,1.0847199740939102
I-164975-05-03,164975,validation,other,blank,0,0,,5,3,6170.509801163523,4240.903395100473,163.36498069117638,16.758413085167106,12.0,0.37469413682286246,unsegmented-local-field,0.0,0.0,25.699611581275075,24.885,0.8146115812750745
I-164975-05-04,164975,validation,other,blank,0,0,,5,4,6170.509801163523,4240.903395100473,163.36498069117638,16.758413085167106,12.0,0.37469413682286246,unsegmented-local-field,0.0,0.0,25.969719974093913,24.885,1.0847199740939102
I-164975-05-05,164975,validation,other,blank,0,0,,5,5,6170.509801163523,4240.903395100473,163.36498069117638,16.758413085167106,12.0,0.37469413682286246,unsegmented-local-field,0.0,0.0,26.099611581275074,25.285,0.8146115812750745
I-164975-05-06,164975,validation,other,blank,0,0,,5,6,6170.509801163523,4240.903395100473,163.36498069117638,16.758413085167106,12.0,0.37469413682286246,unsegmented-local-field,0.0,0.0,26.36971997409391,25.285,1.0847199740939102
I-164975-05-07,164975,validation,other,blank,0,0,,5,7,6170.509801163523,4240.903395100473,163.36498069117638,16.758413085167106,12.0,0.37469413682286246,unsegmented-local-field,0.0,0.0,26.499611581275076,25.685000000000002,0.8146115812750745
I-164975-05-08,164975,validation,other,blank,0,0,,5,8,6170.509801163523,4240.903395100473,163.36498069117638,16.758413085167106,12.0,0.37469413682286246,unsegmented-local-field,0.0,0.0,26.769719974093913,25.685000000000002,1.0847199740939102
I-164975-06-01,164975,validation,other,blank,0,0,,6,1,6173.317267846095,4233.189943784235,163.3649276780911,16.75846300415856,12.0,0.37469413682286246,unsegmented-local-field,0.0,0.0,25.299611581275073,24.485,0.8146115812750745
I-164975-06-02,164975,validation,other,blank,0,0,,6,2,6173.317267846095,4233.189943784235,163.3649276780911,16.75846300415856,12.0,0.37469413682286246,unsegmented-local-field,0.0,0.0,25.56971997409391,24.485,1.0847199740939102
I-164975-06-03,164975,validation,other,blank,0,0,,6,3,6173.317267846095,4233.189943784235,163.3649276780911,16.75846300415856,12.0,0.37469413682286246,unsegmented-local-field,0.0,0.0,25.699611581275075,24.885,0.8146115812750745
I-164975-06-04,164975,validation,other,blank,0,0,,6,4,6173.317267846095,4233.189943784235,163.3649276780911,16.75846300415856,12.0,0.37469413682286246,unsegmented-local-field,0.0,0.0,25.969719974093913,24.885,1.0847199740939102
I-164975-06-05,164975,validation,other,blank,0,0,,6,5,6173.317267846095,4233.189943784235,163.3649276780911,16.75846300415856,12.0,0.37469413682286246,unsegmented-local-field,0.0,0.0,26.099611581275074,25.285,0.8146115812750745
I-164975-06-06,164975,validation,other,blank,0,0,,6,6,6173.317267846095,4233.189943784235,163.3649276780911,16.75846300415856,12.0,0.37469413682286246,unsegmented-local-field,0.0,0.0,26.36971997409391,25.285,1.0847199740939102
I-164975-06-07,164975,validation,other,blank,0,0,,6,7,6173.317267846095,4233.189943784235,163.3649276780911,16.75846300415856,12.0,0.37469413682286246,unsegmented-local-field,0.0,0.0,26.499611581275076,25.685000000000002,0.8146115812750745
I-164975-06-08,164975,validation,other,blank,0,0,,6,8,6173.317267846095,4233.189943784235,163.3649276780911,16.75846300415856,12.0,0.37469413682286246,unsegmented-local-field,0.0,0.0,26.769719974093913,25.685000000000002,1.0847199740939102
I-164975-07-01,164975,validation,other,blank,0,0,,7,1,6180.426023031519,4229.085702064326,163.36492057823403,16.758533873228046,12.0,0.37469413682286246,unsegmented-local-field,0.0,0.0,25.299611581275073,24.485,0.8146115812750745
I-164975-07-02,164975,validation,other,blank,0,0,,7,2,6180.426023031519,4229.085702064326,163.36492057823403,16.758533873228046,12.0,0.37469413682286246,unsegmented-local-field,0.0,0.0,25.56971997409391,24.485,1.0847199740939102
I-164975-07-03,164975,validation,other,blank,0,0,,7,3,6180.426023031519,4229.085702064326,163.36492057823403,16.758533873228046,12.0,0.37469413682286246,unsegmented-local-field,0.0,0.0,25.699611581275075,24.885,0.8146115812750745
I-164975-07-04,164975,validation,other,blank,0,0,,7,4,6180.426023031519,4229.085702064326,163.36492057823403,16.758533873228046,12.0,0.37469413682286246,unsegmented-local-field,0.0,0.0,25.969719974093913,24.885,1.0847199740939102
I-164975-07-05,164975,validation,other,blank,0,0,,7,5,6180.426023031519,4229.085702064326,163.36492057823403,16.758533873228046,12.0,0.37469413682286246,unsegmented-local-field,0.0,0.0,26.099611581275074,25.285,0.8146115812750745
I-164975-07-06,164975,validation,other,blank,0,0,,7,6,6180.426023031519,4229.085702064326,163.36492057823403,16.758533873228046,12.0,0.37469413682286246,unsegmented-local-field,0.0,0.0,26.36971997409391,25.285,1.0847199740939102
I-164975-07-07,164975,validation,other,blank,0,0,,7,7,6180.426023031519,4229.085702064326,163.36492057823403,16.758533873228046,12.0,0.37469413682286246,unsegmented-local-field,0.0,0.0,26.499611581275076,25.685000000000002,0.8146115812750745
I-164975-07-08,164975,validation,other,blank,0,0,,7,8,6180.426023031519,4229.085702064326,163.36492057823403,16.758533873228046,12.0,0.37469413682286246,unsegmented-local-field,0.0,0.0,26.769719974093913,25.685000000000002,1.0847199740939102
I-164975-08-01,164975,validation,other,blank,0,0,,8,1,6183.291217963024,4236.471760211918,163.3649922181321,16.75852989597773,4.5,0.14051030130857342,unsegmented-local-field,0.0,0.0,25.299611581275073,24.485,0.8146115812750745
I-164975-08-02,164975,validation,other,blank,0,0,,8,2,6183.291217963024,4236.471760211918,163.3649922181321,16.75852989597773,4.5,0.14051030130857342,unsegmented-local-field,0.0,0.0,25.56971997409391,24.485,1.0847199740939102
I-164975-08-03,164975,validation,other,blank,0,0,,8,3,6183.291217963024,4236.471760211918,163.3649922181321,16.75852989597773,4.5,0.14051030130857342,unsegmented-local-field,0.0,0.0,25.699611581275075,24.885,0.8146115812750745
I-164975-08-04,164975,validation,other,blank,0,0,,8,4,6183.291217963024,4236.471760211918,163.3649922181321,16.75852989597773,4.5,0.14051030130857342,unsegmented-local-field,0.0,0.0,25.969719974093913,24.885,1.0847199740939102
I-164975-08-05,164975,validation,other,blank,0,0,,8,5,6183.291217963024,4236.471760211918,163.3649922181321,16.75852989597773,4.5,0.14051030130857342,unsegmented-local-field,0.0,0.0,26.099611581275074,25.285,0.8146115812750745
I-164975-08-06,164975,validation,other,blank,0,0,,8,6,6183.291217963024,4236.471760211918,163.3649922181321,16.75852989597773,4.5,0.14051030130857342,unsegmented-local-field,0.0,0.0,26.36971997409391,25.285,1.0847199740939102
I-164975-08-07,164975,validation,other,blank,0,0,,8,7,6183.291217963024,4236.471760211918,163.3649922181321,16.75852989597773,4.5,0.14051030130857342,unsegmented-local-field,0.0,0.0,26.499611581275076,25.685000000000002,0.8146115812750745
I-164975-08-08,164975,validation,other,blank,0,0,,8,8,6183.291217963024,4236.471760211918,163.3649922181321,16.75852989597773,4.5,0.14051030130857342,unsegmented-local-field,0.0,0.0,26.769719974093913,25.685000000000002,1.0847199740939102
I-82374-01-01,82374,development,tidal,blank,0,0,,1,1,9776.371736844641,3268.5902912373417,163.3705240036283,16.79036695988128,7.5,0.23418383551428903,unsegmented-local-field,0.0,0.0,25.813611581275072,24.999,0.8146115812750745
I-82374-01-02,82374,development,tidal,blank,0,0,,1,2,9776.371736844641,3268.5902912373417,163.3705240036283,16.79036695988128,7.5,0.23418383551428903,unsegmented-local-field,0.0,0.0,26.08371997409391,24.999,1.0847199740939102
I-82374-01-03,82374,development,tidal,blank,0,0,,1,3,9776.371736844641,3268.5902912373417,163.3705240036283,16.79036695988128,7.5,0.23418383551428903,unsegmented-local-field,0.0,0.0,26.213611581275075,25.399,0.8146115812750745
I-82374-01-04,82374,development,tidal,blank,0,0,,1,4,9776.371736844641,3268.5902912373417,163.3705240036283,16.79036695988128,7.5,0.23418383551428903,unsegmented-local-field,0.0,0.0,26.483719974093912,25.399,1.0847199740939102
I-82374-01-05,82374,development,tidal,blank,0,0,,1,5,9776.371736844641,3268.5902912373417,163.3705240036283,16.79036695988128,7.5,0.23418383551428903,unsegmented-local-field,0.0,0.0,26.613611581275073,25.799,0.8146115812750745
I-82374-01-06,82374,development,tidal,blank,0,0,,1,6,9776.371736844641,3268.5902912373417,163.3705240036283,16.79036695988128,7.5,0.23418383551428903,unsegmented-local-field,0.0,0.0,26.88371997409391,25.799,1.0847199740939102
I-82374-01-07,82374,development,tidal,blank,0,0,,1,7,9776.371736844641,3268.5902912373417,163.3705240036283,16.79036695988128,7.5,0.23418383551428903,unsegmented-local-field,0.0,0.0,27.013611581275075,26.199,0.8146115812750745
I-82374-01-08,82374,development,tidal,blank,0,0,,1,8,9776.371736844641,3268.5902912373417,163.3705240036283,16.79036695988128,7.5,0.23418383551428903,unsegmented-local-field,0.0,0.0,27.283719974093913,26.199,1.0847199740939102
I-82374-02-01,82374,development,tidal,blank,0,0,,2,1,9776.58518816088,3277.7828245547694,163.37060057415158,16.79033555297229,12.0,0.37469413682286246,unsegmented-local-field,0.0,0.0,25.813611581275072,24.999,0.8146115812750745
I-82374-02-02,82374,development,tidal,blank,0,0,,2,2,9776.58518816088,3277.7828245547694,163.37060057415158,16.79033555297229,12.0,0.37469413682286246,unsegmented-local-field,0.0,0.0,26.08371997409391,24.999,1.0847199740939102
I-82374-02-03,82374,development,tidal,blank,0,0,,2,3,9776.58518816088,3277.7828245547694,163.37060057415158,16.79033555297229,12.0,0.37469413682286246,unsegmented-local-field,0.0,0.0,26.213611581275075,25.399,0.8146115812750745
I-82374-02-04,82374,development,tidal,blank,0,0,,2,4,9776.58518816088,3277.7828245547694,163.37060057415158,16.79033555297229,12.0,0.37469413682286246,unsegmented-local-field,0.0,0.0,26.483719974093912,25.399,1.0847199740939102
I-82374-02-05,82374,development,tidal,blank,0,0,,2,5,9776.58518816088,3277.7828245547694,163.37060057415158,16.79033555297229,12.0,0.37469413682286246,unsegmented-local-field,0.0,0.0,26.613611581275073,25.799,0.8146115812750745
I-82374-02-06,82374,development,tidal,blank,0,0,,2,6,9776.58518816088,3277.7828245547694,163.37060057415158,16.79033555297229,12.0,0.37469413682286246,unsegmented-local-field,0.0,0.0,26.88371997409391,25.799,1.0847199740939102
I-82374-02-07,82374,development,tidal,blank,0,0,,2,7,9776.58518816088,3277.7828245547694,163.37060057415158,16.79033555297229,12.0,0.37469413682286246,unsegmented-local-field,0.0,0.0,27.013611581275075,26.199,0.8146115812750745
I-82374-02-08,82374,development,tidal,blank,0,0,,2,8,9776.58518816088,3277.7828245547694,163.37060057415158,16.79033555297229,12.0,0.37469413682286246,unsegmented-local-field,0.0,0.0,27.283719974093913,26.199,1.0847199740939102
I-82374-03-01,82374,development,tidal,blank,0,0,,3,1,9766.787958712639,3280.407984273488,163.3705853730854,16.79024879352551,12.0,0.37469413682286246,unsegmented-local-field,0.0,0.0,25.813611581275072,24.999,0.8146115812750745
I-82374-03-02,82374,development,tidal,blank,0,0,,3,2,9766.787958712639,3280.407984273488,163.3705853730854,16.79024879352551,12.0,0.37469413682286246,unsegmented-local-field,0.0,0.0,26.08371997409391,24.999,1.0847199740939102
I-82374-03-03,82374,development,tidal,blank,0,0,,3,3,9766.787958712639,3280.407984273488,163.3705853730854,16.79024879352551,12.0,0.37469413682286246,unsegmented-local-field,0.0,0.0,26.213611581275075,25.399,0.8146115812750745
I-82374-03-04,82374,development,tidal,blank,0,0,,3,4,9766.787958712639,3280.407984273488,163.3705853730854,16.79024879352551,12.0,0.37469413682286246,unsegmented-local-field,0.0,0.0,26.483719974093912,25.399,1.0847199740939102
I-82374-03-05,82374,development,tidal,blank,0,0,,3,5,9766.787958712639,3280.407984273488,163.3705853730854,16.79024879352551,12.0,0.37469413682286246,unsegmented-local-field,0.0,0.0,26.613611581275073,25.799,0.8146115812750745
I-82374-03-06,82374,development,tidal,blank,0,0,,3,6,9766.787958712639,3280.407984273488,163.3705853730854,16.79024879352551,12.0,0.37469413682286246,unsegmented-local-field,0.0,0.0,26.88371997409391,25.799,1.0847199740939102
I-82374-03-07,82374,development,tidal,blank,0,0,,3,7,9766.787958712639,3280.407984273488,163.3705853730854,16.79024879352551,12.0,0.37469413682286246,unsegmented-local-field,0.0,0.0,27.013611581275075,26.199,0.8146115812750745
I-82374-03-08,82374,development,tidal,blank,0,0,,3,8,9766.787958712639,3280.407984273488,163.3705853730854,16.79024879352551,12.0,0.37469413682286246,unsegmented-local-field,0.0,0.0,27.283719974093913,26.199,1.0847199740939102
I-82374-04-01,82374,development,tidal,blank,0,0,,4,1,9765.807559072166,3271.161441676088,163.3705054736376,16.79027434290243,4.0,0.12489804560762081,unsegmented-local-field,0.0,0.0,25.813611581275072,24.999,0.8146115812750745
I-82374-04-02,82374,development,tidal,blank,0,0,,4,2,9765.807559072166,3271.161441676088,163.3705054736376,16.79027434290243,4.0,0.12489804560762081,unsegmented-local-field,0.0,0.0,26.08371997409391,24.999,1.0847199740939102
I-82374-04-03,82374,development,tidal,blank,0,0,,4,3,9765.807559072166,3271.161441676088,163.3705054736376,16.79027434290243,4.0,0.12489804560762081,unsegmented-local-field,0.0,0.0,26.213611581275075,25.399,0.8146115812750745
I-82374-04-04,82374,development,tidal,blank,0,0,,4,4,9765.807559072166,3271.161441676088,163.3705054736376,16.79027434290243,4.0,0.12489804560762081,unsegmented-local-field,0.0,0.0,26.483719974093912,25.399,1.0847199740939102
I-82374-04-05,82374,development,tidal,blank,0,0,,4,5,9765.807559072166,3271.161441676088,163.3705054736376,16.79027434290243,4.0,0.12489804560762081,unsegmented-local-field,0.0,0.0,26.613611581275073,25.799,0.8146115812750745
I-82374-04-06,82374,development,tidal,blank,0,0,,4,6,9765.807559072166,3271.161441676088,163.3705054736376,16.79027434290243,4.0,0.12489804560762081,unsegmented-local-field,0.0,0.0,26.88371997409391,25.799,1.0847199740939102
I-82374-04-07,82374,development,tidal,blank,0,0,,4,7,9765.807559072166,3271.161441676088,163.3705054736376,16.79027434290243,4.0,0.12489804560762081,unsegmented-local-field,0.0,0.0,27.013611581275075,26.199,0.8146115812750745
I-82374-04-08,82374,development,tidal,blank,0,0,,4,8,9765.807559072166,3271.161441676088,163.3705054736376,16.79027434290243,4.0,0.12489804560762081,unsegmented-local-field,0.0,0.0,27.283719974093913,26.199,1.0847199740939102
I-82374-05-01,82374,development,tidal,blank,0,0,,5,1,9756.871736844641,3268.5902912373417,163.37045068188854,16.790213086403945,12.0,0.37469413682286246,unsegmented-local-field,0.0,0.0,25.813611581275072,24.999,0.8146115812750745
I-82374-05-02,82374,development,tidal,blank,0,0,,5,2,9756.871736844641,3268.5902912373417,163.37045068188854,16.790213086403945,12.0,0.37469413682286246,unsegmented-local-field,0.0,0.0,26.08371997409391,24.999,1.0847199740939102
I-82374-05-03,82374,development,tidal,blank,0,0,,5,3,9756.871736844641,3268.5902912373417,163.37045068188854,16.790213086403945,12.0,0.37469413682286246,unsegmented-local-field,0.0,0.0,26.213611581275075,25.399,0.8146115812750745
I-82374-05-04,82374,development,tidal,blank,0,0,,5,4,9756.871736844641,3268.5902912373417,163.37045068188854,16.790213086403945,12.0,0.37469413682286246,unsegmented-local-field,0.0,0.0,26.483719974093912,25.399,1.0847199740939102
I-82374-05-05,82374,development,tidal,blank,0,0,,5,5,9756.871736844641,3268.5902912373417,163.37045068188854,16.790213086403945,12.0,0.37469413682286246,unsegmented-local-field,0.0,0.0,26.613611581275073,25.799,0.8146115812750745
I-82374-05-06,82374,development,tidal,blank,0,0,,5,6,9756.871736844641,3268.5902912373417,163.37045068188854,16.790213086403945,12.0,0.37469413682286246,unsegmented-local-field,0.0,0.0,26.88371997409391,25.799,1.0847199740939102
I-82374-05-07,82374,development,tidal,blank,0,0,,5,7,9756.871736844641,3268.5902912373417,163.37045068188854,16.790213086403945,12.0,0.37469413682286246,unsegmented-local-field,0.0,0.0,27.013611581275075,26.199,0.8146115812750745
I-82374-05-08,82374,development,tidal,blank,0,0,,5,8,9756.871736844641,3268.5902912373417,163.37045068188854,16.790213086403945,12.0,0.37469413682286246,unsegmented-local-field,0.0,0.0,27.283719974093913,26.199,1.0847199740939102
I-82374-06-01,82374,development,tidal,blank,0,0,,6,1,9759.679203527214,3260.876839921103,163.37039766138201,16.790263006786027,12.0,0.37469413682286246,unsegmented-local-field,0.0,0.0,25.813611581275072,24.999,0.8146115812750745
I-82374-06-02,82374,development,tidal,blank,0,0,,6,2,9759.679203527214,3260.876839921103,163.37039766138201,16.790263006786027,12.0,0.37469413682286246,unsegmented-local-field,0.0,0.0,26.08371997409391,24.999,1.0847199740939102
I-82374-06-03,82374,development,tidal,blank,0,0,,6,3,9759.679203527214,3260.876839921103,163.37039766138201,16.790263006786027,12.0,0.37469413682286246,unsegmented-local-field,0.0,0.0,26.213611581275075,25.399,0.8146115812750745
I-82374-06-04,82374,development,tidal,blank,0,0,,6,4,9759.679203527214,3260.876839921103,163.37039766138201,16.790263006786027,12.0,0.37469413682286246,unsegmented-local-field,0.0,0.0,26.483719974093912,25.399,1.0847199740939102
I-82374-06-05,82374,development,tidal,blank,0,0,,6,5,9759.679203527214,3260.876839921103,163.37039766138201,16.790263006786027,12.0,0.37469413682286246,unsegmented-local-field,0.0,0.0,26.613611581275073,25.799,0.8146115812750745
I-82374-06-06,82374,development,tidal,blank,0,0,,6,6,9759.679203527214,3260.876839921103,163.37039766138201,16.790263006786027,12.0,0.37469413682286246,unsegmented-local-field,0.0,0.0,26.88371997409391,25.799,1.0847199740939102
I-82374-06-07,82374,development,tidal,blank,0,0,,6,7,9759.679203527214,3260.876839921103,163.37039766138201,16.790263006786027,12.0,0.37469413682286246,unsegmented-local-field,0.0,0.0,27.013611581275075,26.199,0.8146115812750745
I-82374-06-08,82374,development,tidal,blank,0,0,,6,8,9759.679203527214,3260.876839921103,163.37039766138201,16.790263006786027,12.0,0.37469413682286246,unsegmented-local-field,0.0,0.0,27.283719974093913,26.199,1.0847199740939102
I-82374-07-01,82374,development,tidal,blank,0,0,,7,1,9766.787958712639,3256.7725982011953,163.37039056237626,16.79033387601667,12.0,0.37469413682286246,unsegmented-local-field,0.0,0.0,25.813611581275072,24.999,0.8146115812750745
I-82374-07-02,82374,development,tidal,blank,0,0,,7,2,9766.787958712639,3256.7725982011953,163.37039056237626,16.79033387601667,12.0,0.37469413682286246,unsegmented-local-field,0.0,0.0,26.08371997409391,24.999,1.0847199740939102
I-82374-07-03,82374,development,tidal,blank,0,0,,7,3,9766.787958712639,3256.7725982011953,163.37039056237626,16.79033387601667,12.0,0.37469413682286246,unsegmented-local-field,0.0,0.0,26.213611581275075,25.399,0.8146115812750745
I-82374-07-04,82374,development,tidal,blank,0,0,,7,4,9766.787958712639,3256.7725982011953,163.37039056237626,16.79033387601667,12.0,0.37469413682286246,unsegmented-local-field,0.0,0.0,26.483719974093912,25.399,1.0847199740939102
I-82374-07-05,82374,development,tidal,blank,0,0,,7,5,9766.787958712639,3256.7725982011953,163.37039056237626,16.79033387601667,12.0,0.37469413682286246,unsegmented-local-field,0.0,0.0,26.613611581275073,25.799,0.8146115812750745
I-82374-07-06,82374,development,tidal,blank,0,0,,7,6,9766.787958712639,3256.7725982011953,163.37039056237626,16.79033387601667,12.0,0.37469413682286246,unsegmented-local-field,0.0,0.0,26.88371997409391,25.799,1.0847199740939102
I-82374-07-07,82374,development,tidal,blank,0,0,,7,7,9766.787958712639,3256.7725982011953,163.37039056237626,16.79033387601667,12.0,0.37469413682286246,unsegmented-local-field,0.0,0.0,27.013611581275075,26.199,0.8146115812750745
I-82374-07-08,82374,development,tidal,blank,0,0,,7,8,9766.787958712639,3256.7725982011953,163.37039056237626,16.79033387601667,12.0,0.37469413682286246,unsegmented-local-field,0.0,0.0,27.283719974093913,26.199,1.0847199740939102
I-82374-08-01,82374,development,tidal,blank,0,0,,8,1,9776.58518816088,3259.397757919914,163.37044903827191,16.790401735428578,12.0,0.37469413682286246,unsegmented-local-field,0.0,0.0,25.813611581275072,24.999,0.8146115812750745
I-82374-08-02,82374,development,tidal,blank,0,0,,8,2,9776.58518816088,3259.397757919914,163.37044903827191,16.790401735428578,12.0,0.37469413682286246,unsegmented-local-field,0.0,0.0,26.08371997409391,24.999,1.0847199740939102
I-82374-08-03,82374,development,tidal,blank,0,0,,8,3,9776.58518816088,3259.397757919914,163.37044903827191,16.790401735428578,12.0,0.37469413682286246,unsegmented-local-field,0.0,0.0,26.213611581275075,25.399,0.8146115812750745
I-82374-08-04,82374,development,tidal,blank,0,0,,8,4,9776.58518816088,3259.397757919914,163.37044903827191,16.790401735428578,12.0,0.37469413682286246,unsegmented-local-field,0.0,0.0,26.483719974093912,25.399,1.0847199740939102
I-82374-08-05,82374,development,tidal,blank,0,0,,8,5,9776.58518816088,3259.397757919914,163.37044903827191,16.790401735428578,12.0,0.37469413682286246,unsegmented-local-field,0.0,0.0,26.613611581275073,25.799,0.8146115812750745
I-82374-08-06,82374,development,tidal,blank,0,0,,8,6,9776.58518816088,3259.397757919914,163.37044903827191,16.790401735428578,12.0,0.37469413682286246,unsegmented-local-field,0.0,0.0,26.88371997409391,25.799,1.0847199740939102
I-82374-08-07,82374,development,tidal,blank,0,0,,8,7,9776.58518816088,3259.397757919914,163.37044903827191,16.790401735428578,12.0,0.37469413682286246,unsegmented-local-field,0.0,0.0,27.013611581275075,26.199,0.8146115812750745
I-82374-08-08,82374,development,tidal,blank,0,0,,8,8,9776.58518816088,3259.397757919914,163.37044903827191,16.790401735428578,12.0,0.37469413682286246,unsegmented-local-field,0.0,0.0,27.283719974093913,26.199,1.0847199740939102
I-83980-01-01,83980,development,tidal,blank,0,0,,1,1,9441.86743620321,3140.9249511002645,163.36821400252106,16.788186960199763,7.5,0.23418383551428903,unsegmented-local-field,0.0,0.0,25.26061158127507,24.445999999999998,0.8146115812750745
I-83980-01-02,83980,development,tidal,blank,0,0,,1,2,9441.86743620321,3140.9249511002645,163.36821400252106,16.788186960199763,7.5,0.23418383551428903,unsegmented-local-field,0.0,0.0,25.53071997409391,24.445999999999998,1.0847199740939102
I-83980-01-03,83980,development,tidal,blank,0,0,,1,3,9441.86743620321,3140.9249511002645,163.36821400252106,16.788186960199763,7.5,0.23418383551428903,unsegmented-local-field,0.0,0.0,25.660611581275074,24.846,0.8146115812750745
I-83980-01-04,83980,development,tidal,blank,0,0,,1,4,9441.86743620321,3140.9249511002645,163.36821400252106,16.788186960199763,7.5,0.23418383551428903,unsegmented-local-field,0.0,0.0,25.93071997409391,24.846,1.0847199740939102
I-83980-01-05,83980,development,tidal,blank,0,0,,1,5,9441.86743620321,3140.9249511002645,163.36821400252106,16.788186960199763,7.5,0.23418383551428903,unsegmented-local-field,0.0,0.0,26.060611581275072,25.246,0.8146115812750745
I-83980-01-06,83980,development,tidal,blank,0,0,,1,6,9441.86743620321,3140.9249511002645,163.36821400252106,16.788186960199763,7.5,0.23418383551428903,unsegmented-local-field,0.0,0.0,26.33071997409391,25.246,1.0847199740939102
I-83980-01-07,83980,development,tidal,blank,0,0,,1,7,9441.86743620321,3140.9249511002645,163.36821400252106,16.788186960199763,7.5,0.23418383551428903,unsegmented-local-field,0.0,0.0,26.460611581275074,25.646,0.8146115812750745
I-83980-01-08,83980,development,tidal,blank,0,0,,1,8,9441.86743620321,3140.9249511002645,163.36821400252106,16.788186960199763,7.5,0.23418383551428903,unsegmented-local-field,0.0,0.0,26.730719974093912,25.646,1.0847199740939102
I-83980-02-01,83980,development,tidal,blank,0,0,,2,1,9442.080887519449,3150.117484417692,163.36829057255088,16.788155554143767,12.0,0.37469413682286246,unsegmented-local-field,0.0,0.0,25.26061158127507,24.445999999999998,0.8146115812750745
I-83980-02-02,83980,development,tidal,blank,0,0,,2,2,9442.080887519449,3150.117484417692,163.36829057255088,16.788155554143767,12.0,0.37469413682286246,unsegmented-local-field,0.0,0.0,25.53071997409391,24.445999999999998,1.0847199740939102
I-83980-02-03,83980,development,tidal,blank,0,0,,2,3,9442.080887519449,3150.117484417692,163.36829057255088,16.788155554143767,12.0,0.37469413682286246,unsegmented-local-field,0.0,0.0,25.660611581275074,24.846,0.8146115812750745
I-83980-02-04,83980,development,tidal,blank,0,0,,2,4,9442.080887519449,3150.117484417692,163.36829057255088,16.788155554143767,12.0,0.37469413682286246,unsegmented-local-field,0.0,0.0,25.93071997409391,24.846,1.0847199740939102
I-83980-02-05,83980,development,tidal,blank,0,0,,2,5,9442.080887519449,3150.117484417692,163.36829057255088,16.788155554143767,12.0,0.37469413682286246,unsegmented-local-field,0.0,0.0,26.060611581275072,25.246,0.8146115812750745
I-83980-02-06,83980,development,tidal,blank,0,0,,2,6,9442.080887519449,3150.117484417692,163.36829057255088,16.788155554143767,12.0,0.37469413682286246,unsegmented-local-field,0.0,0.0,26.33071997409391,25.246,1.0847199740939102
I-83980-02-07,83980,development,tidal,blank,0,0,,2,7,9442.080887519449,3150.117484417692,163.36829057255088,16.788155554143767,12.0,0.37469413682286246,unsegmented-local-field,0.0,0.0,26.460611581275074,25.646,0.8146115812750745
I-83980-02-08,83980,development,tidal,blank,0,0,,2,8,9442.080887519449,3150.117484417692,163.36829057255088,16.788155554143767,12.0,0.37469413682286246,unsegmented-local-field,0.0,0.0,26.730719974093912,25.646,1.0847199740939102
I-83980-03-01,83980,development,tidal,blank,0,0,,3,1,9432.283658071208,3152.742644136411,163.36827537271168,16.78806879452202,12.0,0.37469413682286246,unsegmented-local-field,0.0,0.0,25.26061158127507,24.445999999999998,0.8146115812750745
I-83980-03-02,83980,development,tidal,blank,0,0,,3,2,9432.283658071208,3152.742644136411,163.36827537271168,16.78806879452202,12.0,0.37469413682286246,unsegmented-local-field,0.0,0.0,25.53071997409391,24.445999999999998,1.0847199740939102
I-83980-03-03,83980,development,tidal,blank,0,0,,3,3,9432.283658071208,3152.742644136411,163.36827537271168,16.78806879452202,12.0,0.37469413682286246,unsegmented-local-field,0.0,0.0,25.660611581275074,24.846,0.8146115812750745
I-83980-03-04,83980,development,tidal,blank,0,0,,3,4,9432.283658071208,3152.742644136411,163.36827537271168,16.78806879452202,12.0,0.37469413682286246,unsegmented-local-field,0.0,0.0,25.93071997409391,24.846,1.0847199740939102
I-83980-03-05,83980,development,tidal,blank,0,0,,3,5,9432.283658071208,3152.742644136411,163.36827537271168,16.78806879452202,12.0,0.37469413682286246,unsegmented-local-field,0.0,0.0,26.060611581275072,25.246,0.8146115812750745
I-83980-03-06,83980,development,tidal,blank,0,0,,3,6,9432.283658071208,3152.742644136411,163.36827537271168,16.78806879452202,12.0,0.37469413682286246,unsegmented-local-field,0.0,0.0,26.33071997409391,25.246,1.0847199740939102
I-83980-03-07,83980,development,tidal,blank,0,0,,3,7,9432.283658071208,3152.742644136411,163.36827537271168,16.78806879452202,12.0,0.37469413682286246,unsegmented-local-field,0.0,0.0,26.460611581275074,25.646,0.8146115812750745
I-83980-03-08,83980,development,tidal,blank,0,0,,3,8,9432.283658071208,3152.742644136411,163.36827537271168,16.78806879452202,12.0,0.37469413682286246,unsegmented-local-field,0.0,0.0,26.730719974093912,25.646,1.0847199740939102
I-83980-04-01,83980,development,tidal,blank,0,0,,4,1,9431.303258430735,3143.496101539011,163.36819547386645,16.78809434300838,4.0,0.12489804560762081,unsegmented-local-field,0.0,0.0,25.26061158127507,24.445999999999998,0.8146115812750745
I-83980-04-02,83980,development,tidal,blank,0,0,,4,2,9431.303258430735,3143.496101539011,163.36819547386645,16.78809434300838,4.0,0.12489804560762081,unsegmented-local-field,0.0,0.0,25.53071997409391,24.445999999999998,1.0847199740939102
I-83980-04-03,83980,development,tidal,blank,0,0,,4,3,9431.303258430735,3143.496101539011,163.36819547386645,16.78809434300838,4.0,0.12489804560762081,unsegmented-local-field,0.0,0.0,25.660611581275074,24.846,0.8146115812750745
I-83980-04-04,83980,development,tidal,blank,0,0,,4,4,9431.303258430735,3143.496101539011,163.36819547386645,16.78809434300838,4.0,0.12489804560762081,unsegmented-local-field,0.0,0.0,25.93071997409391,24.846,1.0847199740939102
I-83980-04-05,83980,development,tidal,blank,0,0,,4,5,9431.303258430735,3143.496101539011,163.36819547386645,16.78809434300838,4.0,0.12489804560762081,unsegmented-local-field,0.0,0.0,26.060611581275072,25.246,0.8146115812750745
I-83980-04-06,83980,development,tidal,blank,0,0,,4,6,9431.303258430735,3143.496101539011,163.36819547386645,16.78809434300838,4.0,0.12489804560762081,unsegmented-local-field,0.0,0.0,26.33071997409391,25.246,1.0847199740939102
I-83980-04-07,83980,development,tidal,blank,0,0,,4,7,9431.303258430735,3143.496101539011,163.36819547386645,16.78809434300838,4.0,0.12489804560762081,unsegmented-local-field,0.0,0.0,26.460611581275074,25.646,0.8146115812750745
I-83980-04-08,83980,development,tidal,blank,0,0,,4,8,9431.303258430735,3143.496101539011,163.36819547386645,16.78809434300838,4.0,0.12489804560762081,unsegmented-local-field,0.0,0.0,26.730719974093912,25.646,1.0847199740939102
I-83980-05-01,83980,development,tidal,blank,0,0,,5,1,9422.36743620321,3140.9249511002645,163.36814068348707,16.78803308589445,12.0,0.37469413682286246,unsegmented-local-field,0.0,0.0,25.26061158127507,24.445999999999998,0.8146115812750745
I-83980-05-02,83980,development,tidal,blank,0,0,,5,2,9422.36743620321,3140.9249511002645,163.36814068348707,16.78803308589445,12.0,0.37469413682286246,unsegmented-local-field,0.0,0.0,25.53071997409391,24.445999999999998,1.0847199740939102
I-83980-05-03,83980,development,tidal,blank,0,0,,5,3,9422.36743620321,3140.9249511002645,163.36814068348707,16.78803308589445,12.0,0.37469413682286246,unsegmented-local-field,0.0,0.0,25.660611581275074,24.846,0.8146115812750745
I-83980-05-04,83980,development,tidal,blank,0,0,,5,4,9422.36743620321,3140.9249511002645,163.36814068348707,16.78803308589445,12.0,0.37469413682286246,unsegmented-local-field,0.0,0.0,25.93071997409391,24.846,1.0847199740939102
I-83980-05-05,83980,development,tidal,blank,0,0,,5,5,9422.36743620321,3140.9249511002645,163.36814068348707,16.78803308589445,12.0,0.37469413682286246,unsegmented-local-field,0.0,0.0,26.060611581275072,25.246,0.8146115812750745
I-83980-05-06,83980,development,tidal,blank,0,0,,5,6,9422.36743620321,3140.9249511002645,163.36814068348707,16.78803308589445,12.0,0.37469413682286246,unsegmented-local-field,0.0,0.0,26.33071997409391,25.246,1.0847199740939102
I-83980-05-07,83980,development,tidal,blank,0,0,,5,7,9422.36743620321,3140.9249511002645,163.36814068348707,16.78803308589445,12.0,0.37469413682286246,unsegmented-local-field,0.0,0.0,26.460611581275074,25.646,0.8146115812750745
I-83980-05-08,83980,development,tidal,blank,0,0,,5,8,9422.36743620321,3140.9249511002645,163.36814068348707,16.78803308589445,12.0,0.37469413682286246,unsegmented-local-field,0.0,0.0,26.730719974093912,25.646,1.0847199740939102
I-83980-06-01,83980,development,tidal,blank,0,0,,6,1,9425.174902885783,3133.211499784026,163.36808766298017,16.7880830056876,12.0,0.37469413682286246,unsegmented-local-field,0.0,0.0,25.26061158127507,24.445999999999998,0.8146115812750745
I-83980-06-02,83980,development,tidal,blank,0,0,,6,2,9425.174902885783,3133.211499784026,163.36808766298017,16.7880830056876,12.0,0.37469413682286246,unsegmented-local-field,0.0,0.0,25.53071997409391,24.445999999999998,1.0847199740939102
I-83980-06-03,83980,development,tidal,blank,0,0,,6,3,9425.174902885783,3133.211499784026,163.36808766298017,16.7880830056876,12.0,0.37469413682286246,unsegmented-local-field,0.0,0.0,25.660611581275074,24.846,0.8146115812750745
I-83980-06-04,83980,development,tidal,blank,0,0,,6,4,9425.174902885783,3133.211499784026,163.36808766298017,16.7880830056876,12.0,0.37469413682286246,unsegmented-local-field,0.0,0.0,25.93071997409391,24.846,1.0847199740939102
I-83980-06-05,83980,development,tidal,blank,0,0,,6,5,9425.174902885783,3133.211499784026,163.36808766298017,16.7880830056876,12.0,0.37469413682286246,unsegmented-local-field,0.0,0.0,26.060611581275072,25.246,0.8146115812750745
I-83980-06-06,83980,development,tidal,blank,0,0,,6,6,9425.174902885783,3133.211499784026,163.36808766298017,16.7880830056876,12.0,0.37469413682286246,unsegmented-local-field,0.0,0.0,26.33071997409391,25.246,1.0847199740939102
I-83980-06-07,83980,development,tidal,blank,0,0,,6,7,9425.174902885783,3133.211499784026,163.36808766298017,16.7880830056876,12.0,0.37469413682286246,unsegmented-local-field,0.0,0.0,26.460611581275074,25.646,0.8146115812750745
I-83980-06-08,83980,development,tidal,blank,0,0,,6,8,9425.174902885783,3133.211499784026,163.36808766298017,16.7880830056876,12.0,0.37469413682286246,unsegmented-local-field,0.0,0.0,26.730719974093912,25.646,1.0847199740939102
I-83980-07-01,83980,development,tidal,blank,0,0,,7,1,9432.283658071208,3129.107258064118,163.36808056319512,16.78815387484327,12.0,0.37469413682286246,unsegmented-local-field,0.0,0.0,25.26061158127507,24.445999999999998,0.8146115812750745
I-83980-07-02,83980,development,tidal,blank,0,0,,7,2,9432.283658071208,3129.107258064118,163.36808056319512,16.78815387484327,12.0,0.37469413682286246,unsegmented-local-field,0.0,0.0,25.53071997409391,24.445999999999998,1.0847199740939102
I-83980-07-03,83980,development,tidal,blank,0,0,,7,3,9432.283658071208,3129.107258064118,163.36808056319512,16.78815387484327,12.0,0.37469413682286246,unsegmented-local-field,0.0,0.0,25.660611581275074,24.846,0.8146115812750745
I-83980-07-04,83980,development,tidal,blank,0,0,,7,4,9432.283658071208,3129.107258064118,163.36808056319512,16.78815387484327,12.0,0.37469413682286246,unsegmented-local-field,0.0,0.0,25.93071997409391,24.846,1.0847199740939102
I-83980-07-05,83980,development,tidal,blank,0,0,,7,5,9432.283658071208,3129.107258064118,163.36808056319512,16.78815387484327,12.0,0.37469413682286246,unsegmented-local-field,0.0,0.0,26.060611581275072,25.246,0.8146115812750745
I-83980-07-06,83980,development,tidal,blank,0,0,,7,6,9432.283658071208,3129.107258064118,163.36808056319512,16.78815387484327,12.0,0.37469413682286246,unsegmented-local-field,0.0,0.0,26.33071997409391,25.246,1.0847199740939102
I-83980-07-07,83980,development,tidal,blank,0,0,,7,7,9432.283658071208,3129.107258064118,163.36808056319512,16.78815387484327,12.0,0.37469413682286246,unsegmented-local-field,0.0,0.0,26.460611581275074,25.646,0.8146115812750745
I-83980-07-08,83980,development,tidal,blank,0,0,,7,8,9432.283658071208,3129.107258064118,163.36808056319512,16.78815387484327,12.0,0.37469413682286246,unsegmented-local-field,0.0,0.0,26.730719974093912,25.646,1.0847199740939102
I-83980-08-01,83980,development,tidal,blank,0,0,,8,1,9442.080887519449,3131.732417782837,163.36813903759887,16.78822173491216,12.0,0.37469413682286246,unsegmented-local-field,0.0,0.0,25.26061158127507,24.445999999999998,0.8146115812750745
I-83980-08-02,83980,development,tidal,blank,0,0,,8,2,9442.080887519449,3131.732417782837,163.36813903759887,16.78822173491216,12.0,0.37469413682286246,unsegmented-local-field,0.0,0.0,25.53071997409391,24.445999999999998,1.0847199740939102
I-83980-08-03,83980,development,tidal,blank,0,0,,8,3,9442.080887519449,3131.732417782837,163.36813903759887,16.78822173491216,12.0,0.37469413682286246,unsegmented-local-field,0.0,0.0,25.660611581275074,24.846,0.8146115812750745
I-83980-08-04,83980,development,tidal,blank,0,0,,8,4,9442.080887519449,3131.732417782837,163.36813903759887,16.78822173491216,12.0,0.37469413682286246,unsegmented-local-field,0.0,0.0,25.93071997409391,24.846,1.0847199740939102
I-83980-08-05,83980,development,tidal,blank,0,0,,8,5,9442.080887519449,3131.732417782837,163.36813903759887,16.78822173491216,12.0,0.37469413682286246,unsegmented-local-field,0.0,0.0,26.060611581275072,25.246,0.8146115812750745
I-83980-08-06,83980,development,tidal,blank,0,0,,8,6,9442.080887519449,3131.732417782837,163.36813903759887,16.78822173491216,12.0,0.37469413682286246,unsegmented-local-field,0.0,0.0,26.33071997409391,25.246,1.0847199740939102
I-83980-08-07,83980,development,tidal,blank,0,0,,8,7,9442.080887519449,3131.732417782837,163.36813903759887,16.78822173491216,12.0,0.37469413682286246,unsegmented-local-field,0.0,0.0,26.460611581275074,25.646,0.8146115812750745
I-83980-08-08,83980,development,tidal,blank,0,0,,8,8,9442.080887519449,3131.732417782837,163.36813903759887,16.78822173491216,12.0,0.37469413682286246,unsegmented-local-field,0.0,0.0,26.730719974093912,25.646,1.0847199740939102
I-103898-01-01,103898,development,tidal,blank,0,0,,1,1,9046.365093234677,3379.5820713723833,163.3686940019587,16.784206960139315,7.5,0.23418383551428903,unsegmented-local-field,0.0,0.0,24.689611581275074,23.875,0.8146115812750745
I-103898-01-02,103898,development,tidal,blank,0,0,,1,2,9046.365093234677,3379.5820713723833,163.3686940019587,16.784206960139315,7.5,0.23418383551428903,unsegmented-local-field,0.0,0.0,24.95971997409391,23.875,1.0847199740939102
I-103898-01-03,103898,development,tidal,blank,0,0,,1,3,9046.365093234677,3379.5820713723833,163.3686940019587,16.784206960139315,7.5,0.23418383551428903,unsegmented-local-field,0.0,0.0,25.089611581275076,24.275000000000002,0.8146115812750745
I-103898-01-04,103898,development,tidal,blank,0,0,,1,4,9046.365093234677,3379.5820713723833,163.3686940019587,16.784206960139315,7.5,0.23418383551428903,unsegmented-local-field,0.0,0.0,25.359719974093913,24.275000000000002,1.0847199740939102
I-103898-01-05,103898,development,tidal,blank,0,0,,1,5,9046.365093234677,3379.5820713723833,163.3686940019587,16.784206960139315,7.5,0.23418383551428903,unsegmented-local-field,0.0,0.0,25.489611581275074,24.675,0.8146115812750745
I-103898-01-06,103898,development,tidal,blank,0,0,,1,6,9046.365093234677,3379.5820713723833,163.3686940019587,16.784206960139315,7.5,0.23418383551428903,unsegmented-local-field,0.0,0.0,25.759719974093912,24.675,1.0847199740939102
I-103898-01-07,103898,development,tidal,blank,0,0,,1,7,9046.365093234677,3379.5820713723833,163.3686940019587,16.784206960139315,7.5,0.23418383551428903,unsegmented-local-field,0.0,0.0,25.889611581275076,25.075000000000003,0.8146115812750745
I-103898-01-08,103898,development,tidal,blank,0,0,,1,8,9046.365093234677,3379.5820713723833,163.3686940019587,16.784206960139315,7.5,0.23418383551428903,unsegmented-local-field,0.0,0.0,26.159719974093914,25.075000000000003,1.0847199740939102
I-103898-02-01,103898,development,tidal,blank,0,0,,2,1,9046.578544550915,3388.774604689811,163.3687705703071,16.78417555390593,12.0,0.37469413682286246,unsegmented-local-field,0.0,0.0,24.689611581275074,23.875,0.8146115812750745
I-103898-02-02,103898,development,tidal,blank,0,0,,2,2,9046.578544550915,3388.774604689811,163.3687705703071,16.78417555390593,12.0,0.37469413682286246,unsegmented-local-field,0.0,0.0,24.95971997409391,23.875,1.0847199740939102
I-103898-02-03,103898,development,tidal,blank,0,0,,2,3,9046.578544550915,3388.774604689811,163.3687705703071,16.78417555390593,12.0,0.37469413682286246,unsegmented-local-field,0.0,0.0,25.089611581275076,24.275000000000002,0.8146115812750745
I-103898-02-04,103898,development,tidal,blank,0,0,,2,4,9046.578544550915,3388.774604689811,163.3687705703071,16.78417555390593,12.0,0.37469413682286246,unsegmented-local-field,0.0,0.0,25.359719974093913,24.275000000000002,1.0847199740939102
I-103898-02-05,103898,development,tidal,blank,0,0,,2,5,9046.578544550915,3388.774604689811,163.3687705703071,16.78417555390593,12.0,0.37469413682286246,unsegmented-local-field,0.0,0.0,25.489611581275074,24.675,0.8146115812750745
I-103898-02-06,103898,development,tidal,blank,0,0,,2,6,9046.578544550915,3388.774604689811,163.3687705703071,16.78417555390593,12.0,0.37469413682286246,unsegmented-local-field,0.0,0.0,25.759719974093912,24.675,1.0847199740939102
I-103898-02-07,103898,development,tidal,blank,0,0,,2,7,9046.578544550915,3388.774604689811,163.3687705703071,16.78417555390593,12.0,0.37469413682286246,unsegmented-local-field,0.0,0.0,25.889611581275076,25.075000000000003,0.8146115812750745
I-103898-02-08,103898,development,tidal,blank,0,0,,2,8,9046.578544550915,3388.774604689811,163.3687705703071,16.78417555390593,12.0,0.37469413682286246,unsegmented-local-field,0.0,0.0,26.159719974093914,25.075000000000003,1.0847199740939102
I-103898-03-01,103898,development,tidal,blank,0,0,,3,1,9036.781315102675,3391.39976440853,163.36875537056707,16.784088794312954,12.0,0.37469413682286246,unsegmented-local-field,0.0,0.0,24.689611581275074,23.875,0.8146115812750745
I-103898-03-02,103898,development,tidal,blank,0,0,,3,2,9036.781315102675,3391.39976440853,163.36875537056707,16.784088794312954,12.0,0.37469413682286246,unsegmented-local-field,0.0,0.0,24.95971997409391,23.875,1.0847199740939102
I-103898-03-03,103898,development,tidal,blank,0,0,,3,3,9036.781315102675,3391.39976440853,163.36875537056707,16.784088794312954,12.0,0.37469413682286246,unsegmented-local-field,0.0,0.0,25.089611581275076,24.275000000000002,0.8146115812750745
I-103898-03-04,103898,development,tidal,blank,0,0,,3,4,9036.781315102675,3391.39976440853,163.36875537056707,16.784088794312954,12.0,0.37469413682286246,unsegmented-local-field,0.0,0.0,25.359719974093913,24.275000000000002,1.0847199740939102
I-103898-03-05,103898,development,tidal,blank,0,0,,3,5,9036.781315102675,3391.39976440853,163.36875537056707,16.784088794312954,12.0,0.37469413682286246,unsegmented-local-field,0.0,0.0,25.489611581275074,24.675,0.8146115812750745
I-103898-03-06,103898,development,tidal,blank,0,0,,3,6,9036.781315102675,3391.39976440853,163.36875537056707,16.784088794312954,12.0,0.37469413682286246,unsegmented-local-field,0.0,0.0,25.759719974093912,24.675,1.0847199740939102
I-103898-03-07,103898,development,tidal,blank,0,0,,3,7,9036.781315102675,3391.39976440853,163.36875537056707,16.784088794312954,12.0,0.37469413682286246,unsegmented-local-field,0.0,0.0,25.889611581275076,25.075000000000003,0.8146115812750745
I-103898-03-08,103898,development,tidal,blank,0,0,,3,8,9036.781315102675,3391.39976440853,163.36875537056707,16.784088794312954,12.0,0.37469413682286246,unsegmented-local-field,0.0,0.0,26.159719974093914,25.075000000000003,1.0847199740939102
I-103898-04-01,103898,development,tidal,blank,0,0,,4,1,9035.800915462201,3382.1532218111297,163.36867547345813,16.784114342983937,4.0,0.12489804560762081,unsegmented-local-field,0.0,0.0,24.689611581275074,23.875,0.8146115812750745
I-103898-04-02,103898,development,tidal,blank,0,0,,4,2,9035.800915462201,3382.1532218111297,163.36867547345813,16.784114342983937,4.0,0.12489804560762081,unsegmented-local-field,0.0,0.0,24.95971997409391,23.875,1.0847199740939102
I-103898-04-03,103898,development,tidal,blank,0,0,,4,3,9035.800915462201,3382.1532218111297,163.36867547345813,16.784114342983937,4.0,0.12489804560762081,unsegmented-local-field,0.0,0.0,25.089611581275076,24.275000000000002,0.8146115812750745
I-103898-04-04,103898,development,tidal,blank,0,0,,4,4,9035.800915462201,3382.1532218111297,163.36867547345813,16.784114342983937,4.0,0.12489804560762081,unsegmented-local-field,0.0,0.0,25.359719974093913,24.275000000000002,1.0847199740939102
I-103898-04-05,103898,development,tidal,blank,0,0,,4,5,9035.800915462201,3382.1532218111297,163.36867547345813,16.784114342983937,4.0,0.12489804560762081,unsegmented-local-field,0.0,0.0,25.489611581275074,24.675,0.8146115812750745
I-103898-04-06,103898,development,tidal,blank,0,0,,4,6,9035.800915462201,3382.1532218111297,163.36867547345813,16.784114342983937,4.0,0.12489804560762081,unsegmented-local-field,0.0,0.0,25.759719974093912,24.675,1.0847199740939102
I-103898-04-07,103898,development,tidal,blank,0,0,,4,7,9035.800915462201,3382.1532218111297,163.36867547345813,16.784114342983937,4.0,0.12489804560762081,unsegmented-local-field,0.0,0.0,25.889611581275076,25.075000000000003,0.8146115812750745
I-103898-04-08,103898,development,tidal,blank,0,0,,4,8,9035.800915462201,3382.1532218111297,163.36867547345813,16.784114342983937,4.0,0.12489804560762081,unsegmented-local-field,0.0,0.0,26.159719974093914,25.075000000000003,1.0847199740939102
I-103898-05-01,103898,development,tidal,blank,0,0,,5,1,9026.865093234677,3379.5820713723833,163.36862068407066,16.78405308599116,12.0,0.37469413682286246,unsegmented-local-field,0.0,0.0,24.689611581275074,23.875,0.8146115812750745
I-103898-05-02,103898,development,tidal,blank,0,0,,5,2,9026.865093234677,3379.5820713723833,163.36862068407066,16.78405308599116,12.0,0.37469413682286246,unsegmented-local-field,0.0,0.0,24.95971997409391,23.875,1.0847199740939102
I-103898-05-03,103898,development,tidal,blank,0,0,,5,3,9026.865093234677,3379.5820713723833,163.36862068407066,16.78405308599116,12.0,0.37469413682286246,unsegmented-local-field,0.0,0.0,25.089611581275076,24.275000000000002,0.8146115812750745
I-103898-05-04,103898,development,tidal,blank,0,0,,5,4,9026.865093234677,3379.5820713723833,163.36862068407066,16.78405308599116,12.0,0.37469413682286246,unsegmented-local-field,0.0,0.0,25.359719974093913,24.275000000000002,1.0847199740939102
I-103898-05-05,103898,development,tidal,blank,0,0,,5,5,9026.865093234677,3379.5820713723833,163.36862068407066,16.78405308599116,12.0,0.37469413682286246,unsegmented-local-field,0.0,0.0,25.489611581275074,24.675,0.8146115812750745
I-103898-05-06,103898,development,tidal,blank,0,0,,5,6,9026.865093234677,3379.5820713723833,163.36862068407066,16.78405308599116,12.0,0.37469413682286246,unsegmented-local-field,0.0,0.0,25.759719974093912,24.675,1.0847199740939102
I-103898-05-07,103898,development,tidal,blank,0,0,,5,7,9026.865093234677,3379.5820713723833,163.36862068407066,16.78405308599116,12.0,0.37469413682286246,unsegmented-local-field,0.0,0.0,25.889611581275076,25.075000000000003,0.8146115812750745
I-103898-05-08,103898,development,tidal,blank,0,0,,5,8,9026.865093234677,3379.5820713723833,163.36862068407066,16.78405308599116,12.0,0.37469413682286246,unsegmented-local-field,0.0,0.0,26.159719974093914,25.075000000000003,1.0847199740939102
I-103898-06-01,103898,development,tidal,blank,0,0,,6,1,9029.67255991725,3371.8686200561447,163.36856766479912,16.784103005909074,12.0,0.37469413682286246,unsegmented-local-field,0.0,0.0,24.689611581275074,23.875,0.8146115812750745
I-103898-06-02,103898,development,tidal,blank,0,0,,6,2,9029.67255991725,3371.8686200561447,163.36856766479912,16.784103005909074,12.0,0.37469413682286246,unsegmented-local-field,0.0,0.0,24.95971997409391,23.875,1.0847199740939102
I-103898-06-03,103898,development,tidal,blank,0,0,,6,3,9029.67255991725,3371.8686200561447,163.36856766479912,16.784103005909074,12.0,0.37469413682286246,unsegmented-local-field,0.0,0.0,25.089611581275076,24.275000000000002,0.8146115812750745
I-103898-06-04,103898,development,tidal,blank,0,0,,6,4,9029.67255991725,3371.8686200561447,163.36856766479912,16.784103005909074,12.0,0.37469413682286246,unsegmented-local-field,0.0,0.0,25.359719974093913,24.275000000000002,1.0847199740939102
I-103898-06-05,103898,development,tidal,blank,0,0,,6,5,9029.67255991725,3371.8686200561447,163.36856766479912,16.784103005909074,12.0,0.37469413682286246,unsegmented-local-field,0.0,0.0,25.489611581275074,24.675,0.8146115812750745
I-103898-06-06,103898,development,tidal,blank,0,0,,6,6,9029.67255991725,3371.8686200561447,163.36856766479912,16.784103005909074,12.0,0.37469413682286246,unsegmented-local-field,0.0,0.0,25.759719974093912,24.675,1.0847199740939102
I-103898-06-07,103898,development,tidal,blank,0,0,,6,7,9029.67255991725,3371.8686200561447,163.36856766479912,16.784103005909074,12.0,0.37469413682286246,unsegmented-local-field,0.0,0.0,25.889611581275076,25.075000000000003,0.8146115812750745
I-103898-06-08,103898,development,tidal,blank,0,0,,6,8,9029.67255991725,3371.8686200561447,163.36856766479912,16.784103005909074,12.0,0.37469413682286246,unsegmented-local-field,0.0,0.0,26.159719974093914,25.075000000000003,1.0847199740939102
I-103898-07-01,103898,development,tidal,blank,0,0,,7,1,9036.781315102675,3367.764378336237,163.3685605653414,16.78417387508592,12.0,0.37469413682286246,unsegmented-local-field,0.0,0.0,24.689611581275074,23.875,0.8146115812750745
I-103898-07-02,103898,development,tidal,blank,0,0,,7,2,9036.781315102675,3367.764378336237,163.3685605653414,16.78417387508592,12.0,0.37469413682286246,unsegmented-local-field,0.0,0.0,24.95971997409391,23.875,1.0847199740939102
I-103898-07-03,103898,development,tidal,blank,0,0,,7,3,9036.781315102675,3367.764378336237,163.3685605653414,16.78417387508592,12.0,0.37469413682286246,unsegmented-local-field,0.0,0.0,25.089611581275076,24.275000000000002,0.8146115812750745
I-103898-07-04,103898,development,tidal,blank,0,0,,7,4,9036.781315102675,3367.764378336237,163.3685605653414,16.78417387508592,12.0,0.37469413682286246,unsegmented-local-field,0.0,0.0,25.359719974093913,24.275000000000002,1.0847199740939102
I-103898-07-05,103898,development,tidal,blank,0,0,,7,5,9036.781315102675,3367.764378336237,163.3685605653414,16.78417387508592,12.0,0.37469413682286246,unsegmented-local-field,0.0,0.0,25.489611581275074,24.675,0.8146115812750745
I-103898-07-06,103898,development,tidal,blank,0,0,,7,6,9036.781315102675,3367.764378336237,163.3685605653414,16.78417387508592,12.0,0.37469413682286246,unsegmented-local-field,0.0,0.0,25.759719974093912,24.675,1.0847199740939102
I-103898-07-07,103898,development,tidal,blank,0,0,,7,7,9036.781315102675,3367.764378336237,163.3685605653414,16.78417387508592,12.0,0.37469413682286246,unsegmented-local-field,0.0,0.0,25.889611581275076,25.075000000000003,0.8146115812750745
I-103898-07-08,103898,development,tidal,blank,0,0,,7,8,9036.781315102675,3367.764378336237,163.3685605653414,16.78417387508592,12.0,0.37469413682286246,unsegmented-local-field,0.0,0.0,26.159719974093914,25.075000000000003,1.0847199740939102
I-103898-08-01,103898,development,tidal,blank,0,0,,8,1,9046.578544550915,3370.3895380549557,163.36861903869283,16.7842417350257,12.0,0.37469413682286246,unsegmented-local-field,0.0,0.0,24.689611581275074,23.875,0.8146115812750745
I-103898-08-02,103898,development,tidal,blank,0,0,,8,2,9046.578544550915,3370.3895380549557,163.36861903869283,16.7842417350257,12.0,0.37469413682286246,unsegmented-local-field,0.0,0.0,24.95971997409391,23.875,1.0847199740939102
I-103898-08-03,103898,development,tidal,blank,0,0,,8,3,9046.578544550915,3370.3895380549557,163.36861903869283,16.7842417350257,12.0,0.37469413682286246,unsegmented-local-field,0.0,0.0,25.089611581275076,24.275000000000002,0.8146115812750745
I-103898-08-04,103898,development,tidal,blank,0,0,,8,4,9046.578544550915,3370.3895380549557,163.36861903869283,16.7842417350257,12.0,0.37469413682286246,unsegmented-local-field,0.0,0.0,25.359719974093913,24.275000000000002,1.0847199740939102
I-103898-08-05,103898,development,tidal,blank,0,0,,8,5,9046.578544550915,3370.3895380549557,163.36861903869283,16.7842417350257,12.0,0.37469413682286246,unsegmented-local-field,0.0,0.0,25.489611581275074,24.675,0.8146115812750745
I-103898-08-06,103898,development,tidal,blank,0,0,,8,6,9046.578544550915,3370.3895380549557,163.36861903869283,16.7842417350257,12.0,0.37469413682286246,unsegmented-local-field,0.0,0.0,25.759719974093912,24.675,1.0847199740939102
I-103898-08-07,103898,development,tidal,blank,0,0,,8,7,9046.578544550915,3370.3895380549557,163.36861903869283,16.7842417350257,12.0,0.37469413682286246,unsegmented-local-field,0.0,0.0,25.889611581275076,25.075000000000003,0.8146115812750745
I-103898-08-08,103898,development,tidal,blank,0,0,,8,8,9046.578544550915,3370.3895380549557,163.36861903869283,16.7842417350257,12.0,0.37469413682286246,unsegmented-local-field,0.0,0.0,26.159719974093914,25.075000000000003,1.0847199740939102
I-137012-01-01,137012,development,tidal,blank,0,0,,1,1,9265.265838086578,4226.09090514882,163.3764940041453,16.782886959075828,7.5,0.23418383551428903,unsegmented-local-field,0.04,0.0,25.436611581275073,24.622,0.8146115812750745
I-137012-01-02,137012,development,tidal,blank,0,0,,1,2,9265.265838086578,4226.09090514882,163.3764940041453,16.782886959075828,7.5,0.23418383551428903,unsegmented-local-field,0.04,0.0,25.70671997409391,24.622,1.0847199740939102
I-137012-01-03,137012,development,tidal,blank,0,0,,1,3,9265.265838086578,4226.09090514882,163.3764940041453,16.782886959075828,7.5,0.23418383551428903,unsegmented-local-field,0.04,0.0,25.836611581275076,25.022000000000002,0.8146115812750745
I-137012-01-04,137012,development,tidal,blank,0,0,,1,4,9265.265838086578,4226.09090514882,163.3764940041453,16.782886959075828,7.5,0.23418383551428903,unsegmented-local-field,0.04,0.0,26.106719974093913,25.022000000000002,1.0847199740939102
I-137012-01-05,137012,development,tidal,blank,0,0,,1,5,9265.265838086578,4226.09090514882,163.3764940041453,16.782886959075828,7.5,0.23418383551428903,unsegmented-local-field,0.04,0.0,26.236611581275074,25.422,0.8146115812750745
I-137012-01-06,137012,development,tidal,blank,0,0,,1,6,9265.265838086578,4226.09090514882,163.3764940041453,16.782886959075828,7.5,0.23418383551428903,unsegmented-local-field,0.04,0.0,26.50671997409391,25.422,1.0847199740939102
I-137012-01-07,137012,development,tidal,blank,0,0,,1,7,9265.265838086578,4226.09090514882,163.3764940041453,16.782886959075828,7.5,0.23418383551428903,unsegmented-local-field,0.04,0.0,26.636611581275076,25.822000000000003,0.8146115812750745
I-137012-01-08,137012,development,tidal,blank,0,0,,1,8,9265.265838086578,4226.09090514882,163.3764940041453,16.782886959075828,7.5,0.23418383551428903,unsegmented-local-field,0.04,0.0,26.906719974093914,25.822000000000003,1.0847199740939102
I-137012-02-01,137012,development,tidal,blank,0,0,,2,1,9263.765838086578,4236.483209994233,163.3765740161454,16.782837710177123,12.0,0.37469413682286246,unsegmented-local-field,0.0,0.0,25.436611581275073,24.622,0.8146115812750745
I-137012-02-02,137012,development,tidal,blank,0,0,,2,2,9263.765838086578,4236.483209994233,163.3765740161454,16.782837710177123,12.0,0.37469413682286246,unsegmented-local-field,0.0,0.0,25.70671997409391,24.622,1.0847199740939102
I-137012-02-03,137012,development,tidal,blank,0,0,,2,3,9263.765838086578,4236.483209994233,163.3765740161454,16.782837710177123,12.0,0.37469413682286246,unsegmented-local-field,0.0,0.0,25.836611581275076,25.022000000000002,0.8146115812750745
I-137012-02-04,137012,development,tidal,blank,0,0,,2,4,9263.765838086578,4236.483209994233,163.3765740161454,16.782837710177123,12.0,0.37469413682286246,unsegmented-local-field,0.0,0.0,26.106719974093913,25.022000000000002,1.0847199740939102
I-137012-02-05,137012,development,tidal,blank,0,0,,2,5,9263.765838086578,4236.483209994233,163.3765740161454,16.782837710177123,12.0,0.37469413682286246,unsegmented-local-field,0.0,0.0,26.236611581275074,25.422,0.8146115812750745
I-137012-02-06,137012,development,tidal,blank,0,0,,2,6,9263.765838086578,4236.483209994233,163.3765740161454,16.782837710177123,12.0,0.37469413682286246,unsegmented-local-field,0.0,0.0,26.50671997409391,25.422,1.0847199740939102
I-137012-02-07,137012,development,tidal,blank,0,0,,2,7,9263.765838086578,4236.483209994233,163.3765740161454,16.782837710177123,12.0,0.37469413682286246,unsegmented-local-field,0.0,0.0,26.636611581275076,25.822000000000003,0.8146115812750745
I-137012-02-08,137012,development,tidal,blank,0,0,,2,8,9263.765838086578,4236.483209994233,163.3765740161454,16.782837710177123,12.0,0.37469413682286246,unsegmented-local-field,0.0,0.0,26.906719974093914,25.822000000000003,1.0847199740939102
I-137012-03-01,137012,development,tidal,blank,0,0,,3,1,9252.69441894569,4236.96659859326,163.3765363695167,16.782748607182736,12.0,0.37469413682286246,unsegmented-local-field,0.04,0.0,25.436611581275073,24.622,0.8146115812750745
I-137012-03-02,137012,development,tidal,blank,0,0,,3,2,9252.69441894569,4236.96659859326,163.3765363695167,16.782748607182736,12.0,0.37469413682286246,unsegmented-local-field,0.04,0.0,25.70671997409391,24.622,1.0847199740939102
I-137012-03-03,137012,development,tidal,blank,0,0,,3,3,9252.69441894569,4236.96659859326,163.3765363695167,16.782748607182736,12.0,0.37469413682286246,unsegmented-local-field,0.04,0.0,25.836611581275076,25.022000000000002,0.8146115812750745
I-137012-03-04,137012,development,tidal,blank,0,0,,3,4,9252.69441894569,4236.96659859326,163.3765363695167,16.782748607182736,12.0,0.37469413682286246,unsegmented-local-field,0.04,0.0,26.106719974093913,25.022000000000002,1.0847199740939102
I-137012-03-05,137012,development,tidal,blank,0,0,,3,5,9252.69441894569,4236.96659859326,163.3765363695167,16.782748607182736,12.0,0.37469413682286246,unsegmented-local-field,0.04,0.0,26.236611581275074,25.422,0.8146115812750745
I-137012-03-06,137012,development,tidal,blank,0,0,,3,6,9252.69441894569,4236.96659859326,163.3765363695167,16.782748607182736,12.0,0.37469413682286246,unsegmented-local-field,0.04,0.0,26.50671997409391,25.422,1.0847199740939102
I-137012-03-07,137012,development,tidal,blank,0,0,,3,7,9252.69441894569,4236.96659859326,163.3765363695167,16.782748607182736,12.0,0.37469413682286246,unsegmented-local-field,0.04,0.0,26.636611581275076,25.822000000000003,0.8146115812750745
I-137012-03-08,137012,development,tidal,blank,0,0,,3,8,9252.69441894569,4236.96659859326,163.3765363695167,16.782748607182736,12.0,0.37469413682286246,unsegmented-local-field,0.04,0.0,26.906719974093914,25.822000000000003,1.0847199740939102
I-137012-04-01,137012,development,tidal,blank,0,0,,4,1,9254.489229909423,4228.385210894224,163.37647239147591,16.78279366301658,4.0,0.12489804560762081,unsegmented-local-field,0.0,0.0,25.436611581275073,24.622,0.8146115812750745
I-137012-04-02,137012,development,tidal,blank,0,0,,4,2,9254.489229909423,4228.385210894224,163.37647239147591,16.78279366301658,4.0,0.12489804560762081,unsegmented-local-field,0.0,0.0,25.70671997409391,24.622,1.0847199740939102
I-137012-04-03,137012,development,tidal,blank,0,0,,4,3,9254.489229909423,4228.385210894224,163.37647239147591,16.78279366301658,4.0,0.12489804560762081,unsegmented-local-field,0.0,0.0,25.836611581275076,25.022000000000002,0.8146115812750745
I-137012-04-04,137012,development,tidal,blank,0,0,,4,4,9254.489229909423,4228.385210894224,163.37647239147591,16.78279366301658,4.0,0.12489804560762081,unsegmented-local-field,0.0,0.0,26.106719974093913,25.022000000000002,1.0847199740939102
I-137012-04-05,137012,development,tidal,blank,0,0,,4,5,9254.489229909423,4228.385210894224,163.37647239147591,16.78279366301658,4.0,0.12489804560762081,unsegmented-local-field,0.0,0.0,26.236611581275074,25.422,0.8146115812750745
I-137012-04-06,137012,development,tidal,blank,0,0,,4,6,9254.489229909423,4228.385210894224,163.37647239147591,16.78279366301658,4.0,0.12489804560762081,unsegmented-local-field,0.0,0.0,26.50671997409391,25.422,1.0847199740939102
I-137012-04-07,137012,development,tidal,blank,0,0,,4,7,9254.489229909423,4228.385210894224,163.37647239147591,16.78279366301658,4.0,0.12489804560762081,unsegmented-local-field,0.0,0.0,26.636611581275076,25.822000000000003,0.8146115812750745
I-137012-04-08,137012,development,tidal,blank,0,0,,4,8,9254.489229909423,4228.385210894224,163.37647239147591,16.78279366301658,4.0,0.12489804560762081,unsegmented-local-field,0.0,0.0,26.906719974093914,25.822000000000003,1.0847199740939102
I-137012-05-01,137012,development,tidal,blank,0,0,,5,1,9245.765838086578,4226.09090514882,163.37642068046736,16.78273308769274,12.0,0.37469413682286246,unsegmented-local-field,0.0,0.0,25.436611581275073,24.622,0.8146115812750745
I-137012-05-02,137012,development,tidal,blank,0,0,,5,2,9245.765838086578,4226.09090514882,163.37642068046736,16.78273308769274,12.0,0.37469413682286246,unsegmented-local-field,0.0,0.0,25.70671997409391,24.622,1.0847199740939102
I-137012-05-03,137012,development,tidal,blank,0,0,,5,3,9245.765838086578,4226.09090514882,163.37642068046736,16.78273308769274,12.0,0.37469413682286246,unsegmented-local-field,0.0,0.0,25.836611581275076,25.022000000000002,0.8146115812750745
I-137012-05-04,137012,development,tidal,blank,0,0,,5,4,9245.765838086578,4226.09090514882,163.37642068046736,16.78273308769274,12.0,0.37469413682286246,unsegmented-local-field,0.0,0.0,26.106719974093913,25.022000000000002,1.0847199740939102
I-137012-05-05,137012,development,tidal,blank,0,0,,5,5,9245.765838086578,4226.09090514882,163.37642068046736,16.78273308769274,12.0,0.37469413682286246,unsegmented-local-field,0.0,0.0,26.236611581275074,25.422,0.8146115812750745
I-137012-05-06,137012,development,tidal,blank,0,0,,5,6,9245.765838086578,4226.09090514882,163.37642068046736,16.78273308769274,12.0,0.37469413682286246,unsegmented-local-field,0.0,0.0,26.50671997409391,25.422,1.0847199740939102
I-137012-05-07,137012,development,tidal,blank,0,0,,5,7,9245.765838086578,4226.09090514882,163.37642068046736,16.78273308769274,12.0,0.37469413682286246,unsegmented-local-field,0.0,0.0,26.636611581275076,25.822000000000003,0.8146115812750745
I-137012-05-08,137012,development,tidal,blank,0,0,,5,8,9245.765838086578,4226.09090514882,163.37642068046736,16.78273308769274,12.0,0.37469413682286246,unsegmented-local-field,0.0,0.0,26.906719974093914,25.822000000000003,1.0847199740939102
I-137012-06-01,137012,development,tidal,blank,0,0,,6,1,9248.57330476915,4218.3774538325815,163.37636766361683,16.782783009603374,12.0,0.37469413682286246,unsegmented-local-field,0.0,0.0,25.436611581275073,24.622,0.8146115812750745
I-137012-06-02,137012,development,tidal,blank,0,0,,6,2,9248.57330476915,4218.3774538325815,163.37636766361683,16.782783009603374,12.0,0.37469413682286246,unsegmented-local-field,0.0,0.0,25.70671997409391,24.622,1.0847199740939102
I-137012-06-03,137012,development,tidal,blank,0,0,,6,3,9248.57330476915,4218.3774538325815,163.37636766361683,16.782783009603374,12.0,0.37469413682286246,unsegmented-local-field,0.0,0.0,25.836611581275076,25.022000000000002,0.8146115812750745
I-137012-06-04,137012,development,tidal,blank,0,0,,6,4,9248.57330476915,4218.3774538325815,163.37636766361683,16.782783009603374,12.0,0.37469413682286246,unsegmented-local-field,0.0,0.0,26.106719974093913,25.022000000000002,1.0847199740939102
I-137012-06-05,137012,development,tidal,blank,0,0,,6,5,9248.57330476915,4218.3774538325815,163.37636766361683,16.782783009603374,12.0,0.37469413682286246,unsegmented-local-field,0.0,0.0,26.236611581275074,25.422,0.8146115812750745
I-137012-06-06,137012,development,tidal,blank,0,0,,6,6,9248.57330476915,4218.3774538325815,163.37636766361683,16.782783009603374,12.0,0.37469413682286246,unsegmented-local-field,0.0,0.0,26.50671997409391,25.422,1.0847199740939102
I-137012-06-07,137012,development,tidal,blank,0,0,,6,7,9248.57330476915,4218.3774538325815,163.37636766361683,16.782783009603374,12.0,0.37469413682286246,unsegmented-local-field,0.0,0.0,26.636611581275076,25.822000000000003,0.8146115812750745
I-137012-06-08,137012,development,tidal,blank,0,0,,6,8,9248.57330476915,4218.3774538325815,163.37636766361683,16.782783009603374,12.0,0.37469413682286246,unsegmented-local-field,0.0,0.0,26.906719974093914,25.822000000000003,1.0847199740939102
I-137012-07-01,137012,development,tidal,blank,0,0,,7,1,9255.942532221075,4215.750423742192,163.37637372156635,16.78285061638894,10.5,0.3278573697200046,unsegmented-local-field,0.0,0.0,25.436611581275073,24.622,0.8146115812750745
I-137012-07-02,137012,development,tidal,blank,0,0,,7,2,9255.942532221075,4215.750423742192,163.37637372156635,16.78285061638894,10.5,0.3278573697200046,unsegmented-local-field,0.0,0.0,25.70671997409391,24.622,1.0847199740939102
I-137012-07-03,137012,development,tidal,blank,0,0,,7,3,9255.942532221075,4215.750423742192,163.37637372156635,16.78285061638894,10.5,0.3278573697200046,unsegmented-local-field,0.0,0.0,25.836611581275076,25.022000000000002,0.8146115812750745
I-137012-07-04,137012,development,tidal,blank,0,0,,7,4,9255.942532221075,4215.750423742192,163.37637372156635,16.78285061638894,10.5,0.3278573697200046,unsegmented-local-field,0.0,0.0,26.106719974093913,25.022000000000002,1.0847199740939102
I-137012-07-05,137012,development,tidal,blank,0,0,,7,5,9255.942532221075,4215.750423742192,163.37637372156635,16.78285061638894,10.5,0.3278573697200046,unsegmented-local-field,0.0,0.0,26.236611581275074,25.422,0.8146115812750745
I-137012-07-06,137012,development,tidal,blank,0,0,,7,6,9255.942532221075,4215.750423742192,163.37637372156635,16.78285061638894,10.5,0.3278573697200046,unsegmented-local-field,0.0,0.0,26.50671997409391,25.422,1.0847199740939102
I-137012-07-07,137012,development,tidal,blank,0,0,,7,7,9255.942532221075,4215.750423742192,163.37637372156635,16.78285061638894,10.5,0.3278573697200046,unsegmented-local-field,0.0,0.0,26.636611581275076,25.822000000000003,0.8146115812750745
I-137012-07-08,137012,development,tidal,blank,0,0,,7,8,9255.942532221075,4215.750423742192,163.37637372156635,16.78285061638894,10.5,0.3278573697200046,unsegmented-local-field,0.0,0.0,26.906719974093914,25.822000000000003,1.0847199740939102
I-137012-08-01,137012,development,tidal,blank,0,0,,8,1,9259.13391865988,4222.332134665676,163.37643996756293,16.782852104768736,4.0,0.12489804560762081,unsegmented-local-field,0.0,0.0,25.436611581275073,24.622,0.8146115812750745
I-137012-08-02,137012,development,tidal,blank,0,0,,8,2,9259.13391865988,4222.332134665676,163.37643996756293,16.782852104768736,4.0,0.12489804560762081,unsegmented-local-field,0.0,0.0,25.70671997409391,24.622,1.0847199740939102
I-137012-08-03,137012,development,tidal,blank,0,0,,8,3,9259.13391865988,4222.332134665676,163.37643996756293,16.782852104768736,4.0,0.12489804560762081,unsegmented-local-field,0.0,0.0,25.836611581275076,25.022000000000002,0.8146115812750745
I-137012-08-04,137012,development,tidal,blank,0,0,,8,4,9259.13391865988,4222.332134665676,163.37643996756293,16.782852104768736,4.0,0.12489804560762081,unsegmented-local-field,0.0,0.0,26.106719974093913,25.022000000000002,1.0847199740939102
I-137012-08-05,137012,development,tidal,blank,0,0,,8,5,9259.13391865988,4222.332134665676,163.37643996756293,16.782852104768736,4.0,0.12489804560762081,unsegmented-local-field,0.0,0.0,26.236611581275074,25.422,0.8146115812750745
I-137012-08-06,137012,development,tidal,blank,0,0,,8,6,9259.13391865988,4222.332134665676,163.37643996756293,16.782852104768736,4.0,0.12489804560762081,unsegmented-local-field,0.0,0.0,26.50671997409391,25.422,1.0847199740939102
I-137012-08-07,137012,development,tidal,blank,0,0,,8,7,9259.13391865988,4222.332134665676,163.37643996756293,16.782852104768736,4.0,0.12489804560762081,unsegmented-local-field,0.0,0.0,26.636611581275076,25.822000000000003,0.8146115812750745
I-137012-08-08,137012,development,tidal,blank,0,0,,8,8,9259.13391865988,4222.332134665676,163.37643996756293,16.782852104768736,4.0,0.12489804560762081,unsegmented-local-field,0.0,0.0,26.906719974093914,25.822000000000003,1.0847199740939102
I-100493-01-01,100493,validation,tidal,blank,0,0,,1,1,9026.232436641018,3296.55678319697,163.3679340017476,16.78434696024286,7.5,0.23418383551428903,unsegmented-local-field,0.0,0.0,24.77461158127507,23.959999999999997,0.8146115812750745
I-100493-01-02,100493,validation,tidal,blank,0,0,,1,2,9026.232436641018,3296.55678319697,163.3679340017476,16.78434696024286,7.5,0.23418383551428903,unsegmented-local-field,0.0,0.0,25.04471997409391,23.959999999999997,1.0847199740939102
I-100493-01-03,100493,validation,tidal,blank,0,0,,1,3,9026.232436641018,3296.55678319697,163.3679340017476,16.78434696024286,7.5,0.23418383551428903,unsegmented-local-field,0.0,0.0,25.174611581275073,24.36,0.8146115812750745
I-100493-01-04,100493,validation,tidal,blank,0,0,,1,4,9026.232436641018,3296.55678319697,163.3679340017476,16.78434696024286,7.5,0.23418383551428903,unsegmented-local-field,0.0,0.0,25.44471997409391,24.36,1.0847199740939102
I-100493-01-05,100493,validation,tidal,blank,0,0,,1,5,9026.232436641018,3296.55678319697,163.3679340017476,16.78434696024286,7.5,0.23418383551428903,unsegmented-local-field,0.0,0.0,25.57461158127507,24.759999999999998,0.8146115812750745
I-100493-01-06,100493,validation,tidal,blank,0,0,,1,6,9026.232436641018,3296.55678319697,163.3679340017476,16.78434696024286,7.5,0.23418383551428903,unsegmented-local-field,0.0,0.0,25.84471997409391,24.759999999999998,1.0847199740939102
I-100493-01-07,100493,validation,tidal,blank,0,0,,1,7,9026.232436641018,3296.55678319697,163.3679340017476,16.78434696024286,7.5,0.23418383551428903,unsegmented-local-field,0.0,0.0,25.974611581275074,25.16,0.8146115812750745
I-100493-01-08,100493,validation,tidal,blank,0,0,,1,8,9026.232436641018,3296.55678319697,163.3679340017476,16.78434696024286,7.5,0.23418383551428903,unsegmented-local-field,0.0,0.0,26.24471997409391,25.16,1.0847199740939102
I-100493-02-01,100493,validation,tidal,blank,0,0,,2,1,9026.445887957256,3305.749316514398,163.3680105702786,16.784315554290107,12.0,0.37469413682286246,unsegmented-local-field,0.0,0.0,24.77461158127507,23.959999999999997,0.8146115812750745
I-100493-02-02,100493,validation,tidal,blank,0,0,,2,2,9026.445887957256,3305.749316514398,163.3680105702786,16.784315554290107,12.0,0.37469413682286246,unsegmented-local-field,0.0,0.0,25.04471997409391,23.959999999999997,1.0847199740939102
I-100493-02-03,100493,validation,tidal,blank,0,0,,2,3,9026.445887957256,3305.749316514398,163.3680105702786,16.784315554290107,12.0,0.37469413682286246,unsegmented-local-field,0.0,0.0,25.174611581275073,24.36,0.8146115812750745
I-100493-02-04,100493,validation,tidal,blank,0,0,,2,4,9026.445887957256,3305.749316514398,163.3680105702786,16.784315554290107,12.0,0.37469413682286246,unsegmented-local-field,0.0,0.0,25.44471997409391,24.36,1.0847199740939102
I-100493-02-05,100493,validation,tidal,blank,0,0,,2,5,9026.445887957256,3305.749316514398,163.3680105702786,16.784315554290107,12.0,0.37469413682286246,unsegmented-local-field,0.0,0.0,25.57461158127507,24.759999999999998,0.8146115812750745
I-100493-02-06,100493,validation,tidal,blank,0,0,,2,6,9026.445887957256,3305.749316514398,163.3680105702786,16.784315554290107,12.0,0.37469413682286246,unsegmented-local-field,0.0,0.0,25.84471997409391,24.759999999999998,1.0847199740939102
I-100493-02-07,100493,validation,tidal,blank,0,0,,2,7,9026.445887957256,3305.749316514398,163.3680105702786,16.784315554290107,12.0,0.37469413682286246,unsegmented-local-field,0.0,0.0,25.974611581275074,25.16,0.8146115812750745
I-100493-02-08,100493,validation,tidal,blank,0,0,,2,8,9026.445887957256,3305.749316514398,163.3680105702786,16.784315554290107,12.0,0.37469413682286246,unsegmented-local-field,0.0,0.0,26.24471997409391,25.16,1.0847199740939102
I-100493-03-01,100493,validation,tidal,blank,0,0,,3,1,9016.648658509015,3308.3744762331166,163.3679953708738,16.784228794641155,12.0,0.37469413682286246,unsegmented-local-field,0.0,0.0,24.77461158127507,23.959999999999997,0.8146115812750745
I-100493-03-02,100493,validation,tidal,blank,0,0,,3,2,9016.648658509015,3308.3744762331166,163.3679953708738,16.784228794641155,12.0,0.37469413682286246,unsegmented-local-field,0.0,0.0,25.04471997409391,23.959999999999997,1.0847199740939102
I-100493-03-03,100493,validation,tidal,blank,0,0,,3,3,9016.648658509015,3308.3744762331166,163.3679953708738,16.784228794641155,12.0,0.37469413682286246,unsegmented-local-field,0.0,0.0,25.174611581275073,24.36,0.8146115812750745
I-100493-03-04,100493,validation,tidal,blank,0,0,,3,4,9016.648658509015,3308.3744762331166,163.3679953708738,16.784228794641155,12.0,0.37469413682286246,unsegmented-local-field,0.0,0.0,25.44471997409391,24.36,1.0847199740939102
I-100493-03-05,100493,validation,tidal,blank,0,0,,3,5,9016.648658509015,3308.3744762331166,163.3679953708738,16.784228794641155,12.0,0.37469413682286246,unsegmented-local-field,0.0,0.0,25.57461158127507,24.759999999999998,0.8146115812750745
I-100493-03-06,100493,validation,tidal,blank,0,0,,3,6,9016.648658509015,3308.3744762331166,163.3679953708738,16.784228794641155,12.0,0.37469413682286246,unsegmented-local-field,0.0,0.0,25.84471997409391,24.759999999999998,1.0847199740939102
I-100493-03-07,100493,validation,tidal,blank,0,0,,3,7,9016.648658509015,3308.3744762331166,163.3679953708738,16.784228794641155,12.0,0.37469413682286246,unsegmented-local-field,0.0,0.0,25.974611581275074,25.16,0.8146115812750745
I-100493-03-08,100493,validation,tidal,blank,0,0,,3,8,9016.648658509015,3308.3744762331166,163.3679953708738,16.784228794641155,12.0,0.37469413682286246,unsegmented-local-field,0.0,0.0,26.24471997409391,25.16,1.0847199740939102
I-100493-04-01,100493,validation,tidal,blank,0,0,,4,1,9015.668258868542,3299.1279336357165,163.36791547360318,16.7842543430193,4.0,0.12489804560762081,unsegmented-local-field,0.0,0.0,24.77461158127507,23.959999999999997,0.8146115812750745
I-100493-04-02,100493,validation,tidal,blank,0,0,,4,2,9015.668258868542,3299.1279336357165,163.36791547360318,16.7842543430193,4.0,0.12489804560762081,unsegmented-local-field,0.0,0.0,25.04471997409391,23.959999999999997,1.0847199740939102
I-100493-04-03,100493,validation,tidal,blank,0,0,,4,3,9015.668258868542,3299.1279336357165,163.36791547360318,16.7842543430193,4.0,0.12489804560762081,unsegmented-local-field,0.0,0.0,25.174611581275073,24.36,0.8146115812750745
I-100493-04-04,100493,validation,tidal,blank,0,0,,4,4,9015.668258868542,3299.1279336357165,163.36791547360318,16.7842543430193,4.0,0.12489804560762081,unsegmented-local-field,0.0,0.0,25.44471997409391,24.36,1.0847199740939102
I-100493-04-05,100493,validation,tidal,blank,0,0,,4,5,9015.668258868542,3299.1279336357165,163.36791547360318,16.7842543430193,4.0,0.12489804560762081,unsegmented-local-field,0.0,0.0,25.57461158127507,24.759999999999998,0.8146115812750745
I-100493-04-06,100493,validation,tidal,blank,0,0,,4,6,9015.668258868542,3299.1279336357165,163.36791547360318,16.7842543430193,4.0,0.12489804560762081,unsegmented-local-field,0.0,0.0,25.84471997409391,24.759999999999998,1.0847199740939102
I-100493-04-07,100493,validation,tidal,blank,0,0,,4,7,9015.668258868542,3299.1279336357165,163.36791547360318,16.7842543430193,4.0,0.12489804560762081,unsegmented-local-field,0.0,0.0,25.974611581275074,25.16,0.8146115812750745
I-100493-04-08,100493,validation,tidal,blank,0,0,,4,8,9015.668258868542,3299.1279336357165,163.36791547360318,16.7842543430193,4.0,0.12489804560762081,unsegmented-local-field,0.0,0.0,26.24471997409391,25.16,1.0847199740939102
I-100493-05-01,100493,validation,tidal,blank,0,0,,5,1,9006.732436641018,3296.55678319697,163.3678606844195,16.78419308582546,12.0,0.37469413682286246,unsegmented-local-field,0.0,0.0,24.77461158127507,23.959999999999997,0.8146115812750745
I-100493-05-02,100493,validation,tidal,blank,0,0,,5,2,9006.732436641018,3296.55678319697,163.3678606844195,16.78419308582546,12.0,0.37469413682286246,unsegmented-local-field,0.0,0.0,25.04471997409391,23.959999999999997,1.0847199740939102
I-100493-05-03,100493,validation,tidal,blank,0,0,,5,3,9006.732436641018,3296.55678319697,163.3678606844195,16.78419308582546,12.0,0.37469413682286246,unsegmented-local-field,0.0,0.0,25.174611581275073,24.36,0.8146115812750745
I-100493-05-04,100493,validation,tidal,blank,0,0,,5,4,9006.732436641018,3296.55678319697,163.3678606844195,16.78419308582546,12.0,0.37469413682286246,unsegmented-local-field,0.0,0.0,25.44471997409391,24.36,1.0847199740939102
I-100493-05-05,100493,validation,tidal,blank,0,0,,5,5,9006.732436641018,3296.55678319697,163.3678606844195,16.78419308582546,12.0,0.37469413682286246,unsegmented-local-field,0.0,0.0,25.57461158127507,24.759999999999998,0.8146115812750745
I-100493-05-06,100493,validation,tidal,blank,0,0,,5,6,9006.732436641018,3296.55678319697,163.3678606844195,16.78419308582546,12.0,0.37469413682286246,unsegmented-local-field,0.0,0.0,25.84471997409391,24.759999999999998,1.0847199740939102
I-100493-05-07,100493,validation,tidal,blank,0,0,,5,7,9006.732436641018,3296.55678319697,163.3678606844195,16.78419308582546,12.0,0.37469413682286246,unsegmented-local-field,0.0,0.0,25.974611581275074,25.16,0.8146115812750745
I-100493-05-08,100493,validation,tidal,blank,0,0,,5,8,9006.732436641018,3296.55678319697,163.3678606844195,16.78419308582546,12.0,0.37469413682286246,unsegmented-local-field,0.0,0.0,26.24471997409391,25.16,1.0847199740939102
I-100493-06-01,100493,validation,tidal,blank,0,0,,6,1,9009.53990332359,3288.8433318807315,163.36780766490898,16.784243005549158,12.0,0.37469413682286246,unsegmented-local-field,0.0,0.0,24.77461158127507,23.959999999999997,0.8146115812750745
I-100493-06-02,100493,validation,tidal,blank,0,0,,6,2,9009.53990332359,3288.8433318807315,163.36780766490898,16.784243005549158,12.0,0.37469413682286246,unsegmented-local-field,0.0,0.0,25.04471997409391,23.959999999999997,1.0847199740939102
I-100493-06-03,100493,validation,tidal,blank,0,0,,6,3,9009.53990332359,3288.8433318807315,163.36780766490898,16.784243005549158,12.0,0.37469413682286246,unsegmented-local-field,0.0,0.0,25.174611581275073,24.36,0.8146115812750745
I-100493-06-04,100493,validation,tidal,blank,0,0,,6,4,9009.53990332359,3288.8433318807315,163.36780766490898,16.784243005549158,12.0,0.37469413682286246,unsegmented-local-field,0.0,0.0,25.44471997409391,24.36,1.0847199740939102
I-100493-06-05,100493,validation,tidal,blank,0,0,,6,5,9009.53990332359,3288.8433318807315,163.36780766490898,16.784243005549158,12.0,0.37469413682286246,unsegmented-local-field,0.0,0.0,25.57461158127507,24.759999999999998,0.8146115812750745
I-100493-06-06,100493,validation,tidal,blank,0,0,,6,6,9009.53990332359,3288.8433318807315,163.36780766490898,16.784243005549158,12.0,0.37469413682286246,unsegmented-local-field,0.0,0.0,25.84471997409391,24.759999999999998,1.0847199740939102
I-100493-06-07,100493,validation,tidal,blank,0,0,,6,7,9009.53990332359,3288.8433318807315,163.36780766490898,16.784243005549158,12.0,0.37469413682286246,unsegmented-local-field,0.0,0.0,25.974611581275074,25.16,0.8146115812750745
I-100493-06-08,100493,validation,tidal,blank,0,0,,6,8,9009.53990332359,3288.8433318807315,163.36780766490898,16.784243005549158,12.0,0.37469413682286246,unsegmented-local-field,0.0,0.0,26.24471997409391,25.16,1.0847199740939102
I-100493-07-01,100493,validation,tidal,blank,0,0,,7,1,9016.648658509015,3284.7390901608237,163.3678005651629,16.78431387470016,12.0,0.37469413682286246,unsegmented-local-field,0.0,0.0,24.77461158127507,23.959999999999997,0.8146115812750745
I-100493-07-02,100493,validation,tidal,blank,0,0,,7,2,9016.648658509015,3284.7390901608237,163.3678005651629,16.78431387470016,12.0,0.37469413682286246,unsegmented-local-field,0.0,0.0,25.04471997409391,23.959999999999997,1.0847199740939102
I-100493-07-03,100493,validation,tidal,blank,0,0,,7,3,9016.648658509015,3284.7390901608237,163.3678005651629,16.78431387470016,12.0,0.37469413682286246,unsegmented-local-field,0.0,0.0,25.174611581275073,24.36,0.8146115812750745
I-100493-07-04,100493,validation,tidal,blank,0,0,,7,4,9016.648658509015,3284.7390901608237,163.3678005651629,16.78431387470016,12.0,0.37469413682286246,unsegmented-local-field,0.0,0.0,25.44471997409391,24.36,1.0847199740939102
I-100493-07-05,100493,validation,tidal,blank,0,0,,7,5,9016.648658509015,3284.7390901608237,163.3678005651629,16.78431387470016,12.0,0.37469413682286246,unsegmented-local-field,0.0,0.0,25.57461158127507,24.759999999999998,0.8146115812750745
I-100493-07-06,100493,validation,tidal,blank,0,0,,7,6,9016.648658509015,3284.7390901608237,163.3678005651629,16.78431387470016,12.0,0.37469413682286246,unsegmented-local-field,0.0,0.0,25.84471997409391,24.759999999999998,1.0847199740939102
I-100493-07-07,100493,validation,tidal,blank,0,0,,7,7,9016.648658509015,3284.7390901608237,163.3678005651629,16.78431387470016,12.0,0.37469413682286246,unsegmented-local-field,0.0,0.0,25.974611581275074,25.16,0.8146115812750745
I-100493-07-08,100493,validation,tidal,blank,0,0,,7,8,9016.648658509015,3284.7390901608237,163.3678005651629,16.78431387470016,12.0,0.37469413682286246,unsegmented-local-field,0.0,0.0,26.24471997409391,25.16,1.0847199740939102
I-100493-08-01,100493,validation,tidal,blank,0,0,,8,1,9026.445887957256,3287.3642498795425,163.3678590382869,16.784381734854524,12.0,0.37469413682286246,unsegmented-local-field,0.0,0.0,24.77461158127507,23.959999999999997,0.8146115812750745
I-100493-08-02,100493,validation,tidal,blank,0,0,,8,2,9026.445887957256,3287.3642498795425,163.3678590382869,16.784381734854524,12.0,0.37469413682286246,unsegmented-local-field,0.0,0.0,25.04471997409391,23.959999999999997,1.0847199740939102
I-100493-08-03,100493,validation,tidal,blank,0,0,,8,3,9026.445887957256,3287.3642498795425,163.3678590382869,16.784381734854524,12.0,0.37469413682286246,unsegmented-local-field,0.0,0.0,25.174611581275073,24.36,0.8146115812750745
I-100493-08-04,100493,validation,tidal,blank,0,0,,8,4,9026.445887957256,3287.3642498795425,163.3678590382869,16.784381734854524,12.0,0.37469413682286246,unsegmented-local-field,0.0,0.0,25.44471997409391,24.36,1.0847199740939102
I-100493-08-05,100493,validation,tidal,blank,0,0,,8,5,9026.445887957256,3287.3642498795425,163.3678590382869,16.784381734854524,12.0,0.37469413682286246,unsegmented-local-field,0.0,0.0,25.57461158127507,24.759999999999998,0.8146115812750745
I-100493-08-06,100493,validation,tidal,blank,0,0,,8,6,9026.445887957256,3287.3642498795425,163.3678590382869,16.784381734854524,12.0,0.37469413682286246,unsegmented-local-field,0.0,0.0,25.84471997409391,24.759999999999998,1.0847199740939102
I-100493-08-07,100493,validation,tidal,blank,0,0,,8,7,9026.445887957256,3287.3642498795425,163.3678590382869,16.784381734854524,12.0,0.37469413682286246,unsegmented-local-field,0.0,0.0,25.974611581275074,25.16,0.8146115812750745
I-100493-08-08,100493,validation,tidal,blank,0,0,,8,8,9026.445887957256,3287.3642498795425,163.3678590382869,16.784381734854524,12.0,0.37469413682286246,unsegmented-local-field,0.0,0.0,26.24471997409391,25.16,1.0847199740939102
I-130307-01-01,130307,validation,tidal,blank,0,0,,1,1,9227.308678852449,4026.2254780456715,163.3747040036645,16.783306959319845,7.5,0.23418383551428903,unsegmented-local-field,0.04,0.0,25.39361158127507,24.578999999999997,0.8146115812750745
I-130307-01-02,130307,validation,tidal,blank,0,0,,1,2,9227.308678852449,4026.2254780456715,163.3747040036645,16.783306959319845,7.5,0.23418383551428903,unsegmented-local-field,0.04,0.0,25.663719974093908,24.578999999999997,1.0847199740939102
I-130307-01-03,130307,validation,tidal,blank,0,0,,1,3,9227.308678852449,4026.2254780456715,163.3747040036645,16.783306959319845,7.5,0.23418383551428903,unsegmented-local-field,0.04,0.0,25.793611581275073,24.979,0.8146115812750745
I-130307-01-04,130307,validation,tidal,blank,0,0,,1,4,9227.308678852449,4026.2254780456715,163.3747040036645,16.783306959319845,7.5,0.23418383551428903,unsegmented-local-field,0.04,0.0,26.06371997409391,24.979,1.0847199740939102
I-130307-01-05,130307,validation,tidal,blank,0,0,,1,5,9227.308678852449,4026.2254780456715,163.3747040036645,16.783306959319845,7.5,0.23418383551428903,unsegmented-local-field,0.04,0.0,26.19361158127507,25.378999999999998,0.8146115812750745
I-130307-01-06,130307,validation,tidal,blank,0,0,,1,6,9227.308678852449,4026.2254780456715,163.3747040036645,16.783306959319845,7.5,0.23418383551428903,unsegmented-local-field,0.04,0.0,26.46371997409391,25.378999999999998,1.0847199740939102
I-130307-01-07,130307,validation,tidal,blank,0,0,,1,7,9227.308678852449,4026.2254780456715,163.3747040036645,16.783306959319845,7.5,0.23418383551428903,unsegmented-local-field,0.04,0.0,26.593611581275074,25.779,0.8146115812750745
I-130307-01-08,130307,validation,tidal,blank,0,0,,1,8,9227.308678852449,4026.2254780456715,163.3747040036645,16.783306959319845,7.5,0.23418383551428903,unsegmented-local-field,0.04,0.0,26.86371997409391,25.779,1.0847199740939102
I-130307-02-01,130307,validation,tidal,blank,0,0,,2,1,9227.522130168687,4035.418011363099,163.37478057065138,16.78327555086764,12.0,0.37469413682286246,unsegmented-local-field,0.0,0.0,25.39361158127507,24.578999999999997,0.8146115812750745
I-130307-02-02,130307,validation,tidal,blank,0,0,,2,2,9227.522130168687,4035.418011363099,163.37478057065138,16.78327555086764,12.0,0.37469413682286246,unsegmented-local-field,0.0,0.0,25.663719974093908,24.578999999999997,1.0847199740939102
I-130307-02-03,130307,validation,tidal,blank,0,0,,2,3,9227.522130168687,4035.418011363099,163.37478057065138,16.78327555086764,12.0,0.37469413682286246,unsegmented-local-field,0.0,0.0,25.793611581275073,24.979,0.8146115812750745
I-130307-02-04,130307,validation,tidal,blank,0,0,,2,4,9227.522130168687,4035.418011363099,163.37478057065138,16.78327555086764,12.0,0.37469413682286246,unsegmented-local-field,0.0,0.0,26.06371997409391,24.979,1.0847199740939102
I-130307-02-05,130307,validation,tidal,blank,0,0,,2,5,9227.522130168687,4035.418011363099,163.37478057065138,16.78327555086764,12.0,0.37469413682286246,unsegmented-local-field,0.0,0.0,26.19361158127507,25.378999999999998,0.8146115812750745
I-130307-02-06,130307,validation,tidal,blank,0,0,,2,6,9227.522130168687,4035.418011363099,163.37478057065138,16.78327555086764,12.0,0.37469413682286246,unsegmented-local-field,0.0,0.0,26.46371997409391,25.378999999999998,1.0847199740939102
I-130307-02-07,130307,validation,tidal,blank,0,0,,2,7,9227.522130168687,4035.418011363099,163.37478057065138,16.78327555086764,12.0,0.37469413682286246,unsegmented-local-field,0.0,0.0,26.593611581275074,25.779,0.8146115812750745
I-130307-02-08,130307,validation,tidal,blank,0,0,,2,8,9227.522130168687,4035.418011363099,163.37478057065138,16.78327555086764,12.0,0.37469413682286246,unsegmented-local-field,0.0,0.0,26.86371997409391,25.779,1.0847199740939102
I-130307-03-01,130307,validation,tidal,blank,0,0,,3,1,9217.724900720446,4038.043171081818,163.3747653682443,16.783188791718192,12.0,0.37469413682286246,unsegmented-local-field,0.0,0.0,25.39361158127507,24.578999999999997,0.8146115812750745
I-130307-03-02,130307,validation,tidal,blank,0,0,,3,2,9217.724900720446,4038.043171081818,163.3747653682443,16.783188791718192,12.0,0.37469413682286246,unsegmented-local-field,0.0,0.0,25.663719974093908,24.578999999999997,1.0847199740939102
I-130307-03-03,130307,validation,tidal,blank,0,0,,3,3,9217.724900720446,4038.043171081818,163.3747653682443,16.783188791718192,12.0,0.37469413682286246,unsegmented-local-field,0.0,0.0,25.793611581275073,24.979,0.8146115812750745
I-130307-03-04,130307,validation,tidal,blank,0,0,,3,4,9217.724900720446,4038.043171081818,163.3747653682443,16.783188791718192,12.0,0.37469413682286246,unsegmented-local-field,0.0,0.0,26.06371997409391,24.979,1.0847199740939102
I-130307-03-05,130307,validation,tidal,blank,0,0,,3,5,9217.724900720446,4038.043171081818,163.3747653682443,16.783188791718192,12.0,0.37469413682286246,unsegmented-local-field,0.0,0.0,26.19361158127507,25.378999999999998,0.8146115812750745
I-130307-03-06,130307,validation,tidal,blank,0,0,,3,6,9217.724900720446,4038.043171081818,163.3747653682443,16.783188791718192,12.0,0.37469413682286246,unsegmented-local-field,0.0,0.0,26.46371997409391,25.378999999999998,1.0847199740939102
I-130307-03-07,130307,validation,tidal,blank,0,0,,3,7,9217.724900720446,4038.043171081818,163.3747653682443,16.783188791718192,12.0,0.37469413682286246,unsegmented-local-field,0.0,0.0,26.593611581275074,25.779,0.8146115812750745
I-130307-03-08,130307,validation,tidal,blank,0,0,,3,8,9217.724900720446,4038.043171081818,163.3747653682443,16.783188791718192,12.0,0.37469413682286246,unsegmented-local-field,0.0,0.0,26.86371997409391,25.779,1.0847199740939102
I-130307-04-01,130307,validation,tidal,blank,0,0,,4,1,9216.744501079973,4028.796628484418,163.3746854723279,16.783214342704674,4.0,0.12489804560762081,unsegmented-local-field,0.0,0.0,25.39361158127507,24.578999999999997,0.8146115812750745
I-130307-04-02,130307,validation,tidal,blank,0,0,,4,2,9216.744501079973,4028.796628484418,163.3746854723279,16.783214342704674,4.0,0.12489804560762081,unsegmented-local-field,0.0,0.0,25.663719974093908,24.578999999999997,1.0847199740939102
I-130307-04-03,130307,validation,tidal,blank,0,0,,4,3,9216.744501079973,4028.796628484418,163.3746854723279,16.783214342704674,4.0,0.12489804560762081,unsegmented-local-field,0.0,0.0,25.793611581275073,24.979,0.8146115812750745
I-130307-04-04,130307,validation,tidal,blank,0,0,,4,4,9216.744501079973,4028.796628484418,163.3746854723279,16.783214342704674,4.0,0.12489804560762081,unsegmented-local-field,0.0,0.0,26.06371997409391,24.979,1.0847199740939102
I-130307-04-05,130307,validation,tidal,blank,0,0,,4,5,9216.744501079973,4028.796628484418,163.3746854723279,16.783214342704674,4.0,0.12489804560762081,unsegmented-local-field,0.0,0.0,26.19361158127507,25.378999999999998,0.8146115812750745
I-130307-04-06,130307,validation,tidal,blank,0,0,,4,6,9216.744501079973,4028.796628484418,163.3746854723279,16.783214342704674,4.0,0.12489804560762081,unsegmented-local-field,0.0,0.0,26.46371997409391,25.378999999999998,1.0847199740939102
I-130307-04-07,130307,validation,tidal,blank,0,0,,4,7,9216.744501079973,4028.796628484418,163.3746854723279,16.783214342704674,4.0,0.12489804560762081,unsegmented-local-field,0.0,0.0,26.593611581275074,25.779,0.8146115812750745
I-130307-04-08,130307,validation,tidal,blank,0,0,,4,8,9216.744501079973,4028.796628484418,163.3746854723279,16.783214342704674,4.0,0.12489804560762081,unsegmented-local-field,0.0,0.0,26.86371997409391,25.779,1.0847199740939102
I-130307-05-01,130307,validation,tidal,blank,0,0,,5,1,9210.616145535021,4033.93892936191,163.37470481151456,16.783147472557086,12.0,0.37469413682286246,unsegmented-local-field,0.0,0.0,25.39361158127507,24.578999999999997,0.8146115812750745
I-130307-05-02,130307,validation,tidal,blank,0,0,,5,2,9210.616145535021,4033.93892936191,163.37470481151456,16.783147472557086,12.0,0.37469413682286246,unsegmented-local-field,0.0,0.0,25.663719974093908,24.578999999999997,1.0847199740939102
I-130307-05-03,130307,validation,tidal,blank,0,0,,5,3,9210.616145535021,4033.93892936191,163.37470481151456,16.783147472557086,12.0,0.37469413682286246,unsegmented-local-field,0.0,0.0,25.793611581275073,24.979,0.8146115812750745
I-130307-05-04,130307,validation,tidal,blank,0,0,,5,4,9210.616145535021,4033.93892936191,163.37470481151456,16.783147472557086,12.0,0.37469413682286246,unsegmented-local-field,0.0,0.0,26.06371997409391,24.979,1.0847199740939102
I-130307-05-05,130307,validation,tidal,blank,0,0,,5,5,9210.616145535021,4033.93892936191,163.37470481151456,16.783147472557086,12.0,0.37469413682286246,unsegmented-local-field,0.0,0.0,26.19361158127507,25.378999999999998,0.8146115812750745
I-130307-05-06,130307,validation,tidal,blank,0,0,,5,6,9210.616145535021,4033.93892936191,163.37470481151456,16.783147472557086,12.0,0.37469413682286246,unsegmented-local-field,0.0,0.0,26.46371997409391,25.378999999999998,1.0847199740939102
I-130307-05-07,130307,validation,tidal,blank,0,0,,5,7,9210.616145535021,4033.93892936191,163.37470481151456,16.783147472557086,12.0,0.37469413682286246,unsegmented-local-field,0.0,0.0,26.593611581275074,25.779,0.8146115812750745
I-130307-05-08,130307,validation,tidal,blank,0,0,,5,8,9210.616145535021,4033.93892936191,163.37470481151456,16.783147472557086,12.0,0.37469413682286246,unsegmented-local-field,0.0,0.0,26.86371997409391,25.779,1.0847199740939102
I-130307-06-01,130307,validation,tidal,blank,0,0,,6,1,9207.808678852449,4026.2254780456715,163.37463068126993,16.783153087302345,12.0,0.37469413682286246,unsegmented-local-field,0.0,0.0,25.39361158127507,24.578999999999997,0.8146115812750745
I-130307-06-02,130307,validation,tidal,blank,0,0,,6,2,9207.808678852449,4026.2254780456715,163.37463068126993,16.783153087302345,12.0,0.37469413682286246,unsegmented-local-field,0.0,0.0,25.663719974093908,24.578999999999997,1.0847199740939102
I-130307-06-03,130307,validation,tidal,blank,0,0,,6,3,9207.808678852449,4026.2254780456715,163.37463068126993,16.783153087302345,12.0,0.37469413682286246,unsegmented-local-field,0.0,0.0,25.793611581275073,24.979,0.8146115812750745
I-130307-06-04,130307,validation,tidal,blank,0,0,,6,4,9207.808678852449,4026.2254780456715,163.37463068126993,16.783153087302345,12.0,0.37469413682286246,unsegmented-local-field,0.0,0.0,26.06371997409391,24.979,1.0847199740939102
I-130307-06-05,130307,validation,tidal,blank,0,0,,6,5,9207.808678852449,4026.2254780456715,163.37463068126993,16.783153087302345,12.0,0.37469413682286246,unsegmented-local-field,0.0,0.0,26.19361158127507,25.378999999999998,0.8146115812750745
I-130307-06-06,130307,validation,tidal,blank,0,0,,6,6,9207.808678852449,4026.2254780456715,163.37463068126993,16.783153087302345,12.0,0.37469413682286246,unsegmented-local-field,0.0,0.0,26.46371997409391,25.378999999999998,1.0847199740939102
I-130307-06-07,130307,validation,tidal,blank,0,0,,6,7,9207.808678852449,4026.2254780456715,163.37463068126993,16.783153087302345,12.0,0.37469413682286246,unsegmented-local-field,0.0,0.0,26.593611581275074,25.779,0.8146115812750745
I-130307-06-08,130307,validation,tidal,blank,0,0,,6,8,9207.808678852449,4026.2254780456715,163.37463068126993,16.783153087302345,12.0,0.37469413682286246,unsegmented-local-field,0.0,0.0,26.86371997409391,25.779,1.0847199740939102
I-130307-07-01,130307,validation,tidal,blank,0,0,,7,1,9218.806387810851,4014.769239017616,163.3745776122533,16.783281110796647,11.5,0.35908188112190986,unsegmented-local-field,0.04,0.0,25.39361158127507,24.578999999999997,0.8146115812750745
I-130307-07-02,130307,validation,tidal,blank,0,0,,7,2,9218.806387810851,4014.769239017616,163.3745776122533,16.783281110796647,11.5,0.35908188112190986,unsegmented-local-field,0.04,0.0,25.663719974093908,24.578999999999997,1.0847199740939102
I-130307-07-03,130307,validation,tidal,blank,0,0,,7,3,9218.806387810851,4014.769239017616,163.3745776122533,16.783281110796647,11.5,0.35908188112190986,unsegmented-local-field,0.04,0.0,25.793611581275073,24.979,0.8146115812750745
I-130307-07-04,130307,validation,tidal,blank,0,0,,7,4,9218.806387810851,4014.769239017616,163.3745776122533,16.783281110796647,11.5,0.35908188112190986,unsegmented-local-field,0.04,0.0,26.06371997409391,24.979,1.0847199740939102
I-130307-07-05,130307,validation,tidal,blank,0,0,,7,5,9218.806387810851,4014.769239017616,163.3745776122533,16.783281110796647,11.5,0.35908188112190986,unsegmented-local-field,0.04,0.0,26.19361158127507,25.378999999999998,0.8146115812750745
I-130307-07-06,130307,validation,tidal,blank,0,0,,7,6,9218.806387810851,4014.769239017616,163.3745776122533,16.783281110796647,11.5,0.35908188112190986,unsegmented-local-field,0.04,0.0,26.46371997409391,25.378999999999998,1.0847199740939102
I-130307-07-07,130307,validation,tidal,blank,0,0,,7,7,9218.806387810851,4014.769239017616,163.3745776122533,16.783281110796647,11.5,0.35908188112190986,unsegmented-local-field,0.04,0.0,26.593611581275074,25.779,0.8146115812750745
I-130307-07-08,130307,validation,tidal,blank,0,0,,7,8,9218.806387810851,4014.769239017616,163.3745776122533,16.783281110796647,11.5,0.35908188112190986,unsegmented-local-field,0.04,0.0,26.86371997409391,25.779,1.0847199740939102
I-130307-08-01,130307,validation,tidal,blank,0,0,,8,1,9220.843955032859,4022.361774740515,163.37464785105269,16.7832698561825,4.0,0.12489804560762081,unsegmented-local-field,0.0,0.0,25.39361158127507,24.578999999999997,0.8146115812750745
I-130307-08-02,130307,validation,tidal,blank,0,0,,8,2,9220.843955032859,4022.361774740515,163.37464785105269,16.7832698561825,4.0,0.12489804560762081,unsegmented-local-field,0.0,0.0,25.663719974093908,24.578999999999997,1.0847199740939102
I-130307-08-03,130307,validation,tidal,blank,0,0,,8,3,9220.843955032859,4022.361774740515,163.37464785105269,16.7832698561825,4.0,0.12489804560762081,unsegmented-local-field,0.0,0.0,25.793611581275073,24.979,0.8146115812750745
I-130307-08-04,130307,validation,tidal,blank,0,0,,8,4,9220.843955032859,4022.361774740515,163.37464785105269,16.7832698561825,4.0,0.12489804560762081,unsegmented-local-field,0.0,0.0,26.06371997409391,24.979,1.0847199740939102
I-130307-08-05,130307,validation,tidal,blank,0,0,,8,5,9220.843955032859,4022.361774740515,163.37464785105269,16.7832698561825,4.0,0.12489804560762081,unsegmented-local-field,0.0,0.0,26.19361158127507,25.378999999999998,0.8146115812750745
I-130307-08-06,130307,validation,tidal,blank,0,0,,8,6,9220.843955032859,4022.361774740515,163.37464785105269,16.7832698561825,4.0,0.12489804560762081,unsegmented-local-field,0.0,0.0,26.46371997409391,25.378999999999998,1.0847199740939102
I-130307-08-07,130307,validation,tidal,blank,0,0,,8,7,9220.843955032859,4022.361774740515,163.37464785105269,16.7832698561825,4.0,0.12489804560762081,unsegmented-local-field,0.0,0.0,26.593611581275074,25.779,0.8146115812750745
I-130307-08-08,130307,validation,tidal,blank,0,0,,8,8,9220.843955032859,4022.361774740515,163.37464785105269,16.7832698561825,4.0,0.12489804560762081,unsegmented-local-field,0.0,0.0,26.86371997409391,25.779,1.0847199740939102
I-132923-01-01,132923,validation,tidal,blank,0,0,,1,1,9076.86359058258,4028.794935568543,163.37415949196165,16.78211056570581,12.0,0.37469413682286246,unsegmented-local-field,0.0,0.0,25.59161158127507,24.776999999999997,0.8146115812750745
I-132923-01-02,132923,validation,tidal,blank,0,0,,1,2,9076.86359058258,4028.794935568543,163.37415949196165,16.78211056570581,12.0,0.37469413682286246,unsegmented-local-field,0.0,0.0,25.86171997409391,24.776999999999997,1.0847199740939102
I-132923-01-03,132923,validation,tidal,blank,0,0,,1,3,9076.86359058258,4028.794935568543,163.37415949196165,16.78211056570581,12.0,0.37469413682286246,unsegmented-local-field,0.0,0.0,25.991611581275073,25.177,0.8146115812750745
I-132923-01-04,132923,validation,tidal,blank,0,0,,1,4,9076.86359058258,4028.794935568543,163.37415949196165,16.78211056570581,12.0,0.37469413682286246,unsegmented-local-field,0.0,0.0,26.26171997409391,25.177,1.0847199740939102
I-132923-01-05,132923,validation,tidal,blank,0,0,,1,5,9076.86359058258,4028.794935568543,163.37415949196165,16.78211056570581,12.0,0.37469413682286246,unsegmented-local-field,0.0,0.0,26.391611581275072,25.576999999999998,0.8146115812750745
I-132923-01-06,132923,validation,tidal,blank,0,0,,1,6,9076.86359058258,4028.794935568543,163.37415949196165,16.78211056570581,12.0,0.37469413682286246,unsegmented-local-field,0.0,0.0,26.66171997409391,25.576999999999998,1.0847199740939102
I-132923-01-07,132923,validation,tidal,blank,0,0,,1,7,9076.86359058258,4028.794935568543,163.37415949196165,16.78211056570581,12.0,0.37469413682286246,unsegmented-local-field,0.0,0.0,26.791611581275074,25.977,0.8146115812750745
I-132923-01-08,132923,validation,tidal,blank,0,0,,1,8,9076.86359058258,4028.794935568543,163.37415949196165,16.78211056570581,12.0,0.37469413682286246,unsegmented-local-field,0.0,0.0,27.06171997409391,25.977,1.0847199740939102
I-132923-02-01,132923,validation,tidal,blank,0,0,,2,1,9067.033766051112,4029.4120183323307,163.37412761699127,16.78203077825656,7.5,0.23418383551428903,unsegmented-local-field,0.0,0.0,25.59161158127507,24.776999999999997,0.8146115812750745
I-132923-02-02,132923,validation,tidal,blank,0,0,,2,2,9067.033766051112,4029.4120183323307,163.37412761699127,16.78203077825656,7.5,0.23418383551428903,unsegmented-local-field,0.0,0.0,25.86171997409391,24.776999999999997,1.0847199740939102
I-132923-02-03,132923,validation,tidal,blank,0,0,,2,3,9067.033766051112,4029.4120183323307,163.37412761699127,16.78203077825656,7.5,0.23418383551428903,unsegmented-local-field,0.0,0.0,25.991611581275073,25.177,0.8146115812750745
I-132923-02-04,132923,validation,tidal,blank,0,0,,2,4,9067.033766051112,4029.4120183323307,163.37412761699127,16.78203077825656,7.5,0.23418383551428903,unsegmented-local-field,0.0,0.0,26.26171997409391,25.177,1.0847199740939102
I-132923-02-05,132923,validation,tidal,blank,0,0,,2,5,9067.033766051112,4029.4120183323307,163.37412761699127,16.78203077825656,7.5,0.23418383551428903,unsegmented-local-field,0.0,0.0,26.391611581275072,25.576999999999998,0.8146115812750745
I-132923-02-06,132923,validation,tidal,blank,0,0,,2,6,9067.033766051112,4029.4120183323307,163.37412761699127,16.78203077825656,7.5,0.23418383551428903,unsegmented-local-field,0.0,0.0,26.66171997409391,25.576999999999998,1.0847199740939102
I-132923-02-07,132923,validation,tidal,blank,0,0,,2,7,9067.033766051112,4029.4120183323307,163.37412761699127,16.78203077825656,7.5,0.23418383551428903,unsegmented-local-field,0.0,0.0,26.791611581275074,25.977,0.8146115812750745
I-132923-02-08,132923,validation,tidal,blank,0,0,,2,8,9067.033766051112,4029.4120183323307,163.37412761699127,16.78203077825656,7.5,0.23418383551428903,unsegmented-local-field,0.0,0.0,27.06171997409391,25.977,1.0847199740939102
I-132923-03-01,132923,validation,tidal,blank,0,0,,3,1,9055.216073014966,4019.8282402003274,163.37400419300513,16.78197202719128,12.0,0.37469413682286246,unsegmented-local-field,0.0,0.0,25.59161158127507,24.776999999999997,0.8146115812750745
I-132923-03-02,132923,validation,tidal,blank,0,0,,3,2,9055.216073014966,4019.8282402003274,163.37400419300513,16.78197202719128,12.0,0.37469413682286246,unsegmented-local-field,0.0,0.0,25.86171997409391,24.776999999999997,1.0847199740939102
I-132923-03-03,132923,validation,tidal,blank,0,0,,3,3,9055.216073014966,4019.8282402003274,163.37400419300513,16.78197202719128,12.0,0.37469413682286246,unsegmented-local-field,0.0,0.0,25.991611581275073,25.177,0.8146115812750745
I-132923-03-04,132923,validation,tidal,blank,0,0,,3,4,9055.216073014966,4019.8282402003274,163.37400419300513,16.78197202719128,12.0,0.37469413682286246,unsegmented-local-field,0.0,0.0,26.26171997409391,25.177,1.0847199740939102
I-132923-03-05,132923,validation,tidal,blank,0,0,,3,5,9055.216073014966,4019.8282402003274,163.37400419300513,16.78197202719128,12.0,0.37469413682286246,unsegmented-local-field,0.0,0.0,26.391611581275072,25.576999999999998,0.8146115812750745
I-132923-03-06,132923,validation,tidal,blank,0,0,,3,6,9055.216073014966,4019.8282402003274,163.37400419300513,16.78197202719128,12.0,0.37469413682286246,unsegmented-local-field,0.0,0.0,26.66171997409391,25.576999999999998,1.0847199740939102
I-132923-03-07,132923,validation,tidal,blank,0,0,,3,7,9055.216073014966,4019.8282402003274,163.37400419300513,16.78197202719128,12.0,0.37469413682286246,unsegmented-local-field,0.0,0.0,26.791611581275074,25.977,0.8146115812750745
I-132923-03-08,132923,validation,tidal,blank,0,0,,3,8,9055.216073014966,4019.8282402003274,163.37400419300513,16.78197202719128,12.0,0.37469413682286246,unsegmented-local-field,0.0,0.0,27.06171997409391,25.977,1.0847199740939102
I-132923-04-01,132923,validation,tidal,blank,0,0,,4,1,9064.462615612367,4018.847840559855,163.37403088030695,16.782048519966008,4.0,0.12489804560762081,unsegmented-local-field,0.0,0.0,25.59161158127507,24.776999999999997,0.8146115812750745
I-132923-04-02,132923,validation,tidal,blank,0,0,,4,2,9064.462615612367,4018.847840559855,163.37403088030695,16.782048519966008,4.0,0.12489804560762081,unsegmented-local-field,0.0,0.0,25.86171997409391,24.776999999999997,1.0847199740939102
I-132923-04-03,132923,validation,tidal,blank,0,0,,4,3,9064.462615612367,4018.847840559855,163.37403088030695,16.782048519966008,4.0,0.12489804560762081,unsegmented-local-field,0.0,0.0,25.991611581275073,25.177,0.8146115812750745
I-132923-04-04,132923,validation,tidal,blank,0,0,,4,4,9064.462615612367,4018.847840559855,163.37403088030695,16.782048519966008,4.0,0.12489804560762081,unsegmented-local-field,0.0,0.0,26.26171997409391,25.177,1.0847199740939102
I-132923-04-05,132923,validation,tidal,blank,0,0,,4,5,9064.462615612367,4018.847840559855,163.37403088030695,16.782048519966008,4.0,0.12489804560762081,unsegmented-local-field,0.0,0.0,26.391611581275072,25.576999999999998,0.8146115812750745
I-132923-04-06,132923,validation,tidal,blank,0,0,,4,6,9064.462615612367,4018.847840559855,163.37403088030695,16.782048519966008,4.0,0.12489804560762081,unsegmented-local-field,0.0,0.0,26.66171997409391,25.576999999999998,1.0847199740939102
I-132923-04-07,132923,validation,tidal,blank,0,0,,4,7,9064.462615612367,4018.847840559855,163.37403088030695,16.782048519966008,4.0,0.12489804560762081,unsegmented-local-field,0.0,0.0,26.791611581275074,25.977,0.8146115812750745
I-132923-04-08,132923,validation,tidal,blank,0,0,,4,8,9064.462615612367,4018.847840559855,163.37403088030695,16.782048519966008,4.0,0.12489804560762081,unsegmented-local-field,0.0,0.0,27.06171997409391,25.977,1.0847199740939102
I-132923-05-01,132923,validation,tidal,blank,0,0,,5,1,9059.320314734874,4012.719485014903,163.3739610355448,16.782030004324803,12.0,0.37469413682286246,unsegmented-local-field,0.0,0.0,25.59161158127507,24.776999999999997,0.8146115812750745
I-132923-05-02,132923,validation,tidal,blank,0,0,,5,2,9059.320314734874,4012.719485014903,163.3739610355448,16.782030004324803,12.0,0.37469413682286246,unsegmented-local-field,0.0,0.0,25.86171997409391,24.776999999999997,1.0847199740939102
I-132923-05-03,132923,validation,tidal,blank,0,0,,5,3,9059.320314734874,4012.719485014903,163.3739610355448,16.782030004324803,12.0,0.37469413682286246,unsegmented-local-field,0.0,0.0,25.991611581275073,25.177,0.8146115812750745
I-132923-05-04,132923,validation,tidal,blank,0,0,,5,4,9059.320314734874,4012.719485014903,163.3739610355448,16.782030004324803,12.0,0.37469413682286246,unsegmented-local-field,0.0,0.0,26.26171997409391,25.177,1.0847199740939102
I-132923-05-05,132923,validation,tidal,blank,0,0,,5,5,9059.320314734874,4012.719485014903,163.3739610355448,16.782030004324803,12.0,0.37469413682286246,unsegmented-local-field,0.0,0.0,26.391611581275072,25.576999999999998,0.8146115812750745
I-132923-05-06,132923,validation,tidal,blank,0,0,,5,6,9059.320314734874,4012.719485014903,163.3739610355448,16.782030004324803,12.0,0.37469413682286246,unsegmented-local-field,0.0,0.0,26.66171997409391,25.576999999999998,1.0847199740939102
I-132923-05-07,132923,validation,tidal,blank,0,0,,5,7,9059.320314734874,4012.719485014903,163.3739610355448,16.782030004324803,12.0,0.37469413682286246,unsegmented-local-field,0.0,0.0,26.791611581275074,25.977,0.8146115812750745
I-132923-05-08,132923,validation,tidal,blank,0,0,,5,8,9059.320314734874,4012.719485014903,163.3739610355448,16.782030004324803,12.0,0.37469413682286246,unsegmented-local-field,0.0,0.0,27.06171997409391,25.977,1.0847199740939102
I-132923-06-01,132923,validation,tidal,blank,0,0,,6,1,9067.033766051112,4009.9120183323307,163.3739668997794,16.78210097697341,12.0,0.37469413682286246,unsegmented-local-field,0.0,0.0,25.59161158127507,24.776999999999997,0.8146115812750745
I-132923-06-02,132923,validation,tidal,blank,0,0,,6,2,9067.033766051112,4009.9120183323307,163.3739668997794,16.78210097697341,12.0,0.37469413682286246,unsegmented-local-field,0.0,0.0,25.86171997409391,24.776999999999997,1.0847199740939102
I-132923-06-03,132923,validation,tidal,blank,0,0,,6,3,9067.033766051112,4009.9120183323307,163.3739668997794,16.78210097697341,12.0,0.37469413682286246,unsegmented-local-field,0.0,0.0,25.991611581275073,25.177,0.8146115812750745
I-132923-06-04,132923,validation,tidal,blank,0,0,,6,4,9067.033766051112,4009.9120183323307,163.3739668997794,16.78210097697341,12.0,0.37469413682286246,unsegmented-local-field,0.0,0.0,26.26171997409391,25.177,1.0847199740939102
I-132923-06-05,132923,validation,tidal,blank,0,0,,6,5,9067.033766051112,4009.9120183323307,163.3739668997794,16.78210097697341,12.0,0.37469413682286246,unsegmented-local-field,0.0,0.0,26.391611581275072,25.576999999999998,0.8146115812750745
I-132923-06-06,132923,validation,tidal,blank,0,0,,6,6,9067.033766051112,4009.9120183323307,163.3739668997794,16.78210097697341,12.0,0.37469413682286246,unsegmented-local-field,0.0,0.0,26.66171997409391,25.576999999999998,1.0847199740939102
I-132923-06-07,132923,validation,tidal,blank,0,0,,6,7,9067.033766051112,4009.9120183323307,163.3739668997794,16.78210097697341,12.0,0.37469413682286246,unsegmented-local-field,0.0,0.0,26.791611581275074,25.977,0.8146115812750745
I-132923-06-08,132923,validation,tidal,blank,0,0,,6,8,9067.033766051112,4009.9120183323307,163.3739668997794,16.78210097697341,12.0,0.37469413682286246,unsegmented-local-field,0.0,0.0,27.06171997409391,25.977,1.0847199740939102
I-132923-07-01,132923,validation,tidal,blank,0,0,,7,1,9076.86359058258,4015.029101096118,163.37404603518937,16.782160121834455,12.0,0.37469413682286246,unsegmented-local-field,0.0,0.0,25.59161158127507,24.776999999999997,0.8146115812750745
I-132923-07-02,132923,validation,tidal,blank,0,0,,7,2,9076.86359058258,4015.029101096118,163.37404603518937,16.782160121834455,12.0,0.37469413682286246,unsegmented-local-field,0.0,0.0,25.86171997409391,24.776999999999997,1.0847199740939102
I-132923-07-03,132923,validation,tidal,blank,0,0,,7,3,9076.86359058258,4015.029101096118,163.37404603518937,16.782160121834455,12.0,0.37469413682286246,unsegmented-local-field,0.0,0.0,25.991611581275073,25.177,0.8146115812750745
I-132923-07-04,132923,validation,tidal,blank,0,0,,7,4,9076.86359058258,4015.029101096118,163.37404603518937,16.782160121834455,12.0,0.37469413682286246,unsegmented-local-field,0.0,0.0,26.26171997409391,25.177,1.0847199740939102
I-132923-07-05,132923,validation,tidal,blank,0,0,,7,5,9076.86359058258,4015.029101096118,163.37404603518937,16.782160121834455,12.0,0.37469413682286246,unsegmented-local-field,0.0,0.0,26.391611581275072,25.576999999999998,0.8146115812750745
I-132923-07-06,132923,validation,tidal,blank,0,0,,7,6,9076.86359058258,4015.029101096118,163.37404603518937,16.782160121834455,12.0,0.37469413682286246,unsegmented-local-field,0.0,0.0,26.66171997409391,25.576999999999998,1.0847199740939102
I-132923-07-07,132923,validation,tidal,blank,0,0,,7,7,9076.86359058258,4015.029101096118,163.37404603518937,16.782160121834455,12.0,0.37469413682286246,unsegmented-local-field,0.0,0.0,26.791611581275074,25.977,0.8146115812750745
I-132923-07-08,132923,validation,tidal,blank,0,0,,7,8,9076.86359058258,4015.029101096118,163.37404603518937,16.782160121834455,12.0,0.37469413682286246,unsegmented-local-field,0.0,0.0,27.06171997409391,25.977,1.0847199740939102
I-132923-08-01,132923,validation,tidal,blank,0,0,,8,1,9071.363893070034,4019.4120183323307,163.37406147952427,16.78210094614434,5.0,0.15612255700952601,unsegmented-local-field,0.04,0.0,25.59161158127507,24.776999999999997,0.8146115812750745
I-132923-08-02,132923,validation,tidal,blank,0,0,,8,2,9071.363893070034,4019.4120183323307,163.37406147952427,16.78210094614434,5.0,0.15612255700952601,unsegmented-local-field,0.04,0.0,25.86171997409391,24.776999999999997,1.0847199740939102
I-132923-08-03,132923,validation,tidal,blank,0,0,,8,3,9071.363893070034,4019.4120183323307,163.37406147952427,16.78210094614434,5.0,0.15612255700952601,unsegmented-local-field,0.04,0.0,25.991611581275073,25.177,0.8146115812750745
I-132923-08-04,132923,validation,tidal,blank,0,0,,8,4,9071.363893070034,4019.4120183323307,163.37406147952427,16.78210094614434,5.0,0.15612255700952601,unsegmented-local-field,0.04,0.0,26.26171997409391,25.177,1.0847199740939102
I-132923-08-05,132923,validation,tidal,blank,0,0,,8,5,9071.363893070034,4019.4120183323307,163.37406147952427,16.78210094614434,5.0,0.15612255700952601,unsegmented-local-field,0.04,0.0,26.391611581275072,25.576999999999998,0.8146115812750745
I-132923-08-06,132923,validation,tidal,blank,0,0,,8,6,9071.363893070034,4019.4120183323307,163.37406147952427,16.78210094614434,5.0,0.15612255700952601,unsegmented-local-field,0.04,0.0,26.66171997409391,25.576999999999998,1.0847199740939102
I-132923-08-07,132923,validation,tidal,blank,0,0,,8,7,9071.363893070034,4019.4120183323307,163.37406147952427,16.78210094614434,5.0,0.15612255700952601,unsegmented-local-field,0.04,0.0,26.791611581275074,25.977,0.8146115812750745
I-132923-08-08,132923,validation,tidal,blank,0,0,,8,8,9071.363893070034,4019.4120183323307,163.37406147952427,16.78210094614434,5.0,0.15612255700952601,unsegmented-local-field,0.04,0.0,27.06171997409391,25.977,1.0847199740939102
I-138397-01-01,138397,validation,tidal,blank,0,0,,1,1,9106.73930049366,4195.283023857553,163.37564400367754,16.781746959193317,7.5,0.23418383551428903,unsegmented-local-field,0.0,0.0,25.383611581275073,24.569,0.8146115812750745
I-138397-01-02,138397,validation,tidal,blank,0,0,,1,2,9106.73930049366,4195.283023857553,163.37564400367754,16.781746959193317,7.5,0.23418383551428903,unsegmented-local-field,0.0,0.0,25.65371997409391,24.569,1.0847199740939102
I-138397-01-03,138397,validation,tidal,blank,0,0,,1,3,9106.73930049366,4195.283023857553,163.37564400367754,16.781746959193317,7.5,0.23418383551428903,unsegmented-local-field,0.0,0.0,25.783611581275075,24.969,0.8146115812750745
I-138397-01-04,138397,validation,tidal,blank,0,0,,1,4,9106.73930049366,4195.283023857553,163.37564400367754,16.781746959193317,7.5,0.23418383551428903,unsegmented-local-field,0.0,0.0,26.053719974093912,24.969,1.0847199740939102
I-138397-01-05,138397,validation,tidal,blank,0,0,,1,5,9106.73930049366,4195.283023857553,163.37564400367754,16.781746959193317,7.5,0.23418383551428903,unsegmented-local-field,0.0,0.0,26.183611581275073,25.369,0.8146115812750745
I-138397-01-06,138397,validation,tidal,blank,0,0,,1,6,9106.73930049366,4195.283023857553,163.37564400367754,16.781746959193317,7.5,0.23418383551428903,unsegmented-local-field,0.0,0.0,26.45371997409391,25.369,1.0847199740939102
I-138397-01-07,138397,validation,tidal,blank,0,0,,1,7,9106.73930049366,4195.283023857553,163.37564400367754,16.781746959193317,7.5,0.23418383551428903,unsegmented-local-field,0.0,0.0,26.583611581275076,25.769000000000002,0.8146115812750745
I-138397-01-08,138397,validation,tidal,blank,0,0,,1,8,9106.73930049366,4195.283023857553,163.37564400367754,16.781746959193317,7.5,0.23418383551428903,unsegmented-local-field,0.0,0.0,26.853719974093913,25.769000000000002,1.0847199740939102
I-138397-02-01,138397,validation,tidal,blank,0,0,,2,1,9106.952751809898,4204.475557174981,163.37572056988023,16.781715550394402,12.0,0.37469413682286246,unsegmented-local-field,0.0,0.0,25.383611581275073,24.569,0.8146115812750745
I-138397-02-02,138397,validation,tidal,blank,0,0,,2,2,9106.952751809898,4204.475557174981,163.37572056988023,16.781715550394402,12.0,0.37469413682286246,unsegmented-local-field,0.0,0.0,25.65371997409391,24.569,1.0847199740939102
I-138397-02-03,138397,validation,tidal,blank,0,0,,2,3,9106.952751809898,4204.475557174981,163.37572056988023,16.781715550394402,12.0,0.37469413682286246,unsegmented-local-field,0.0,0.0,25.783611581275075,24.969,0.8146115812750745
I-138397-02-04,138397,validation,tidal,blank,0,0,,2,4,9106.952751809898,4204.475557174981,163.37572056988023,16.781715550394402,12.0,0.37469413682286246,unsegmented-local-field,0.0,0.0,26.053719974093912,24.969,1.0847199740939102
I-138397-02-05,138397,validation,tidal,blank,0,0,,2,5,9106.952751809898,4204.475557174981,163.37572056988023,16.781715550394402,12.0,0.37469413682286246,unsegmented-local-field,0.0,0.0,26.183611581275073,25.369,0.8146115812750745
I-138397-02-06,138397,validation,tidal,blank,0,0,,2,6,9106.952751809898,4204.475557174981,163.37572056988023,16.781715550394402,12.0,0.37469413682286246,unsegmented-local-field,0.0,0.0,26.45371997409391,25.369,1.0847199740939102
I-138397-02-07,138397,validation,tidal,blank,0,0,,2,7,9106.952751809898,4204.475557174981,163.37572056988023,16.781715550394402,12.0,0.37469413682286246,unsegmented-local-field,0.0,0.0,26.583611581275076,25.769000000000002,0.8146115812750745
I-138397-02-08,138397,validation,tidal,blank,0,0,,2,8,9106.952751809898,4204.475557174981,163.37572056988023,16.781715550394402,12.0,0.37469413682286246,unsegmented-local-field,0.0,0.0,26.853719974093913,25.769000000000002,1.0847199740939102
I-138397-03-01,138397,validation,tidal,blank,0,0,,3,1,9097.155522361658,4207.1007168937,163.37570536716945,16.781628791312258,12.0,0.37469413682286246,unsegmented-local-field,0.0,0.0,25.383611581275073,24.569,0.8146115812750745
I-138397-03-02,138397,validation,tidal,blank,0,0,,3,2,9097.155522361658,4207.1007168937,163.37570536716945,16.781628791312258,12.0,0.37469413682286246,unsegmented-local-field,0.0,0.0,25.65371997409391,24.569,1.0847199740939102
I-138397-03-03,138397,validation,tidal,blank,0,0,,3,3,9097.155522361658,4207.1007168937,163.37570536716945,16.781628791312258,12.0,0.37469413682286246,unsegmented-local-field,0.0,0.0,25.783611581275075,24.969,0.8146115812750745
I-138397-03-04,138397,validation,tidal,blank,0,0,,3,4,9097.155522361658,4207.1007168937,163.37570536716945,16.781628791312258,12.0,0.37469413682286246,unsegmented-local-field,0.0,0.0,26.053719974093912,24.969,1.0847199740939102
I-138397-03-05,138397,validation,tidal,blank,0,0,,3,5,9097.155522361658,4207.1007168937,163.37570536716945,16.781628791312258,12.0,0.37469413682286246,unsegmented-local-field,0.0,0.0,26.183611581275073,25.369,0.8146115812750745
I-138397-03-06,138397,validation,tidal,blank,0,0,,3,6,9097.155522361658,4207.1007168937,163.37570536716945,16.781628791312258,12.0,0.37469413682286246,unsegmented-local-field,0.0,0.0,26.45371997409391,25.369,1.0847199740939102
I-138397-03-07,138397,validation,tidal,blank,0,0,,3,7,9097.155522361658,4207.1007168937,163.37570536716945,16.781628791312258,12.0,0.37469413682286246,unsegmented-local-field,0.0,0.0,26.583611581275076,25.769000000000002,0.8146115812750745
I-138397-03-08,138397,validation,tidal,blank,0,0,,3,8,9097.155522361658,4207.1007168937,163.37570536716945,16.781628791312258,12.0,0.37469413682286246,unsegmented-local-field,0.0,0.0,26.853719974093913,25.769000000000002,1.0847199740939102
I-138397-04-01,138397,validation,tidal,blank,0,0,,4,1,9096.175122721184,4197.8541742963,163.37562547203564,16.781654342660403,4.0,0.12489804560762081,unsegmented-local-field,0.0,0.0,25.383611581275073,24.569,0.8146115812750745
I-138397-04-02,138397,validation,tidal,blank,0,0,,4,2,9096.175122721184,4197.8541742963,163.37562547203564,16.781654342660403,4.0,0.12489804560762081,unsegmented-local-field,0.0,0.0,25.65371997409391,24.569,1.0847199740939102
I-138397-04-03,138397,validation,tidal,blank,0,0,,4,3,9096.175122721184,4197.8541742963,163.37562547203564,16.781654342660403,4.0,0.12489804560762081,unsegmented-local-field,0.0,0.0,25.783611581275075,24.969,0.8146115812750745
I-138397-04-04,138397,validation,tidal,blank,0,0,,4,4,9096.175122721184,4197.8541742963,163.37562547203564,16.781654342660403,4.0,0.12489804560762081,unsegmented-local-field,0.0,0.0,26.053719974093912,24.969,1.0847199740939102
I-138397-04-05,138397,validation,tidal,blank,0,0,,4,5,9096.175122721184,4197.8541742963,163.37562547203564,16.781654342660403,4.0,0.12489804560762081,unsegmented-local-field,0.0,0.0,26.183611581275073,25.369,0.8146115812750745
I-138397-04-06,138397,validation,tidal,blank,0,0,,4,6,9096.175122721184,4197.8541742963,163.37562547203564,16.781654342660403,4.0,0.12489804560762081,unsegmented-local-field,0.0,0.0,26.45371997409391,25.369,1.0847199740939102
I-138397-04-07,138397,validation,tidal,blank,0,0,,4,7,9096.175122721184,4197.8541742963,163.37562547203564,16.781654342660403,4.0,0.12489804560762081,unsegmented-local-field,0.0,0.0,26.583611581275076,25.769000000000002,0.8146115812750745
I-138397-04-08,138397,validation,tidal,blank,0,0,,4,8,9096.175122721184,4197.8541742963,163.37562547203564,16.781654342660403,4.0,0.12489804560762081,unsegmented-local-field,0.0,0.0,26.853719974093913,25.769000000000002,1.0847199740939102
I-138397-05-01,138397,validation,tidal,blank,0,0,,5,1,9087.23930049366,4195.283023857553,163.3755706811252,16.781593087504785,12.0,0.37469413682286246,unsegmented-local-field,0.0,0.0,25.383611581275073,24.569,0.8146115812750745
I-138397-05-02,138397,validation,tidal,blank,0,0,,5,2,9087.23930049366,4195.283023857553,163.3755706811252,16.781593087504785,12.0,0.37469413682286246,unsegmented-local-field,0.0,0.0,25.65371997409391,24.569,1.0847199740939102
I-138397-05-03,138397,validation,tidal,blank,0,0,,5,3,9087.23930049366,4195.283023857553,163.3755706811252,16.781593087504785,12.0,0.37469413682286246,unsegmented-local-field,0.0,0.0,25.783611581275075,24.969,0.8146115812750745
I-138397-05-04,138397,validation,tidal,blank,0,0,,5,4,9087.23930049366,4195.283023857553,163.3755706811252,16.781593087504785,12.0,0.37469413682286246,unsegmented-local-field,0.0,0.0,26.053719974093912,24.969,1.0847199740939102
I-138397-05-05,138397,validation,tidal,blank,0,0,,5,5,9087.23930049366,4195.283023857553,163.3755706811252,16.781593087504785,12.0,0.37469413682286246,unsegmented-local-field,0.0,0.0,26.183611581275073,25.369,0.8146115812750745
I-138397-05-06,138397,validation,tidal,blank,0,0,,5,6,9087.23930049366,4195.283023857553,163.3755706811252,16.781593087504785,12.0,0.37469413682286246,unsegmented-local-field,0.0,0.0,26.45371997409391,25.369,1.0847199740939102
I-138397-05-07,138397,validation,tidal,blank,0,0,,5,7,9087.23930049366,4195.283023857553,163.3755706811252,16.781593087504785,12.0,0.37469413682286246,unsegmented-local-field,0.0,0.0,26.583611581275076,25.769000000000002,0.8146115812750745
I-138397-05-08,138397,validation,tidal,blank,0,0,,5,8,9087.23930049366,4195.283023857553,163.3755706811252,16.781593087504785,12.0,0.37469413682286246,unsegmented-local-field,0.0,0.0,26.853719974093913,25.769000000000002,1.0847199740939102
I-138397-06-01,138397,validation,tidal,blank,0,0,,6,1,9090.046767176233,4187.569572541315,163.3755176643685,16.781643009198742,12.0,0.37469413682286246,unsegmented-local-field,0.0,0.0,25.383611581275073,24.569,0.8146115812750745
I-138397-06-02,138397,validation,tidal,blank,0,0,,6,2,9090.046767176233,4187.569572541315,163.3755176643685,16.781643009198742,12.0,0.37469413682286246,unsegmented-local-field,0.0,0.0,25.65371997409391,24.569,1.0847199740939102
I-138397-06-03,138397,validation,tidal,blank,0,0,,6,3,9090.046767176233,4187.569572541315,163.3755176643685,16.781643009198742,12.0,0.37469413682286246,unsegmented-local-field,0.0,0.0,25.783611581275075,24.969,0.8146115812750745
I-138397-06-04,138397,validation,tidal,blank,0,0,,6,4,9090.046767176233,4187.569572541315,163.3755176643685,16.781643009198742,12.0,0.37469413682286246,unsegmented-local-field,0.0,0.0,26.053719974093912,24.969,1.0847199740939102
I-138397-06-05,138397,validation,tidal,blank,0,0,,6,5,9090.046767176233,4187.569572541315,163.3755176643685,16.781643009198742,12.0,0.37469413682286246,unsegmented-local-field,0.0,0.0,26.183611581275073,25.369,0.8146115812750745
I-138397-06-06,138397,validation,tidal,blank,0,0,,6,6,9090.046767176233,4187.569572541315,163.3755176643685,16.781643009198742,12.0,0.37469413682286246,unsegmented-local-field,0.0,0.0,26.45371997409391,25.369,1.0847199740939102
I-138397-06-07,138397,validation,tidal,blank,0,0,,6,7,9090.046767176233,4187.569572541315,163.3755176643685,16.781643009198742,12.0,0.37469413682286246,unsegmented-local-field,0.0,0.0,26.583611581275076,25.769000000000002,0.8146115812750745
I-138397-06-08,138397,validation,tidal,blank,0,0,,6,8,9090.046767176233,4187.569572541315,163.3755176643685,16.781643009198742,12.0,0.37469413682286246,unsegmented-local-field,0.0,0.0,26.853719974093913,25.769000000000002,1.0847199740939102
I-138397-07-01,138397,validation,tidal,blank,0,0,,7,1,9097.155522361658,4183.4653308214065,163.37551056759193,16.781713878612337,12.0,0.37469413682286246,unsegmented-local-field,0.0,0.0,25.383611581275073,24.569,0.8146115812750745
I-138397-07-02,138397,validation,tidal,blank,0,0,,7,2,9097.155522361658,4183.4653308214065,163.37551056759193,16.781713878612337,12.0,0.37469413682286246,unsegmented-local-field,0.0,0.0,25.65371997409391,24.569,1.0847199740939102
I-138397-07-03,138397,validation,tidal,blank,0,0,,7,3,9097.155522361658,4183.4653308214065,163.37551056759193,16.781713878612337,12.0,0.37469413682286246,unsegmented-local-field,0.0,0.0,25.783611581275075,24.969,0.8146115812750745
I-138397-07-04,138397,validation,tidal,blank,0,0,,7,4,9097.155522361658,4183.4653308214065,163.37551056759193,16.781713878612337,12.0,0.37469413682286246,unsegmented-local-field,0.0,0.0,26.053719974093912,24.969,1.0847199740939102
I-138397-07-05,138397,validation,tidal,blank,0,0,,7,5,9097.155522361658,4183.4653308214065,163.37551056759193,16.781713878612337,12.0,0.37469413682286246,unsegmented-local-field,0.0,0.0,26.183611581275073,25.369,0.8146115812750745
I-138397-07-06,138397,validation,tidal,blank,0,0,,7,6,9097.155522361658,4183.4653308214065,163.37551056759193,16.781713878612337,12.0,0.37469413682286246,unsegmented-local-field,0.0,0.0,26.45371997409391,25.369,1.0847199740939102
I-138397-07-07,138397,validation,tidal,blank,0,0,,7,7,9097.155522361658,4183.4653308214065,163.37551056759193,16.781713878612337,12.0,0.37469413682286246,unsegmented-local-field,0.0,0.0,26.583611581275076,25.769000000000002,0.8146115812750745
I-138397-07-08,138397,validation,tidal,blank,0,0,,7,8,9097.155522361658,4183.4653308214065,163.37551056759193,16.781713878612337,12.0,0.37469413682286246,unsegmented-local-field,0.0,0.0,26.853719974093913,25.769000000000002,1.0847199740939102
I-138397-08-01,138397,validation,tidal,blank,0,0,,8,1,9106.952751809898,4186.090490540126,163.3755690426595,16.781781736591395,12.0,0.37469413682286246,unsegmented-local-field,0.0,0.0,25.383611581275073,24.569,0.8146115812750745
I-138397-08-02,138397,validation,tidal,blank,0,0,,8,2,9106.952751809898,4186.090490540126,163.3755690426595,16.781781736591395,12.0,0.37469413682286246,unsegmented-local-field,0.0,0.0,25.65371997409391,24.569,1.0847199740939102
I-138397-08-03,138397,validation,tidal,blank,0,0,,8,3,9106.952751809898,4186.090490540126,163.3755690426595,16.781781736591395,12.0,0.37469413682286246,unsegmented-local-field,0.0,0.0,25.783611581275075,24.969,0.8146115812750745
I-138397-08-04,138397,validation,tidal,blank,0,0,,8,4,9106.952751809898,4186.090490540126,163.3755690426595,16.781781736591395,12.0,0.37469413682286246,unsegmented-local-field,0.0,0.0,26.053719974093912,24.969,1.0847199740939102
I-138397-08-05,138397,validation,tidal,blank,0,0,,8,5,9106.952751809898,4186.090490540126,163.3755690426595,16.781781736591395,12.0,0.37469413682286246,unsegmented-local-field,0.0,0.0,26.183611581275073,25.369,0.8146115812750745
I-138397-08-06,138397,validation,tidal,blank,0,0,,8,6,9106.952751809898,4186.090490540126,163.3755690426595,16.781781736591395,12.0,0.37469413682286246,unsegmented-local-field,0.0,0.0,26.45371997409391,25.369,1.0847199740939102
I-138397-08-07,138397,validation,tidal,blank,0,0,,8,7,9106.952751809898,4186.090490540126,163.3755690426595,16.781781736591395,12.0,0.37469413682286246,unsegmented-local-field,0.0,0.0,26.583611581275076,25.769000000000002,0.8146115812750745
I-138397-08-08,138397,validation,tidal,blank,0,0,,8,8,9106.952751809898,4186.090490540126,163.3755690426595,16.781781736591395,12.0,0.37469413682286246,unsegmented-local-field,0.0,0.0,26.853719974093913,25.769000000000002,1.0847199740939102
I-3366-01-01,3366,development,spiral,isolated,961,1,49.0,1,1,8895.32419087993,431.19938197095826,163.34382399591152,16.793626963517024,7.5,0.23418383551428903,adjacent-to-single-label,0.0,0.0,24.75761158127507,23.942999999999998,0.8146115812750745
I-3366-01-02,3366,development,spiral,isolated,961,1,49.0,1,2,8895.32419087993,431.19938197095826,163.34382399591152,16.793626963517024,7.5,0.23418383551428903,adjacent-to-single-label,0.0,0.0,25.02771997409391,23.942999999999998,1.0847199740939102
I-3366-01-03,3366,development,spiral,isolated,961,1,49.0,1,3,8895.32419087993,431.19938197095826,163.34382399591152,16.793626963517024,7.5,0.23418383551428903,adjacent-to-single-label,0.0,0.0,25.157611581275074,24.343,0.8146115812750745
I-3366-01-04,3366,development,spiral,isolated,961,1,49.0,1,4,8895.32419087993,431.19938197095826,163.34382399591152,16.793626963517024,7.5,0.23418383551428903,adjacent-to-single-label,0.0,0.0,25.42771997409391,24.343,1.0847199740939102
I-3366-01-05,3366,development,spiral,isolated,961,1,49.0,1,5,8895.32419087993,431.19938197095826,163.34382399591152,16.793626963517024,7.5,0.23418383551428903,adjacent-to-single-label,0.0,0.0,25.557611581275072,24.743,0.8146115812750745
I-3366-01-06,3366,development,spiral,isolated,961,1,49.0,1,6,8895.32419087993,431.19938197095826,163.34382399591152,16.793626963517024,7.5,0.23418383551428903,adjacent-to-single-label,0.0,0.0,25.82771997409391,24.743,1.0847199740939102
I-3366-01-07,3366,development,spiral,isolated,961,1,49.0,1,7,8895.32419087993,431.19938197095826,163.34382399591152,16.793626963517024,7.5,0.23418383551428903,adjacent-to-single-label,0.0,0.0,25.957611581275074,25.143,0.8146115812750745
I-3366-01-08,3366,development,spiral,isolated,961,1,49.0,1,8,8895.32419087993,431.19938197095826,163.34382399591152,16.793626963517024,7.5,0.23418383551428903,adjacent-to-single-label,0.0,0.0,26.22771997409391,25.143,1.0847199740939102
I-3366-02-01,3366,development,spiral,isolated,961,1,49.0,2,1,8893.82419087993,441.5916868163715,163.34390402090838,16.7935777272339,12.0,0.37469413682286246,adjacent-to-single-label,0.24,0.0,24.75761158127507,23.942999999999998,0.8146115812750745
I-3366-02-02,3366,development,spiral,isolated,961,1,49.0,2,2,8893.82419087993,441.5916868163715,163.34390402090838,16.7935777272339,12.0,0.37469413682286246,adjacent-to-single-label,0.24,0.0,25.02771997409391,23.942999999999998,1.0847199740939102
I-3366-02-03,3366,development,spiral,isolated,961,1,49.0,2,3,8893.82419087993,441.5916868163715,163.34390402090838,16.7935777272339,12.0,0.37469413682286246,adjacent-to-single-label,0.24,0.0,25.157611581275074,24.343,0.8146115812750745
I-3366-02-04,3366,development,spiral,isolated,961,1,49.0,2,4,8893.82419087993,441.5916868163715,163.34390402090838,16.7935777272339,12.0,0.37469413682286246,adjacent-to-single-label,0.24,0.0,25.42771997409391,24.343,1.0847199740939102
I-3366-02-05,3366,development,spiral,isolated,961,1,49.0,2,5,8893.82419087993,441.5916868163715,163.34390402090838,16.7935777272339,12.0,0.37469413682286246,adjacent-to-single-label,0.24,0.0,25.557611581275072,24.743,0.8146115812750745
I-3366-02-06,3366,development,spiral,isolated,961,1,49.0,2,6,8893.82419087993,441.5916868163715,163.34390402090838,16.7935777272339,12.0,0.37469413682286246,adjacent-to-single-label,0.24,0.0,25.82771997409391,24.743,1.0847199740939102
I-3366-02-07,3366,development,spiral,isolated,961,1,49.0,2,7,8893.82419087993,441.5916868163715,163.34390402090838,16.7935777272339,12.0,0.37469413682286246,adjacent-to-single-label,0.24,0.0,25.957611581275074,25.143,0.8146115812750745
I-3366-02-08,3366,development,spiral,isolated,961,1,49.0,2,8,8893.82419087993,441.5916868163715,163.34390402090838,16.7935777272339,12.0,0.37469413682286246,adjacent-to-single-label,0.24,0.0,26.22771997409391,25.143,1.0847199740939102
I-3366-03-01,3366,development,spiral,isolated,961,1,49.0,3,1,8885.740412747928,443.0170750071048,163.34388538301496,16.793508805067486,12.0,0.37469413682286246,adjacent-to-single-label,0.0,0.0,24.75761158127507,23.942999999999998,0.8146115812750745
I-3366-03-02,3366,development,spiral,isolated,961,1,49.0,3,2,8885.740412747928,443.0170750071048,163.34388538301496,16.793508805067486,12.0,0.37469413682286246,adjacent-to-single-label,0.0,0.0,25.02771997409391,23.942999999999998,1.0847199740939102
I-3366-03-03,3366,development,spiral,isolated,961,1,49.0,3,3,8885.740412747928,443.0170750071048,163.34388538301496,16.793508805067486,12.0,0.37469413682286246,adjacent-to-single-label,0.0,0.0,25.157611581275074,24.343,0.8146115812750745
I-3366-03-04,3366,development,spiral,isolated,961,1,49.0,3,4,8885.740412747928,443.0170750071048,163.34388538301496,16.793508805067486,12.0,0.37469413682286246,adjacent-to-single-label,0.0,0.0,25.42771997409391,24.343,1.0847199740939102
I-3366-03-05,3366,development,spiral,isolated,961,1,49.0,3,5,8885.740412747928,443.0170750071048,163.34388538301496,16.793508805067486,12.0,0.37469413682286246,adjacent-to-single-label,0.0,0.0,25.557611581275072,24.743,0.8146115812750745
I-3366-03-06,3366,development,spiral,isolated,961,1,49.0,3,6,8885.740412747928,443.0170750071048,163.34388538301496,16.793508805067486,12.0,0.37469413682286246,adjacent-to-single-label,0.0,0.0,25.82771997409391,24.743,1.0847199740939102
I-3366-03-07,3366,development,spiral,isolated,961,1,49.0,3,7,8885.740412747928,443.0170750071048,163.34388538301496,16.793508805067486,12.0,0.37469413682286246,adjacent-to-single-label,0.0,0.0,25.957611581275074,25.143,0.8146115812750745
I-3366-03-08,3366,development,spiral,isolated,961,1,49.0,3,8,8885.740412747928,443.0170750071048,163.34388538301496,16.793508805067486,12.0,0.37469413682286246,adjacent-to-single-label,0.0,0.0,26.22771997409391,25.143,1.0847199740939102
I-3366-04-01,3366,development,spiral,isolated,961,1,49.0,4,1,8883.227924221215,435.0561076290775,163.34381031637164,16.79351762733292,6.0,0.18734706841143123,adjacent-to-single-label,0.2,0.2,24.75761158127507,23.942999999999998,0.8146115812750745
I-3366-04-02,3366,development,spiral,isolated,961,1,49.0,4,2,8883.227924221215,435.0561076290775,163.34381031637164,16.79351762733292,6.0,0.18734706841143123,adjacent-to-single-label,0.2,0.2,25.02771997409391,23.942999999999998,1.0847199740939102
I-3366-04-03,3366,development,spiral,isolated,961,1,49.0,4,3,8883.227924221215,435.0561076290775,163.34381031637164,16.79351762733292,6.0,0.18734706841143123,adjacent-to-single-label,0.2,0.2,25.157611581275074,24.343,0.8146115812750745
I-3366-04-04,3366,development,spiral,isolated,961,1,49.0,4,4,8883.227924221215,435.0561076290775,163.34381031637164,16.79351762733292,6.0,0.18734706841143123,adjacent-to-single-label,0.2,0.2,25.42771997409391,24.343,1.0847199740939102
I-3366-04-05,3366,development,spiral,isolated,961,1,49.0,4,5,8883.227924221215,435.0561076290775,163.34381031637164,16.79351762733292,6.0,0.18734706841143123,adjacent-to-single-label,0.2,0.2,25.557611581275072,24.743,0.8146115812750745
I-3366-04-06,3366,development,spiral,isolated,961,1,49.0,4,6,8883.227924221215,435.0561076290775,163.34381031637164,16.79351762733292,6.0,0.18734706841143123,adjacent-to-single-label,0.2,0.2,25.82771997409391,24.743,1.0847199740939102
I-3366-04-07,3366,development,spiral,isolated,961,1,49.0,4,7,8883.227924221215,435.0561076290775,163.34381031637164,16.79351762733292,6.0,0.18734706841143123,adjacent-to-single-label,0.2,0.2,25.957611581275074,25.143,0.8146115812750745
I-3366-04-08,3366,development,spiral,isolated,961,1,49.0,4,8,8883.227924221215,435.0561076290775,163.34381031637164,16.79351762733292,6.0,0.18734706841143123,adjacent-to-single-label,0.2,0.2,26.22771997409391,25.143,1.0847199740939102
I-3366-05-01,3366,development,spiral,isolated,961,1,49.0,5,1,8875.82419087993,431.19938197095826,163.3437506944946,16.793473080586846,12.0,0.37469413682286246,adjacent-to-single-label,0.0,0.0,24.75761158127507,23.942999999999998,0.8146115812750745
I-3366-05-02,3366,development,spiral,isolated,961,1,49.0,5,2,8875.82419087993,431.19938197095826,163.3437506944946,16.793473080586846,12.0,0.37469413682286246,adjacent-to-single-label,0.0,0.0,25.02771997409391,23.942999999999998,1.0847199740939102
I-3366-05-03,3366,development,spiral,isolated,961,1,49.0,5,3,8875.82419087993,431.19938197095826,163.3437506944946,16.793473080586846,12.0,0.37469413682286246,adjacent-to-single-label,0.0,0.0,25.157611581275074,24.343,0.8146115812750745
I-3366-05-04,3366,development,spiral,isolated,961,1,49.0,5,4,8875.82419087993,431.19938197095826,163.3437506944946,16.793473080586846,12.0,0.37469413682286246,adjacent-to-single-label,0.0,0.0,25.42771997409391,24.343,1.0847199740939102
I-3366-05-05,3366,development,spiral,isolated,961,1,49.0,5,5,8875.82419087993,431.19938197095826,163.3437506944946,16.793473080586846,12.0,0.37469413682286246,adjacent-to-single-label,0.0,0.0,25.557611581275072,24.743,0.8146115812750745
I-3366-05-06,3366,development,spiral,isolated,961,1,49.0,5,6,8875.82419087993,431.19938197095826,163.3437506944946,16.793473080586846,12.0,0.37469413682286246,adjacent-to-single-label,0.0,0.0,25.82771997409391,24.743,1.0847199740939102
I-3366-05-07,3366,development,spiral,isolated,961,1,49.0,5,7,8875.82419087993,431.19938197095826,163.3437506944946,16.793473080586846,12.0,0.37469413682286246,adjacent-to-single-label,0.0,0.0,25.957611581275074,25.143,0.8146115812750745
I-3366-05-08,3366,development,spiral,isolated,961,1,49.0,5,8,8875.82419087993,431.19938197095826,163.3437506944946,16.793473080586846,12.0,0.37469413682286246,adjacent-to-single-label,0.0,0.0,26.22771997409391,25.143,1.0847199740939102
I-3366-06-01,3366,development,spiral,isolated,961,1,49.0,6,1,8879.338909505692,422.7141005967197,163.3436939624734,16.793531352974693,12.0,0.37469413682286246,adjacent-to-single-label,0.0,0.0,24.75761158127507,23.942999999999998,0.8146115812750745
I-3366-06-02,3366,development,spiral,isolated,961,1,49.0,6,2,8879.338909505692,422.7141005967197,163.3436939624734,16.793531352974693,12.0,0.37469413682286246,adjacent-to-single-label,0.0,0.0,25.02771997409391,23.942999999999998,1.0847199740939102
I-3366-06-03,3366,development,spiral,isolated,961,1,49.0,6,3,8879.338909505692,422.7141005967197,163.3436939624734,16.793531352974693,12.0,0.37469413682286246,adjacent-to-single-label,0.0,0.0,25.157611581275074,24.343,0.8146115812750745
I-3366-06-04,3366,development,spiral,isolated,961,1,49.0,6,4,8879.338909505692,422.7141005967197,163.3436939624734,16.793531352974693,12.0,0.37469413682286246,adjacent-to-single-label,0.0,0.0,25.42771997409391,24.343,1.0847199740939102
I-3366-06-05,3366,development,spiral,isolated,961,1,49.0,6,5,8879.338909505692,422.7141005967197,163.3436939624734,16.793531352974693,12.0,0.37469413682286246,adjacent-to-single-label,0.0,0.0,25.557611581275072,24.743,0.8146115812750745
I-3366-06-06,3366,development,spiral,isolated,961,1,49.0,6,6,8879.338909505692,422.7141005967197,163.3436939624734,16.793531352974693,12.0,0.37469413682286246,adjacent-to-single-label,0.0,0.0,25.82771997409391,24.743,1.0847199740939102
I-3366-06-07,3366,development,spiral,isolated,961,1,49.0,6,7,8879.338909505692,422.7141005967197,163.3436939624734,16.793531352974693,12.0,0.37469413682286246,adjacent-to-single-label,0.0,0.0,25.957611581275074,25.143,0.8146115812750745
I-3366-06-08,3366,development,spiral,isolated,961,1,49.0,6,8,8879.338909505692,422.7141005967197,163.3436939624734,16.793531352974693,12.0,0.37469413682286246,adjacent-to-single-label,0.0,0.0,26.22771997409391,25.143,1.0847199740939102
I-3366-07-01,3366,development,spiral,isolated,961,1,49.0,7,1,8887.82419087993,419.19938197095826,163.3436968872502,16.793610962524962,12.0,0.37469413682286246,adjacent-to-single-label,0.2,0.0,24.75761158127507,23.942999999999998,0.8146115812750745
I-3366-07-02,3366,development,spiral,isolated,961,1,49.0,7,2,8887.82419087993,419.19938197095826,163.3436968872502,16.793610962524962,12.0,0.37469413682286246,adjacent-to-single-label,0.2,0.0,25.02771997409391,23.942999999999998,1.0847199740939102
I-3366-07-03,3366,development,spiral,isolated,961,1,49.0,7,3,8887.82419087993,419.19938197095826,163.3436968872502,16.793610962524962,12.0,0.37469413682286246,adjacent-to-single-label,0.2,0.0,25.157611581275074,24.343,0.8146115812750745
I-3366-07-04,3366,development,spiral,isolated,961,1,49.0,7,4,8887.82419087993,419.19938197095826,163.3436968872502,16.793610962524962,12.0,0.37469413682286246,adjacent-to-single-label,0.2,0.0,25.42771997409391,24.343,1.0847199740939102
I-3366-07-05,3366,development,spiral,isolated,961,1,49.0,7,5,8887.82419087993,419.19938197095826,163.3436968872502,16.793610962524962,12.0,0.37469413682286246,adjacent-to-single-label,0.2,0.0,25.557611581275072,24.743,0.8146115812750745
I-3366-07-06,3366,development,spiral,isolated,961,1,49.0,7,6,8887.82419087993,419.19938197095826,163.3436968872502,16.793610962524962,12.0,0.37469413682286246,adjacent-to-single-label,0.2,0.0,25.82771997409391,24.743,1.0847199740939102
I-3366-07-07,3366,development,spiral,isolated,961,1,49.0,7,7,8887.82419087993,419.19938197095826,163.3436968872502,16.793610962524962,12.0,0.37469413682286246,adjacent-to-single-label,0.2,0.0,25.957611581275074,25.143,0.8146115812750745
I-3366-07-08,3366,development,spiral,isolated,961,1,49.0,7,8,8887.82419087993,419.19938197095826,163.3436968872502,16.793610962524962,12.0,0.37469413682286246,adjacent-to-single-label,0.2,0.0,26.22771997409391,25.143,1.0847199740939102
I-3366-08-01,3366,development,spiral,isolated,961,1,49.0,8,1,8896.309472254168,422.7141005967197,163.3437577555897,16.793665275040798,12.0,0.37469413682286246,adjacent-to-single-label,0.0,0.0,24.75761158127507,23.942999999999998,0.8146115812750745
I-3366-08-02,3366,development,spiral,isolated,961,1,49.0,8,2,8896.309472254168,422.7141005967197,163.3437577555897,16.793665275040798,12.0,0.37469413682286246,adjacent-to-single-label,0.0,0.0,25.02771997409391,23.942999999999998,1.0847199740939102
I-3366-08-03,3366,development,spiral,isolated,961,1,49.0,8,3,8896.309472254168,422.7141005967197,163.3437577555897,16.793665275040798,12.0,0.37469413682286246,adjacent-to-single-label,0.0,0.0,25.157611581275074,24.343,0.8146115812750745
I-3366-08-04,3366,development,spiral,isolated,961,1,49.0,8,4,8896.309472254168,422.7141005967197,163.3437577555897,16.793665275040798,12.0,0.37469413682286246,adjacent-to-single-label,0.0,0.0,25.42771997409391,24.343,1.0847199740939102
I-3366-08-05,3366,development,spiral,isolated,961,1,49.0,8,5,8896.309472254168,422.7141005967197,163.3437577555897,16.793665275040798,12.0,0.37469413682286246,adjacent-to-single-label,0.0,0.0,25.557611581275072,24.743,0.8146115812750745
I-3366-08-06,3366,development,spiral,isolated,961,1,49.0,8,6,8896.309472254168,422.7141005967197,163.3437577555897,16.793665275040798,12.0,0.37469413682286246,adjacent-to-single-label,0.0,0.0,25.82771997409391,24.743,1.0847199740939102
I-3366-08-07,3366,development,spiral,isolated,961,1,49.0,8,7,8896.309472254168,422.7141005967197,163.3437577555897,16.793665275040798,12.0,0.37469413682286246,adjacent-to-single-label,0.0,0.0,25.957611581275074,25.143,0.8146115812750745
I-3366-08-08,3366,development,spiral,isolated,961,1,49.0,8,8,8896.309472254168,422.7141005967197,163.3437577555897,16.793665275040798,12.0,0.37469413682286246,adjacent-to-single-label,0.0,0.0,26.22771997409391,25.143,1.0847199740939102
I-25440-01-01,25440,development,spiral,isolated,2133,1,214.0,1,1,7278.813901561538,593.3017291554786,163.33908399205282,16.780286964176344,7.5,0.23418383551428903,adjacent-to-single-label,0.0,0.0,25.255611581275073,24.441,0.8146115812750745
I-25440-01-02,25440,development,spiral,isolated,2133,1,214.0,1,2,7278.813901561538,593.3017291554786,163.33908399205282,16.780286964176344,7.5,0.23418383551428903,adjacent-to-single-label,0.0,0.0,25.52571997409391,24.441,1.0847199740939102
I-25440-01-03,25440,development,spiral,isolated,2133,1,214.0,1,3,7278.813901561538,593.3017291554786,163.33908399205282,16.780286964176344,7.5,0.23418383551428903,adjacent-to-single-label,0.0,0.0,25.655611581275075,24.841,0.8146115812750745
I-25440-01-04,25440,development,spiral,isolated,2133,1,214.0,1,4,7278.813901561538,593.3017291554786,163.33908399205282,16.780286964176344,7.5,0.23418383551428903,adjacent-to-single-label,0.0,0.0,25.925719974093912,24.841,1.0847199740939102
I-25440-01-05,25440,development,spiral,isolated,2133,1,214.0,1,5,7278.813901561538,593.3017291554786,163.33908399205282,16.780286964176344,7.5,0.23418383551428903,adjacent-to-single-label,0.0,0.0,26.055611581275073,25.241,0.8146115812750745
I-25440-01-06,25440,development,spiral,isolated,2133,1,214.0,1,6,7278.813901561538,593.3017291554786,163.33908399205282,16.780286964176344,7.5,0.23418383551428903,adjacent-to-single-label,0.0,0.0,26.32571997409391,25.241,1.0847199740939102
I-25440-01-07,25440,development,spiral,isolated,2133,1,214.0,1,7,7278.813901561538,593.3017291554786,163.33908399205282,16.780286964176344,7.5,0.23418383551428903,adjacent-to-single-label,0.0,0.0,26.455611581275075,25.641000000000002,0.8146115812750745
I-25440-01-08,25440,development,spiral,isolated,2133,1,214.0,1,8,7278.813901561538,593.3017291554786,163.33908399205282,16.780286964176344,7.5,0.23418383551428903,adjacent-to-single-label,0.0,0.0,26.725719974093913,25.641000000000002,1.0847199740939102
I-25440-02-01,25440,development,spiral,isolated,2133,1,214.0,2,1,7282.590213010969,597.4059708753866,163.33913201485353,16.780301995710293,12.0,0.37469413682286246,adjacent-to-single-label,0.16,0.0,25.255611581275073,24.441,0.8146115812750745
I-25440-02-02,25440,development,spiral,isolated,2133,1,214.0,2,2,7282.590213010969,597.4059708753866,163.33913201485353,16.780301995710293,12.0,0.37469413682286246,adjacent-to-single-label,0.16,0.0,25.52571997409391,24.441,1.0847199740939102
I-25440-02-03,25440,development,spiral,isolated,2133,1,214.0,2,3,7282.590213010969,597.4059708753866,163.33913201485353,16.780301995710293,12.0,0.37469413682286246,adjacent-to-single-label,0.16,0.0,25.655611581275075,24.841,0.8146115812750745
I-25440-02-04,25440,development,spiral,isolated,2133,1,214.0,2,4,7282.590213010969,597.4059708753866,163.33913201485353,16.780301995710293,12.0,0.37469413682286246,adjacent-to-single-label,0.16,0.0,25.925719974093912,24.841,1.0847199740939102
I-25440-02-05,25440,development,spiral,isolated,2133,1,214.0,2,5,7282.590213010969,597.4059708753866,163.33913201485353,16.780301995710293,12.0,0.37469413682286246,adjacent-to-single-label,0.16,0.0,26.055611581275073,25.241,0.8146115812750745
I-25440-02-06,25440,development,spiral,isolated,2133,1,214.0,2,6,7282.590213010969,597.4059708753866,163.33913201485353,16.780301995710293,12.0,0.37469413682286246,adjacent-to-single-label,0.16,0.0,26.32571997409391,25.241,1.0847199740939102
I-25440-02-07,25440,development,spiral,isolated,2133,1,214.0,2,7,7282.590213010969,597.4059708753866,163.33913201485353,16.780301995710293,12.0,0.37469413682286246,adjacent-to-single-label,0.16,0.0,26.455611581275075,25.641000000000002,0.8146115812750745
I-25440-02-08,25440,development,spiral,isolated,2133,1,214.0,2,8,7282.590213010969,597.4059708753866,163.33913201485353,16.780301995710293,12.0,0.37469413682286246,adjacent-to-single-label,0.16,0.0,26.725719974093913,25.641000000000002,1.0847199740939102
I-25440-03-01,25440,development,spiral,isolated,2133,1,214.0,3,1,7275.04214839782,598.6262174433571,163.33911370263849,16.78023803890278,6.5,0.20295932411238382,adjacent-to-single-label,0.24,0.2,25.255611581275073,24.441,0.8146115812750745
I-25440-03-02,25440,development,spiral,isolated,2133,1,214.0,3,2,7275.04214839782,598.6262174433571,163.33911370263849,16.78023803890278,6.5,0.20295932411238382,adjacent-to-single-label,0.24,0.2,25.52571997409391,24.441,1.0847199740939102
I-25440-03-03,25440,development,spiral,isolated,2133,1,214.0,3,3,7275.04214839782,598.6262174433571,163.33911370263849,16.78023803890278,6.5,0.20295932411238382,adjacent-to-single-label,0.24,0.2,25.655611581275075,24.841,0.8146115812750745
I-25440-03-04,25440,development,spiral,isolated,2133,1,214.0,3,4,7275.04214839782,598.6262174433571,163.33911370263849,16.78023803890278,6.5,0.20295932411238382,adjacent-to-single-label,0.24,0.2,25.925719974093912,24.841,1.0847199740939102
I-25440-03-05,25440,development,spiral,isolated,2133,1,214.0,3,5,7275.04214839782,598.6262174433571,163.33911370263849,16.78023803890278,6.5,0.20295932411238382,adjacent-to-single-label,0.24,0.2,26.055611581275073,25.241,0.8146115812750745
I-25440-03-06,25440,development,spiral,isolated,2133,1,214.0,3,6,7275.04214839782,598.6262174433571,163.33911370263849,16.78023803890278,6.5,0.20295932411238382,adjacent-to-single-label,0.24,0.2,26.32571997409391,25.241,1.0847199740939102
I-25440-03-07,25440,development,spiral,isolated,2133,1,214.0,3,7,7275.04214839782,598.6262174433571,163.33911370263849,16.78023803890278,6.5,0.20295932411238382,adjacent-to-single-label,0.24,0.2,26.455611581275075,25.641000000000002,0.8146115812750745
I-25440-03-08,25440,development,spiral,isolated,2133,1,214.0,3,8,7275.04214839782,598.6262174433571,163.33911370263849,16.78023803890278,6.5,0.20295932411238382,adjacent-to-single-label,0.24,0.2,26.725719974093913,25.641000000000002,1.0847199740939102
I-25440-04-01,25440,development,spiral,isolated,2133,1,214.0,4,1,7274.419730102768,604.8928390709474,163.33916301579512,16.7802105763474,12.0,0.37469413682286246,adjacent-to-single-label,0.2,0.0,25.255611581275073,24.441,0.8146115812750745
I-25440-04-02,25440,development,spiral,isolated,2133,1,214.0,4,2,7274.419730102768,604.8928390709474,163.33916301579512,16.7802105763474,12.0,0.37469413682286246,adjacent-to-single-label,0.2,0.0,25.52571997409391,24.441,1.0847199740939102
I-25440-04-03,25440,development,spiral,isolated,2133,1,214.0,4,3,7274.419730102768,604.8928390709474,163.33916301579512,16.7802105763474,12.0,0.37469413682286246,adjacent-to-single-label,0.2,0.0,25.655611581275075,24.841,0.8146115812750745
I-25440-04-04,25440,development,spiral,isolated,2133,1,214.0,4,4,7274.419730102768,604.8928390709474,163.33916301579512,16.7802105763474,12.0,0.37469413682286246,adjacent-to-single-label,0.2,0.0,25.925719974093912,24.841,1.0847199740939102
I-25440-04-05,25440,development,spiral,isolated,2133,1,214.0,4,5,7274.419730102768,604.8928390709474,163.33916301579512,16.7802105763474,12.0,0.37469413682286246,adjacent-to-single-label,0.2,0.0,26.055611581275073,25.241,0.8146115812750745
I-25440-04-06,25440,development,spiral,isolated,2133,1,214.0,4,6,7274.419730102768,604.8928390709474,163.33916301579512,16.7802105763474,12.0,0.37469413682286246,adjacent-to-single-label,0.2,0.0,26.32571997409391,25.241,1.0847199740939102
I-25440-04-07,25440,development,spiral,isolated,2133,1,214.0,4,7,7274.419730102768,604.8928390709474,163.33916301579512,16.7802105763474,12.0,0.37469413682286246,adjacent-to-single-label,0.2,0.0,26.455611581275075,25.641000000000002,0.8146115812750745
I-25440-04-08,25440,development,spiral,isolated,2133,1,214.0,4,8,7274.419730102768,604.8928390709474,163.33916301579512,16.7802105763474,12.0,0.37469413682286246,adjacent-to-single-label,0.2,0.0,26.725719974093913,25.641000000000002,1.0847199740939102
I-25440-05-01,25440,development,spiral,isolated,2133,1,214.0,5,1,7270.616655619557,601.2712867402125,163.33911887098628,16.780193596639798,8.0,0.24979609121524163,adjacent-to-single-label,0.24,0.0,25.255611581275073,24.441,0.8146115812750745
I-25440-05-02,25440,development,spiral,isolated,2133,1,214.0,5,2,7270.616655619557,601.2712867402125,163.33911887098628,16.780193596639798,8.0,0.24979609121524163,adjacent-to-single-label,0.24,0.0,25.52571997409391,24.441,1.0847199740939102
I-25440-05-03,25440,development,spiral,isolated,2133,1,214.0,5,3,7270.616655619557,601.2712867402125,163.33911887098628,16.780193596639798,8.0,0.24979609121524163,adjacent-to-single-label,0.24,0.0,25.655611581275075,24.841,0.8146115812750745
I-25440-05-04,25440,development,spiral,isolated,2133,1,214.0,5,4,7270.616655619557,601.2712867402125,163.33911887098628,16.780193596639798,8.0,0.24979609121524163,adjacent-to-single-label,0.24,0.0,25.925719974093912,24.841,1.0847199740939102
I-25440-05-05,25440,development,spiral,isolated,2133,1,214.0,5,5,7270.616655619557,601.2712867402125,163.33911887098628,16.780193596639798,8.0,0.24979609121524163,adjacent-to-single-label,0.24,0.0,26.055611581275073,25.241,0.8146115812750745
I-25440-05-06,25440,development,spiral,isolated,2133,1,214.0,5,6,7270.616655619557,601.2712867402125,163.33911887098628,16.780193596639798,8.0,0.24979609121524163,adjacent-to-single-label,0.24,0.0,26.32571997409391,25.241,1.0847199740939102
I-25440-05-07,25440,development,spiral,isolated,2133,1,214.0,5,7,7270.616655619557,601.2712867402125,163.33911887098628,16.780193596639798,8.0,0.24979609121524163,adjacent-to-single-label,0.24,0.0,26.455611581275075,25.641000000000002,0.8146115812750745
I-25440-05-08,25440,development,spiral,isolated,2133,1,214.0,5,8,7270.616655619557,601.2712867402125,163.33911887098628,16.780193596639798,8.0,0.24979609121524163,adjacent-to-single-label,0.24,0.0,26.725719974093913,25.641000000000002,1.0847199740939102
I-25440-06-01,25440,development,spiral,isolated,2133,1,214.0,6,1,7260.438208117098,598.3731482963669,163.3390567265258,16.780123702303257,12.0,0.37469413682286246,adjacent-to-single-label,0.24,0.24,25.255611581275073,24.441,0.8146115812750745
I-25440-06-02,25440,development,spiral,isolated,2133,1,214.0,6,2,7260.438208117098,598.3731482963669,163.3390567265258,16.780123702303257,12.0,0.37469413682286246,adjacent-to-single-label,0.24,0.24,25.52571997409391,24.441,1.0847199740939102
I-25440-06-03,25440,development,spiral,isolated,2133,1,214.0,6,3,7260.438208117098,598.3731482963669,163.3390567265258,16.780123702303257,12.0,0.37469413682286246,adjacent-to-single-label,0.24,0.24,25.655611581275075,24.841,0.8146115812750745
I-25440-06-04,25440,development,spiral,isolated,2133,1,214.0,6,4,7260.438208117098,598.3731482963669,163.3390567265258,16.780123702303257,12.0,0.37469413682286246,adjacent-to-single-label,0.24,0.24,25.925719974093912,24.841,1.0847199740939102
I-25440-06-05,25440,development,spiral,isolated,2133,1,214.0,6,5,7260.438208117098,598.3731482963669,163.3390567265258,16.780123702303257,12.0,0.37469413682286246,adjacent-to-single-label,0.24,0.24,26.055611581275073,25.241,0.8146115812750745
I-25440-06-06,25440,development,spiral,isolated,2133,1,214.0,6,6,7260.438208117098,598.3731482963669,163.3390567265258,16.780123702303257,12.0,0.37469413682286246,adjacent-to-single-label,0.24,0.24,26.32571997409391,25.241,1.0847199740939102
I-25440-06-07,25440,development,spiral,isolated,2133,1,214.0,6,7,7260.438208117098,598.3731482963669,163.3390567265258,16.780123702303257,12.0,0.37469413682286246,adjacent-to-single-label,0.24,0.24,26.455611581275075,25.641000000000002,0.8146115812750745
I-25440-06-08,25440,development,spiral,isolated,2133,1,214.0,6,8,7260.438208117098,598.3731482963669,163.3390567265258,16.780123702303257,12.0,0.37469413682286246,adjacent-to-single-label,0.24,0.24,26.725719974093913,25.641000000000002,1.0847199740939102
I-25440-07-01,25440,development,spiral,isolated,2133,1,214.0,7,1,7269.230123429535,581.4840361193321,163.3389505633115,16.780253860054174,12.0,0.37469413682286246,adjacent-to-single-label,0.08,0.08,25.255611581275073,24.441,0.8146115812750745
I-25440-07-02,25440,development,spiral,isolated,2133,1,214.0,7,2,7269.230123429535,581.4840361193321,163.3389505633115,16.780253860054174,12.0,0.37469413682286246,adjacent-to-single-label,0.08,0.08,25.52571997409391,24.441,1.0847199740939102
I-25440-07-03,25440,development,spiral,isolated,2133,1,214.0,7,3,7269.230123429535,581.4840361193321,163.3389505633115,16.780253860054174,12.0,0.37469413682286246,adjacent-to-single-label,0.08,0.08,25.655611581275075,24.841,0.8146115812750745
I-25440-07-04,25440,development,spiral,isolated,2133,1,214.0,7,4,7269.230123429535,581.4840361193321,163.3389505633115,16.780253860054174,12.0,0.37469413682286246,adjacent-to-single-label,0.08,0.08,25.925719974093912,24.841,1.0847199740939102
I-25440-07-05,25440,development,spiral,isolated,2133,1,214.0,7,5,7269.230123429535,581.4840361193321,163.3389505633115,16.780253860054174,12.0,0.37469413682286246,adjacent-to-single-label,0.08,0.08,26.055611581275073,25.241,0.8146115812750745
I-25440-07-06,25440,development,spiral,isolated,2133,1,214.0,7,6,7269.230123429535,581.4840361193321,163.3389505633115,16.780253860054174,12.0,0.37469413682286246,adjacent-to-single-label,0.08,0.08,26.32571997409391,25.241,1.0847199740939102
I-25440-07-07,25440,development,spiral,isolated,2133,1,214.0,7,7,7269.230123429535,581.4840361193321,163.3389505633115,16.780253860054174,12.0,0.37469413682286246,adjacent-to-single-label,0.08,0.08,26.455611581275075,25.641000000000002,0.8146115812750745
I-25440-07-08,25440,development,spiral,isolated,2133,1,214.0,7,8,7269.230123429535,581.4840361193321,163.3389505633115,16.780253860054174,12.0,0.37469413682286246,adjacent-to-single-label,0.08,0.08,26.725719974093913,25.641000000000002,1.0847199740939102
I-25440-08-01,25440,development,spiral,isolated,2133,1,214.0,8,1,7272.182142449873,588.3776903904176,163.33901847963818,16.780252348881508,5.0,0.15612255700952601,adjacent-to-single-label,0.24,0.24,25.255611581275073,24.441,0.8146115812750745
I-25440-08-02,25440,development,spiral,isolated,2133,1,214.0,8,2,7272.182142449873,588.3776903904176,163.33901847963818,16.780252348881508,5.0,0.15612255700952601,adjacent-to-single-label,0.24,0.24,25.52571997409391,24.441,1.0847199740939102
I-25440-08-03,25440,development,spiral,isolated,2133,1,214.0,8,3,7272.182142449873,588.3776903904176,163.33901847963818,16.780252348881508,5.0,0.15612255700952601,adjacent-to-single-label,0.24,0.24,25.655611581275075,24.841,0.8146115812750745
I-25440-08-04,25440,development,spiral,isolated,2133,1,214.0,8,4,7272.182142449873,588.3776903904176,163.33901847963818,16.780252348881508,5.0,0.15612255700952601,adjacent-to-single-label,0.24,0.24,25.925719974093912,24.841,1.0847199740939102
I-25440-08-05,25440,development,spiral,isolated,2133,1,214.0,8,5,7272.182142449873,588.3776903904176,163.33901847963818,16.780252348881508,5.0,0.15612255700952601,adjacent-to-single-label,0.24,0.24,26.055611581275073,25.241,0.8146115812750745
I-25440-08-06,25440,development,spiral,isolated,2133,1,214.0,8,6,7272.182142449873,588.3776903904176,163.33901847963818,16.780252348881508,5.0,0.15612255700952601,adjacent-to-single-label,0.24,0.24,26.32571997409391,25.241,1.0847199740939102
I-25440-08-07,25440,development,spiral,isolated,2133,1,214.0,8,7,7272.182142449873,588.3776903904176,163.33901847963818,16.780252348881508,5.0,0.15612255700952601,adjacent-to-single-label,0.24,0.24,26.455611581275075,25.641000000000002,0.8146115812750745
I-25440-08-08,25440,development,spiral,isolated,2133,1,214.0,8,8,7272.182142449873,588.3776903904176,163.33901847963818,16.780252348881508,5.0,0.15612255700952601,adjacent-to-single-label,0.24,0.24,26.725719974093913,25.641000000000002,1.0847199740939102
I-36326-01-01,36326,development,spiral,isolated,5685,1,48.0,1,1,9219.505051242575,1881.10845292938,163.35699399953137,16.790966961726607,7.5,0.23418383551428903,adjacent-to-single-label,0.0,0.0,24.179611581275072,23.365,0.8146115812750745
I-36326-01-02,36326,development,spiral,isolated,5685,1,48.0,1,2,9219.505051242575,1881.10845292938,163.35699399953137,16.790966961726607,7.5,0.23418383551428903,adjacent-to-single-label,0.0,0.0,24.44971997409391,23.365,1.0847199740939102
I-36326-01-03,36326,development,spiral,isolated,5685,1,48.0,1,3,9219.505051242575,1881.10845292938,163.35699399953137,16.790966961726607,7.5,0.23418383551428903,adjacent-to-single-label,0.0,0.0,24.579611581275074,23.765,0.8146115812750745
I-36326-01-04,36326,development,spiral,isolated,5685,1,48.0,1,4,9219.505051242575,1881.10845292938,163.35699399953137,16.790966961726607,7.5,0.23418383551428903,adjacent-to-single-label,0.0,0.0,24.84971997409391,23.765,1.0847199740939102
I-36326-01-05,36326,development,spiral,isolated,5685,1,48.0,1,5,9219.505051242575,1881.10845292938,163.35699399953137,16.790966961726607,7.5,0.23418383551428903,adjacent-to-single-label,0.0,0.0,24.979611581275073,24.165,0.8146115812750745
I-36326-01-06,36326,development,spiral,isolated,5685,1,48.0,1,6,9219.505051242575,1881.10845292938,163.35699399953137,16.790966961726607,7.5,0.23418383551428903,adjacent-to-single-label,0.0,0.0,25.24971997409391,24.165,1.0847199740939102
I-36326-01-07,36326,development,spiral,isolated,5685,1,48.0,1,7,9219.505051242575,1881.10845292938,163.35699399953137,16.790966961726607,7.5,0.23418383551428903,adjacent-to-single-label,0.0,0.0,25.379611581275075,24.565,0.8146115812750745
I-36326-01-08,36326,development,spiral,isolated,5685,1,48.0,1,8,9219.505051242575,1881.10845292938,163.35699399953137,16.790966961726607,7.5,0.23418383551428903,adjacent-to-single-label,0.0,0.0,25.649719974093912,24.565,1.0847199740939102
I-36326-02-01,36326,development,spiral,isolated,5685,1,48.0,2,1,9218.887968478788,1890.938277460848,163.35707270305628,16.790926712136287,12.0,0.37469413682286246,adjacent-to-single-label,0.24,0.0,24.179611581275072,23.365,0.8146115812750745
I-36326-02-02,36326,development,spiral,isolated,5685,1,48.0,2,2,9218.887968478788,1890.938277460848,163.35707270305628,16.790926712136287,12.0,0.37469413682286246,adjacent-to-single-label,0.24,0.0,24.44971997409391,23.365,1.0847199740939102
I-36326-02-03,36326,development,spiral,isolated,5685,1,48.0,2,3,9218.887968478788,1890.938277460848,163.35707270305628,16.790926712136287,12.0,0.37469413682286246,adjacent-to-single-label,0.24,0.0,24.579611581275074,23.765,0.8146115812750745
I-36326-02-04,36326,development,spiral,isolated,5685,1,48.0,2,4,9218.887968478788,1890.938277460848,163.35707270305628,16.790926712136287,12.0,0.37469413682286246,adjacent-to-single-label,0.24,0.0,24.84971997409391,23.765,1.0847199740939102
I-36326-02-05,36326,development,spiral,isolated,5685,1,48.0,2,5,9218.887968478788,1890.938277460848,163.35707270305628,16.790926712136287,12.0,0.37469413682286246,adjacent-to-single-label,0.24,0.0,24.979611581275073,24.165,0.8146115812750745
I-36326-02-06,36326,development,spiral,isolated,5685,1,48.0,2,6,9218.887968478788,1890.938277460848,163.35707270305628,16.790926712136287,12.0,0.37469413682286246,adjacent-to-single-label,0.24,0.0,25.24971997409391,24.165,1.0847199740939102
I-36326-02-07,36326,development,spiral,isolated,5685,1,48.0,2,7,9218.887968478788,1890.938277460848,163.35707270305628,16.790926712136287,12.0,0.37469413682286246,adjacent-to-single-label,0.24,0.0,25.379611581275075,24.565,0.8146115812750745
I-36326-02-08,36326,development,spiral,isolated,5685,1,48.0,2,8,9218.887968478788,1890.938277460848,163.35707270305628,16.790926712136287,12.0,0.37469413682286246,adjacent-to-single-label,0.24,0.0,25.649719974093912,24.565,1.0847199740939102
I-36326-03-01,36326,development,spiral,isolated,5685,1,48.0,3,1,9209.921273110573,1892.9261459655265,163.35705537759432,16.79084879937114,12.0,0.37469413682286246,adjacent-to-single-label,0.0,0.0,24.179611581275072,23.365,0.8146115812750745
I-36326-03-02,36326,development,spiral,isolated,5685,1,48.0,3,2,9209.921273110573,1892.9261459655265,163.35705537759432,16.79084879937114,12.0,0.37469413682286246,adjacent-to-single-label,0.0,0.0,24.44971997409391,23.365,1.0847199740939102
I-36326-03-03,36326,development,spiral,isolated,5685,1,48.0,3,3,9209.921273110573,1892.9261459655265,163.35705537759432,16.79084879937114,12.0,0.37469413682286246,adjacent-to-single-label,0.0,0.0,24.579611581275074,23.765,0.8146115812750745
I-36326-03-04,36326,development,spiral,isolated,5685,1,48.0,3,4,9209.921273110573,1892.9261459655265,163.35705537759432,16.79084879937114,12.0,0.37469413682286246,adjacent-to-single-label,0.0,0.0,24.84971997409391,23.765,1.0847199740939102
I-36326-03-05,36326,development,spiral,isolated,5685,1,48.0,3,5,9209.921273110573,1892.9261459655265,163.35705537759432,16.79084879937114,12.0,0.37469413682286246,adjacent-to-single-label,0.0,0.0,24.979611581275073,24.165,0.8146115812750745
I-36326-03-06,36326,development,spiral,isolated,5685,1,48.0,3,6,9209.921273110573,1892.9261459655265,163.35705537759432,16.79084879937114,12.0,0.37469413682286246,adjacent-to-single-label,0.0,0.0,25.24971997409391,24.165,1.0847199740939102
I-36326-03-07,36326,development,spiral,isolated,5685,1,48.0,3,7,9209.921273110573,1892.9261459655265,163.35705537759432,16.79084879937114,12.0,0.37469413682286246,adjacent-to-single-label,0.0,0.0,25.379611581275075,24.565,0.8146115812750745
I-36326-03-08,36326,development,spiral,isolated,5685,1,48.0,3,8,9209.921273110573,1892.9261459655265,163.35705537759432,16.79084879937114,12.0,0.37469413682286246,adjacent-to-single-label,0.0,0.0,25.649719974093912,24.565,1.0847199740939102
I-36326-04-01,36326,development,spiral,isolated,5685,1,48.0,4,1,9202.812517925147,1888.8219042456185,163.35699482225934,16.79080747503871,12.0,0.37469413682286246,adjacent-to-single-label,0.0,0.0,24.179611581275072,23.365,0.8146115812750745
I-36326-04-02,36326,development,spiral,isolated,5685,1,48.0,4,2,9202.812517925147,1888.8219042456185,163.35699482225934,16.79080747503871,12.0,0.37469413682286246,adjacent-to-single-label,0.0,0.0,24.44971997409391,23.365,1.0847199740939102
I-36326-04-03,36326,development,spiral,isolated,5685,1,48.0,4,3,9202.812517925147,1888.8219042456185,163.35699482225934,16.79080747503871,12.0,0.37469413682286246,adjacent-to-single-label,0.0,0.0,24.579611581275074,23.765,0.8146115812750745
I-36326-04-04,36326,development,spiral,isolated,5685,1,48.0,4,4,9202.812517925147,1888.8219042456185,163.35699482225934,16.79080747503871,12.0,0.37469413682286246,adjacent-to-single-label,0.0,0.0,24.84971997409391,23.765,1.0847199740939102
I-36326-04-05,36326,development,spiral,isolated,5685,1,48.0,4,5,9202.812517925147,1888.8219042456185,163.35699482225934,16.79080747503871,12.0,0.37469413682286246,adjacent-to-single-label,0.0,0.0,24.979611581275073,24.165,0.8146115812750745
I-36326-04-06,36326,development,spiral,isolated,5685,1,48.0,4,6,9202.812517925147,1888.8219042456185,163.35699482225934,16.79080747503871,12.0,0.37469413682286246,adjacent-to-single-label,0.0,0.0,25.24971997409391,24.165,1.0847199740939102
I-36326-04-07,36326,development,spiral,isolated,5685,1,48.0,4,7,9202.812517925147,1888.8219042456185,163.35699482225934,16.79080747503871,12.0,0.37469413682286246,adjacent-to-single-label,0.0,0.0,25.379611581275075,24.565,0.8146115812750745
I-36326-04-08,36326,development,spiral,isolated,5685,1,48.0,4,8,9202.812517925147,1888.8219042456185,163.35699482225934,16.79080747503871,12.0,0.37469413682286246,adjacent-to-single-label,0.0,0.0,25.649719974093912,24.565,1.0847199740939102
I-36326-05-01,36326,development,spiral,isolated,5685,1,48.0,5,1,9200.005051242575,1881.10845292938,163.35692068849144,16.790813083451503,12.0,0.37469413682286246,adjacent-to-single-label,0.0,0.0,24.179611581275072,23.365,0.8146115812750745
I-36326-05-02,36326,development,spiral,isolated,5685,1,48.0,5,2,9200.005051242575,1881.10845292938,163.35692068849144,16.790813083451503,12.0,0.37469413682286246,adjacent-to-single-label,0.0,0.0,24.44971997409391,23.365,1.0847199740939102
I-36326-05-03,36326,development,spiral,isolated,5685,1,48.0,5,3,9200.005051242575,1881.10845292938,163.35692068849144,16.790813083451503,12.0,0.37469413682286246,adjacent-to-single-label,0.0,0.0,24.579611581275074,23.765,0.8146115812750745
I-36326-05-04,36326,development,spiral,isolated,5685,1,48.0,5,4,9200.005051242575,1881.10845292938,163.35692068849144,16.790813083451503,12.0,0.37469413682286246,adjacent-to-single-label,0.0,0.0,24.84971997409391,23.765,1.0847199740939102
I-36326-05-05,36326,development,spiral,isolated,5685,1,48.0,5,5,9200.005051242575,1881.10845292938,163.35692068849144,16.790813083451503,12.0,0.37469413682286246,adjacent-to-single-label,0.0,0.0,24.979611581275073,24.165,0.8146115812750745
I-36326-05-06,36326,development,spiral,isolated,5685,1,48.0,5,6,9200.005051242575,1881.10845292938,163.35692068849144,16.790813083451503,12.0,0.37469413682286246,adjacent-to-single-label,0.0,0.0,25.24971997409391,24.165,1.0847199740939102
I-36326-05-07,36326,development,spiral,isolated,5685,1,48.0,5,7,9200.005051242575,1881.10845292938,163.35692068849144,16.790813083451503,12.0,0.37469413682286246,adjacent-to-single-label,0.0,0.0,25.379611581275075,24.565,0.8146115812750745
I-36326-05-08,36326,development,spiral,isolated,5685,1,48.0,5,8,9200.005051242575,1881.10845292938,163.35692068849144,16.790813083451503,12.0,0.37469413682286246,adjacent-to-single-label,0.0,0.0,25.649719974093912,24.565,1.0847199740939102
I-36326-06-01,36326,development,spiral,isolated,5685,1,48.0,6,1,9208.557851248539,1878.2159086857907,163.3569290009442,16.790890986256898,4.5,0.14051030130857342,adjacent-to-single-label,0.24,0.24,24.179611581275072,23.365,0.8146115812750745
I-36326-06-02,36326,development,spiral,isolated,5685,1,48.0,6,2,9208.557851248539,1878.2159086857907,163.3569290009442,16.790890986256898,4.5,0.14051030130857342,adjacent-to-single-label,0.24,0.24,24.44971997409391,23.365,1.0847199740939102
I-36326-06-03,36326,development,spiral,isolated,5685,1,48.0,6,3,9208.557851248539,1878.2159086857907,163.3569290009442,16.790890986256898,4.5,0.14051030130857342,adjacent-to-single-label,0.24,0.24,24.579611581275074,23.765,0.8146115812750745
I-36326-06-04,36326,development,spiral,isolated,5685,1,48.0,6,4,9208.557851248539,1878.2159086857907,163.3569290009442,16.790890986256898,4.5,0.14051030130857342,adjacent-to-single-label,0.24,0.24,24.84971997409391,23.765,1.0847199740939102
I-36326-06-05,36326,development,spiral,isolated,5685,1,48.0,6,5,9208.557851248539,1878.2159086857907,163.3569290009442,16.790890986256898,4.5,0.14051030130857342,adjacent-to-single-label,0.24,0.24,24.979611581275073,24.165,0.8146115812750745
I-36326-06-06,36326,development,spiral,isolated,5685,1,48.0,6,6,9208.557851248539,1878.2159086857907,163.3569290009442,16.790890986256898,4.5,0.14051030130857342,adjacent-to-single-label,0.24,0.24,25.24971997409391,24.165,1.0847199740939102
I-36326-06-07,36326,development,spiral,isolated,5685,1,48.0,6,7,9208.557851248539,1878.2159086857907,163.3569290009442,16.790890986256898,4.5,0.14051030130857342,adjacent-to-single-label,0.24,0.24,25.379611581275075,24.565,0.8146115812750745
I-36326-06-08,36326,development,spiral,isolated,5685,1,48.0,6,8,9208.557851248539,1878.2159086857907,163.3569290009442,16.790890986256898,4.5,0.14051030130857342,adjacent-to-single-label,0.24,0.24,25.649719974093912,24.565,1.0847199740939102
I-36326-07-01,36326,development,spiral,isolated,5685,1,48.0,7,1,9209.921273110573,1869.2907598932336,163.3568605601909,16.790933869145643,12.0,0.37469413682286246,adjacent-to-single-label,0.0,0.0,24.179611581275072,23.365,0.8146115812750745
I-36326-07-02,36326,development,spiral,isolated,5685,1,48.0,7,2,9209.921273110573,1869.2907598932336,163.3568605601909,16.790933869145643,12.0,0.37469413682286246,adjacent-to-single-label,0.0,0.0,24.44971997409391,23.365,1.0847199740939102
I-36326-07-03,36326,development,spiral,isolated,5685,1,48.0,7,3,9209.921273110573,1869.2907598932336,163.3568605601909,16.790933869145643,12.0,0.37469413682286246,adjacent-to-single-label,0.0,0.0,24.579611581275074,23.765,0.8146115812750745
I-36326-07-04,36326,development,spiral,isolated,5685,1,48.0,7,4,9209.921273110573,1869.2907598932336,163.3568605601909,16.790933869145643,12.0,0.37469413682286246,adjacent-to-single-label,0.0,0.0,24.84971997409391,23.765,1.0847199740939102
I-36326-07-05,36326,development,spiral,isolated,5685,1,48.0,7,5,9209.921273110573,1869.2907598932336,163.3568605601909,16.790933869145643,12.0,0.37469413682286246,adjacent-to-single-label,0.0,0.0,24.979611581275073,24.165,0.8146115812750745
I-36326-07-06,36326,development,spiral,isolated,5685,1,48.0,7,6,9209.921273110573,1869.2907598932336,163.3568605601909,16.790933869145643,12.0,0.37469413682286246,adjacent-to-single-label,0.0,0.0,25.24971997409391,24.165,1.0847199740939102
I-36326-07-07,36326,development,spiral,isolated,5685,1,48.0,7,7,9209.921273110573,1869.2907598932336,163.3568605601909,16.790933869145643,12.0,0.37469413682286246,adjacent-to-single-label,0.0,0.0,25.379611581275075,24.565,0.8146115812750745
I-36326-07-08,36326,development,spiral,isolated,5685,1,48.0,7,8,9209.921273110573,1869.2907598932336,163.3568605601909,16.790933869145643,12.0,0.37469413682286246,adjacent-to-single-label,0.0,0.0,25.649719974093912,24.565,1.0847199740939102
I-36326-08-01,36326,development,spiral,isolated,5685,1,48.0,8,1,9219.718502558813,1871.9159196119524,163.35691903145423,16.79100173238048,12.0,0.37469413682286246,adjacent-to-single-label,0.08,0.0,24.179611581275072,23.365,0.8146115812750745
I-36326-08-02,36326,development,spiral,isolated,5685,1,48.0,8,2,9219.718502558813,1871.9159196119524,163.35691903145423,16.79100173238048,12.0,0.37469413682286246,adjacent-to-single-label,0.08,0.0,24.44971997409391,23.365,1.0847199740939102
I-36326-08-03,36326,development,spiral,isolated,5685,1,48.0,8,3,9219.718502558813,1871.9159196119524,163.35691903145423,16.79100173238048,12.0,0.37469413682286246,adjacent-to-single-label,0.08,0.0,24.579611581275074,23.765,0.8146115812750745
I-36326-08-04,36326,development,spiral,isolated,5685,1,48.0,8,4,9219.718502558813,1871.9159196119524,163.35691903145423,16.79100173238048,12.0,0.37469413682286246,adjacent-to-single-label,0.08,0.0,24.84971997409391,23.765,1.0847199740939102
I-36326-08-05,36326,development,spiral,isolated,5685,1,48.0,8,5,9219.718502558813,1871.9159196119524,163.35691903145423,16.79100173238048,12.0,0.37469413682286246,adjacent-to-single-label,0.08,0.0,24.979611581275073,24.165,0.8146115812750745
I-36326-08-06,36326,development,spiral,isolated,5685,1,48.0,8,6,9219.718502558813,1871.9159196119524,163.35691903145423,16.79100173238048,12.0,0.37469413682286246,adjacent-to-single-label,0.08,0.0,25.24971997409391,24.165,1.0847199740939102
I-36326-08-07,36326,development,spiral,isolated,5685,1,48.0,8,7,9219.718502558813,1871.9159196119524,163.35691903145423,16.79100173238048,12.0,0.37469413682286246,adjacent-to-single-label,0.08,0.0,25.379611581275075,24.565,0.8146115812750745
I-36326-08-08,36326,development,spiral,isolated,5685,1,48.0,8,8,9219.718502558813,1871.9159196119524,163.35691903145423,16.79100173238048,12.0,0.37469413682286246,adjacent-to-single-label,0.08,0.0,25.649719974093912,24.565,1.0847199740939102
I-141792-01-01,141792,development,spiral,isolated,9108,1,104.0,1,1,6979.946418440268,3294.506624717175,163.36022399646757,16.76820696130839,7.5,0.23418383551428903,adjacent-to-single-label,0.0,0.0,25.85661158127507,25.041999999999998,0.8146115812750745
I-141792-01-02,141792,development,spiral,isolated,9108,1,104.0,1,2,6979.946418440268,3294.506624717175,163.36022399646757,16.76820696130839,7.5,0.23418383551428903,adjacent-to-single-label,0.0,0.0,26.12671997409391,25.041999999999998,1.0847199740939102
I-141792-01-03,141792,development,spiral,isolated,9108,1,104.0,1,3,6979.946418440268,3294.506624717175,163.36022399646757,16.76820696130839,7.5,0.23418383551428903,adjacent-to-single-label,0.0,0.0,26.256611581275074,25.442,0.8146115812750745
I-141792-01-04,141792,development,spiral,isolated,9108,1,104.0,1,4,6979.946418440268,3294.506624717175,163.36022399646757,16.76820696130839,7.5,0.23418383551428903,adjacent-to-single-label,0.0,0.0,26.52671997409391,25.442,1.0847199740939102
I-141792-01-05,141792,development,spiral,isolated,9108,1,104.0,1,5,6979.946418440268,3294.506624717175,163.36022399646757,16.76820696130839,7.5,0.23418383551428903,adjacent-to-single-label,0.0,0.0,26.656611581275072,25.842,0.8146115812750745
I-141792-01-06,141792,development,spiral,isolated,9108,1,104.0,1,6,6979.946418440268,3294.506624717175,163.36022399646757,16.76820696130839,7.5,0.23418383551428903,adjacent-to-single-label,0.0,0.0,26.92671997409391,25.842,1.0847199740939102
I-141792-01-07,141792,development,spiral,isolated,9108,1,104.0,1,7,6979.946418440268,3294.506624717175,163.36022399646757,16.76820696130839,7.5,0.23418383551428903,adjacent-to-single-label,0.0,0.0,27.056611581275074,26.242,0.8146115812750745
I-141792-01-08,141792,development,spiral,isolated,9108,1,104.0,1,8,6979.946418440268,3294.506624717175,163.36022399646757,16.76820696130839,7.5,0.23418383551428903,adjacent-to-single-label,0.0,0.0,27.326719974093912,26.242,1.0847199740939102
I-141792-02-01,141792,development,spiral,isolated,9108,1,104.0,2,1,6979.329335676481,3304.3364492486426,163.36030268989344,16.768166710486966,12.0,0.37469413682286246,adjacent-to-single-label,0.0,0.0,25.85661158127507,25.041999999999998,0.8146115812750745
I-141792-02-02,141792,development,spiral,isolated,9108,1,104.0,2,2,6979.329335676481,3304.3364492486426,163.36030268989344,16.768166710486966,12.0,0.37469413682286246,adjacent-to-single-label,0.0,0.0,26.12671997409391,25.041999999999998,1.0847199740939102
I-141792-02-03,141792,development,spiral,isolated,9108,1,104.0,2,3,6979.329335676481,3304.3364492486426,163.36030268989344,16.768166710486966,12.0,0.37469413682286246,adjacent-to-single-label,0.0,0.0,26.256611581275074,25.442,0.8146115812750745
I-141792-02-04,141792,development,spiral,isolated,9108,1,104.0,2,4,6979.329335676481,3304.3364492486426,163.36030268989344,16.768166710486966,12.0,0.37469413682286246,adjacent-to-single-label,0.0,0.0,26.52671997409391,25.442,1.0847199740939102
I-141792-02-05,141792,development,spiral,isolated,9108,1,104.0,2,5,6979.329335676481,3304.3364492486426,163.36030268989344,16.768166710486966,12.0,0.37469413682286246,adjacent-to-single-label,0.0,0.0,26.656611581275072,25.842,0.8146115812750745
I-141792-02-06,141792,development,spiral,isolated,9108,1,104.0,2,6,6979.329335676481,3304.3364492486426,163.36030268989344,16.768166710486966,12.0,0.37469413682286246,adjacent-to-single-label,0.0,0.0,26.92671997409391,25.842,1.0847199740939102
I-141792-02-07,141792,development,spiral,isolated,9108,1,104.0,2,7,6979.329335676481,3304.3364492486426,163.36030268989344,16.768166710486966,12.0,0.37469413682286246,adjacent-to-single-label,0.0,0.0,27.056611581275074,26.242,0.8146115812750745
I-141792-02-08,141792,development,spiral,isolated,9108,1,104.0,2,8,6979.329335676481,3304.3364492486426,163.36030268989344,16.768166710486966,12.0,0.37469413682286246,adjacent-to-single-label,0.0,0.0,27.326719974093912,26.242,1.0847199740939102
I-141792-03-01,141792,development,spiral,isolated,9108,1,104.0,3,1,6969.340589899038,3306.0977346326436,163.36027965566205,16.76808154838747,12.0,0.37469413682286246,adjacent-to-single-label,0.0,0.0,25.85661158127507,25.041999999999998,0.8146115812750745
I-141792-03-02,141792,development,spiral,isolated,9108,1,104.0,3,2,6969.340589899038,3306.0977346326436,163.36027965566205,16.76808154838747,12.0,0.37469413682286246,adjacent-to-single-label,0.0,0.0,26.12671997409391,25.041999999999998,1.0847199740939102
I-141792-03-03,141792,development,spiral,isolated,9108,1,104.0,3,3,6969.340589899038,3306.0977346326436,163.36027965566205,16.76808154838747,12.0,0.37469413682286246,adjacent-to-single-label,0.0,0.0,26.256611581275074,25.442,0.8146115812750745
I-141792-03-04,141792,development,spiral,isolated,9108,1,104.0,3,4,6969.340589899038,3306.0977346326436,163.36027965566205,16.76808154838747,12.0,0.37469413682286246,adjacent-to-single-label,0.0,0.0,26.52671997409391,25.442,1.0847199740939102
I-141792-03-05,141792,development,spiral,isolated,9108,1,104.0,3,5,6969.340589899038,3306.0977346326436,163.36027965566205,16.76808154838747,12.0,0.37469413682286246,adjacent-to-single-label,0.0,0.0,26.656611581275072,25.842,0.8146115812750745
I-141792-03-06,141792,development,spiral,isolated,9108,1,104.0,3,6,6969.340589899038,3306.0977346326436,163.36027965566205,16.76808154838747,12.0,0.37469413682286246,adjacent-to-single-label,0.0,0.0,26.92671997409391,25.842,1.0847199740939102
I-141792-03-07,141792,development,spiral,isolated,9108,1,104.0,3,7,6969.340589899038,3306.0977346326436,163.36027965566205,16.76808154838747,12.0,0.37469413682286246,adjacent-to-single-label,0.0,0.0,27.056611581275074,26.242,0.8146115812750745
I-141792-03-08,141792,development,spiral,isolated,9108,1,104.0,3,8,6969.340589899038,3306.0977346326436,163.36027965566205,16.76808154838747,12.0,0.37469413682286246,adjacent-to-single-label,0.0,0.0,27.326719974093912,26.242,1.0847199740939102
I-141792-04-01,141792,development,spiral,isolated,9108,1,104.0,4,1,6967.9410821966785,3297.6612951171055,163.3602048651257,16.768100870679618,5.5,0.1717348127104786,adjacent-to-single-label,0.2,0.2,25.85661158127507,25.041999999999998,0.8146115812750745
I-141792-04-02,141792,development,spiral,isolated,9108,1,104.0,4,2,6967.9410821966785,3297.6612951171055,163.3602048651257,16.768100870679618,5.5,0.1717348127104786,adjacent-to-single-label,0.2,0.2,26.12671997409391,25.041999999999998,1.0847199740939102
I-141792-04-03,141792,development,spiral,isolated,9108,1,104.0,4,3,6967.9410821966785,3297.6612951171055,163.3602048651257,16.768100870679618,5.5,0.1717348127104786,adjacent-to-single-label,0.2,0.2,26.256611581275074,25.442,0.8146115812750745
I-141792-04-04,141792,development,spiral,isolated,9108,1,104.0,4,4,6967.9410821966785,3297.6612951171055,163.3602048651257,16.768100870679618,5.5,0.1717348127104786,adjacent-to-single-label,0.2,0.2,26.52671997409391,25.442,1.0847199740939102
I-141792-04-05,141792,development,spiral,isolated,9108,1,104.0,4,5,6967.9410821966785,3297.6612951171055,163.3602048651257,16.768100870679618,5.5,0.1717348127104786,adjacent-to-single-label,0.2,0.2,26.656611581275072,25.842,0.8146115812750745
I-141792-04-06,141792,development,spiral,isolated,9108,1,104.0,4,6,6967.9410821966785,3297.6612951171055,163.3602048651257,16.768100870679618,5.5,0.1717348127104786,adjacent-to-single-label,0.2,0.2,26.92671997409391,25.842,1.0847199740939102
I-141792-04-07,141792,development,spiral,isolated,9108,1,104.0,4,7,6967.9410821966785,3297.6612951171055,163.3602048651257,16.768100870679618,5.5,0.1717348127104786,adjacent-to-single-label,0.2,0.2,27.056611581275074,26.242,0.8146115812750745
I-141792-04-08,141792,development,spiral,isolated,9108,1,104.0,4,8,6967.9410821966785,3297.6612951171055,163.3602048651257,16.768100870679618,5.5,0.1717348127104786,adjacent-to-single-label,0.2,0.2,27.326719974093912,26.242,1.0847199740939102
I-141792-05-01,141792,development,spiral,isolated,9108,1,104.0,5,1,6960.628725404121,3292.4228465851716,163.36013420332335,16.76806202304303,12.0,0.37469413682286246,adjacent-to-single-label,0.16,0.16,25.85661158127507,25.041999999999998,0.8146115812750745
I-141792-05-02,141792,development,spiral,isolated,9108,1,104.0,5,2,6960.628725404121,3292.4228465851716,163.36013420332335,16.76806202304303,12.0,0.37469413682286246,adjacent-to-single-label,0.16,0.16,26.12671997409391,25.041999999999998,1.0847199740939102
I-141792-05-03,141792,development,spiral,isolated,9108,1,104.0,5,3,6960.628725404121,3292.4228465851716,163.36013420332335,16.76806202304303,12.0,0.37469413682286246,adjacent-to-single-label,0.16,0.16,26.256611581275074,25.442,0.8146115812750745
I-141792-05-04,141792,development,spiral,isolated,9108,1,104.0,5,4,6960.628725404121,3292.4228465851716,163.36013420332335,16.76806202304303,12.0,0.37469413682286246,adjacent-to-single-label,0.16,0.16,26.52671997409391,25.442,1.0847199740939102
I-141792-05-05,141792,development,spiral,isolated,9108,1,104.0,5,5,6960.628725404121,3292.4228465851716,163.36013420332335,16.76806202304303,12.0,0.37469413682286246,adjacent-to-single-label,0.16,0.16,26.656611581275072,25.842,0.8146115812750745
I-141792-05-06,141792,development,spiral,isolated,9108,1,104.0,5,6,6960.628725404121,3292.4228465851716,163.36013420332335,16.76806202304303,12.0,0.37469413682286246,adjacent-to-single-label,0.16,0.16,26.92671997409391,25.842,1.0847199740939102
I-141792-05-07,141792,development,spiral,isolated,9108,1,104.0,5,7,6960.628725404121,3292.4228465851716,163.36013420332335,16.76806202304303,12.0,0.37469413682286246,adjacent-to-single-label,0.16,0.16,27.056611581275074,26.242,0.8146115812750745
I-141792-05-08,141792,development,spiral,isolated,9108,1,104.0,5,8,6960.628725404121,3292.4228465851716,163.36013420332335,16.76806202304303,12.0,0.37469413682286246,adjacent-to-single-label,0.16,0.16,27.326719974093912,26.242,1.0847199740939102
I-141792-06-01,141792,development,spiral,isolated,9108,1,104.0,6,1,6971.400549527296,3282.552288340074,163.36009334810447,16.768182552901095,12.0,0.37469413682286246,adjacent-to-single-label,0.0,0.0,25.85661158127507,25.041999999999998,0.8146115812750745
I-141792-06-02,141792,development,spiral,isolated,9108,1,104.0,6,2,6971.400549527296,3282.552288340074,163.36009334810447,16.768182552901095,12.0,0.37469413682286246,adjacent-to-single-label,0.0,0.0,26.12671997409391,25.041999999999998,1.0847199740939102
I-141792-06-03,141792,development,spiral,isolated,9108,1,104.0,6,3,6971.400549527296,3282.552288340074,163.36009334810447,16.768182552901095,12.0,0.37469413682286246,adjacent-to-single-label,0.0,0.0,26.256611581275074,25.442,0.8146115812750745
I-141792-06-04,141792,development,spiral,isolated,9108,1,104.0,6,4,6971.400549527296,3282.552288340074,163.36009334810447,16.768182552901095,12.0,0.37469413682286246,adjacent-to-single-label,0.0,0.0,26.52671997409391,25.442,1.0847199740939102
I-141792-06-05,141792,development,spiral,isolated,9108,1,104.0,6,5,6971.400549527296,3282.552288340074,163.36009334810447,16.768182552901095,12.0,0.37469413682286246,adjacent-to-single-label,0.0,0.0,26.656611581275072,25.842,0.8146115812750745
I-141792-06-06,141792,development,spiral,isolated,9108,1,104.0,6,6,6971.400549527296,3282.552288340074,163.36009334810447,16.768182552901095,12.0,0.37469413682286246,adjacent-to-single-label,0.0,0.0,26.92671997409391,25.842,1.0847199740939102
I-141792-06-07,141792,development,spiral,isolated,9108,1,104.0,6,7,6971.400549527296,3282.552288340074,163.36009334810447,16.768182552901095,12.0,0.37469413682286246,adjacent-to-single-label,0.0,0.0,27.056611581275074,26.242,0.8146115812750745
I-141792-06-08,141792,development,spiral,isolated,9108,1,104.0,6,8,6971.400549527296,3282.552288340074,163.36009334810447,16.768182552901095,12.0,0.37469413682286246,adjacent-to-single-label,0.0,0.0,27.326719974093912,26.242,1.0847199740939102
I-141792-07-01,141792,development,spiral,isolated,9108,1,104.0,7,1,6972.795041411258,3290.521845924808,163.36016427198854,16.768164871555314,4.0,0.12489804560762081,adjacent-to-single-label,0.24,0.24,25.85661158127507,25.041999999999998,0.8146115812750745
I-141792-07-02,141792,development,spiral,isolated,9108,1,104.0,7,2,6972.795041411258,3290.521845924808,163.36016427198854,16.768164871555314,4.0,0.12489804560762081,adjacent-to-single-label,0.24,0.24,26.12671997409391,25.041999999999998,1.0847199740939102
I-141792-07-03,141792,development,spiral,isolated,9108,1,104.0,7,3,6972.795041411258,3290.521845924808,163.36016427198854,16.768164871555314,4.0,0.12489804560762081,adjacent-to-single-label,0.24,0.24,26.256611581275074,25.442,0.8146115812750745
I-141792-07-04,141792,development,spiral,isolated,9108,1,104.0,7,4,6972.795041411258,3290.521845924808,163.36016427198854,16.768164871555314,4.0,0.12489804560762081,adjacent-to-single-label,0.24,0.24,26.52671997409391,25.442,1.0847199740939102
I-141792-07-05,141792,development,spiral,isolated,9108,1,104.0,7,5,6972.795041411258,3290.521845924808,163.36016427198854,16.768164871555314,4.0,0.12489804560762081,adjacent-to-single-label,0.24,0.24,26.656611581275072,25.842,0.8146115812750745
I-141792-07-06,141792,development,spiral,isolated,9108,1,104.0,7,6,6972.795041411258,3290.521845924808,163.36016427198854,16.768164871555314,4.0,0.12489804560762081,adjacent-to-single-label,0.24,0.24,26.92671997409391,25.842,1.0847199740939102
I-141792-07-07,141792,development,spiral,isolated,9108,1,104.0,7,7,6972.795041411258,3290.521845924808,163.36016427198854,16.768164871555314,4.0,0.12489804560762081,adjacent-to-single-label,0.24,0.24,27.056611581275074,26.242,0.8146115812750745
I-141792-07-08,141792,development,spiral,isolated,9108,1,104.0,7,8,6972.795041411258,3290.521845924808,163.36016427198854,16.768164871555314,4.0,0.12489804560762081,adjacent-to-single-label,0.24,0.24,27.326719974093912,26.242,1.0847199740939102
I-141792-08-01,141792,development,spiral,isolated,9108,1,104.0,8,1,6980.159869756506,3285.314091399747,163.36014903794958,16.768241733133884,12.0,0.37469413682286246,adjacent-to-single-label,0.08,0.0,25.85661158127507,25.041999999999998,0.8146115812750745
I-141792-08-02,141792,development,spiral,isolated,9108,1,104.0,8,2,6980.159869756506,3285.314091399747,163.36014903794958,16.768241733133884,12.0,0.37469413682286246,adjacent-to-single-label,0.08,0.0,26.12671997409391,25.041999999999998,1.0847199740939102
I-141792-08-03,141792,development,spiral,isolated,9108,1,104.0,8,3,6980.159869756506,3285.314091399747,163.36014903794958,16.768241733133884,12.0,0.37469413682286246,adjacent-to-single-label,0.08,0.0,26.256611581275074,25.442,0.8146115812750745
I-141792-08-04,141792,development,spiral,isolated,9108,1,104.0,8,4,6980.159869756506,3285.314091399747,163.36014903794958,16.768241733133884,12.0,0.37469413682286246,adjacent-to-single-label,0.08,0.0,26.52671997409391,25.442,1.0847199740939102
I-141792-08-05,141792,development,spiral,isolated,9108,1,104.0,8,5,6980.159869756506,3285.314091399747,163.36014903794958,16.768241733133884,12.0,0.37469413682286246,adjacent-to-single-label,0.08,0.0,26.656611581275072,25.842,0.8146115812750745
I-141792-08-06,141792,development,spiral,isolated,9108,1,104.0,8,6,6980.159869756506,3285.314091399747,163.36014903794958,16.768241733133884,12.0,0.37469413682286246,adjacent-to-single-label,0.08,0.0,26.92671997409391,25.842,1.0847199740939102
I-141792-08-07,141792,development,spiral,isolated,9108,1,104.0,8,7,6980.159869756506,3285.314091399747,163.36014903794958,16.768241733133884,12.0,0.37469413682286246,adjacent-to-single-label,0.08,0.0,27.056611581275074,26.242,0.8146115812750745
I-141792-08-08,141792,development,spiral,isolated,9108,1,104.0,8,8,6980.159869756506,3285.314091399747,163.36014903794958,16.768241733133884,12.0,0.37469413682286246,adjacent-to-single-label,0.08,0.0,27.326719974093912,26.242,1.0847199740939102
I-4945-01-01,4945,validation,spiral,isolated,4181,1,98.0,1,1,9740.231825249904,908.425652672699,163.35093399900768,16.798576962541375,7.5,0.23418383551428903,adjacent-to-single-label,0.0,0.0,24.21661158127507,23.401999999999997,0.8146115812750745
I-4945-01-02,4945,validation,spiral,isolated,4181,1,98.0,1,2,9740.231825249904,908.425652672699,163.35093399900768,16.798576962541375,7.5,0.23418383551428903,adjacent-to-single-label,0.0,0.0,24.48671997409391,23.401999999999997,1.0847199740939102
I-4945-01-03,4945,validation,spiral,isolated,4181,1,98.0,1,3,9740.231825249904,908.425652672699,163.35093399900768,16.798576962541375,7.5,0.23418383551428903,adjacent-to-single-label,0.0,0.0,24.616611581275073,23.802,0.8146115812750745
I-4945-01-04,4945,validation,spiral,isolated,4181,1,98.0,1,4,9740.231825249904,908.425652672699,163.35093399900768,16.798576962541375,7.5,0.23418383551428903,adjacent-to-single-label,0.0,0.0,24.88671997409391,23.802,1.0847199740939102
I-4945-01-05,4945,validation,spiral,isolated,4181,1,98.0,1,5,9740.231825249904,908.425652672699,163.35093399900768,16.798576962541375,7.5,0.23418383551428903,adjacent-to-single-label,0.0,0.0,25.016611581275072,24.201999999999998,0.8146115812750745
I-4945-01-06,4945,validation,spiral,isolated,4181,1,98.0,1,6,9740.231825249904,908.425652672699,163.35093399900768,16.798576962541375,7.5,0.23418383551428903,adjacent-to-single-label,0.0,0.0,25.28671997409391,24.201999999999998,1.0847199740939102
I-4945-01-07,4945,validation,spiral,isolated,4181,1,98.0,1,7,9740.231825249904,908.425652672699,163.35093399900768,16.798576962541375,7.5,0.23418383551428903,adjacent-to-single-label,0.0,0.0,25.416611581275074,24.602,0.8146115812750745
I-4945-01-08,4945,validation,spiral,isolated,4181,1,98.0,1,8,9740.231825249904,908.425652672699,163.35093399900768,16.798576962541375,7.5,0.23418383551428903,adjacent-to-single-label,0.0,0.0,25.68671997409391,24.602,1.0847199740939102
I-4945-02-01,4945,validation,spiral,isolated,4181,1,98.0,2,1,9738.731825249904,918.8179575181123,163.35101402424525,16.79852772351693,12.0,0.37469413682286246,adjacent-to-single-label,0.2,0.0,24.21661158127507,23.401999999999997,0.8146115812750745
I-4945-02-02,4945,validation,spiral,isolated,4181,1,98.0,2,2,9738.731825249904,918.8179575181123,163.35101402424525,16.79852772351693,12.0,0.37469413682286246,adjacent-to-single-label,0.2,0.0,24.48671997409391,23.401999999999997,1.0847199740939102
I-4945-02-03,4945,validation,spiral,isolated,4181,1,98.0,2,3,9738.731825249904,918.8179575181123,163.35101402424525,16.79852772351693,12.0,0.37469413682286246,adjacent-to-single-label,0.2,0.0,24.616611581275073,23.802,0.8146115812750745
I-4945-02-04,4945,validation,spiral,isolated,4181,1,98.0,2,4,9738.731825249904,918.8179575181123,163.35101402424525,16.79852772351693,12.0,0.37469413682286246,adjacent-to-single-label,0.2,0.0,24.88671997409391,23.802,1.0847199740939102
I-4945-02-05,4945,validation,spiral,isolated,4181,1,98.0,2,5,9738.731825249904,918.8179575181123,163.35101402424525,16.79852772351693,12.0,0.37469413682286246,adjacent-to-single-label,0.2,0.0,25.016611581275072,24.201999999999998,0.8146115812750745
I-4945-02-06,4945,validation,spiral,isolated,4181,1,98.0,2,6,9738.731825249904,918.8179575181123,163.35101402424525,16.79852772351693,12.0,0.37469413682286246,adjacent-to-single-label,0.2,0.0,25.28671997409391,24.201999999999998,1.0847199740939102
I-4945-02-07,4945,validation,spiral,isolated,4181,1,98.0,2,7,9738.731825249904,918.8179575181123,163.35101402424525,16.79852772351693,12.0,0.37469413682286246,adjacent-to-single-label,0.2,0.0,25.416611581275074,24.602,0.8146115812750745
I-4945-02-08,4945,validation,spiral,isolated,4181,1,98.0,2,8,9738.731825249904,918.8179575181123,163.35101402424525,16.79852772351693,12.0,0.37469413682286246,adjacent-to-single-label,0.2,0.0,25.68671997409391,24.602,1.0847199740939102
I-4945-03-01,4945,validation,spiral,isolated,4181,1,98.0,3,1,9730.648047117902,920.2433457088455,163.35099538329155,16.798458801999377,12.0,0.37469413682286246,adjacent-to-single-label,0.0,0.0,24.21661158127507,23.401999999999997,0.8146115812750745
I-4945-03-02,4945,validation,spiral,isolated,4181,1,98.0,3,2,9730.648047117902,920.2433457088455,163.35099538329155,16.798458801999377,12.0,0.37469413682286246,adjacent-to-single-label,0.0,0.0,24.48671997409391,23.401999999999997,1.0847199740939102
I-4945-03-03,4945,validation,spiral,isolated,4181,1,98.0,3,3,9730.648047117902,920.2433457088455,163.35099538329155,16.798458801999377,12.0,0.37469413682286246,adjacent-to-single-label,0.0,0.0,24.616611581275073,23.802,0.8146115812750745
I-4945-03-04,4945,validation,spiral,isolated,4181,1,98.0,3,4,9730.648047117902,920.2433457088455,163.35099538329155,16.798458801999377,12.0,0.37469413682286246,adjacent-to-single-label,0.0,0.0,24.88671997409391,23.802,1.0847199740939102
I-4945-03-05,4945,validation,spiral,isolated,4181,1,98.0,3,5,9730.648047117902,920.2433457088455,163.35099538329155,16.798458801999377,12.0,0.37469413682286246,adjacent-to-single-label,0.0,0.0,25.016611581275072,24.201999999999998,0.8146115812750745
I-4945-03-06,4945,validation,spiral,isolated,4181,1,98.0,3,6,9730.648047117902,920.2433457088455,163.35099538329155,16.798458801999377,12.0,0.37469413682286246,adjacent-to-single-label,0.0,0.0,25.28671997409391,24.201999999999998,1.0847199740939102
I-4945-03-07,4945,validation,spiral,isolated,4181,1,98.0,3,7,9730.648047117902,920.2433457088455,163.35099538329155,16.798458801999377,12.0,0.37469413682286246,adjacent-to-single-label,0.0,0.0,25.416611581275074,24.602,0.8146115812750745
I-4945-03-08,4945,validation,spiral,isolated,4181,1,98.0,3,8,9730.648047117902,920.2433457088455,163.35099538329155,16.798458801999377,12.0,0.37469413682286246,adjacent-to-single-label,0.0,0.0,25.68671997409391,24.602,1.0847199740939102
I-4945-04-01,4945,validation,spiral,isolated,4181,1,98.0,4,1,9728.90160303431,911.6395907211318,163.35091789638835,16.798475985330573,5.0,0.15612255700952601,adjacent-to-single-label,0.16,0.16,24.21661158127507,23.401999999999997,0.8146115812750745
I-4945-04-02,4945,validation,spiral,isolated,4181,1,98.0,4,2,9728.90160303431,911.6395907211318,163.35091789638835,16.798475985330573,5.0,0.15612255700952601,adjacent-to-single-label,0.16,0.16,24.48671997409391,23.401999999999997,1.0847199740939102
I-4945-04-03,4945,validation,spiral,isolated,4181,1,98.0,4,3,9728.90160303431,911.6395907211318,163.35091789638835,16.798475985330573,5.0,0.15612255700952601,adjacent-to-single-label,0.16,0.16,24.616611581275073,23.802,0.8146115812750745
I-4945-04-04,4945,validation,spiral,isolated,4181,1,98.0,4,4,9728.90160303431,911.6395907211318,163.35091789638835,16.798475985330573,5.0,0.15612255700952601,adjacent-to-single-label,0.16,0.16,24.88671997409391,23.802,1.0847199740939102
I-4945-04-05,4945,validation,spiral,isolated,4181,1,98.0,4,5,9728.90160303431,911.6395907211318,163.35091789638835,16.798475985330573,5.0,0.15612255700952601,adjacent-to-single-label,0.16,0.16,25.016611581275072,24.201999999999998,0.8146115812750745
I-4945-04-06,4945,validation,spiral,isolated,4181,1,98.0,4,6,9728.90160303431,911.6395907211318,163.35091789638835,16.798475985330573,5.0,0.15612255700952601,adjacent-to-single-label,0.16,0.16,25.28671997409391,24.201999999999998,1.0847199740939102
I-4945-04-07,4945,validation,spiral,isolated,4181,1,98.0,4,7,9728.90160303431,911.6395907211318,163.35091789638835,16.798475985330573,5.0,0.15612255700952601,adjacent-to-single-label,0.16,0.16,25.416611581275074,24.602,0.8146115812750745
I-4945-04-08,4945,validation,spiral,isolated,4181,1,98.0,4,8,9728.90160303431,911.6395907211318,163.35091789638835,16.798475985330573,5.0,0.15612255700952601,adjacent-to-single-label,0.16,0.16,25.68671997409391,24.602,1.0847199740939102
I-4945-05-01,4945,validation,spiral,isolated,4181,1,98.0,5,1,9720.731825249904,908.425652672699,163.3508606899341,16.7984230821478,12.0,0.37469413682286246,adjacent-to-single-label,0.0,0.0,24.21661158127507,23.401999999999997,0.8146115812750745
I-4945-05-02,4945,validation,spiral,isolated,4181,1,98.0,5,2,9720.731825249904,908.425652672699,163.3508606899341,16.7984230821478,12.0,0.37469413682286246,adjacent-to-single-label,0.0,0.0,24.48671997409391,23.401999999999997,1.0847199740939102
I-4945-05-03,4945,validation,spiral,isolated,4181,1,98.0,5,3,9720.731825249904,908.425652672699,163.3508606899341,16.7984230821478,12.0,0.37469413682286246,adjacent-to-single-label,0.0,0.0,24.616611581275073,23.802,0.8146115812750745
I-4945-05-04,4945,validation,spiral,isolated,4181,1,98.0,5,4,9720.731825249904,908.425652672699,163.3508606899341,16.7984230821478,12.0,0.37469413682286246,adjacent-to-single-label,0.0,0.0,24.88671997409391,23.802,1.0847199740939102
I-4945-05-05,4945,validation,spiral,isolated,4181,1,98.0,5,5,9720.731825249904,908.425652672699,163.3508606899341,16.7984230821478,12.0,0.37469413682286246,adjacent-to-single-label,0.0,0.0,25.016611581275072,24.201999999999998,0.8146115812750745
I-4945-05-06,4945,validation,spiral,isolated,4181,1,98.0,5,6,9720.731825249904,908.425652672699,163.3508606899341,16.7984230821478,12.0,0.37469413682286246,adjacent-to-single-label,0.0,0.0,25.28671997409391,24.201999999999998,1.0847199740939102
I-4945-05-07,4945,validation,spiral,isolated,4181,1,98.0,5,7,9720.731825249904,908.425652672699,163.3508606899341,16.7984230821478,12.0,0.37469413682286246,adjacent-to-single-label,0.0,0.0,25.416611581275074,24.602,0.8146115812750745
I-4945-05-08,4945,validation,spiral,isolated,4181,1,98.0,5,8,9720.731825249904,908.425652672699,163.3508606899341,16.7984230821478,12.0,0.37469413682286246,adjacent-to-single-label,0.0,0.0,25.68671997409391,24.602,1.0847199740939102
I-4945-06-01,4945,validation,spiral,isolated,4181,1,98.0,6,1,9723.539291932477,900.7122013564606,163.35080766198976,16.79847299751234,12.0,0.37469413682286246,adjacent-to-single-label,0.16,0.16,24.21661158127507,23.401999999999997,0.8146115812750745
I-4945-06-02,4945,validation,spiral,isolated,4181,1,98.0,6,2,9723.539291932477,900.7122013564606,163.35080766198976,16.79847299751234,12.0,0.37469413682286246,adjacent-to-single-label,0.16,0.16,24.48671997409391,23.401999999999997,1.0847199740939102
I-4945-06-03,4945,validation,spiral,isolated,4181,1,98.0,6,3,9723.539291932477,900.7122013564606,163.35080766198976,16.79847299751234,12.0,0.37469413682286246,adjacent-to-single-label,0.16,0.16,24.616611581275073,23.802,0.8146115812750745
I-4945-06-04,4945,validation,spiral,isolated,4181,1,98.0,6,4,9723.539291932477,900.7122013564606,163.35080766198976,16.79847299751234,12.0,0.37469413682286246,adjacent-to-single-label,0.16,0.16,24.88671997409391,23.802,1.0847199740939102
I-4945-06-05,4945,validation,spiral,isolated,4181,1,98.0,6,5,9723.539291932477,900.7122013564606,163.35080766198976,16.79847299751234,12.0,0.37469413682286246,adjacent-to-single-label,0.16,0.16,25.016611581275072,24.201999999999998,0.8146115812750745
I-4945-06-06,4945,validation,spiral,isolated,4181,1,98.0,6,6,9723.539291932477,900.7122013564606,163.35080766198976,16.79847299751234,12.0,0.37469413682286246,adjacent-to-single-label,0.16,0.16,25.28671997409391,24.201999999999998,1.0847199740939102
I-4945-06-07,4945,validation,spiral,isolated,4181,1,98.0,6,7,9723.539291932477,900.7122013564606,163.35080766198976,16.79847299751234,12.0,0.37469413682286246,adjacent-to-single-label,0.16,0.16,25.416611581275074,24.602,0.8146115812750745
I-4945-06-08,4945,validation,spiral,isolated,4181,1,98.0,6,8,9723.539291932477,900.7122013564606,163.35080766198976,16.79847299751234,12.0,0.37469413682286246,adjacent-to-single-label,0.16,0.16,25.68671997409391,24.602,1.0847199740939102
I-4945-07-01,4945,validation,spiral,isolated,4181,1,98.0,7,1,9731.685956336933,896.4713162955981,163.35080333097335,16.79855254830241,12.0,0.37469413682286246,adjacent-to-single-label,0.2,0.2,24.21661158127507,23.401999999999997,0.8146115812750745
I-4945-07-02,4945,validation,spiral,isolated,4181,1,98.0,7,2,9731.685956336933,896.4713162955981,163.35080333097335,16.79855254830241,12.0,0.37469413682286246,adjacent-to-single-label,0.2,0.2,24.48671997409391,23.401999999999997,1.0847199740939102
I-4945-07-03,4945,validation,spiral,isolated,4181,1,98.0,7,3,9731.685956336933,896.4713162955981,163.35080333097335,16.79855254830241,12.0,0.37469413682286246,adjacent-to-single-label,0.2,0.2,24.616611581275073,23.802,0.8146115812750745
I-4945-07-04,4945,validation,spiral,isolated,4181,1,98.0,7,4,9731.685956336933,896.4713162955981,163.35080333097335,16.79855254830241,12.0,0.37469413682286246,adjacent-to-single-label,0.2,0.2,24.88671997409391,23.802,1.0847199740939102
I-4945-07-05,4945,validation,spiral,isolated,4181,1,98.0,7,5,9731.685956336933,896.4713162955981,163.35080333097335,16.79855254830241,12.0,0.37469413682286246,adjacent-to-single-label,0.2,0.2,25.016611581275072,24.201999999999998,0.8146115812750745
I-4945-07-06,4945,validation,spiral,isolated,4181,1,98.0,7,6,9731.685956336933,896.4713162955981,163.35080333097335,16.79855254830241,12.0,0.37469413682286246,adjacent-to-single-label,0.2,0.2,25.28671997409391,24.201999999999998,1.0847199740939102
I-4945-07-07,4945,validation,spiral,isolated,4181,1,98.0,7,7,9731.685956336933,896.4713162955981,163.35080333097335,16.79855254830241,12.0,0.37469413682286246,adjacent-to-single-label,0.2,0.2,25.416611581275074,24.602,0.8146115812750745
I-4945-07-08,4945,validation,spiral,isolated,4181,1,98.0,7,8,9731.685956336933,896.4713162955981,163.35080333097335,16.79855254830241,12.0,0.37469413682286246,adjacent-to-single-label,0.2,0.2,25.68671997409391,24.602,1.0847199740939102
I-4945-08-01,4945,validation,spiral,isolated,4181,1,98.0,8,1,9740.445276566143,899.2331193552712,163.35085902682178,16.798611730997926,12.0,0.37469413682286246,adjacent-to-single-label,0.0,0.0,24.21661158127507,23.401999999999997,0.8146115812750745
I-4945-08-02,4945,validation,spiral,isolated,4181,1,98.0,8,2,9740.445276566143,899.2331193552712,163.35085902682178,16.798611730997926,12.0,0.37469413682286246,adjacent-to-single-label,0.0,0.0,24.48671997409391,23.401999999999997,1.0847199740939102
I-4945-08-03,4945,validation,spiral,isolated,4181,1,98.0,8,3,9740.445276566143,899.2331193552712,163.35085902682178,16.798611730997926,12.0,0.37469413682286246,adjacent-to-single-label,0.0,0.0,24.616611581275073,23.802,0.8146115812750745
I-4945-08-04,4945,validation,spiral,isolated,4181,1,98.0,8,4,9740.445276566143,899.2331193552712,163.35085902682178,16.798611730997926,12.0,0.37469413682286246,adjacent-to-single-label,0.0,0.0,24.88671997409391,23.802,1.0847199740939102
I-4945-08-05,4945,validation,spiral,isolated,4181,1,98.0,8,5,9740.445276566143,899.2331193552712,163.35085902682178,16.798611730997926,12.0,0.37469413682286246,adjacent-to-single-label,0.0,0.0,25.016611581275072,24.201999999999998,0.8146115812750745
I-4945-08-06,4945,validation,spiral,isolated,4181,1,98.0,8,6,9740.445276566143,899.2331193552712,163.35085902682178,16.798611730997926,12.0,0.37469413682286246,adjacent-to-single-label,0.0,0.0,25.28671997409391,24.201999999999998,1.0847199740939102
I-4945-08-07,4945,validation,spiral,isolated,4181,1,98.0,8,7,9740.445276566143,899.2331193552712,163.35085902682178,16.798611730997926,12.0,0.37469413682286246,adjacent-to-single-label,0.0,0.0,25.416611581275074,24.602,0.8146115812750745
I-4945-08-08,4945,validation,spiral,isolated,4181,1,98.0,8,8,9740.445276566143,899.2331193552712,163.35085902682178,16.798611730997926,12.0,0.37469413682286246,adjacent-to-single-label,0.0,0.0,25.68671997409391,24.602,1.0847199740939102
I-7553-01-01,7553,validation,spiral,isolated,4252,1,462.0,1,1,9535.52570147208,937.4895679905144,163.3504039985354,16.796856962616303,7.5,0.23418383551428903,adjacent-to-single-label,0.0,0.0,25.791611581275074,24.977,0.8146115812750745
I-7553-01-02,7553,validation,spiral,isolated,4252,1,462.0,1,2,9535.52570147208,937.4895679905144,163.3504039985354,16.796856962616303,7.5,0.23418383551428903,adjacent-to-single-label,0.0,0.0,26.06171997409391,24.977,1.0847199740939102
I-7553-01-03,7553,validation,spiral,isolated,4252,1,462.0,1,3,9535.52570147208,937.4895679905144,163.3504039985354,16.796856962616303,7.5,0.23418383551428903,adjacent-to-single-label,0.0,0.0,26.191611581275076,25.377000000000002,0.8146115812750745
I-7553-01-04,7553,validation,spiral,isolated,4252,1,462.0,1,4,9535.52570147208,937.4895679905144,163.3504039985354,16.796856962616303,7.5,0.23418383551428903,adjacent-to-single-label,0.0,0.0,26.461719974093914,25.377000000000002,1.0847199740939102
I-7553-01-05,7553,validation,spiral,isolated,4252,1,462.0,1,5,9535.52570147208,937.4895679905144,163.3504039985354,16.796856962616303,7.5,0.23418383551428903,adjacent-to-single-label,0.0,0.0,26.591611581275075,25.777,0.8146115812750745
I-7553-01-06,7553,validation,spiral,isolated,4252,1,462.0,1,6,9535.52570147208,937.4895679905144,163.3504039985354,16.796856962616303,7.5,0.23418383551428903,adjacent-to-single-label,0.0,0.0,26.861719974093912,25.777,1.0847199740939102
I-7553-01-07,7553,validation,spiral,isolated,4252,1,462.0,1,7,9535.52570147208,937.4895679905144,163.3504039985354,16.796856962616303,7.5,0.23418383551428903,adjacent-to-single-label,0.0,0.0,26.991611581275077,26.177000000000003,0.8146115812750745
I-7553-01-08,7553,validation,spiral,isolated,4252,1,462.0,1,8,9535.52570147208,937.4895679905144,163.3504039985354,16.796856962616303,7.5,0.23418383551428903,adjacent-to-single-label,0.0,0.0,27.261719974093914,26.177000000000003,1.0847199740939102
I-7553-02-01,7553,validation,spiral,isolated,4252,1,462.0,2,1,9537.855526003546,944.3724852267269,163.35046949312047,16.796850576401972,12.0,0.37469413682286246,adjacent-to-single-label,0.0,0.0,25.791611581275074,24.977,0.8146115812750745
I-7553-02-02,7553,validation,spiral,isolated,4252,1,462.0,2,2,9537.855526003546,944.3724852267269,163.35046949312047,16.796850576401972,12.0,0.37469413682286246,adjacent-to-single-label,0.0,0.0,26.06171997409391,24.977,1.0847199740939102
I-7553-02-03,7553,validation,spiral,isolated,4252,1,462.0,2,3,9537.855526003546,944.3724852267269,163.35046949312047,16.796850576401972,12.0,0.37469413682286246,adjacent-to-single-label,0.0,0.0,26.191611581275076,25.377000000000002,0.8146115812750745
I-7553-02-04,7553,validation,spiral,isolated,4252,1,462.0,2,4,9537.855526003546,944.3724852267269,163.35046949312047,16.796850576401972,12.0,0.37469413682286246,adjacent-to-single-label,0.0,0.0,26.461719974093914,25.377000000000002,1.0847199740939102
I-7553-02-05,7553,validation,spiral,isolated,4252,1,462.0,2,5,9537.855526003546,944.3724852267269,163.35046949312047,16.796850576401972,12.0,0.37469413682286246,adjacent-to-single-label,0.0,0.0,26.591611581275075,25.777,0.8146115812750745
I-7553-02-06,7553,validation,spiral,isolated,4252,1,462.0,2,6,9537.855526003546,944.3724852267269,163.35046949312047,16.796850576401972,12.0,0.37469413682286246,adjacent-to-single-label,0.0,0.0,26.861719974093912,25.777,1.0847199740939102
I-7553-02-07,7553,validation,spiral,isolated,4252,1,462.0,2,7,9537.855526003546,944.3724852267269,163.35046949312047,16.796850576401972,12.0,0.37469413682286246,adjacent-to-single-label,0.0,0.0,26.991611581275077,26.177000000000003,0.8146115812750745
I-7553-02-08,7553,validation,spiral,isolated,4252,1,462.0,2,8,9537.855526003546,944.3724852267269,163.35046949312047,16.796850576401972,12.0,0.37469413682286246,adjacent-to-single-label,0.0,0.0,27.261719974093914,26.177000000000003,1.0847199740939102
I-7553-03-01,7553,validation,spiral,isolated,4252,1,462.0,3,1,9532.621895549792,942.0857620682269,163.35043096842077,16.796817506104208,6.5,0.20295932411238382,adjacent-to-single-label,0.16,0.16,25.791611581275074,24.977,0.8146115812750745
I-7553-03-02,7553,validation,spiral,isolated,4252,1,462.0,3,2,9532.621895549792,942.0857620682269,163.35043096842077,16.796817506104208,6.5,0.20295932411238382,adjacent-to-single-label,0.16,0.16,26.06171997409391,24.977,1.0847199740939102
I-7553-03-03,7553,validation,spiral,isolated,4252,1,462.0,3,3,9532.621895549792,942.0857620682269,163.35043096842077,16.796817506104208,6.5,0.20295932411238382,adjacent-to-single-label,0.16,0.16,26.191611581275076,25.377000000000002,0.8146115812750745
I-7553-03-04,7553,validation,spiral,isolated,4252,1,462.0,3,4,9532.621895549792,942.0857620682269,163.35043096842077,16.796817506104208,6.5,0.20295932411238382,adjacent-to-single-label,0.16,0.16,26.461719974093914,25.377000000000002,1.0847199740939102
I-7553-03-05,7553,validation,spiral,isolated,4252,1,462.0,3,5,9532.621895549792,942.0857620682269,163.35043096842077,16.796817506104208,6.5,0.20295932411238382,adjacent-to-single-label,0.16,0.16,26.591611581275075,25.777,0.8146115812750745
I-7553-03-06,7553,validation,spiral,isolated,4252,1,462.0,3,6,9532.621895549792,942.0857620682269,163.35043096842077,16.796817506104208,6.5,0.20295932411238382,adjacent-to-single-label,0.16,0.16,26.861719974093912,25.777,1.0847199740939102
I-7553-03-07,7553,validation,spiral,isolated,4252,1,462.0,3,7,9532.621895549792,942.0857620682269,163.35043096842077,16.796817506104208,6.5,0.20295932411238382,adjacent-to-single-label,0.16,0.16,26.991611581275077,26.177000000000003,0.8146115812750745
I-7553-03-08,7553,validation,spiral,isolated,4252,1,462.0,3,8,9532.621895549792,942.0857620682269,163.35043096842077,16.796817506104208,6.5,0.20295932411238382,adjacent-to-single-label,0.16,0.16,27.261719974093914,26.177000000000003,1.0847199740939102
I-7553-04-01,7553,validation,spiral,isolated,4252,1,462.0,4,1,9532.129943191987,948.7658794399453,163.35048418315563,16.796789582241356,12.0,0.37469413682286246,adjacent-to-single-label,0.16,0.16,25.791611581275074,24.977,0.8146115812750745
I-7553-04-02,7553,validation,spiral,isolated,4252,1,462.0,4,2,9532.129943191987,948.7658794399453,163.35048418315563,16.796789582241356,12.0,0.37469413682286246,adjacent-to-single-label,0.16,0.16,26.06171997409391,24.977,1.0847199740939102
I-7553-04-03,7553,validation,spiral,isolated,4252,1,462.0,4,3,9532.129943191987,948.7658794399453,163.35048418315563,16.796789582241356,12.0,0.37469413682286246,adjacent-to-single-label,0.16,0.16,26.191611581275076,25.377000000000002,0.8146115812750745
I-7553-04-04,7553,validation,spiral,isolated,4252,1,462.0,4,4,9532.129943191987,948.7658794399453,163.35048418315563,16.796789582241356,12.0,0.37469413682286246,adjacent-to-single-label,0.16,0.16,26.461719974093914,25.377000000000002,1.0847199740939102
I-7553-04-05,7553,validation,spiral,isolated,4252,1,462.0,4,5,9532.129943191987,948.7658794399453,163.35048418315563,16.796789582241356,12.0,0.37469413682286246,adjacent-to-single-label,0.16,0.16,26.591611581275075,25.777,0.8146115812750745
I-7553-04-06,7553,validation,spiral,isolated,4252,1,462.0,4,6,9532.129943191987,948.7658794399453,163.35048418315563,16.796789582241356,12.0,0.37469413682286246,adjacent-to-single-label,0.16,0.16,26.861719974093912,25.777,1.0847199740939102
I-7553-04-07,7553,validation,spiral,isolated,4252,1,462.0,4,7,9532.129943191987,948.7658794399453,163.35048418315563,16.796789582241356,12.0,0.37469413682286246,adjacent-to-single-label,0.16,0.16,26.991611581275077,26.177000000000003,0.8146115812750745
I-7553-04-08,7553,validation,spiral,isolated,4252,1,462.0,4,8,9532.129943191987,948.7658794399453,163.35048418315563,16.796789582241356,12.0,0.37469413682286246,adjacent-to-single-label,0.16,0.16,27.261719974093914,26.177000000000003,1.0847199740939102
I-7553-05-01,7553,validation,spiral,isolated,4252,1,462.0,5,1,9526.123919294247,933.4111829488495,163.35033503550022,16.79679744829428,4.5,0.14051030130857342,adjacent-to-single-label,0.24,0.24,25.791611581275074,24.977,0.8146115812750745
I-7553-05-02,7553,validation,spiral,isolated,4252,1,462.0,5,2,9526.123919294247,933.4111829488495,163.35033503550022,16.79679744829428,4.5,0.14051030130857342,adjacent-to-single-label,0.24,0.24,26.06171997409391,24.977,1.0847199740939102
I-7553-05-03,7553,validation,spiral,isolated,4252,1,462.0,5,3,9526.123919294247,933.4111829488495,163.35033503550022,16.79679744829428,4.5,0.14051030130857342,adjacent-to-single-label,0.24,0.24,26.191611581275076,25.377000000000002,0.8146115812750745
I-7553-05-04,7553,validation,spiral,isolated,4252,1,462.0,5,4,9526.123919294247,933.4111829488495,163.35033503550022,16.79679744829428,4.5,0.14051030130857342,adjacent-to-single-label,0.24,0.24,26.461719974093914,25.377000000000002,1.0847199740939102
I-7553-05-05,7553,validation,spiral,isolated,4252,1,462.0,5,5,9526.123919294247,933.4111829488495,163.35033503550022,16.79679744829428,4.5,0.14051030130857342,adjacent-to-single-label,0.24,0.24,26.591611581275075,25.777,0.8146115812750745
I-7553-05-06,7553,validation,spiral,isolated,4252,1,462.0,5,6,9526.123919294247,933.4111829488495,163.35033503550022,16.79679744829428,4.5,0.14051030130857342,adjacent-to-single-label,0.24,0.24,26.861719974093912,25.777,1.0847199740939102
I-7553-05-07,7553,validation,spiral,isolated,4252,1,462.0,5,7,9526.123919294247,933.4111829488495,163.35033503550022,16.79679744829428,4.5,0.14051030130857342,adjacent-to-single-label,0.24,0.24,26.991611581275077,26.177000000000003,0.8146115812750745
I-7553-05-08,7553,validation,spiral,isolated,4252,1,462.0,5,8,9526.123919294247,933.4111829488495,163.35033503550022,16.79679744829428,4.5,0.14051030130857342,adjacent-to-single-label,0.24,0.24,27.261719974093914,26.177000000000003,1.0847199740939102
I-7553-06-01,7553,validation,spiral,isolated,4252,1,462.0,6,1,9528.02570147208,925.4895679905144,163.35027688716457,16.796840965664106,12.0,0.37469413682286246,adjacent-to-single-label,0.24,0.24,25.791611581275074,24.977,0.8146115812750745
I-7553-06-02,7553,validation,spiral,isolated,4252,1,462.0,6,2,9528.02570147208,925.4895679905144,163.35027688716457,16.796840965664106,12.0,0.37469413682286246,adjacent-to-single-label,0.24,0.24,26.06171997409391,24.977,1.0847199740939102
I-7553-06-03,7553,validation,spiral,isolated,4252,1,462.0,6,3,9528.02570147208,925.4895679905144,163.35027688716457,16.796840965664106,12.0,0.37469413682286246,adjacent-to-single-label,0.24,0.24,26.191611581275076,25.377000000000002,0.8146115812750745
I-7553-06-04,7553,validation,spiral,isolated,4252,1,462.0,6,4,9528.02570147208,925.4895679905144,163.35027688716457,16.796840965664106,12.0,0.37469413682286246,adjacent-to-single-label,0.24,0.24,26.461719974093914,25.377000000000002,1.0847199740939102
I-7553-06-05,7553,validation,spiral,isolated,4252,1,462.0,6,5,9528.02570147208,925.4895679905144,163.35027688716457,16.796840965664106,12.0,0.37469413682286246,adjacent-to-single-label,0.24,0.24,26.591611581275075,25.777,0.8146115812750745
I-7553-06-06,7553,validation,spiral,isolated,4252,1,462.0,6,6,9528.02570147208,925.4895679905144,163.35027688716457,16.796840965664106,12.0,0.37469413682286246,adjacent-to-single-label,0.24,0.24,26.861719974093912,25.777,1.0847199740939102
I-7553-06-07,7553,validation,spiral,isolated,4252,1,462.0,6,7,9528.02570147208,925.4895679905144,163.35027688716457,16.796840965664106,12.0,0.37469413682286246,adjacent-to-single-label,0.24,0.24,26.991611581275077,26.177000000000003,0.8146115812750745
I-7553-06-08,7553,validation,spiral,isolated,4252,1,462.0,6,8,9528.02570147208,925.4895679905144,163.35027688716457,16.796840965664106,12.0,0.37469413682286246,adjacent-to-single-label,0.24,0.24,27.261719974093914,26.177000000000003,1.0847199740939102
I-7553-07-01,7553,validation,spiral,isolated,4252,1,462.0,7,1,9531.882427130198,932.8933013318006,163.35035241504266,16.79684475433137,6.0,0.18734706841143123,adjacent-to-single-label,0.0,0.0,25.791611581275074,24.977,0.8146115812750745
I-7553-07-02,7553,validation,spiral,isolated,4252,1,462.0,7,2,9531.882427130198,932.8933013318006,163.35035241504266,16.79684475433137,6.0,0.18734706841143123,adjacent-to-single-label,0.0,0.0,26.06171997409391,24.977,1.0847199740939102
I-7553-07-03,7553,validation,spiral,isolated,4252,1,462.0,7,3,9531.882427130198,932.8933013318006,163.35035241504266,16.79684475433137,6.0,0.18734706841143123,adjacent-to-single-label,0.0,0.0,26.191611581275076,25.377000000000002,0.8146115812750745
I-7553-07-04,7553,validation,spiral,isolated,4252,1,462.0,7,4,9531.882427130198,932.8933013318006,163.35035241504266,16.79684475433137,6.0,0.18734706841143123,adjacent-to-single-label,0.0,0.0,26.461719974093914,25.377000000000002,1.0847199740939102
I-7553-07-05,7553,validation,spiral,isolated,4252,1,462.0,7,5,9531.882427130198,932.8933013318006,163.35035241504266,16.79684475433137,6.0,0.18734706841143123,adjacent-to-single-label,0.0,0.0,26.591611581275075,25.777,0.8146115812750745
I-7553-07-06,7553,validation,spiral,isolated,4252,1,462.0,7,6,9531.882427130198,932.8933013318006,163.35035241504266,16.79684475433137,6.0,0.18734706841143123,adjacent-to-single-label,0.0,0.0,26.861719974093912,25.777,1.0847199740939102
I-7553-07-07,7553,validation,spiral,isolated,4252,1,462.0,7,7,9531.882427130198,932.8933013318006,163.35035241504266,16.79684475433137,6.0,0.18734706841143123,adjacent-to-single-label,0.0,0.0,26.991611581275077,26.177000000000003,0.8146115812750745
I-7553-07-08,7553,validation,spiral,isolated,4252,1,462.0,7,8,9531.882427130198,932.8933013318006,163.35035241504266,16.79684475433137,6.0,0.18734706841143123,adjacent-to-single-label,0.0,0.0,27.261719974093914,26.177000000000003,1.0847199740939102
I-7553-08-01,7553,validation,spiral,isolated,4252,1,462.0,8,1,9536.510982846317,929.0042866162759,163.35033775841495,16.796895276241454,12.0,0.37469413682286246,adjacent-to-single-label,0.0,0.0,25.791611581275074,24.977,0.8146115812750745
I-7553-08-02,7553,validation,spiral,isolated,4252,1,462.0,8,2,9536.510982846317,929.0042866162759,163.35033775841495,16.796895276241454,12.0,0.37469413682286246,adjacent-to-single-label,0.0,0.0,26.06171997409391,24.977,1.0847199740939102
I-7553-08-03,7553,validation,spiral,isolated,4252,1,462.0,8,3,9536.510982846317,929.0042866162759,163.35033775841495,16.796895276241454,12.0,0.37469413682286246,adjacent-to-single-label,0.0,0.0,26.191611581275076,25.377000000000002,0.8146115812750745
I-7553-08-04,7553,validation,spiral,isolated,4252,1,462.0,8,4,9536.510982846317,929.0042866162759,163.35033775841495,16.796895276241454,12.0,0.37469413682286246,adjacent-to-single-label,0.0,0.0,26.461719974093914,25.377000000000002,1.0847199740939102
I-7553-08-05,7553,validation,spiral,isolated,4252,1,462.0,8,5,9536.510982846317,929.0042866162759,163.35033775841495,16.796895276241454,12.0,0.37469413682286246,adjacent-to-single-label,0.0,0.0,26.591611581275075,25.777,0.8146115812750745
I-7553-08-06,7553,validation,spiral,isolated,4252,1,462.0,8,6,9536.510982846317,929.0042866162759,163.35033775841495,16.796895276241454,12.0,0.37469413682286246,adjacent-to-single-label,0.0,0.0,26.861719974093912,25.777,1.0847199740939102
I-7553-08-07,7553,validation,spiral,isolated,4252,1,462.0,8,7,9536.510982846317,929.0042866162759,163.35033775841495,16.796895276241454,12.0,0.37469413682286246,adjacent-to-single-label,0.0,0.0,26.991611581275077,26.177000000000003,0.8146115812750745
I-7553-08-08,7553,validation,spiral,isolated,4252,1,462.0,8,8,9536.510982846317,929.0042866162759,163.35033775841495,16.796895276241454,12.0,0.37469413682286246,adjacent-to-single-label,0.0,0.0,27.261719974093914,26.177000000000003,1.0847199740939102
I-9061-01-01,9061,validation,spiral,isolated,4435,1,34.0,1,1,9506.517902471109,998.6435960848569,163.35079903862376,16.796407959701877,7.5,0.23418383551428903,adjacent-to-single-label,0.24,0.0,25.197611581275073,24.383,0.8146115812750745
I-9061-01-02,9061,validation,spiral,isolated,4435,1,34.0,1,2,9506.517902471109,998.6435960848569,163.35079903862376,16.796407959701877,7.5,0.23418383551428903,adjacent-to-single-label,0.24,0.0,25.46771997409391,24.383,1.0847199740939102
I-9061-01-03,9061,validation,spiral,isolated,4435,1,34.0,1,3,9506.517902471109,998.6435960848569,163.35079903862376,16.796407959701877,7.5,0.23418383551428903,adjacent-to-single-label,0.24,0.0,25.597611581275075,24.783,0.8146115812750745
I-9061-01-04,9061,validation,spiral,isolated,4435,1,34.0,1,4,9506.517902471109,998.6435960848569,163.35079903862376,16.796407959701877,7.5,0.23418383551428903,adjacent-to-single-label,0.24,0.0,25.867719974093912,24.783,1.0847199740939102
I-9061-01-05,9061,validation,spiral,isolated,4435,1,34.0,1,5,9506.517902471109,998.6435960848569,163.35079903862376,16.796407959701877,7.5,0.23418383551428903,adjacent-to-single-label,0.24,0.0,25.997611581275073,25.183,0.8146115812750745
I-9061-01-06,9061,validation,spiral,isolated,4435,1,34.0,1,6,9506.517902471109,998.6435960848569,163.35079903862376,16.796407959701877,7.5,0.23418383551428903,adjacent-to-single-label,0.24,0.0,26.26771997409391,25.183,1.0847199740939102
I-9061-01-07,9061,validation,spiral,isolated,4435,1,34.0,1,7,9506.517902471109,998.6435960848569,163.35079903862376,16.796407959701877,7.5,0.23418383551428903,adjacent-to-single-label,0.24,0.0,26.397611581275076,25.583000000000002,0.8146115812750745
I-9061-01-08,9061,validation,spiral,isolated,4435,1,34.0,1,8,9506.517902471109,998.6435960848569,163.35079903862376,16.796407959701877,7.5,0.23418383551428903,adjacent-to-single-label,0.24,0.0,26.667719974093913,25.583000000000002,1.0847199740939102
I-9061-02-01,9061,validation,spiral,isolated,4435,1,34.0,2,1,9504.34487791483,1007.5781466910278,163.3508645165965,16.79635865616184,12.0,0.37469413682286246,adjacent-to-single-label,0.0,0.0,25.197611581275073,24.383,0.8146115812750745
I-9061-02-02,9061,validation,spiral,isolated,4435,1,34.0,2,2,9504.34487791483,1007.5781466910278,163.3508645165965,16.79635865616184,12.0,0.37469413682286246,adjacent-to-single-label,0.0,0.0,25.46771997409391,24.383,1.0847199740939102
I-9061-02-03,9061,validation,spiral,isolated,4435,1,34.0,2,3,9504.34487791483,1007.5781466910278,163.3508645165965,16.79635865616184,12.0,0.37469413682286246,adjacent-to-single-label,0.0,0.0,25.597611581275075,24.783,0.8146115812750745
I-9061-02-04,9061,validation,spiral,isolated,4435,1,34.0,2,4,9504.34487791483,1007.5781466910278,163.3508645165965,16.79635865616184,12.0,0.37469413682286246,adjacent-to-single-label,0.0,0.0,25.867719974093912,24.783,1.0847199740939102
I-9061-02-05,9061,validation,spiral,isolated,4435,1,34.0,2,5,9504.34487791483,1007.5781466910278,163.3508645165965,16.79635865616184,12.0,0.37469413682286246,adjacent-to-single-label,0.0,0.0,25.997611581275073,25.183,0.8146115812750745
I-9061-02-06,9061,validation,spiral,isolated,4435,1,34.0,2,6,9504.34487791483,1007.5781466910278,163.3508645165965,16.79635865616184,12.0,0.37469413682286246,adjacent-to-single-label,0.0,0.0,26.26771997409391,25.183,1.0847199740939102
I-9061-02-07,9061,validation,spiral,isolated,4435,1,34.0,2,7,9504.34487791483,1007.5781466910278,163.3508645165965,16.79635865616184,12.0,0.37469413682286246,adjacent-to-single-label,0.0,0.0,26.397611581275076,25.583000000000002,0.8146115812750745
I-9061-02-08,9061,validation,spiral,isolated,4435,1,34.0,2,8,9504.34487791483,1007.5781466910278,163.3508645165965,16.79635865616184,12.0,0.37469413682286246,adjacent-to-single-label,0.0,0.0,26.667719974093913,25.583000000000002,1.0847199740939102
I-9061-03-01,9061,validation,spiral,isolated,4435,1,34.0,3,1,9494.202039633054,1007.5781466910278,163.3508263856669,16.79627861594531,12.0,0.37469413682286246,adjacent-to-single-label,0.16,0.0,25.197611581275073,24.383,0.8146115812750745
I-9061-03-02,9061,validation,spiral,isolated,4435,1,34.0,3,2,9494.202039633054,1007.5781466910278,163.3508263856669,16.79627861594531,12.0,0.37469413682286246,adjacent-to-single-label,0.16,0.0,25.46771997409391,24.383,1.0847199740939102
I-9061-03-03,9061,validation,spiral,isolated,4435,1,34.0,3,3,9494.202039633054,1007.5781466910278,163.3508263856669,16.79627861594531,12.0,0.37469413682286246,adjacent-to-single-label,0.16,0.0,25.597611581275075,24.783,0.8146115812750745
I-9061-03-04,9061,validation,spiral,isolated,4435,1,34.0,3,4,9494.202039633054,1007.5781466910278,163.3508263856669,16.79627861594531,12.0,0.37469413682286246,adjacent-to-single-label,0.16,0.0,25.867719974093912,24.783,1.0847199740939102
I-9061-03-05,9061,validation,spiral,isolated,4435,1,34.0,3,5,9494.202039633054,1007.5781466910278,163.3508263856669,16.79627861594531,12.0,0.37469413682286246,adjacent-to-single-label,0.16,0.0,25.997611581275073,25.183,0.8146115812750745
I-9061-03-06,9061,validation,spiral,isolated,4435,1,34.0,3,6,9494.202039633054,1007.5781466910278,163.3508263856669,16.79627861594531,12.0,0.37469413682286246,adjacent-to-single-label,0.16,0.0,26.26771997409391,25.183,1.0847199740939102
I-9061-03-07,9061,validation,spiral,isolated,4435,1,34.0,3,7,9494.202039633054,1007.5781466910278,163.3508263856669,16.79627861594531,12.0,0.37469413682286246,adjacent-to-single-label,0.16,0.0,26.397611581275076,25.583000000000002,0.8146115812750745
I-9061-03-08,9061,validation,spiral,isolated,4435,1,34.0,3,8,9494.202039633054,1007.5781466910278,163.3508263856669,16.79627861594531,12.0,0.37469413682286246,adjacent-to-single-label,0.16,0.0,26.667719974093913,25.583000000000002,1.0847199740939102
I-9061-04-01,9061,validation,spiral,isolated,4435,1,34.0,4,1,9488.85091922302,1001.562563256606,163.35075668246492,16.796258038763483,11.5,0.35908188112190986,adjacent-to-single-label,0.2,0.0,25.197611581275073,24.383,0.8146115812750745
I-9061-04-02,9061,validation,spiral,isolated,4435,1,34.0,4,2,9488.85091922302,1001.562563256606,163.35075668246492,16.796258038763483,11.5,0.35908188112190986,adjacent-to-single-label,0.2,0.0,25.46771997409391,24.383,1.0847199740939102
I-9061-04-03,9061,validation,spiral,isolated,4435,1,34.0,4,3,9488.85091922302,1001.562563256606,163.35075668246492,16.796258038763483,11.5,0.35908188112190986,adjacent-to-single-label,0.2,0.0,25.597611581275075,24.783,0.8146115812750745
I-9061-04-04,9061,validation,spiral,isolated,4435,1,34.0,4,4,9488.85091922302,1001.562563256606,163.35075668246492,16.796258038763483,11.5,0.35908188112190986,adjacent-to-single-label,0.2,0.0,25.867719974093912,24.783,1.0847199740939102
I-9061-04-05,9061,validation,spiral,isolated,4435,1,34.0,4,5,9488.85091922302,1001.562563256606,163.35075668246492,16.796258038763483,11.5,0.35908188112190986,adjacent-to-single-label,0.2,0.0,25.997611581275073,25.183,0.8146115812750745
I-9061-04-06,9061,validation,spiral,isolated,4435,1,34.0,4,6,9488.85091922302,1001.562563256606,163.35075668246492,16.796258038763483,11.5,0.35908188112190986,adjacent-to-single-label,0.2,0.0,26.26771997409391,25.183,1.0847199740939102
I-9061-04-07,9061,validation,spiral,isolated,4435,1,34.0,4,7,9488.85091922302,1001.562563256606,163.35075668246492,16.796258038763483,11.5,0.35908188112190986,adjacent-to-single-label,0.2,0.0,26.397611581275076,25.583000000000002,0.8146115812750745
I-9061-04-08,9061,validation,spiral,isolated,4435,1,34.0,4,8,9488.85091922302,1001.562563256606,163.35075668246492,16.796258038763483,11.5,0.35908188112190986,adjacent-to-single-label,0.2,0.0,26.667719974093913,25.583000000000002,1.0847199740939102
I-9061-05-01,9061,validation,spiral,isolated,4435,1,34.0,5,1,9487.682348858472,993.5966247053577,163.3506866263877,16.79627748668031,12.0,0.37469413682286246,adjacent-to-single-label,0.0,0.0,25.197611581275073,24.383,0.8146115812750745
I-9061-05-02,9061,validation,spiral,isolated,4435,1,34.0,5,2,9487.682348858472,993.5966247053577,163.3506866263877,16.79627748668031,12.0,0.37469413682286246,adjacent-to-single-label,0.0,0.0,25.46771997409391,24.383,1.0847199740939102
I-9061-05-03,9061,validation,spiral,isolated,4435,1,34.0,5,3,9487.682348858472,993.5966247053577,163.3506866263877,16.79627748668031,12.0,0.37469413682286246,adjacent-to-single-label,0.0,0.0,25.597611581275075,24.783,0.8146115812750745
I-9061-05-04,9061,validation,spiral,isolated,4435,1,34.0,5,4,9487.682348858472,993.5966247053577,163.3506866263877,16.79627748668031,12.0,0.37469413682286246,adjacent-to-single-label,0.0,0.0,25.867719974093912,24.783,1.0847199740939102
I-9061-05-05,9061,validation,spiral,isolated,4435,1,34.0,5,5,9487.682348858472,993.5966247053577,163.3506866263877,16.79627748668031,12.0,0.37469413682286246,adjacent-to-single-label,0.0,0.0,25.997611581275073,25.183,0.8146115812750745
I-9061-05-06,9061,validation,spiral,isolated,4435,1,34.0,5,6,9487.682348858472,993.5966247053577,163.3506866263877,16.79627748668031,12.0,0.37469413682286246,adjacent-to-single-label,0.0,0.0,26.26771997409391,25.183,1.0847199740939102
I-9061-05-07,9061,validation,spiral,isolated,4435,1,34.0,5,7,9487.682348858472,993.5966247053577,163.3506866263877,16.79627748668031,12.0,0.37469413682286246,adjacent-to-single-label,0.0,0.0,26.397611581275076,25.583000000000002,0.8146115812750745
I-9061-05-08,9061,validation,spiral,isolated,4435,1,34.0,5,8,9487.682348858472,993.5966247053577,163.3506866263877,16.79627748668031,12.0,0.37469413682286246,adjacent-to-single-label,0.0,0.0,26.667719974093913,25.583000000000002,1.0847199740939102
I-9061-06-01,9061,validation,spiral,isolated,4435,1,34.0,6,1,9496.979153028537,993.4258450694321,163.35072016895455,16.79635146524563,4.0,0.12489804560762081,adjacent-to-single-label,0.2,0.2,25.197611581275073,24.383,0.8146115812750745
I-9061-06-02,9061,validation,spiral,isolated,4435,1,34.0,6,2,9496.979153028537,993.4258450694321,163.35072016895455,16.79635146524563,4.0,0.12489804560762081,adjacent-to-single-label,0.2,0.2,25.46771997409391,24.383,1.0847199740939102
I-9061-06-03,9061,validation,spiral,isolated,4435,1,34.0,6,3,9496.979153028537,993.4258450694321,163.35072016895455,16.79635146524563,4.0,0.12489804560762081,adjacent-to-single-label,0.2,0.2,25.597611581275075,24.783,0.8146115812750745
I-9061-06-04,9061,validation,spiral,isolated,4435,1,34.0,6,4,9496.979153028537,993.4258450694321,163.35072016895455,16.79635146524563,4.0,0.12489804560762081,adjacent-to-single-label,0.2,0.2,25.867719974093912,24.783,1.0847199740939102
I-9061-06-05,9061,validation,spiral,isolated,4435,1,34.0,6,5,9496.979153028537,993.4258450694321,163.35072016895455,16.79635146524563,4.0,0.12489804560762081,adjacent-to-single-label,0.2,0.2,25.997611581275073,25.183,0.8146115812750745
I-9061-06-06,9061,validation,spiral,isolated,4435,1,34.0,6,6,9496.979153028537,993.4258450694321,163.35072016895455,16.79635146524563,4.0,0.12489804560762081,adjacent-to-single-label,0.2,0.2,26.26771997409391,25.183,1.0847199740939102
I-9061-06-07,9061,validation,spiral,isolated,4435,1,34.0,6,7,9496.979153028537,993.4258450694321,163.35072016895455,16.79635146524563,4.0,0.12489804560762081,adjacent-to-single-label,0.2,0.2,26.397611581275076,25.583000000000002,0.8146115812750745
I-9061-06-08,9061,validation,spiral,isolated,4435,1,34.0,6,8,9496.979153028537,993.4258450694321,163.35072016895455,16.79635146524563,4.0,0.12489804560762081,adjacent-to-single-label,0.2,0.2,26.667719974093913,25.583000000000002,1.0847199740939102
I-9061-07-01,9061,validation,spiral,isolated,4435,1,34.0,7,1,9500.319327686913,984.748116869487,163.3506611956978,16.79640905477505,12.0,0.37469413682286246,adjacent-to-single-label,0.0,0.0,25.197611581275073,24.383,0.8146115812750745
I-9061-07-02,9061,validation,spiral,isolated,4435,1,34.0,7,2,9500.319327686913,984.748116869487,163.3506611956978,16.79640905477505,12.0,0.37469413682286246,adjacent-to-single-label,0.0,0.0,25.46771997409391,24.383,1.0847199740939102
I-9061-07-03,9061,validation,spiral,isolated,4435,1,34.0,7,3,9500.319327686913,984.748116869487,163.3506611956978,16.79640905477505,12.0,0.37469413682286246,adjacent-to-single-label,0.0,0.0,25.597611581275075,24.783,0.8146115812750745
I-9061-07-04,9061,validation,spiral,isolated,4435,1,34.0,7,4,9500.319327686913,984.748116869487,163.3506611956978,16.79640905477505,12.0,0.37469413682286246,adjacent-to-single-label,0.0,0.0,25.867719974093912,24.783,1.0847199740939102
I-9061-07-05,9061,validation,spiral,isolated,4435,1,34.0,7,5,9500.319327686913,984.748116869487,163.3506611956978,16.79640905477505,12.0,0.37469413682286246,adjacent-to-single-label,0.0,0.0,25.997611581275073,25.183,0.8146115812750745
I-9061-07-06,9061,validation,spiral,isolated,4435,1,34.0,7,6,9500.319327686913,984.748116869487,163.3506611956978,16.79640905477505,12.0,0.37469413682286246,adjacent-to-single-label,0.0,0.0,26.26771997409391,25.183,1.0847199740939102
I-9061-07-07,9061,validation,spiral,isolated,4435,1,34.0,7,7,9500.319327686913,984.748116869487,163.3506611956978,16.79640905477505,12.0,0.37469413682286246,adjacent-to-single-label,0.0,0.0,26.397611581275076,25.583000000000002,0.8146115812750745
I-9061-07-08,9061,validation,spiral,isolated,4435,1,34.0,7,8,9500.319327686913,984.748116869487,163.3506611956978,16.79640905477505,12.0,0.37469413682286246,adjacent-to-single-label,0.0,0.0,26.667719974093913,25.583000000000002,1.0847199740939102
I-9061-08-01,9061,validation,spiral,isolated,4435,1,34.0,8,1,9509.103283305409,989.8195360103755,163.3507360215969,16.796460119594407,12.0,0.37469413682286246,adjacent-to-single-label,0.08,0.0,25.197611581275073,24.383,0.8146115812750745
I-9061-08-02,9061,validation,spiral,isolated,4435,1,34.0,8,2,9509.103283305409,989.8195360103755,163.3507360215969,16.796460119594407,12.0,0.37469413682286246,adjacent-to-single-label,0.08,0.0,25.46771997409391,24.383,1.0847199740939102
I-9061-08-03,9061,validation,spiral,isolated,4435,1,34.0,8,3,9509.103283305409,989.8195360103755,163.3507360215969,16.796460119594407,12.0,0.37469413682286246,adjacent-to-single-label,0.08,0.0,25.597611581275075,24.783,0.8146115812750745
I-9061-08-04,9061,validation,spiral,isolated,4435,1,34.0,8,4,9509.103283305409,989.8195360103755,163.3507360215969,16.796460119594407,12.0,0.37469413682286246,adjacent-to-single-label,0.08,0.0,25.867719974093912,24.783,1.0847199740939102
I-9061-08-05,9061,validation,spiral,isolated,4435,1,34.0,8,5,9509.103283305409,989.8195360103755,163.3507360215969,16.796460119594407,12.0,0.37469413682286246,adjacent-to-single-label,0.08,0.0,25.997611581275073,25.183,0.8146115812750745
I-9061-08-06,9061,validation,spiral,isolated,4435,1,34.0,8,6,9509.103283305409,989.8195360103755,163.3507360215969,16.796460119594407,12.0,0.37469413682286246,adjacent-to-single-label,0.08,0.0,26.26771997409391,25.183,1.0847199740939102
I-9061-08-07,9061,validation,spiral,isolated,4435,1,34.0,8,7,9509.103283305409,989.8195360103755,163.3507360215969,16.796460119594407,12.0,0.37469413682286246,adjacent-to-single-label,0.08,0.0,26.397611581275076,25.583000000000002,0.8146115812750745
I-9061-08-08,9061,validation,spiral,isolated,4435,1,34.0,8,8,9509.103283305409,989.8195360103755,163.3507360215969,16.796460119594407,12.0,0.37469413682286246,adjacent-to-single-label,0.08,0.0,26.667719974093913,25.583000000000002,1.0847199740939102
I-149841-01-01,149841,validation,spiral,isolated,8335,1,42.0,1,1,5950.565667070683,3146.4123844799087,163.35513399352962,16.760616962004402,7.5,0.23418383551428903,adjacent-to-single-label,0.0,0.0,25.505611581275073,24.691,0.8146115812750745
I-149841-01-02,149841,validation,spiral,isolated,8335,1,42.0,1,2,5950.565667070683,3146.4123844799087,163.35513399352962,16.760616962004402,7.5,0.23418383551428903,adjacent-to-single-label,0.0,0.0,25.77571997409391,24.691,1.0847199740939102
I-149841-01-03,149841,validation,spiral,isolated,8335,1,42.0,1,3,5950.565667070683,3146.4123844799087,163.35513399352962,16.760616962004402,7.5,0.23418383551428903,adjacent-to-single-label,0.0,0.0,25.905611581275075,25.091,0.8146115812750745
I-149841-01-04,149841,validation,spiral,isolated,8335,1,42.0,1,4,5950.565667070683,3146.4123844799087,163.35513399352962,16.760616962004402,7.5,0.23418383551428903,adjacent-to-single-label,0.0,0.0,26.175719974093912,25.091,1.0847199740939102
I-149841-01-05,149841,validation,spiral,isolated,8335,1,42.0,1,5,5950.565667070683,3146.4123844799087,163.35513399352962,16.760616962004402,7.5,0.23418383551428903,adjacent-to-single-label,0.0,0.0,26.305611581275073,25.491,0.8146115812750745
I-149841-01-06,149841,validation,spiral,isolated,8335,1,42.0,1,6,5950.565667070683,3146.4123844799087,163.35513399352962,16.760616962004402,7.5,0.23418383551428903,adjacent-to-single-label,0.0,0.0,26.57571997409391,25.491,1.0847199740939102
I-149841-01-07,149841,validation,spiral,isolated,8335,1,42.0,1,7,5950.565667070683,3146.4123844799087,163.35513399352962,16.760616962004402,7.5,0.23418383551428903,adjacent-to-single-label,0.0,0.0,26.705611581275075,25.891000000000002,0.8146115812750745
I-149841-01-08,149841,validation,spiral,isolated,8335,1,42.0,1,8,5950.565667070683,3146.4123844799087,163.35513399352962,16.760616962004402,7.5,0.23418383551428903,adjacent-to-single-label,0.0,0.0,26.975719974093913,25.891000000000002,1.0847199740939102
I-149841-02-01,149841,validation,spiral,isolated,8335,1,42.0,2,1,5949.8149369723915,3154.455851132658,163.35519746055834,16.76058208790536,10.5,0.3278573697200046,adjacent-to-single-label,0.12,0.0,25.505611581275073,24.691,0.8146115812750745
I-149841-02-02,149841,validation,spiral,isolated,8335,1,42.0,2,2,5949.8149369723915,3154.455851132658,163.35519746055834,16.76058208790536,10.5,0.3278573697200046,adjacent-to-single-label,0.12,0.0,25.77571997409391,24.691,1.0847199740939102
I-149841-02-03,149841,validation,spiral,isolated,8335,1,42.0,2,3,5949.8149369723915,3154.455851132658,163.35519746055834,16.76058208790536,10.5,0.3278573697200046,adjacent-to-single-label,0.12,0.0,25.905611581275075,25.091,0.8146115812750745
I-149841-02-04,149841,validation,spiral,isolated,8335,1,42.0,2,4,5949.8149369723915,3154.455851132658,163.35519746055834,16.76058208790536,10.5,0.3278573697200046,adjacent-to-single-label,0.12,0.0,26.175719974093912,25.091,1.0847199740939102
I-149841-02-05,149841,validation,spiral,isolated,8335,1,42.0,2,5,5949.8149369723915,3154.455851132658,163.35519746055834,16.76058208790536,10.5,0.3278573697200046,adjacent-to-single-label,0.12,0.0,26.305611581275073,25.491,0.8146115812750745
I-149841-02-06,149841,validation,spiral,isolated,8335,1,42.0,2,6,5949.8149369723915,3154.455851132658,163.35519746055834,16.76058208790536,10.5,0.3278573697200046,adjacent-to-single-label,0.12,0.0,26.57571997409391,25.491,1.0847199740939102
I-149841-02-07,149841,validation,spiral,isolated,8335,1,42.0,2,7,5949.8149369723915,3154.455851132658,163.35519746055834,16.76058208790536,10.5,0.3278573697200046,adjacent-to-single-label,0.12,0.0,26.705611581275075,25.891000000000002,0.8146115812750745
I-149841-02-08,149841,validation,spiral,isolated,8335,1,42.0,2,8,5949.8149369723915,3154.455851132658,163.35519746055834,16.76058208790536,10.5,0.3278573697200046,adjacent-to-single-label,0.12,0.0,26.975719974093913,25.891000000000002,1.0847199740939102
I-149841-03-01,149841,validation,spiral,isolated,8335,1,42.0,3,1,5940.98188893868,3158.230077516055,163.3551953629592,16.760498800162654,12.0,0.37469413682286246,adjacent-to-single-label,0.08,0.0,25.505611581275073,24.691,0.8146115812750745
I-149841-03-02,149841,validation,spiral,isolated,8335,1,42.0,3,2,5940.98188893868,3158.230077516055,163.3551953629592,16.760498800162654,12.0,0.37469413682286246,adjacent-to-single-label,0.08,0.0,25.77571997409391,24.691,1.0847199740939102
I-149841-03-03,149841,validation,spiral,isolated,8335,1,42.0,3,3,5940.98188893868,3158.230077516055,163.3551953629592,16.760498800162654,12.0,0.37469413682286246,adjacent-to-single-label,0.08,0.0,25.905611581275075,25.091,0.8146115812750745
I-149841-03-04,149841,validation,spiral,isolated,8335,1,42.0,3,4,5940.98188893868,3158.230077516055,163.3551953629592,16.760498800162654,12.0,0.37469413682286246,adjacent-to-single-label,0.08,0.0,26.175719974093912,25.091,1.0847199740939102
I-149841-03-05,149841,validation,spiral,isolated,8335,1,42.0,3,5,5940.98188893868,3158.230077516055,163.3551953629592,16.760498800162654,12.0,0.37469413682286246,adjacent-to-single-label,0.08,0.0,26.305611581275073,25.491,0.8146115812750745
I-149841-03-06,149841,validation,spiral,isolated,8335,1,42.0,3,6,5940.98188893868,3158.230077516055,163.3551953629592,16.760498800162654,12.0,0.37469413682286246,adjacent-to-single-label,0.08,0.0,26.57571997409391,25.491,1.0847199740939102
I-149841-03-07,149841,validation,spiral,isolated,8335,1,42.0,3,7,5940.98188893868,3158.230077516055,163.3551953629592,16.760498800162654,12.0,0.37469413682286246,adjacent-to-single-label,0.08,0.0,26.705611581275075,25.891000000000002,0.8146115812750745
I-149841-03-08,149841,validation,spiral,isolated,8335,1,42.0,3,8,5940.98188893868,3158.230077516055,163.3551953629592,16.760498800162654,12.0,0.37469413682286246,adjacent-to-single-label,0.08,0.0,26.975719974093913,25.891000000000002,1.0847199740939102
I-149841-04-01,149841,validation,spiral,isolated,8335,1,42.0,4,1,5937.3203337472905,3151.2332915525576,163.35512393682075,16.760495088707966,7.5,0.23418383551428903,adjacent-to-single-label,0.2,0.04,25.505611581275073,24.691,0.8146115812750745
I-149841-04-02,149841,validation,spiral,isolated,8335,1,42.0,4,2,5937.3203337472905,3151.2332915525576,163.35512393682075,16.760495088707966,7.5,0.23418383551428903,adjacent-to-single-label,0.2,0.04,25.77571997409391,24.691,1.0847199740939102
I-149841-04-03,149841,validation,spiral,isolated,8335,1,42.0,4,3,5937.3203337472905,3151.2332915525576,163.35512393682075,16.760495088707966,7.5,0.23418383551428903,adjacent-to-single-label,0.2,0.04,25.905611581275075,25.091,0.8146115812750745
I-149841-04-04,149841,validation,spiral,isolated,8335,1,42.0,4,4,5937.3203337472905,3151.2332915525576,163.35512393682075,16.760495088707966,7.5,0.23418383551428903,adjacent-to-single-label,0.2,0.04,26.175719974093912,25.091,1.0847199740939102
I-149841-04-05,149841,validation,spiral,isolated,8335,1,42.0,4,5,5937.3203337472905,3151.2332915525576,163.35512393682075,16.760495088707966,7.5,0.23418383551428903,adjacent-to-single-label,0.2,0.04,26.305611581275073,25.491,0.8146115812750745
I-149841-04-06,149841,validation,spiral,isolated,8335,1,42.0,4,6,5937.3203337472905,3151.2332915525576,163.35512393682075,16.760495088707966,7.5,0.23418383551428903,adjacent-to-single-label,0.2,0.04,26.57571997409391,25.491,1.0847199740939102
I-149841-04-07,149841,validation,spiral,isolated,8335,1,42.0,4,7,5937.3203337472905,3151.2332915525576,163.35512393682075,16.760495088707966,7.5,0.23418383551428903,adjacent-to-single-label,0.2,0.04,26.705611581275075,25.891000000000002,0.8146115812750745
I-149841-04-08,149841,validation,spiral,isolated,8335,1,42.0,4,8,5937.3203337472905,3151.2332915525576,163.35512393682075,16.760495088707966,7.5,0.23418383551428903,adjacent-to-single-label,0.2,0.04,26.975719974093913,25.891000000000002,1.0847199740939102
I-149841-05-01,149841,validation,spiral,isolated,8335,1,42.0,5,1,5931.065667070683,3146.4123844799087,163.35506069568513,16.76046308300717,12.0,0.37469413682286246,adjacent-to-single-label,0.0,0.0,25.505611581275073,24.691,0.8146115812750745
I-149841-05-02,149841,validation,spiral,isolated,8335,1,42.0,5,2,5931.065667070683,3146.4123844799087,163.35506069568513,16.76046308300717,12.0,0.37469413682286246,adjacent-to-single-label,0.0,0.0,25.77571997409391,24.691,1.0847199740939102
I-149841-05-03,149841,validation,spiral,isolated,8335,1,42.0,5,3,5931.065667070683,3146.4123844799087,163.35506069568513,16.76046308300717,12.0,0.37469413682286246,adjacent-to-single-label,0.0,0.0,25.905611581275075,25.091,0.8146115812750745
I-149841-05-04,149841,validation,spiral,isolated,8335,1,42.0,5,4,5931.065667070683,3146.4123844799087,163.35506069568513,16.76046308300717,12.0,0.37469413682286246,adjacent-to-single-label,0.0,0.0,26.175719974093912,25.091,1.0847199740939102
I-149841-05-05,149841,validation,spiral,isolated,8335,1,42.0,5,5,5931.065667070683,3146.4123844799087,163.35506069568513,16.76046308300717,12.0,0.37469413682286246,adjacent-to-single-label,0.0,0.0,26.305611581275073,25.491,0.8146115812750745
I-149841-05-06,149841,validation,spiral,isolated,8335,1,42.0,5,6,5931.065667070683,3146.4123844799087,163.35506069568513,16.76046308300717,12.0,0.37469413682286246,adjacent-to-single-label,0.0,0.0,26.57571997409391,25.491,1.0847199740939102
I-149841-05-07,149841,validation,spiral,isolated,8335,1,42.0,5,7,5931.065667070683,3146.4123844799087,163.35506069568513,16.76046308300717,12.0,0.37469413682286246,adjacent-to-single-label,0.0,0.0,26.705611581275075,25.891000000000002,0.8146115812750745
I-149841-05-08,149841,validation,spiral,isolated,8335,1,42.0,5,8,5931.065667070683,3146.4123844799087,163.35506069568513,16.76046308300717,12.0,0.37469413682286246,adjacent-to-single-label,0.0,0.0,26.975719974093913,25.891000000000002,1.0847199740939102
I-149841-06-01,149841,validation,spiral,isolated,8335,1,42.0,6,1,5940.001489298207,3143.8412340411624,163.3550730944934,16.760542851679308,4.0,0.12489804560762081,adjacent-to-single-label,0.24,0.12,25.505611581275073,24.691,0.8146115812750745
I-149841-06-02,149841,validation,spiral,isolated,8335,1,42.0,6,2,5940.001489298207,3143.8412340411624,163.3550730944934,16.760542851679308,4.0,0.12489804560762081,adjacent-to-single-label,0.24,0.12,25.77571997409391,24.691,1.0847199740939102
I-149841-06-03,149841,validation,spiral,isolated,8335,1,42.0,6,3,5940.001489298207,3143.8412340411624,163.3550730944934,16.760542851679308,4.0,0.12489804560762081,adjacent-to-single-label,0.24,0.12,25.905611581275075,25.091,0.8146115812750745
I-149841-06-04,149841,validation,spiral,isolated,8335,1,42.0,6,4,5940.001489298207,3143.8412340411624,163.3550730944934,16.760542851679308,4.0,0.12489804560762081,adjacent-to-single-label,0.24,0.12,26.175719974093912,25.091,1.0847199740939102
I-149841-06-05,149841,validation,spiral,isolated,8335,1,42.0,6,5,5940.001489298207,3143.8412340411624,163.3550730944934,16.760542851679308,4.0,0.12489804560762081,adjacent-to-single-label,0.24,0.12,26.305611581275073,25.491,0.8146115812750745
I-149841-06-06,149841,validation,spiral,isolated,8335,1,42.0,6,6,5940.001489298207,3143.8412340411624,163.3550730944934,16.760542851679308,4.0,0.12489804560762081,adjacent-to-single-label,0.24,0.12,26.57571997409391,25.491,1.0847199740939102
I-149841-06-07,149841,validation,spiral,isolated,8335,1,42.0,6,7,5940.001489298207,3143.8412340411624,163.3550730944934,16.760542851679308,4.0,0.12489804560762081,adjacent-to-single-label,0.24,0.12,26.705611581275075,25.891000000000002,0.8146115812750745
I-149841-06-08,149841,validation,spiral,isolated,8335,1,42.0,6,8,5940.001489298207,3143.8412340411624,163.3550730944934,16.760542851679308,4.0,0.12489804560762081,adjacent-to-single-label,0.24,0.12,26.975719974093913,25.891000000000002,1.0847199740939102
I-149841-07-01,149841,validation,spiral,isolated,8335,1,42.0,7,1,5940.98188893868,3134.5946914437623,163.3550005757931,16.760583868199937,12.0,0.37469413682286246,adjacent-to-single-label,0.0,0.0,25.505611581275073,24.691,0.8146115812750745
I-149841-07-02,149841,validation,spiral,isolated,8335,1,42.0,7,2,5940.98188893868,3134.5946914437623,163.3550005757931,16.760583868199937,12.0,0.37469413682286246,adjacent-to-single-label,0.0,0.0,25.77571997409391,24.691,1.0847199740939102
I-149841-07-03,149841,validation,spiral,isolated,8335,1,42.0,7,3,5940.98188893868,3134.5946914437623,163.3550005757931,16.760583868199937,12.0,0.37469413682286246,adjacent-to-single-label,0.0,0.0,25.905611581275075,25.091,0.8146115812750745
I-149841-07-04,149841,validation,spiral,isolated,8335,1,42.0,7,4,5940.98188893868,3134.5946914437623,163.3550005757931,16.760583868199937,12.0,0.37469413682286246,adjacent-to-single-label,0.0,0.0,26.175719974093912,25.091,1.0847199740939102
I-149841-07-05,149841,validation,spiral,isolated,8335,1,42.0,7,5,5940.98188893868,3134.5946914437623,163.3550005757931,16.760583868199937,12.0,0.37469413682286246,adjacent-to-single-label,0.0,0.0,26.305611581275073,25.491,0.8146115812750745
I-149841-07-06,149841,validation,spiral,isolated,8335,1,42.0,7,6,5940.98188893868,3134.5946914437623,163.3550005757931,16.760583868199937,12.0,0.37469413682286246,adjacent-to-single-label,0.0,0.0,26.57571997409391,25.491,1.0847199740939102
I-149841-07-07,149841,validation,spiral,isolated,8335,1,42.0,7,7,5940.98188893868,3134.5946914437623,163.3550005757931,16.760583868199937,12.0,0.37469413682286246,adjacent-to-single-label,0.0,0.0,26.705611581275075,25.891000000000002,0.8146115812750745
I-149841-07-08,149841,validation,spiral,isolated,8335,1,42.0,7,8,5940.98188893868,3134.5946914437623,163.3550005757931,16.760583868199937,12.0,0.37469413682286246,adjacent-to-single-label,0.0,0.0,26.975719974093913,25.891000000000002,1.0847199740939102
I-149841-08-01,149841,validation,spiral,isolated,8335,1,42.0,8,1,5950.779118386921,3137.219851162481,163.3550590370683,16.76065173199059,12.0,0.37469413682286246,adjacent-to-single-label,0.0,0.0,25.505611581275073,24.691,0.8146115812750745
I-149841-08-02,149841,validation,spiral,isolated,8335,1,42.0,8,2,5950.779118386921,3137.219851162481,163.3550590370683,16.76065173199059,12.0,0.37469413682286246,adjacent-to-single-label,0.0,0.0,25.77571997409391,24.691,1.0847199740939102
I-149841-08-03,149841,validation,spiral,isolated,8335,1,42.0,8,3,5950.779118386921,3137.219851162481,163.3550590370683,16.76065173199059,12.0,0.37469413682286246,adjacent-to-single-label,0.0,0.0,25.905611581275075,25.091,0.8146115812750745
I-149841-08-04,149841,validation,spiral,isolated,8335,1,42.0,8,4,5950.779118386921,3137.219851162481,163.3550590370683,16.76065173199059,12.0,0.37469413682286246,adjacent-to-single-label,0.0,0.0,26.175719974093912,25.091,1.0847199740939102
I-149841-08-05,149841,validation,spiral,isolated,8335,1,42.0,8,5,5950.779118386921,3137.219851162481,163.3550590370683,16.76065173199059,12.0,0.37469413682286246,adjacent-to-single-label,0.0,0.0,26.305611581275073,25.491,0.8146115812750745
I-149841-08-06,149841,validation,spiral,isolated,8335,1,42.0,8,6,5950.779118386921,3137.219851162481,163.3550590370683,16.76065173199059,12.0,0.37469413682286246,adjacent-to-single-label,0.0,0.0,26.57571997409391,25.491,1.0847199740939102
I-149841-08-07,149841,validation,spiral,isolated,8335,1,42.0,8,7,5950.779118386921,3137.219851162481,163.3550590370683,16.76065173199059,12.0,0.37469413682286246,adjacent-to-single-label,0.0,0.0,26.705611581275075,25.891000000000002,0.8146115812750745
I-149841-08-08,149841,validation,spiral,isolated,8335,1,42.0,8,8,5950.779118386921,3137.219851162481,163.3550590370683,16.76065173199059,12.0,0.37469413682286246,adjacent-to-single-label,0.0,0.0,26.975719974093913,25.891000000000002,1.0847199740939102
I-77714-01-01,77714,development,tidal,isolated,7714,1,255.0,1,1,9395.958148192709,3001.116145438742,163.36688904077823,16.788327956350564,7.5,0.23418383551428903,adjacent-to-single-label,0.2,0.2,24.718611581275074,23.904,0.8146115812750745
I-77714-01-02,77714,development,tidal,isolated,7714,1,255.0,1,2,9395.958148192709,3001.116145438742,163.36688904077823,16.788327956350564,7.5,0.23418383551428903,adjacent-to-single-label,0.2,0.2,24.98871997409391,23.904,1.0847199740939102
I-77714-01-03,77714,development,tidal,isolated,7714,1,255.0,1,3,9395.958148192709,3001.116145438742,163.36688904077823,16.788327956350564,7.5,0.23418383551428903,adjacent-to-single-label,0.2,0.2,25.118611581275076,24.304000000000002,0.8146115812750745
I-77714-01-04,77714,development,tidal,isolated,7714,1,255.0,1,4,9395.958148192709,3001.116145438742,163.36688904077823,16.788327956350564,7.5,0.23418383551428903,adjacent-to-single-label,0.2,0.2,25.388719974093913,24.304000000000002,1.0847199740939102
I-77714-01-05,77714,development,tidal,isolated,7714,1,255.0,1,5,9395.958148192709,3001.116145438742,163.36688904077823,16.788327956350564,7.5,0.23418383551428903,adjacent-to-single-label,0.2,0.2,25.518611581275074,24.704,0.8146115812750745
I-77714-01-06,77714,development,tidal,isolated,7714,1,255.0,1,6,9395.958148192709,3001.116145438742,163.36688904077823,16.788327956350564,7.5,0.23418383551428903,adjacent-to-single-label,0.2,0.2,25.78871997409391,24.704,1.0847199740939102
I-77714-01-07,77714,development,tidal,isolated,7714,1,255.0,1,7,9395.958148192709,3001.116145438742,163.36688904077823,16.788327956350564,7.5,0.23418383551428903,adjacent-to-single-label,0.2,0.2,25.918611581275076,25.104000000000003,0.8146115812750745
I-77714-01-08,77714,development,tidal,isolated,7714,1,255.0,1,8,9395.958148192709,3001.116145438742,163.36688904077823,16.788327956350564,7.5,0.23418383551428903,adjacent-to-single-label,0.2,0.2,26.188719974093914,25.104000000000003,1.0847199740939102
I-77714-02-01,77714,development,tidal,isolated,7714,1,255.0,2,1,9393.78512363643,3010.050696044913,163.36695451179156,16.78827864772199,12.0,0.37469413682286246,adjacent-to-single-label,0.0,0.0,24.718611581275074,23.904,0.8146115812750745
I-77714-02-02,77714,development,tidal,isolated,7714,1,255.0,2,2,9393.78512363643,3010.050696044913,163.36695451179156,16.78827864772199,12.0,0.37469413682286246,adjacent-to-single-label,0.0,0.0,24.98871997409391,23.904,1.0847199740939102
I-77714-02-03,77714,development,tidal,isolated,7714,1,255.0,2,3,9393.78512363643,3010.050696044913,163.36695451179156,16.78827864772199,12.0,0.37469413682286246,adjacent-to-single-label,0.0,0.0,25.118611581275076,24.304000000000002,0.8146115812750745
I-77714-02-04,77714,development,tidal,isolated,7714,1,255.0,2,4,9393.78512363643,3010.050696044913,163.36695451179156,16.78827864772199,12.0,0.37469413682286246,adjacent-to-single-label,0.0,0.0,25.388719974093913,24.304000000000002,1.0847199740939102
I-77714-02-05,77714,development,tidal,isolated,7714,1,255.0,2,5,9393.78512363643,3010.050696044913,163.36695451179156,16.78827864772199,12.0,0.37469413682286246,adjacent-to-single-label,0.0,0.0,25.518611581275074,24.704,0.8146115812750745
I-77714-02-06,77714,development,tidal,isolated,7714,1,255.0,2,6,9393.78512363643,3010.050696044913,163.36695451179156,16.78827864772199,12.0,0.37469413682286246,adjacent-to-single-label,0.0,0.0,25.78871997409391,24.704,1.0847199740939102
I-77714-02-07,77714,development,tidal,isolated,7714,1,255.0,2,7,9393.78512363643,3010.050696044913,163.36695451179156,16.78827864772199,12.0,0.37469413682286246,adjacent-to-single-label,0.0,0.0,25.918611581275076,25.104000000000003,0.8146115812750745
I-77714-02-08,77714,development,tidal,isolated,7714,1,255.0,2,8,9393.78512363643,3010.050696044913,163.36695451179156,16.78827864772199,12.0,0.37469413682286246,adjacent-to-single-label,0.0,0.0,26.188719974093914,25.104000000000003,1.0847199740939102
I-77714-03-01,77714,development,tidal,isolated,7714,1,255.0,3,1,9384.609462775634,3010.451314049904,163.36692331422637,16.788204800381884,12.0,0.37469413682286246,adjacent-to-single-label,0.24,0.0,24.718611581275074,23.904,0.8146115812750745
I-77714-03-02,77714,development,tidal,isolated,7714,1,255.0,3,2,9384.609462775634,3010.451314049904,163.36692331422637,16.788204800381884,12.0,0.37469413682286246,adjacent-to-single-label,0.24,0.0,24.98871997409391,23.904,1.0847199740939102
I-77714-03-03,77714,development,tidal,isolated,7714,1,255.0,3,3,9384.609462775634,3010.451314049904,163.36692331422637,16.788204800381884,12.0,0.37469413682286246,adjacent-to-single-label,0.24,0.0,25.118611581275076,24.304000000000002,0.8146115812750745
I-77714-03-04,77714,development,tidal,isolated,7714,1,255.0,3,4,9384.609462775634,3010.451314049904,163.36692331422637,16.788204800381884,12.0,0.37469413682286246,adjacent-to-single-label,0.24,0.0,25.388719974093913,24.304000000000002,1.0847199740939102
I-77714-03-05,77714,development,tidal,isolated,7714,1,255.0,3,5,9384.609462775634,3010.451314049904,163.36692331422637,16.788204800381884,12.0,0.37469413682286246,adjacent-to-single-label,0.24,0.0,25.518611581275074,24.704,0.8146115812750745
I-77714-03-06,77714,development,tidal,isolated,7714,1,255.0,3,6,9384.609462775634,3010.451314049904,163.36692331422637,16.788204800381884,12.0,0.37469413682286246,adjacent-to-single-label,0.24,0.0,25.78871997409391,24.704,1.0847199740939102
I-77714-03-07,77714,development,tidal,isolated,7714,1,255.0,3,7,9384.609462775634,3010.451314049904,163.36692331422637,16.788204800381884,12.0,0.37469413682286246,adjacent-to-single-label,0.24,0.0,25.918611581275076,25.104000000000003,0.8146115812750745
I-77714-03-08,77714,development,tidal,isolated,7714,1,255.0,3,8,9384.609462775634,3010.451314049904,163.36692331422637,16.788204800381884,12.0,0.37469413682286246,adjacent-to-single-label,0.24,0.0,26.188719974093914,25.104000000000003,1.0847199740939102
I-77714-04-01,77714,development,tidal,isolated,7714,1,255.0,4,1,9377.838011051103,3004.2464217413612,163.36684671160958,16.788173702202453,12.0,0.37469413682286246,adjacent-to-single-label,0.08,0.04,24.718611581275074,23.904,0.8146115812750745
I-77714-04-02,77714,development,tidal,isolated,7714,1,255.0,4,2,9377.838011051103,3004.2464217413612,163.36684671160958,16.788173702202453,12.0,0.37469413682286246,adjacent-to-single-label,0.08,0.04,24.98871997409391,23.904,1.0847199740939102
I-77714-04-03,77714,development,tidal,isolated,7714,1,255.0,4,3,9377.838011051103,3004.2464217413612,163.36684671160958,16.788173702202453,12.0,0.37469413682286246,adjacent-to-single-label,0.08,0.04,25.118611581275076,24.304000000000002,0.8146115812750745
I-77714-04-04,77714,development,tidal,isolated,7714,1,255.0,4,4,9377.838011051103,3004.2464217413612,163.36684671160958,16.788173702202453,12.0,0.37469413682286246,adjacent-to-single-label,0.08,0.04,25.388719974093913,24.304000000000002,1.0847199740939102
I-77714-04-05,77714,development,tidal,isolated,7714,1,255.0,4,5,9377.838011051103,3004.2464217413612,163.36684671160958,16.788173702202453,12.0,0.37469413682286246,adjacent-to-single-label,0.08,0.04,25.518611581275074,24.704,0.8146115812750745
I-77714-04-06,77714,development,tidal,isolated,7714,1,255.0,4,6,9377.838011051103,3004.2464217413612,163.36684671160958,16.788173702202453,12.0,0.37469413682286246,adjacent-to-single-label,0.08,0.04,25.78871997409391,24.704,1.0847199740939102
I-77714-04-07,77714,development,tidal,isolated,7714,1,255.0,4,7,9377.838011051103,3004.2464217413612,163.36684671160958,16.788173702202453,12.0,0.37469413682286246,adjacent-to-single-label,0.08,0.04,25.918611581275076,25.104000000000003,0.8146115812750745
I-77714-04-08,77714,development,tidal,isolated,7714,1,255.0,4,8,9377.838011051103,3004.2464217413612,163.36684671160958,16.788173702202453,12.0,0.37469413682286246,adjacent-to-single-label,0.08,0.04,26.188719974093914,25.104000000000003,1.0847199740939102
I-77714-05-01,77714,development,tidal,isolated,7714,1,255.0,5,1,9377.122594580072,2996.069174059243,163.36677662229837,16.788197492042354,12.0,0.37469413682286246,adjacent-to-single-label,0.12,0.0,24.718611581275074,23.904,0.8146115812750745
I-77714-05-02,77714,development,tidal,isolated,7714,1,255.0,5,2,9377.122594580072,2996.069174059243,163.36677662229837,16.788197492042354,12.0,0.37469413682286246,adjacent-to-single-label,0.12,0.0,24.98871997409391,23.904,1.0847199740939102
I-77714-05-03,77714,development,tidal,isolated,7714,1,255.0,5,3,9377.122594580072,2996.069174059243,163.36677662229837,16.788197492042354,12.0,0.37469413682286246,adjacent-to-single-label,0.12,0.0,25.118611581275076,24.304000000000002,0.8146115812750745
I-77714-05-04,77714,development,tidal,isolated,7714,1,255.0,5,4,9377.122594580072,2996.069174059243,163.36677662229837,16.788197492042354,12.0,0.37469413682286246,adjacent-to-single-label,0.12,0.0,25.388719974093913,24.304000000000002,1.0847199740939102
I-77714-05-05,77714,development,tidal,isolated,7714,1,255.0,5,5,9377.122594580072,2996.069174059243,163.36677662229837,16.788197492042354,12.0,0.37469413682286246,adjacent-to-single-label,0.12,0.0,25.518611581275074,24.704,0.8146115812750745
I-77714-05-06,77714,development,tidal,isolated,7714,1,255.0,5,6,9377.122594580072,2996.069174059243,163.36677662229837,16.788197492042354,12.0,0.37469413682286246,adjacent-to-single-label,0.12,0.0,25.78871997409391,24.704,1.0847199740939102
I-77714-05-07,77714,development,tidal,isolated,7714,1,255.0,5,7,9377.122594580072,2996.069174059243,163.36677662229837,16.788197492042354,12.0,0.37469413682286246,adjacent-to-single-label,0.12,0.0,25.918611581275076,25.104000000000003,0.8146115812750745
I-77714-05-08,77714,development,tidal,isolated,7714,1,255.0,5,8,9377.122594580072,2996.069174059243,163.36677662229837,16.788197492042354,12.0,0.37469413682286246,adjacent-to-single-label,0.12,0.0,26.188719974093914,25.104000000000003,1.0847199740939102
I-77714-06-01,77714,development,tidal,isolated,7714,1,255.0,6,1,9386.132610531962,2995.4888184011725,163.3668057155434,16.78827067929018,4.5,0.14051030130857342,adjacent-to-single-label,0.12,0.12,24.718611581275074,23.904,0.8146115812750745
I-77714-06-02,77714,development,tidal,isolated,7714,1,255.0,6,2,9386.132610531962,2995.4888184011725,163.3668057155434,16.78827067929018,4.5,0.14051030130857342,adjacent-to-single-label,0.12,0.12,24.98871997409391,23.904,1.0847199740939102
I-77714-06-03,77714,development,tidal,isolated,7714,1,255.0,6,3,9386.132610531962,2995.4888184011725,163.3668057155434,16.78827067929018,4.5,0.14051030130857342,adjacent-to-single-label,0.12,0.12,25.118611581275076,24.304000000000002,0.8146115812750745
I-77714-06-04,77714,development,tidal,isolated,7714,1,255.0,6,4,9386.132610531962,2995.4888184011725,163.3668057155434,16.78827067929018,4.5,0.14051030130857342,adjacent-to-single-label,0.12,0.12,25.388719974093913,24.304000000000002,1.0847199740939102
I-77714-06-05,77714,development,tidal,isolated,7714,1,255.0,6,5,9386.132610531962,2995.4888184011725,163.3668057155434,16.78827067929018,4.5,0.14051030130857342,adjacent-to-single-label,0.12,0.12,25.518611581275074,24.704,0.8146115812750745
I-77714-06-06,77714,development,tidal,isolated,7714,1,255.0,6,6,9386.132610531962,2995.4888184011725,163.3668057155434,16.78827067929018,4.5,0.14051030130857342,adjacent-to-single-label,0.12,0.12,25.78871997409391,24.704,1.0847199740939102
I-77714-06-07,77714,development,tidal,isolated,7714,1,255.0,6,7,9386.132610531962,2995.4888184011725,163.3668057155434,16.78827067929018,4.5,0.14051030130857342,adjacent-to-single-label,0.12,0.12,25.918611581275076,25.104000000000003,0.8146115812750745
I-77714-06-08,77714,development,tidal,isolated,7714,1,255.0,6,8,9386.132610531962,2995.4888184011725,163.3668057155434,16.78827067929018,4.5,0.14051030130857342,adjacent-to-single-label,0.12,0.12,26.188719974093914,25.104000000000003,1.0847199740939102
I-77714-07-01,77714,development,tidal,isolated,7714,1,255.0,7,1,9381.830787259329,2989.345178069005,163.36673890331704,16.788258848460295,12.0,0.37469413682286246,adjacent-to-single-label,0.0,0.0,24.718611581275074,23.904,0.8146115812750745
I-77714-07-02,77714,development,tidal,isolated,7714,1,255.0,7,2,9381.830787259329,2989.345178069005,163.36673890331704,16.788258848460295,12.0,0.37469413682286246,adjacent-to-single-label,0.0,0.0,24.98871997409391,23.904,1.0847199740939102
I-77714-07-03,77714,development,tidal,isolated,7714,1,255.0,7,3,9381.830787259329,2989.345178069005,163.36673890331704,16.788258848460295,12.0,0.37469413682286246,adjacent-to-single-label,0.0,0.0,25.118611581275076,24.304000000000002,0.8146115812750745
I-77714-07-04,77714,development,tidal,isolated,7714,1,255.0,7,4,9381.830787259329,2989.345178069005,163.36673890331704,16.788258848460295,12.0,0.37469413682286246,adjacent-to-single-label,0.0,0.0,25.388719974093913,24.304000000000002,1.0847199740939102
I-77714-07-05,77714,development,tidal,isolated,7714,1,255.0,7,5,9381.830787259329,2989.345178069005,163.36673890331704,16.788258848460295,12.0,0.37469413682286246,adjacent-to-single-label,0.0,0.0,25.518611581275074,24.704,0.8146115812750745
I-77714-07-06,77714,development,tidal,isolated,7714,1,255.0,7,6,9381.830787259329,2989.345178069005,163.36673890331704,16.788258848460295,12.0,0.37469413682286246,adjacent-to-single-label,0.0,0.0,25.78871997409391,24.704,1.0847199740939102
I-77714-07-07,77714,development,tidal,isolated,7714,1,255.0,7,7,9381.830787259329,2989.345178069005,163.36673890331704,16.788258848460295,12.0,0.37469413682286246,adjacent-to-single-label,0.0,0.0,25.918611581275076,25.104000000000003,0.8146115812750745
I-77714-07-08,77714,development,tidal,isolated,7714,1,255.0,7,8,9381.830787259329,2989.345178069005,163.36673890331704,16.788258848460295,12.0,0.37469413682286246,adjacent-to-single-label,0.0,0.0,26.188719974093914,25.104000000000003,1.0847199740939102
I-77714-08-01,77714,development,tidal,isolated,7714,1,255.0,8,1,9389.759573408513,2987.220666223372,163.36675120381818,16.788329062125282,12.0,0.37469413682286246,adjacent-to-single-label,0.12,0.04,24.718611581275074,23.904,0.8146115812750745
I-77714-08-02,77714,development,tidal,isolated,7714,1,255.0,8,2,9389.759573408513,2987.220666223372,163.36675120381818,16.788329062125282,12.0,0.37469413682286246,adjacent-to-single-label,0.12,0.04,24.98871997409391,23.904,1.0847199740939102
I-77714-08-03,77714,development,tidal,isolated,7714,1,255.0,8,3,9389.759573408513,2987.220666223372,163.36675120381818,16.788329062125282,12.0,0.37469413682286246,adjacent-to-single-label,0.12,0.04,25.118611581275076,24.304000000000002,0.8146115812750745
I-77714-08-04,77714,development,tidal,isolated,7714,1,255.0,8,4,9389.759573408513,2987.220666223372,163.36675120381818,16.788329062125282,12.0,0.37469413682286246,adjacent-to-single-label,0.12,0.04,25.388719974093913,24.304000000000002,1.0847199740939102
I-77714-08-05,77714,development,tidal,isolated,7714,1,255.0,8,5,9389.759573408513,2987.220666223372,163.36675120381818,16.788329062125282,12.0,0.37469413682286246,adjacent-to-single-label,0.12,0.04,25.518611581275074,24.704,0.8146115812750745
I-77714-08-06,77714,development,tidal,isolated,7714,1,255.0,8,6,9389.759573408513,2987.220666223372,163.36675120381818,16.788329062125282,12.0,0.37469413682286246,adjacent-to-single-label,0.12,0.04,25.78871997409391,24.704,1.0847199740939102
I-77714-08-07,77714,development,tidal,isolated,7714,1,255.0,8,7,9389.759573408513,2987.220666223372,163.36675120381818,16.788329062125282,12.0,0.37469413682286246,adjacent-to-single-label,0.12,0.04,25.918611581275076,25.104000000000003,0.8146115812750745
I-77714-08-08,77714,development,tidal,isolated,7714,1,255.0,8,8,9389.759573408513,2987.220666223372,163.36675120381818,16.788329062125282,12.0,0.37469413682286246,adjacent-to-single-label,0.12,0.04,26.188719974093914,25.104000000000003,1.0847199740939102
I-88606-01-01,88606,development,tidal,isolated,8593,1,26.0,1,1,9369.977518175116,3197.63663880057,163.36841113284078,16.78741553232868,7.5,0.23418383551428903,adjacent-to-single-label,0.16,0.0,24.90561158127507,24.090999999999998,0.8146115812750745
I-88606-01-02,88606,development,tidal,isolated,8593,1,26.0,1,2,9369.977518175116,3197.63663880057,163.36841113284078,16.78741553232868,7.5,0.23418383551428903,adjacent-to-single-label,0.16,0.0,25.17571997409391,24.090999999999998,1.0847199740939102
I-88606-01-03,88606,development,tidal,isolated,8593,1,26.0,1,3,9369.977518175116,3197.63663880057,163.36841113284078,16.78741553232868,7.5,0.23418383551428903,adjacent-to-single-label,0.16,0.0,25.305611581275073,24.491,0.8146115812750745
I-88606-01-04,88606,development,tidal,isolated,8593,1,26.0,1,4,9369.977518175116,3197.63663880057,163.36841113284078,16.78741553232868,7.5,0.23418383551428903,adjacent-to-single-label,0.16,0.0,25.57571997409391,24.491,1.0847199740939102
I-88606-01-05,88606,development,tidal,isolated,8593,1,26.0,1,5,9369.977518175116,3197.63663880057,163.36841113284078,16.78741553232868,7.5,0.23418383551428903,adjacent-to-single-label,0.16,0.0,25.705611581275072,24.891,0.8146115812750745
I-88606-01-06,88606,development,tidal,isolated,8593,1,26.0,1,6,9369.977518175116,3197.63663880057,163.36841113284078,16.78741553232868,7.5,0.23418383551428903,adjacent-to-single-label,0.16,0.0,25.97571997409391,24.891,1.0847199740939102
I-88606-01-07,88606,development,tidal,isolated,8593,1,26.0,1,7,9369.977518175116,3197.63663880057,163.36841113284078,16.78741553232868,7.5,0.23418383551428903,adjacent-to-single-label,0.16,0.0,26.105611581275074,25.291,0.8146115812750745
I-88606-01-08,88606,development,tidal,isolated,8593,1,26.0,1,8,9369.977518175116,3197.63663880057,163.36841113284078,16.78741553232868,7.5,0.23418383551428903,adjacent-to-single-label,0.16,0.0,26.37571997409391,25.291,1.0847199740939102
I-88606-02-01,88606,development,tidal,isolated,8593,1,26.0,2,1,9362.43645873376,3205.8409751776708,163.36845040101304,16.787326492697886,12.0,0.37469413682286246,adjacent-to-single-label,0.0,0.0,24.90561158127507,24.090999999999998,0.8146115812750745
I-88606-02-02,88606,development,tidal,isolated,8593,1,26.0,2,2,9362.43645873376,3205.8409751776708,163.36845040101304,16.787326492697886,12.0,0.37469413682286246,adjacent-to-single-label,0.0,0.0,25.17571997409391,24.090999999999998,1.0847199740939102
I-88606-02-03,88606,development,tidal,isolated,8593,1,26.0,2,3,9362.43645873376,3205.8409751776708,163.36845040101304,16.787326492697886,12.0,0.37469413682286246,adjacent-to-single-label,0.0,0.0,25.305611581275073,24.491,0.8146115812750745
I-88606-02-04,88606,development,tidal,isolated,8593,1,26.0,2,4,9362.43645873376,3205.8409751776708,163.36845040101304,16.787326492697886,12.0,0.37469413682286246,adjacent-to-single-label,0.0,0.0,25.57571997409391,24.491,1.0847199740939102
I-88606-02-05,88606,development,tidal,isolated,8593,1,26.0,2,5,9362.43645873376,3205.8409751776708,163.36845040101304,16.787326492697886,12.0,0.37469413682286246,adjacent-to-single-label,0.0,0.0,25.705611581275072,24.891,0.8146115812750745
I-88606-02-06,88606,development,tidal,isolated,8593,1,26.0,2,6,9362.43645873376,3205.8409751776708,163.36845040101304,16.787326492697886,12.0,0.37469413682286246,adjacent-to-single-label,0.0,0.0,25.97571997409391,24.891,1.0847199740939102
I-88606-02-07,88606,development,tidal,isolated,8593,1,26.0,2,7,9362.43645873376,3205.8409751776708,163.36845040101304,16.787326492697886,12.0,0.37469413682286246,adjacent-to-single-label,0.0,0.0,26.105611581275074,25.291,0.8146115812750745
I-88606-02-08,88606,development,tidal,isolated,8593,1,26.0,2,8,9362.43645873376,3205.8409751776708,163.36845040101304,16.787326492697886,12.0,0.37469413682286246,adjacent-to-single-label,0.0,0.0,26.37571997409391,25.291,1.0847199740939102
I-88606-03-01,88606,development,tidal,isolated,8593,1,26.0,3,1,9362.614086758398,3198.810677565631,163.368393123457,16.787353201395142,5.0,0.15612255700952601,adjacent-to-single-label,0.12,0.12,24.90561158127507,24.090999999999998,0.8146115812750745
I-88606-03-02,88606,development,tidal,isolated,8593,1,26.0,3,2,9362.614086758398,3198.810677565631,163.368393123457,16.787353201395142,5.0,0.15612255700952601,adjacent-to-single-label,0.12,0.12,25.17571997409391,24.090999999999998,1.0847199740939102
I-88606-03-03,88606,development,tidal,isolated,8593,1,26.0,3,3,9362.614086758398,3198.810677565631,163.368393123457,16.787353201395142,5.0,0.15612255700952601,adjacent-to-single-label,0.12,0.12,25.305611581275073,24.491,0.8146115812750745
I-88606-03-04,88606,development,tidal,isolated,8593,1,26.0,3,4,9362.614086758398,3198.810677565631,163.368393123457,16.787353201395142,5.0,0.15612255700952601,adjacent-to-single-label,0.12,0.12,25.57571997409391,24.491,1.0847199740939102
I-88606-03-05,88606,development,tidal,isolated,8593,1,26.0,3,5,9362.614086758398,3198.810677565631,163.368393123457,16.787353201395142,5.0,0.15612255700952601,adjacent-to-single-label,0.12,0.12,25.705611581275072,24.891,0.8146115812750745
I-88606-03-06,88606,development,tidal,isolated,8593,1,26.0,3,6,9362.614086758398,3198.810677565631,163.368393123457,16.787353201395142,5.0,0.15612255700952601,adjacent-to-single-label,0.12,0.12,25.97571997409391,24.891,1.0847199740939102
I-88606-03-07,88606,development,tidal,isolated,8593,1,26.0,3,7,9362.614086758398,3198.810677565631,163.368393123457,16.787353201395142,5.0,0.15612255700952601,adjacent-to-single-label,0.12,0.12,26.105611581275074,25.291,0.8146115812750745
I-88606-03-08,88606,development,tidal,isolated,8593,1,26.0,3,8,9362.614086758398,3198.810677565631,163.368393123457,16.787353201395142,5.0,0.15612255700952601,adjacent-to-single-label,0.12,0.12,26.37571997409391,25.291,1.0847199740939102
I-88606-04-01,88606,development,tidal,isolated,8593,1,26.0,4,1,9352.606634202293,3198.9580579414583,163.36835671075178,16.7872737021951,12.0,0.37469413682286246,adjacent-to-single-label,0.0,0.0,24.90561158127507,24.090999999999998,0.8146115812750745
I-88606-04-02,88606,development,tidal,isolated,8593,1,26.0,4,2,9352.606634202293,3198.9580579414583,163.36835671075178,16.7872737021951,12.0,0.37469413682286246,adjacent-to-single-label,0.0,0.0,25.17571997409391,24.090999999999998,1.0847199740939102
I-88606-04-03,88606,development,tidal,isolated,8593,1,26.0,4,3,9352.606634202293,3198.9580579414583,163.36835671075178,16.7872737021951,12.0,0.37469413682286246,adjacent-to-single-label,0.0,0.0,25.305611581275073,24.491,0.8146115812750745
I-88606-04-04,88606,development,tidal,isolated,8593,1,26.0,4,4,9352.606634202293,3198.9580579414583,163.36835671075178,16.7872737021951,12.0,0.37469413682286246,adjacent-to-single-label,0.0,0.0,25.57571997409391,24.491,1.0847199740939102
I-88606-04-05,88606,development,tidal,isolated,8593,1,26.0,4,5,9352.606634202293,3198.9580579414583,163.36835671075178,16.7872737021951,12.0,0.37469413682286246,adjacent-to-single-label,0.0,0.0,25.705611581275072,24.891,0.8146115812750745
I-88606-04-06,88606,development,tidal,isolated,8593,1,26.0,4,6,9352.606634202293,3198.9580579414583,163.36835671075178,16.7872737021951,12.0,0.37469413682286246,adjacent-to-single-label,0.0,0.0,25.97571997409391,24.891,1.0847199740939102
I-88606-04-07,88606,development,tidal,isolated,8593,1,26.0,4,7,9352.606634202293,3198.9580579414583,163.36835671075178,16.7872737021951,12.0,0.37469413682286246,adjacent-to-single-label,0.0,0.0,26.105611581275074,25.291,0.8146115812750745
I-88606-04-08,88606,development,tidal,isolated,8593,1,26.0,4,8,9352.606634202293,3198.9580579414583,163.36835671075178,16.7872737021951,12.0,0.37469413682286246,adjacent-to-single-label,0.0,0.0,26.37571997409391,25.291,1.0847199740939102
I-88606-05-01,88606,development,tidal,isolated,8593,1,26.0,5,1,9359.857096498587,3192.196165753607,163.36832823889893,16.787355256333804,4.0,0.12489804560762081,adjacent-to-single-label,0.2,0.2,24.90561158127507,24.090999999999998,0.8146115812750745
I-88606-05-02,88606,development,tidal,isolated,8593,1,26.0,5,2,9359.857096498587,3192.196165753607,163.36832823889893,16.787355256333804,4.0,0.12489804560762081,adjacent-to-single-label,0.2,0.2,25.17571997409391,24.090999999999998,1.0847199740939102
I-88606-05-03,88606,development,tidal,isolated,8593,1,26.0,5,3,9359.857096498587,3192.196165753607,163.36832823889893,16.787355256333804,4.0,0.12489804560762081,adjacent-to-single-label,0.2,0.2,25.305611581275073,24.491,0.8146115812750745
I-88606-05-04,88606,development,tidal,isolated,8593,1,26.0,5,4,9359.857096498587,3192.196165753607,163.36832823889893,16.787355256333804,4.0,0.12489804560762081,adjacent-to-single-label,0.2,0.2,25.57571997409391,24.491,1.0847199740939102
I-88606-05-05,88606,development,tidal,isolated,8593,1,26.0,5,5,9359.857096498587,3192.196165753607,163.36832823889893,16.787355256333804,4.0,0.12489804560762081,adjacent-to-single-label,0.2,0.2,25.705611581275072,24.891,0.8146115812750745
I-88606-05-06,88606,development,tidal,isolated,8593,1,26.0,5,6,9359.857096498587,3192.196165753607,163.36832823889893,16.787355256333804,4.0,0.12489804560762081,adjacent-to-single-label,0.2,0.2,25.97571997409391,24.891,1.0847199740939102
I-88606-05-07,88606,development,tidal,isolated,8593,1,26.0,5,7,9359.857096498587,3192.196165753607,163.36832823889893,16.787355256333804,4.0,0.12489804560762081,adjacent-to-single-label,0.2,0.2,26.105611581275074,25.291,0.8146115812750745
I-88606-05-08,88606,development,tidal,isolated,8593,1,26.0,5,8,9359.857096498587,3192.196165753607,163.36832823889893,16.787355256333804,4.0,0.12489804560762081,adjacent-to-single-label,0.2,0.2,26.37571997409391,25.291,1.0847199740939102
I-88606-06-01,88606,development,tidal,isolated,8593,1,26.0,6,1,9359.378085926824,3182.610327351139,163.36824742899228,16.787385982660453,12.0,0.37469413682286246,adjacent-to-single-label,0.16,0.0,24.90561158127507,24.090999999999998,0.8146115812750745
I-88606-06-02,88606,development,tidal,isolated,8593,1,26.0,6,2,9359.378085926824,3182.610327351139,163.36824742899228,16.787385982660453,12.0,0.37469413682286246,adjacent-to-single-label,0.16,0.0,25.17571997409391,24.090999999999998,1.0847199740939102
I-88606-06-03,88606,development,tidal,isolated,8593,1,26.0,6,3,9359.378085926824,3182.610327351139,163.36824742899228,16.787385982660453,12.0,0.37469413682286246,adjacent-to-single-label,0.16,0.0,25.305611581275073,24.491,0.8146115812750745
I-88606-06-04,88606,development,tidal,isolated,8593,1,26.0,6,4,9359.378085926824,3182.610327351139,163.36824742899228,16.787385982660453,12.0,0.37469413682286246,adjacent-to-single-label,0.16,0.0,25.57571997409391,24.491,1.0847199740939102
I-88606-06-05,88606,development,tidal,isolated,8593,1,26.0,6,5,9359.378085926824,3182.610327351139,163.36824742899228,16.787385982660453,12.0,0.37469413682286246,adjacent-to-single-label,0.16,0.0,25.705611581275072,24.891,0.8146115812750745
I-88606-06-06,88606,development,tidal,isolated,8593,1,26.0,6,6,9359.378085926824,3182.610327351139,163.36824742899228,16.787385982660453,12.0,0.37469413682286246,adjacent-to-single-label,0.16,0.0,25.97571997409391,24.891,1.0847199740939102
I-88606-06-07,88606,development,tidal,isolated,8593,1,26.0,6,7,9359.378085926824,3182.610327351139,163.36824742899228,16.787385982660453,12.0,0.37469413682286246,adjacent-to-single-label,0.16,0.0,26.105611581275074,25.291,0.8146115812750745
I-88606-06-08,88606,development,tidal,isolated,8593,1,26.0,6,8,9359.378085926824,3182.610327351139,163.36824742899228,16.787385982660453,12.0,0.37469413682286246,adjacent-to-single-label,0.16,0.0,26.37571997409391,25.291,1.0847199740939102
I-88606-07-01,88606,development,tidal,isolated,8593,1,26.0,7,1,9369.482327646732,3183.4943339551564,163.3682927065463,16.7874625329525,12.0,0.37469413682286246,adjacent-to-single-label,0.2,0.0,24.90561158127507,24.090999999999998,0.8146115812750745
I-88606-07-02,88606,development,tidal,isolated,8593,1,26.0,7,2,9369.482327646732,3183.4943339551564,163.3682927065463,16.7874625329525,12.0,0.37469413682286246,adjacent-to-single-label,0.2,0.0,25.17571997409391,24.090999999999998,1.0847199740939102
I-88606-07-03,88606,development,tidal,isolated,8593,1,26.0,7,3,9369.482327646732,3183.4943339551564,163.3682927065463,16.7874625329525,12.0,0.37469413682286246,adjacent-to-single-label,0.2,0.0,25.305611581275073,24.491,0.8146115812750745
I-88606-07-04,88606,development,tidal,isolated,8593,1,26.0,7,4,9369.482327646732,3183.4943339551564,163.3682927065463,16.7874625329525,12.0,0.37469413682286246,adjacent-to-single-label,0.2,0.0,25.57571997409391,24.491,1.0847199740939102
I-88606-07-05,88606,development,tidal,isolated,8593,1,26.0,7,5,9369.482327646732,3183.4943339551564,163.3682927065463,16.7874625329525,12.0,0.37469413682286246,adjacent-to-single-label,0.2,0.0,25.705611581275072,24.891,0.8146115812750745
I-88606-07-06,88606,development,tidal,isolated,8593,1,26.0,7,6,9369.482327646732,3183.4943339551564,163.3682927065463,16.7874625329525,12.0,0.37469413682286246,adjacent-to-single-label,0.2,0.0,25.97571997409391,24.891,1.0847199740939102
I-88606-07-07,88606,development,tidal,isolated,8593,1,26.0,7,7,9369.482327646732,3183.4943339551564,163.3682927065463,16.7874625329525,12.0,0.37469413682286246,adjacent-to-single-label,0.2,0.0,26.105611581275074,25.291,0.8146115812750745
I-88606-07-08,88606,development,tidal,isolated,8593,1,26.0,7,8,9369.482327646732,3183.4943339551564,163.3682927065463,16.7874625329525,12.0,0.37469413682286246,adjacent-to-single-label,0.2,0.0,26.37571997409391,25.291,1.0847199740939102
I-88606-08-01,88606,development,tidal,isolated,8593,1,26.0,8,1,9366.350209828488,3189.790878579125,163.36833282765912,16.78741515173809,5.0,0.15612255700952601,adjacent-to-single-label,0.16,0.0,24.90561158127507,24.090999999999998,0.8146115812750745
I-88606-08-02,88606,development,tidal,isolated,8593,1,26.0,8,2,9366.350209828488,3189.790878579125,163.36833282765912,16.78741515173809,5.0,0.15612255700952601,adjacent-to-single-label,0.16,0.0,25.17571997409391,24.090999999999998,1.0847199740939102
I-88606-08-03,88606,development,tidal,isolated,8593,1,26.0,8,3,9366.350209828488,3189.790878579125,163.36833282765912,16.78741515173809,5.0,0.15612255700952601,adjacent-to-single-label,0.16,0.0,25.305611581275073,24.491,0.8146115812750745
I-88606-08-04,88606,development,tidal,isolated,8593,1,26.0,8,4,9366.350209828488,3189.790878579125,163.36833282765912,16.78741515173809,5.0,0.15612255700952601,adjacent-to-single-label,0.16,0.0,25.57571997409391,24.491,1.0847199740939102
I-88606-08-05,88606,development,tidal,isolated,8593,1,26.0,8,5,9366.350209828488,3189.790878579125,163.36833282765912,16.78741515173809,5.0,0.15612255700952601,adjacent-to-single-label,0.16,0.0,25.705611581275072,24.891,0.8146115812750745
I-88606-08-06,88606,development,tidal,isolated,8593,1,26.0,8,6,9366.350209828488,3189.790878579125,163.36833282765912,16.78741515173809,5.0,0.15612255700952601,adjacent-to-single-label,0.16,0.0,25.97571997409391,24.891,1.0847199740939102
I-88606-08-07,88606,development,tidal,isolated,8593,1,26.0,8,7,9366.350209828488,3189.790878579125,163.36833282765912,16.78741515173809,5.0,0.15612255700952601,adjacent-to-single-label,0.16,0.0,26.105611581275074,25.291,0.8146115812750745
I-88606-08-08,88606,development,tidal,isolated,8593,1,26.0,8,8,9366.350209828488,3189.790878579125,163.36833282765912,16.78741515173809,5.0,0.15612255700952601,adjacent-to-single-label,0.16,0.0,26.37571997409391,25.291,1.0847199740939102
I-89582-01-01,89582,development,tidal,isolated,9066,1,198.0,1,1,9538.11296402421,3293.5671041782202,163.3698340030618,16.78839695997829,7.5,0.23418383551428903,adjacent-to-single-label,0.0,0.0,23.212611581275073,22.398,0.8146115812750745
I-89582-01-02,89582,development,tidal,isolated,9066,1,198.0,1,2,9538.11296402421,3293.5671041782202,163.3698340030618,16.78839695997829,7.5,0.23418383551428903,adjacent-to-single-label,0.0,0.0,23.48271997409391,22.398,1.0847199740939102
I-89582-01-03,89582,development,tidal,isolated,9066,1,198.0,1,3,9538.11296402421,3293.5671041782202,163.3698340030618,16.78839695997829,7.5,0.23418383551428903,adjacent-to-single-label,0.0,0.0,23.612611581275075,22.798000000000002,0.8146115812750745
I-89582-01-04,89582,development,tidal,isolated,9066,1,198.0,1,4,9538.11296402421,3293.5671041782202,163.3698340030618,16.78839695997829,7.5,0.23418383551428903,adjacent-to-single-label,0.0,0.0,23.882719974093913,22.798000000000002,1.0847199740939102
I-89582-01-05,89582,development,tidal,isolated,9066,1,198.0,1,5,9538.11296402421,3293.5671041782202,163.3698340030618,16.78839695997829,7.5,0.23418383551428903,adjacent-to-single-label,0.0,0.0,24.012611581275074,23.198,0.8146115812750745
I-89582-01-06,89582,development,tidal,isolated,9066,1,198.0,1,6,9538.11296402421,3293.5671041782202,163.3698340030618,16.78839695997829,7.5,0.23418383551428903,adjacent-to-single-label,0.0,0.0,24.28271997409391,23.198,1.0847199740939102
I-89582-01-07,89582,development,tidal,isolated,9066,1,198.0,1,7,9538.11296402421,3293.5671041782202,163.3698340030618,16.78839695997829,7.5,0.23418383551428903,adjacent-to-single-label,0.0,0.0,24.412611581275076,23.598000000000003,0.8146115812750745
I-89582-01-08,89582,development,tidal,isolated,9066,1,198.0,1,8,9538.11296402421,3293.5671041782202,163.3698340030618,16.78839695997829,7.5,0.23418383551428903,adjacent-to-single-label,0.0,0.0,24.682719974093914,23.598000000000003,1.0847199740939102
I-89582-02-01,89582,development,tidal,isolated,9066,1,198.0,2,1,9538.326415340449,3302.759637495648,163.36991057290695,16.78836555332402,12.0,0.37469413682286246,adjacent-to-single-label,0.0,0.0,23.212611581275073,22.398,0.8146115812750745
I-89582-02-02,89582,development,tidal,isolated,9066,1,198.0,2,2,9538.326415340449,3302.759637495648,163.36991057290695,16.78836555332402,12.0,0.37469413682286246,adjacent-to-single-label,0.0,0.0,23.48271997409391,22.398,1.0847199740939102
I-89582-02-03,89582,development,tidal,isolated,9066,1,198.0,2,3,9538.326415340449,3302.759637495648,163.36991057290695,16.78836555332402,12.0,0.37469413682286246,adjacent-to-single-label,0.0,0.0,23.612611581275075,22.798000000000002,0.8146115812750745
I-89582-02-04,89582,development,tidal,isolated,9066,1,198.0,2,4,9538.326415340449,3302.759637495648,163.36991057290695,16.78836555332402,12.0,0.37469413682286246,adjacent-to-single-label,0.0,0.0,23.882719974093913,22.798000000000002,1.0847199740939102
I-89582-02-05,89582,development,tidal,isolated,9066,1,198.0,2,5,9538.326415340449,3302.759637495648,163.36991057290695,16.78836555332402,12.0,0.37469413682286246,adjacent-to-single-label,0.0,0.0,24.012611581275074,23.198,0.8146115812750745
I-89582-02-06,89582,development,tidal,isolated,9066,1,198.0,2,6,9538.326415340449,3302.759637495648,163.36991057290695,16.78836555332402,12.0,0.37469413682286246,adjacent-to-single-label,0.0,0.0,24.28271997409391,23.198,1.0847199740939102
I-89582-02-07,89582,development,tidal,isolated,9066,1,198.0,2,7,9538.326415340449,3302.759637495648,163.36991057290695,16.78836555332402,12.0,0.37469413682286246,adjacent-to-single-label,0.0,0.0,24.412611581275076,23.598000000000003,0.8146115812750745
I-89582-02-08,89582,development,tidal,isolated,9066,1,198.0,2,8,9538.326415340449,3302.759637495648,163.36991057290695,16.78836555332402,12.0,0.37469413682286246,adjacent-to-single-label,0.0,0.0,24.682719974093914,23.598000000000003,1.0847199740939102
I-89582-03-01,89582,development,tidal,isolated,9066,1,198.0,3,1,9528.529185892208,3305.3847972143667,163.36989537231264,16.7882787938225,12.0,0.37469413682286246,adjacent-to-single-label,0.04,0.04,23.212611581275073,22.398,0.8146115812750745
I-89582-03-02,89582,development,tidal,isolated,9066,1,198.0,3,2,9528.529185892208,3305.3847972143667,163.36989537231264,16.7882787938225,12.0,0.37469413682286246,adjacent-to-single-label,0.04,0.04,23.48271997409391,22.398,1.0847199740939102
I-89582-03-03,89582,development,tidal,isolated,9066,1,198.0,3,3,9528.529185892208,3305.3847972143667,163.36989537231264,16.7882787938225,12.0,0.37469413682286246,adjacent-to-single-label,0.04,0.04,23.612611581275075,22.798000000000002,0.8146115812750745
I-89582-03-04,89582,development,tidal,isolated,9066,1,198.0,3,4,9528.529185892208,3305.3847972143667,163.36989537231264,16.7882787938225,12.0,0.37469413682286246,adjacent-to-single-label,0.04,0.04,23.882719974093913,22.798000000000002,1.0847199740939102
I-89582-03-05,89582,development,tidal,isolated,9066,1,198.0,3,5,9528.529185892208,3305.3847972143667,163.36989537231264,16.7882787938225,12.0,0.37469413682286246,adjacent-to-single-label,0.04,0.04,24.012611581275074,23.198,0.8146115812750745
I-89582-03-06,89582,development,tidal,isolated,9066,1,198.0,3,6,9528.529185892208,3305.3847972143667,163.36989537231264,16.7882787938225,12.0,0.37469413682286246,adjacent-to-single-label,0.04,0.04,24.28271997409391,23.198,1.0847199740939102
I-89582-03-07,89582,development,tidal,isolated,9066,1,198.0,3,7,9528.529185892208,3305.3847972143667,163.36989537231264,16.7882787938225,12.0,0.37469413682286246,adjacent-to-single-label,0.04,0.04,24.412611581275076,23.598000000000003,0.8146115812750745
I-89582-03-08,89582,development,tidal,isolated,9066,1,198.0,3,8,9528.529185892208,3305.3847972143667,163.36989537231264,16.7882787938225,12.0,0.37469413682286246,adjacent-to-single-label,0.04,0.04,24.682719974093914,23.598000000000003,1.0847199740939102
I-89582-04-01,89582,development,tidal,isolated,9066,1,198.0,4,1,9521.420430706783,3301.280555494459,163.36983481501574,16.78823747324291,12.0,0.37469413682286246,adjacent-to-single-label,0.0,0.0,23.212611581275073,22.398,0.8146115812750745
I-89582-04-02,89582,development,tidal,isolated,9066,1,198.0,4,2,9521.420430706783,3301.280555494459,163.36983481501574,16.78823747324291,12.0,0.37469413682286246,adjacent-to-single-label,0.0,0.0,23.48271997409391,22.398,1.0847199740939102
I-89582-04-03,89582,development,tidal,isolated,9066,1,198.0,4,3,9521.420430706783,3301.280555494459,163.36983481501574,16.78823747324291,12.0,0.37469413682286246,adjacent-to-single-label,0.0,0.0,23.612611581275075,22.798000000000002,0.8146115812750745
I-89582-04-04,89582,development,tidal,isolated,9066,1,198.0,4,4,9521.420430706783,3301.280555494459,163.36983481501574,16.78823747324291,12.0,0.37469413682286246,adjacent-to-single-label,0.0,0.0,23.882719974093913,22.798000000000002,1.0847199740939102
I-89582-04-05,89582,development,tidal,isolated,9066,1,198.0,4,5,9521.420430706783,3301.280555494459,163.36983481501574,16.78823747324291,12.0,0.37469413682286246,adjacent-to-single-label,0.0,0.0,24.012611581275074,23.198,0.8146115812750745
I-89582-04-06,89582,development,tidal,isolated,9066,1,198.0,4,6,9521.420430706783,3301.280555494459,163.36983481501574,16.78823747324291,12.0,0.37469413682286246,adjacent-to-single-label,0.0,0.0,24.28271997409391,23.198,1.0847199740939102
I-89582-04-07,89582,development,tidal,isolated,9066,1,198.0,4,7,9521.420430706783,3301.280555494459,163.36983481501574,16.78823747324291,12.0,0.37469413682286246,adjacent-to-single-label,0.0,0.0,24.412611581275076,23.598000000000003,0.8146115812750745
I-89582-04-08,89582,development,tidal,isolated,9066,1,198.0,4,8,9521.420430706783,3301.280555494459,163.36983481501574,16.78823747324291,12.0,0.37469413682286246,adjacent-to-single-label,0.0,0.0,24.682719974093914,23.598000000000003,1.0847199740939102
I-89582-05-01,89582,development,tidal,isolated,9066,1,198.0,5,1,9518.61296402421,3293.5671041782202,163.36976068263846,16.788243086248777,12.0,0.37469413682286246,adjacent-to-single-label,0.0,0.0,23.212611581275073,22.398,0.8146115812750745
I-89582-05-02,89582,development,tidal,isolated,9066,1,198.0,5,2,9518.61296402421,3293.5671041782202,163.36976068263846,16.788243086248777,12.0,0.37469413682286246,adjacent-to-single-label,0.0,0.0,23.48271997409391,22.398,1.0847199740939102
I-89582-05-03,89582,development,tidal,isolated,9066,1,198.0,5,3,9518.61296402421,3293.5671041782202,163.36976068263846,16.788243086248777,12.0,0.37469413682286246,adjacent-to-single-label,0.0,0.0,23.612611581275075,22.798000000000002,0.8146115812750745
I-89582-05-04,89582,development,tidal,isolated,9066,1,198.0,5,4,9518.61296402421,3293.5671041782202,163.36976068263846,16.788243086248777,12.0,0.37469413682286246,adjacent-to-single-label,0.0,0.0,23.882719974093913,22.798000000000002,1.0847199740939102
I-89582-05-05,89582,development,tidal,isolated,9066,1,198.0,5,5,9518.61296402421,3293.5671041782202,163.36976068263846,16.788243086248777,12.0,0.37469413682286246,adjacent-to-single-label,0.0,0.0,24.012611581275074,23.198,0.8146115812750745
I-89582-05-06,89582,development,tidal,isolated,9066,1,198.0,5,6,9518.61296402421,3293.5671041782202,163.36976068263846,16.788243086248777,12.0,0.37469413682286246,adjacent-to-single-label,0.0,0.0,24.28271997409391,23.198,1.0847199740939102
I-89582-05-07,89582,development,tidal,isolated,9066,1,198.0,5,7,9518.61296402421,3293.5671041782202,163.36976068263846,16.788243086248777,12.0,0.37469413682286246,adjacent-to-single-label,0.0,0.0,24.412611581275076,23.598000000000003,0.8146115812750745
I-89582-05-08,89582,development,tidal,isolated,9066,1,198.0,5,8,9518.61296402421,3293.5671041782202,163.36976068263846,16.788243086248777,12.0,0.37469413682286246,adjacent-to-single-label,0.0,0.0,24.682719974093914,23.598000000000003,1.0847199740939102
I-89582-06-01,89582,development,tidal,isolated,9066,1,198.0,6,1,9528.529185892208,3281.7494111420738,163.36970056331,16.788363875665844,12.0,0.37469413682286246,adjacent-to-single-label,0.0,0.0,23.212611581275073,22.398,0.8146115812750745
I-89582-06-02,89582,development,tidal,isolated,9066,1,198.0,6,2,9528.529185892208,3281.7494111420738,163.36970056331,16.788363875665844,12.0,0.37469413682286246,adjacent-to-single-label,0.0,0.0,23.48271997409391,22.398,1.0847199740939102
I-89582-06-03,89582,development,tidal,isolated,9066,1,198.0,6,3,9528.529185892208,3281.7494111420738,163.36970056331,16.788363875665844,12.0,0.37469413682286246,adjacent-to-single-label,0.0,0.0,23.612611581275075,22.798000000000002,0.8146115812750745
I-89582-06-04,89582,development,tidal,isolated,9066,1,198.0,6,4,9528.529185892208,3281.7494111420738,163.36970056331,16.788363875665844,12.0,0.37469413682286246,adjacent-to-single-label,0.0,0.0,23.882719974093913,22.798000000000002,1.0847199740939102
I-89582-06-05,89582,development,tidal,isolated,9066,1,198.0,6,5,9528.529185892208,3281.7494111420738,163.36970056331,16.788363875665844,12.0,0.37469413682286246,adjacent-to-single-label,0.0,0.0,24.012611581275074,23.198,0.8146115812750745
I-89582-06-06,89582,development,tidal,isolated,9066,1,198.0,6,6,9528.529185892208,3281.7494111420738,163.36970056331,16.788363875665844,12.0,0.37469413682286246,adjacent-to-single-label,0.0,0.0,24.28271997409391,23.198,1.0847199740939102
I-89582-06-07,89582,development,tidal,isolated,9066,1,198.0,6,7,9528.529185892208,3281.7494111420738,163.36970056331,16.788363875665844,12.0,0.37469413682286246,adjacent-to-single-label,0.0,0.0,24.412611581275076,23.598000000000003,0.8146115812750745
I-89582-06-08,89582,development,tidal,isolated,9066,1,198.0,6,8,9528.529185892208,3281.7494111420738,163.36970056331,16.788363875665844,12.0,0.37469413682286246,adjacent-to-single-label,0.0,0.0,24.682719974093914,23.598000000000003,1.0847199740939102
I-89582-07-01,89582,development,tidal,isolated,9066,1,198.0,7,1,9531.394380823713,3289.1354692896653,163.36977221433526,16.788359896751036,4.5,0.14051030130857342,adjacent-to-single-label,0.12,0.12,23.212611581275073,22.398,0.8146115812750745
I-89582-07-02,89582,development,tidal,isolated,9066,1,198.0,7,2,9531.394380823713,3289.1354692896653,163.36977221433526,16.788359896751036,4.5,0.14051030130857342,adjacent-to-single-label,0.12,0.12,23.48271997409391,22.398,1.0847199740939102
I-89582-07-03,89582,development,tidal,isolated,9066,1,198.0,7,3,9531.394380823713,3289.1354692896653,163.36977221433526,16.788359896751036,4.5,0.14051030130857342,adjacent-to-single-label,0.12,0.12,23.612611581275075,22.798000000000002,0.8146115812750745
I-89582-07-04,89582,development,tidal,isolated,9066,1,198.0,7,4,9531.394380823713,3289.1354692896653,163.36977221433526,16.788359896751036,4.5,0.14051030130857342,adjacent-to-single-label,0.12,0.12,23.882719974093913,22.798000000000002,1.0847199740939102
I-89582-07-05,89582,development,tidal,isolated,9066,1,198.0,7,5,9531.394380823713,3289.1354692896653,163.36977221433526,16.788359896751036,4.5,0.14051030130857342,adjacent-to-single-label,0.12,0.12,24.012611581275074,23.198,0.8146115812750745
I-89582-07-06,89582,development,tidal,isolated,9066,1,198.0,7,6,9531.394380823713,3289.1354692896653,163.36977221433526,16.788359896751036,4.5,0.14051030130857342,adjacent-to-single-label,0.12,0.12,24.28271997409391,23.198,1.0847199740939102
I-89582-07-07,89582,development,tidal,isolated,9066,1,198.0,7,7,9531.394380823713,3289.1354692896653,163.36977221433526,16.788359896751036,4.5,0.14051030130857342,adjacent-to-single-label,0.12,0.12,24.412611581275076,23.598000000000003,0.8146115812750745
I-89582-07-08,89582,development,tidal,isolated,9066,1,198.0,7,8,9531.394380823713,3289.1354692896653,163.36977221433526,16.788359896751036,4.5,0.14051030130857342,adjacent-to-single-label,0.12,0.12,24.682719974093914,23.598000000000003,1.0847199740939102
I-89582-08-01,89582,development,tidal,isolated,9066,1,198.0,8,1,9538.326415340449,3284.3745708607926,163.36975903835472,16.788431735276387,12.0,0.37469413682286246,adjacent-to-single-label,0.16,0.0,23.212611581275073,22.398,0.8146115812750745
I-89582-08-02,89582,development,tidal,isolated,9066,1,198.0,8,2,9538.326415340449,3284.3745708607926,163.36975903835472,16.788431735276387,12.0,0.37469413682286246,adjacent-to-single-label,0.16,0.0,23.48271997409391,22.398,1.0847199740939102
I-89582-08-03,89582,development,tidal,isolated,9066,1,198.0,8,3,9538.326415340449,3284.3745708607926,163.36975903835472,16.788431735276387,12.0,0.37469413682286246,adjacent-to-single-label,0.16,0.0,23.612611581275075,22.798000000000002,0.8146115812750745
I-89582-08-04,89582,development,tidal,isolated,9066,1,198.0,8,4,9538.326415340449,3284.3745708607926,163.36975903835472,16.788431735276387,12.0,0.37469413682286246,adjacent-to-single-label,0.16,0.0,23.882719974093913,22.798000000000002,1.0847199740939102
I-89582-08-05,89582,development,tidal,isolated,9066,1,198.0,8,5,9538.326415340449,3284.3745708607926,163.36975903835472,16.788431735276387,12.0,0.37469413682286246,adjacent-to-single-label,0.16,0.0,24.012611581275074,23.198,0.8146115812750745
I-89582-08-06,89582,development,tidal,isolated,9066,1,198.0,8,6,9538.326415340449,3284.3745708607926,163.36975903835472,16.788431735276387,12.0,0.37469413682286246,adjacent-to-single-label,0.16,0.0,24.28271997409391,23.198,1.0847199740939102
I-89582-08-07,89582,development,tidal,isolated,9066,1,198.0,8,7,9538.326415340449,3284.3745708607926,163.36975903835472,16.788431735276387,12.0,0.37469413682286246,adjacent-to-single-label,0.16,0.0,24.412611581275076,23.598000000000003,0.8146115812750745
I-89582-08-08,89582,development,tidal,isolated,9066,1,198.0,8,8,9538.326415340449,3284.3745708607926,163.36975903835472,16.788431735276387,12.0,0.37469413682286246,adjacent-to-single-label,0.16,0.0,24.682719974093914,23.598000000000003,1.0847199740939102
I-93366-01-01,93366,development,tidal,isolated,9489,1,43.0,1,1,9564.201474330064,3389.6459947792428,163.37072400331326,16.788256959856955,7.5,0.23418383551428903,adjacent-to-single-label,0.12,0.12,25.820611581275074,25.006,0.8146115812750745
I-93366-01-02,93366,development,tidal,isolated,9489,1,43.0,1,2,9564.201474330064,3389.6459947792428,163.37072400331326,16.788256959856955,7.5,0.23418383551428903,adjacent-to-single-label,0.12,0.12,26.09071997409391,25.006,1.0847199740939102
I-93366-01-03,93366,development,tidal,isolated,9489,1,43.0,1,3,9564.201474330064,3389.6459947792428,163.37072400331326,16.788256959856955,7.5,0.23418383551428903,adjacent-to-single-label,0.12,0.12,26.220611581275076,25.406000000000002,0.8146115812750745
I-93366-01-04,93366,development,tidal,isolated,9489,1,43.0,1,4,9564.201474330064,3389.6459947792428,163.37072400331326,16.788256959856955,7.5,0.23418383551428903,adjacent-to-single-label,0.12,0.12,26.490719974093913,25.406000000000002,1.0847199740939102
I-93366-01-05,93366,development,tidal,isolated,9489,1,43.0,1,5,9564.201474330064,3389.6459947792428,163.37072400331326,16.788256959856955,7.5,0.23418383551428903,adjacent-to-single-label,0.12,0.12,26.620611581275075,25.806,0.8146115812750745
I-93366-01-06,93366,development,tidal,isolated,9489,1,43.0,1,6,9564.201474330064,3389.6459947792428,163.37072400331326,16.788256959856955,7.5,0.23418383551428903,adjacent-to-single-label,0.12,0.12,26.890719974093912,25.806,1.0847199740939102
I-93366-01-07,93366,development,tidal,isolated,9489,1,43.0,1,7,9564.201474330064,3389.6459947792428,163.37072400331326,16.788256959856955,7.5,0.23418383551428903,adjacent-to-single-label,0.12,0.12,27.020611581275077,26.206000000000003,0.8146115812750745
I-93366-01-08,93366,development,tidal,isolated,9489,1,43.0,1,8,9564.201474330064,3389.6459947792428,163.37072400331326,16.788256959856955,7.5,0.23418383551428903,adjacent-to-single-label,0.12,0.12,27.290719974093914,26.206000000000003,1.0847199740939102
I-93366-02-01,93366,development,tidal,isolated,9489,1,43.0,2,1,9564.414925646302,3398.8385280966704,163.37080057295412,16.788225552873993,12.0,0.37469413682286246,adjacent-to-single-label,0.0,0.0,25.820611581275074,25.006,0.8146115812750745
I-93366-02-02,93366,development,tidal,isolated,9489,1,43.0,2,2,9564.414925646302,3398.8385280966704,163.37080057295412,16.788225552873993,12.0,0.37469413682286246,adjacent-to-single-label,0.0,0.0,26.09071997409391,25.006,1.0847199740939102
I-93366-02-03,93366,development,tidal,isolated,9489,1,43.0,2,3,9564.414925646302,3398.8385280966704,163.37080057295412,16.788225552873993,12.0,0.37469413682286246,adjacent-to-single-label,0.0,0.0,26.220611581275076,25.406000000000002,0.8146115812750745
I-93366-02-04,93366,development,tidal,isolated,9489,1,43.0,2,4,9564.414925646302,3398.8385280966704,163.37080057295412,16.788225552873993,12.0,0.37469413682286246,adjacent-to-single-label,0.0,0.0,26.490719974093913,25.406000000000002,1.0847199740939102
I-93366-02-05,93366,development,tidal,isolated,9489,1,43.0,2,5,9564.414925646302,3398.8385280966704,163.37080057295412,16.788225552873993,12.0,0.37469413682286246,adjacent-to-single-label,0.0,0.0,26.620611581275075,25.806,0.8146115812750745
I-93366-02-06,93366,development,tidal,isolated,9489,1,43.0,2,6,9564.414925646302,3398.8385280966704,163.37080057295412,16.788225552873993,12.0,0.37469413682286246,adjacent-to-single-label,0.0,0.0,26.890719974093912,25.806,1.0847199740939102
I-93366-02-07,93366,development,tidal,isolated,9489,1,43.0,2,7,9564.414925646302,3398.8385280966704,163.37080057295412,16.788225552873993,12.0,0.37469413682286246,adjacent-to-single-label,0.0,0.0,27.020611581275077,26.206000000000003,0.8146115812750745
I-93366-02-08,93366,development,tidal,isolated,9489,1,43.0,2,8,9564.414925646302,3398.8385280966704,163.37080057295412,16.788225552873993,12.0,0.37469413682286246,adjacent-to-single-label,0.0,0.0,27.290719974093914,26.206000000000003,1.0847199740939102
I-93366-03-01,93366,development,tidal,isolated,9489,1,43.0,3,1,9554.617696198062,3401.463687815389,163.37078537196535,16.788138793438094,12.0,0.37469413682286246,adjacent-to-single-label,0.0,0.0,25.820611581275074,25.006,0.8146115812750745
I-93366-03-02,93366,development,tidal,isolated,9489,1,43.0,3,2,9554.617696198062,3401.463687815389,163.37078537196535,16.788138793438094,12.0,0.37469413682286246,adjacent-to-single-label,0.0,0.0,26.09071997409391,25.006,1.0847199740939102
I-93366-03-03,93366,development,tidal,isolated,9489,1,43.0,3,3,9554.617696198062,3401.463687815389,163.37078537196535,16.788138793438094,12.0,0.37469413682286246,adjacent-to-single-label,0.0,0.0,26.220611581275076,25.406000000000002,0.8146115812750745
I-93366-03-04,93366,development,tidal,isolated,9489,1,43.0,3,4,9554.617696198062,3401.463687815389,163.37078537196535,16.788138793438094,12.0,0.37469413682286246,adjacent-to-single-label,0.0,0.0,26.490719974093913,25.406000000000002,1.0847199740939102
I-93366-03-05,93366,development,tidal,isolated,9489,1,43.0,3,5,9554.617696198062,3401.463687815389,163.37078537196535,16.788138793438094,12.0,0.37469413682286246,adjacent-to-single-label,0.0,0.0,26.620611581275075,25.806,0.8146115812750745
I-93366-03-06,93366,development,tidal,isolated,9489,1,43.0,3,6,9554.617696198062,3401.463687815389,163.37078537196535,16.788138793438094,12.0,0.37469413682286246,adjacent-to-single-label,0.0,0.0,26.890719974093912,25.806,1.0847199740939102
I-93366-03-07,93366,development,tidal,isolated,9489,1,43.0,3,7,9554.617696198062,3401.463687815389,163.37078537196535,16.788138793438094,12.0,0.37469413682286246,adjacent-to-single-label,0.0,0.0,27.020611581275077,26.206000000000003,0.8146115812750745
I-93366-03-08,93366,development,tidal,isolated,9489,1,43.0,3,8,9554.617696198062,3401.463687815389,163.37078537196535,16.788138793438094,12.0,0.37469413682286246,adjacent-to-single-label,0.0,0.0,27.290719974093914,26.206000000000003,1.0847199740939102
I-93366-04-01,93366,development,tidal,isolated,9489,1,43.0,4,1,9547.508941012637,3397.3594460954814,163.37072481452054,16.788097473118714,12.0,0.37469413682286246,adjacent-to-single-label,0.0,0.0,25.820611581275074,25.006,0.8146115812750745
I-93366-04-02,93366,development,tidal,isolated,9489,1,43.0,4,2,9547.508941012637,3397.3594460954814,163.37072481452054,16.788097473118714,12.0,0.37469413682286246,adjacent-to-single-label,0.0,0.0,26.09071997409391,25.006,1.0847199740939102
I-93366-04-03,93366,development,tidal,isolated,9489,1,43.0,4,3,9547.508941012637,3397.3594460954814,163.37072481452054,16.788097473118714,12.0,0.37469413682286246,adjacent-to-single-label,0.0,0.0,26.220611581275076,25.406000000000002,0.8146115812750745
I-93366-04-04,93366,development,tidal,isolated,9489,1,43.0,4,4,9547.508941012637,3397.3594460954814,163.37072481452054,16.788097473118714,12.0,0.37469413682286246,adjacent-to-single-label,0.0,0.0,26.490719974093913,25.406000000000002,1.0847199740939102
I-93366-04-05,93366,development,tidal,isolated,9489,1,43.0,4,5,9547.508941012637,3397.3594460954814,163.37072481452054,16.788097473118714,12.0,0.37469413682286246,adjacent-to-single-label,0.0,0.0,26.620611581275075,25.806,0.8146115812750745
I-93366-04-06,93366,development,tidal,isolated,9489,1,43.0,4,6,9547.508941012637,3397.3594460954814,163.37072481452054,16.788097473118714,12.0,0.37469413682286246,adjacent-to-single-label,0.0,0.0,26.890719974093912,25.806,1.0847199740939102
I-93366-04-07,93366,development,tidal,isolated,9489,1,43.0,4,7,9547.508941012637,3397.3594460954814,163.37072481452054,16.788097473118714,12.0,0.37469413682286246,adjacent-to-single-label,0.0,0.0,27.020611581275077,26.206000000000003,0.8146115812750745
I-93366-04-08,93366,development,tidal,isolated,9489,1,43.0,4,8,9547.508941012637,3397.3594460954814,163.37072481452054,16.788097473118714,12.0,0.37469413682286246,adjacent-to-single-label,0.0,0.0,27.290719974093914,26.206000000000003,1.0847199740939102
I-93366-05-01,93366,development,tidal,isolated,9489,1,43.0,5,1,9544.701474330064,3389.6459947792428,163.37065068222506,16.788103086442913,12.0,0.37469413682286246,adjacent-to-single-label,0.0,0.0,25.820611581275074,25.006,0.8146115812750745
I-93366-05-02,93366,development,tidal,isolated,9489,1,43.0,5,2,9544.701474330064,3389.6459947792428,163.37065068222506,16.788103086442913,12.0,0.37469413682286246,adjacent-to-single-label,0.0,0.0,26.09071997409391,25.006,1.0847199740939102
I-93366-05-03,93366,development,tidal,isolated,9489,1,43.0,5,3,9544.701474330064,3389.6459947792428,163.37065068222506,16.788103086442913,12.0,0.37469413682286246,adjacent-to-single-label,0.0,0.0,26.220611581275076,25.406000000000002,0.8146115812750745
I-93366-05-04,93366,development,tidal,isolated,9489,1,43.0,5,4,9544.701474330064,3389.6459947792428,163.37065068222506,16.788103086442913,12.0,0.37469413682286246,adjacent-to-single-label,0.0,0.0,26.490719974093913,25.406000000000002,1.0847199740939102
I-93366-05-05,93366,development,tidal,isolated,9489,1,43.0,5,5,9544.701474330064,3389.6459947792428,163.37065068222506,16.788103086442913,12.0,0.37469413682286246,adjacent-to-single-label,0.0,0.0,26.620611581275075,25.806,0.8146115812750745
I-93366-05-06,93366,development,tidal,isolated,9489,1,43.0,5,6,9544.701474330064,3389.6459947792428,163.37065068222506,16.788103086442913,12.0,0.37469413682286246,adjacent-to-single-label,0.0,0.0,26.890719974093912,25.806,1.0847199740939102
I-93366-05-07,93366,development,tidal,isolated,9489,1,43.0,5,7,9544.701474330064,3389.6459947792428,163.37065068222506,16.788103086442913,12.0,0.37469413682286246,adjacent-to-single-label,0.0,0.0,27.020611581275077,26.206000000000003,0.8146115812750745
I-93366-05-08,93366,development,tidal,isolated,9489,1,43.0,5,8,9544.701474330064,3389.6459947792428,163.37065068222506,16.788103086442913,12.0,0.37469413682286246,adjacent-to-single-label,0.0,0.0,27.290719974093914,26.206000000000003,1.0847199740939102
I-93366-06-01,93366,development,tidal,isolated,9489,1,43.0,6,1,9553.637296557588,3387.0748443404964,163.3706630893684,16.788182854149483,4.0,0.12489804560762081,adjacent-to-single-label,0.2,0.2,25.820611581275074,25.006,0.8146115812750745
I-93366-06-02,93366,development,tidal,isolated,9489,1,43.0,6,2,9553.637296557588,3387.0748443404964,163.3706630893684,16.788182854149483,4.0,0.12489804560762081,adjacent-to-single-label,0.2,0.2,26.09071997409391,25.006,1.0847199740939102
I-93366-06-03,93366,development,tidal,isolated,9489,1,43.0,6,3,9553.637296557588,3387.0748443404964,163.3706630893684,16.788182854149483,4.0,0.12489804560762081,adjacent-to-single-label,0.2,0.2,26.220611581275076,25.406000000000002,0.8146115812750745
I-93366-06-04,93366,development,tidal,isolated,9489,1,43.0,6,4,9553.637296557588,3387.0748443404964,163.3706630893684,16.788182854149483,4.0,0.12489804560762081,adjacent-to-single-label,0.2,0.2,26.490719974093913,25.406000000000002,1.0847199740939102
I-93366-06-05,93366,development,tidal,isolated,9489,1,43.0,6,5,9553.637296557588,3387.0748443404964,163.3706630893684,16.788182854149483,4.0,0.12489804560762081,adjacent-to-single-label,0.2,0.2,26.620611581275075,25.806,0.8146115812750745
I-93366-06-06,93366,development,tidal,isolated,9489,1,43.0,6,6,9553.637296557588,3387.0748443404964,163.3706630893684,16.788182854149483,4.0,0.12489804560762081,adjacent-to-single-label,0.2,0.2,26.890719974093912,25.806,1.0847199740939102
I-93366-06-07,93366,development,tidal,isolated,9489,1,43.0,6,7,9553.637296557588,3387.0748443404964,163.3706630893684,16.788182854149483,4.0,0.12489804560762081,adjacent-to-single-label,0.2,0.2,27.020611581275077,26.206000000000003,0.8146115812750745
I-93366-06-08,93366,development,tidal,isolated,9489,1,43.0,6,8,9553.637296557588,3387.0748443404964,163.3706630893684,16.788182854149483,4.0,0.12489804560762081,adjacent-to-single-label,0.2,0.2,27.290719974093914,26.206000000000003,1.0847199740939102
I-93366-07-01,93366,development,tidal,isolated,9489,1,43.0,7,1,9554.617696198062,3377.8283017430963,163.37059056350665,16.788223876117666,12.0,0.37469413682286246,adjacent-to-single-label,0.0,0.0,25.820611581275074,25.006,0.8146115812750745
I-93366-07-02,93366,development,tidal,isolated,9489,1,43.0,7,2,9554.617696198062,3377.8283017430963,163.37059056350665,16.788223876117666,12.0,0.37469413682286246,adjacent-to-single-label,0.0,0.0,26.09071997409391,25.006,1.0847199740939102
I-93366-07-03,93366,development,tidal,isolated,9489,1,43.0,7,3,9554.617696198062,3377.8283017430963,163.37059056350665,16.788223876117666,12.0,0.37469413682286246,adjacent-to-single-label,0.0,0.0,26.220611581275076,25.406000000000002,0.8146115812750745
I-93366-07-04,93366,development,tidal,isolated,9489,1,43.0,7,4,9554.617696198062,3377.8283017430963,163.37059056350665,16.788223876117666,12.0,0.37469413682286246,adjacent-to-single-label,0.0,0.0,26.490719974093913,25.406000000000002,1.0847199740939102
I-93366-07-05,93366,development,tidal,isolated,9489,1,43.0,7,5,9554.617696198062,3377.8283017430963,163.37059056350665,16.788223876117666,12.0,0.37469413682286246,adjacent-to-single-label,0.0,0.0,26.620611581275075,25.806,0.8146115812750745
I-93366-07-06,93366,development,tidal,isolated,9489,1,43.0,7,6,9554.617696198062,3377.8283017430963,163.37059056350665,16.788223876117666,12.0,0.37469413682286246,adjacent-to-single-label,0.0,0.0,26.890719974093912,25.806,1.0847199740939102
I-93366-07-07,93366,development,tidal,isolated,9489,1,43.0,7,7,9554.617696198062,3377.8283017430963,163.37059056350665,16.788223876117666,12.0,0.37469413682286246,adjacent-to-single-label,0.0,0.0,27.020611581275077,26.206000000000003,0.8146115812750745
I-93366-07-08,93366,development,tidal,isolated,9489,1,43.0,7,8,9554.617696198062,3377.8283017430963,163.37059056350665,16.788223876117666,12.0,0.37469413682286246,adjacent-to-single-label,0.0,0.0,27.290719974093914,26.206000000000003,1.0847199740939102
I-93366-08-01,93366,development,tidal,isolated,9489,1,43.0,8,1,9564.414925646302,3380.453461461815,163.370649038825,16.78829173547684,12.0,0.37469413682286246,adjacent-to-single-label,0.0,0.0,25.820611581275074,25.006,0.8146115812750745
I-93366-08-02,93366,development,tidal,isolated,9489,1,43.0,8,2,9564.414925646302,3380.453461461815,163.370649038825,16.78829173547684,12.0,0.37469413682286246,adjacent-to-single-label,0.0,0.0,26.09071997409391,25.006,1.0847199740939102
I-93366-08-03,93366,development,tidal,isolated,9489,1,43.0,8,3,9564.414925646302,3380.453461461815,163.370649038825,16.78829173547684,12.0,0.37469413682286246,adjacent-to-single-label,0.0,0.0,26.220611581275076,25.406000000000002,0.8146115812750745
I-93366-08-04,93366,development,tidal,isolated,9489,1,43.0,8,4,9564.414925646302,3380.453461461815,163.370649038825,16.78829173547684,12.0,0.37469413682286246,adjacent-to-single-label,0.0,0.0,26.490719974093913,25.406000000000002,1.0847199740939102
I-93366-08-05,93366,development,tidal,isolated,9489,1,43.0,8,5,9564.414925646302,3380.453461461815,163.370649038825,16.78829173547684,12.0,0.37469413682286246,adjacent-to-single-label,0.0,0.0,26.620611581275075,25.806,0.8146115812750745
I-93366-08-06,93366,development,tidal,isolated,9489,1,43.0,8,6,9564.414925646302,3380.453461461815,163.370649038825,16.78829173547684,12.0,0.37469413682286246,adjacent-to-single-label,0.0,0.0,26.890719974093912,25.806,1.0847199740939102
I-93366-08-07,93366,development,tidal,isolated,9489,1,43.0,8,7,9564.414925646302,3380.453461461815,163.370649038825,16.78829173547684,12.0,0.37469413682286246,adjacent-to-single-label,0.0,0.0,27.020611581275077,26.206000000000003,0.8146115812750745
I-93366-08-08,93366,development,tidal,isolated,9489,1,43.0,8,8,9564.414925646302,3380.453461461815,163.370649038825,16.78829173547684,12.0,0.37469413682286246,adjacent-to-single-label,0.0,0.0,27.290719974093914,26.206000000000003,1.0847199740939102
I-67873-01-01,67873,validation,tidal,isolated,7429,1,97.0,1,1,9614.981522190592,2904.6462613687813,163.3669174121208,16.790403530477235,12.0,0.37469413682286246,adjacent-to-single-label,0.2,0.2,24.147611581275072,23.333,0.8146115812750745
I-67873-01-02,67873,validation,tidal,isolated,7429,1,97.0,1,2,9614.981522190592,2904.6462613687813,163.3669174121208,16.790403530477235,12.0,0.37469413682286246,adjacent-to-single-label,0.2,0.2,24.41771997409391,23.333,1.0847199740939102
I-67873-01-03,67873,validation,tidal,isolated,7429,1,97.0,1,3,9614.981522190592,2904.6462613687813,163.3669174121208,16.790403530477235,12.0,0.37469413682286246,adjacent-to-single-label,0.2,0.2,24.547611581275074,23.733,0.8146115812750745
I-67873-01-04,67873,validation,tidal,isolated,7429,1,97.0,1,4,9614.981522190592,2904.6462613687813,163.3669174121208,16.790403530477235,12.0,0.37469413682286246,adjacent-to-single-label,0.2,0.2,24.81771997409391,23.733,1.0847199740939102
I-67873-01-05,67873,validation,tidal,isolated,7429,1,97.0,1,5,9614.981522190592,2904.6462613687813,163.3669174121208,16.790403530477235,12.0,0.37469413682286246,adjacent-to-single-label,0.2,0.2,24.947611581275073,24.133,0.8146115812750745
I-67873-01-06,67873,validation,tidal,isolated,7429,1,97.0,1,6,9614.981522190592,2904.6462613687813,163.3669174121208,16.790403530477235,12.0,0.37469413682286246,adjacent-to-single-label,0.2,0.2,25.21771997409391,24.133,1.0847199740939102
I-67873-01-07,67873,validation,tidal,isolated,7429,1,97.0,1,7,9614.981522190592,2904.6462613687813,163.3669174121208,16.790403530477235,12.0,0.37469413682286246,adjacent-to-single-label,0.2,0.2,25.347611581275075,24.533,0.8146115812750745
I-67873-01-08,67873,validation,tidal,isolated,7429,1,97.0,1,8,9614.981522190592,2904.6462613687813,163.3669174121208,16.790403530477235,12.0,0.37469413682286246,adjacent-to-single-label,0.2,0.2,25.617719974093912,24.533,1.0847199740939102
I-67873-02-01,67873,validation,tidal,isolated,7429,1,97.0,2,1,9607.46565242708,2908.7061235689453,163.36692261590198,16.790329608568577,7.5,0.23418383551428903,adjacent-to-single-label,0.2,0.2,24.147611581275072,23.333,0.8146115812750745
I-67873-02-02,67873,validation,tidal,isolated,7429,1,97.0,2,2,9607.46565242708,2908.7061235689453,163.36692261590198,16.790329608568577,7.5,0.23418383551428903,adjacent-to-single-label,0.2,0.2,24.41771997409391,23.333,1.0847199740939102
I-67873-02-03,67873,validation,tidal,isolated,7429,1,97.0,2,3,9607.46565242708,2908.7061235689453,163.36692261590198,16.790329608568577,7.5,0.23418383551428903,adjacent-to-single-label,0.2,0.2,24.547611581275074,23.733,0.8146115812750745
I-67873-02-04,67873,validation,tidal,isolated,7429,1,97.0,2,4,9607.46565242708,2908.7061235689453,163.36692261590198,16.790329608568577,7.5,0.23418383551428903,adjacent-to-single-label,0.2,0.2,24.81771997409391,23.733,1.0847199740939102
I-67873-02-05,67873,validation,tidal,isolated,7429,1,97.0,2,5,9607.46565242708,2908.7061235689453,163.36692261590198,16.790329608568577,7.5,0.23418383551428903,adjacent-to-single-label,0.2,0.2,24.947611581275073,24.133,0.8146115812750745
I-67873-02-06,67873,validation,tidal,isolated,7429,1,97.0,2,6,9607.46565242708,2908.7061235689453,163.36692261590198,16.790329608568577,7.5,0.23418383551428903,adjacent-to-single-label,0.2,0.2,25.21771997409391,24.133,1.0847199740939102
I-67873-02-07,67873,validation,tidal,isolated,7429,1,97.0,2,7,9607.46565242708,2908.7061235689453,163.36692261590198,16.790329608568577,7.5,0.23418383551428903,adjacent-to-single-label,0.2,0.2,25.347611581275075,24.533,0.8146115812750745
I-67873-02-08,67873,validation,tidal,isolated,7429,1,97.0,2,8,9607.46565242708,2908.7061235689453,163.36692261590198,16.790329608568577,7.5,0.23418383551428903,adjacent-to-single-label,0.2,0.2,25.617719974093912,24.533,1.0847199740939102
I-67873-03-01,67873,validation,tidal,isolated,7429,1,97.0,3,1,9600.058000613215,2914.1535931522467,163.3669396637852,16.790251545705924,12.0,0.37469413682286246,adjacent-to-single-label,0.0,0.0,24.147611581275072,23.333,0.8146115812750745
I-67873-03-02,67873,validation,tidal,isolated,7429,1,97.0,3,2,9600.058000613215,2914.1535931522467,163.3669396637852,16.790251545705924,12.0,0.37469413682286246,adjacent-to-single-label,0.0,0.0,24.41771997409391,23.333,1.0847199740939102
I-67873-03-03,67873,validation,tidal,isolated,7429,1,97.0,3,3,9600.058000613215,2914.1535931522467,163.3669396637852,16.790251545705924,12.0,0.37469413682286246,adjacent-to-single-label,0.0,0.0,24.547611581275074,23.733,0.8146115812750745
I-67873-03-04,67873,validation,tidal,isolated,7429,1,97.0,3,4,9600.058000613215,2914.1535931522467,163.3669396637852,16.790251545705924,12.0,0.37469413682286246,adjacent-to-single-label,0.0,0.0,24.81771997409391,23.733,1.0847199740939102
I-67873-03-05,67873,validation,tidal,isolated,7429,1,97.0,3,5,9600.058000613215,2914.1535931522467,163.3669396637852,16.790251545705924,12.0,0.37469413682286246,adjacent-to-single-label,0.0,0.0,24.947611581275073,24.133,0.8146115812750745
I-67873-03-06,67873,validation,tidal,isolated,7429,1,97.0,3,6,9600.058000613215,2914.1535931522467,163.3669396637852,16.790251545705924,12.0,0.37469413682286246,adjacent-to-single-label,0.0,0.0,25.21771997409391,24.133,1.0847199740939102
I-67873-03-07,67873,validation,tidal,isolated,7429,1,97.0,3,7,9600.058000613215,2914.1535931522467,163.3669396637852,16.790251545705924,12.0,0.37469413682286246,adjacent-to-single-label,0.0,0.0,25.347611581275075,24.533,0.8146115812750745
I-67873-03-08,67873,validation,tidal,isolated,7429,1,97.0,3,8,9600.058000613215,2914.1535931522467,163.3669396637852,16.790251545705924,12.0,0.37469413682286246,adjacent-to-single-label,0.0,0.0,25.617719974093912,24.533,1.0847199740939102
I-67873-04-01,67873,validation,tidal,isolated,7429,1,97.0,4,1,9592.771524309033,2908.562483236778,163.36686618292023,16.790214174067934,12.0,0.37469413682286246,adjacent-to-single-label,0.12,0.0,24.147611581275072,23.333,0.8146115812750745
I-67873-04-02,67873,validation,tidal,isolated,7429,1,97.0,4,2,9592.771524309033,2908.562483236778,163.36686618292023,16.790214174067934,12.0,0.37469413682286246,adjacent-to-single-label,0.12,0.0,24.41771997409391,23.333,1.0847199740939102
I-67873-04-03,67873,validation,tidal,isolated,7429,1,97.0,4,3,9592.771524309033,2908.562483236778,163.36686618292023,16.790214174067934,12.0,0.37469413682286246,adjacent-to-single-label,0.12,0.0,24.547611581275074,23.733,0.8146115812750745
I-67873-04-04,67873,validation,tidal,isolated,7429,1,97.0,4,4,9592.771524309033,2908.562483236778,163.36686618292023,16.790214174067934,12.0,0.37469413682286246,adjacent-to-single-label,0.12,0.0,24.81771997409391,23.733,1.0847199740939102
I-67873-04-05,67873,validation,tidal,isolated,7429,1,97.0,4,5,9592.771524309033,2908.562483236778,163.36686618292023,16.790214174067934,12.0,0.37469413682286246,adjacent-to-single-label,0.12,0.0,24.947611581275073,24.133,0.8146115812750745
I-67873-04-06,67873,validation,tidal,isolated,7429,1,97.0,4,6,9592.771524309033,2908.562483236778,163.36686618292023,16.790214174067934,12.0,0.37469413682286246,adjacent-to-single-label,0.12,0.0,25.21771997409391,24.133,1.0847199740939102
I-67873-04-07,67873,validation,tidal,isolated,7429,1,97.0,4,7,9592.771524309033,2908.562483236778,163.36686618292023,16.790214174067934,12.0,0.37469413682286246,adjacent-to-single-label,0.12,0.0,25.347611581275075,24.533,0.8146115812750745
I-67873-04-08,67873,validation,tidal,isolated,7429,1,97.0,4,8,9592.771524309033,2908.562483236778,163.36686618292023,16.790214174067934,12.0,0.37469413682286246,adjacent-to-single-label,0.12,0.0,25.617719974093912,24.533,1.0847199740939102
I-67873-05-01,67873,validation,tidal,isolated,7429,1,97.0,5,1,9598.817162936146,2901.3977975338166,163.36682985993963,16.790287670632576,4.5,0.14051030130857342,adjacent-to-single-label,0.2,0.2,24.147611581275072,23.333,0.8146115812750745
I-67873-05-02,67873,validation,tidal,isolated,7429,1,97.0,5,2,9598.817162936146,2901.3977975338166,163.36682985993963,16.790287670632576,4.5,0.14051030130857342,adjacent-to-single-label,0.2,0.2,24.41771997409391,23.333,1.0847199740939102
I-67873-05-03,67873,validation,tidal,isolated,7429,1,97.0,5,3,9598.817162936146,2901.3977975338166,163.36682985993963,16.790287670632576,4.5,0.14051030130857342,adjacent-to-single-label,0.2,0.2,24.547611581275074,23.733,0.8146115812750745
I-67873-05-04,67873,validation,tidal,isolated,7429,1,97.0,5,4,9598.817162936146,2901.3977975338166,163.36682985993963,16.790287670632576,4.5,0.14051030130857342,adjacent-to-single-label,0.2,0.2,24.81771997409391,23.733,1.0847199740939102
I-67873-05-05,67873,validation,tidal,isolated,7429,1,97.0,5,5,9598.817162936146,2901.3977975338166,163.36682985993963,16.790287670632576,4.5,0.14051030130857342,adjacent-to-single-label,0.2,0.2,24.947611581275073,24.133,0.8146115812750745
I-67873-05-06,67873,validation,tidal,isolated,7429,1,97.0,5,6,9598.817162936146,2901.3977975338166,163.36682985993963,16.790287670632576,4.5,0.14051030130857342,adjacent-to-single-label,0.2,0.2,25.21771997409391,24.133,1.0847199740939102
I-67873-05-07,67873,validation,tidal,isolated,7429,1,97.0,5,7,9598.817162936146,2901.3977975338166,163.36682985993963,16.790287670632576,4.5,0.14051030130857342,adjacent-to-single-label,0.2,0.2,25.347611581275075,24.533,0.8146115812750745
I-67873-05-08,67873,validation,tidal,isolated,7429,1,97.0,5,8,9598.817162936146,2901.3977975338166,163.36682985993963,16.790287670632576,4.5,0.14051030130857342,adjacent-to-single-label,0.2,0.2,25.617719974093912,24.533,1.0847199740939102
I-67873-06-01,67873,validation,tidal,isolated,7429,1,97.0,6,1,9596.280911918233,2892.7326587053103,163.36674890223225,16.790298848467675,12.0,0.37469413682286246,adjacent-to-single-label,0.0,0.0,24.147611581275072,23.333,0.8146115812750745
I-67873-06-02,67873,validation,tidal,isolated,7429,1,97.0,6,2,9596.280911918233,2892.7326587053103,163.36674890223225,16.790298848467675,12.0,0.37469413682286246,adjacent-to-single-label,0.0,0.0,24.41771997409391,23.333,1.0847199740939102
I-67873-06-03,67873,validation,tidal,isolated,7429,1,97.0,6,3,9596.280911918233,2892.7326587053103,163.36674890223225,16.790298848467675,12.0,0.37469413682286246,adjacent-to-single-label,0.0,0.0,24.547611581275074,23.733,0.8146115812750745
I-67873-06-04,67873,validation,tidal,isolated,7429,1,97.0,6,4,9596.280911918233,2892.7326587053103,163.36674890223225,16.790298848467675,12.0,0.37469413682286246,adjacent-to-single-label,0.0,0.0,24.81771997409391,23.733,1.0847199740939102
I-67873-06-05,67873,validation,tidal,isolated,7429,1,97.0,6,5,9596.280911918233,2892.7326587053103,163.36674890223225,16.790298848467675,12.0,0.37469413682286246,adjacent-to-single-label,0.0,0.0,24.947611581275073,24.133,0.8146115812750745
I-67873-06-06,67873,validation,tidal,isolated,7429,1,97.0,6,6,9596.280911918233,2892.7326587053103,163.36674890223225,16.790298848467675,12.0,0.37469413682286246,adjacent-to-single-label,0.0,0.0,25.21771997409391,24.133,1.0847199740939102
I-67873-06-07,67873,validation,tidal,isolated,7429,1,97.0,6,7,9596.280911918233,2892.7326587053103,163.36674890223225,16.790298848467675,12.0,0.37469413682286246,adjacent-to-single-label,0.0,0.0,25.347611581275075,24.533,0.8146115812750745
I-67873-06-08,67873,validation,tidal,isolated,7429,1,97.0,6,8,9596.280911918233,2892.7326587053103,163.36674890223225,16.790298848467675,12.0,0.37469413682286246,adjacent-to-single-label,0.0,0.0,25.617719974093912,24.533,1.0847199740939102
I-67873-07-01,67873,validation,tidal,isolated,7429,1,97.0,7,1,9604.209698067418,2890.608146859677,163.36676120286893,16.790369062129024,12.0,0.37469413682286246,adjacent-to-single-label,0.0,0.0,24.147611581275072,23.333,0.8146115812750745
I-67873-07-02,67873,validation,tidal,isolated,7429,1,97.0,7,2,9604.209698067418,2890.608146859677,163.36676120286893,16.790369062129024,12.0,0.37469413682286246,adjacent-to-single-label,0.0,0.0,24.41771997409391,23.333,1.0847199740939102
I-67873-07-03,67873,validation,tidal,isolated,7429,1,97.0,7,3,9604.209698067418,2890.608146859677,163.36676120286893,16.790369062129024,12.0,0.37469413682286246,adjacent-to-single-label,0.0,0.0,24.547611581275074,23.733,0.8146115812750745
I-67873-07-04,67873,validation,tidal,isolated,7429,1,97.0,7,4,9604.209698067418,2890.608146859677,163.36676120286893,16.790369062129024,12.0,0.37469413682286246,adjacent-to-single-label,0.0,0.0,24.81771997409391,23.733,1.0847199740939102
I-67873-07-05,67873,validation,tidal,isolated,7429,1,97.0,7,5,9604.209698067418,2890.608146859677,163.36676120286893,16.790369062129024,12.0,0.37469413682286246,adjacent-to-single-label,0.0,0.0,24.947611581275073,24.133,0.8146115812750745
I-67873-07-06,67873,validation,tidal,isolated,7429,1,97.0,7,6,9604.209698067418,2890.608146859677,163.36676120286893,16.790369062129024,12.0,0.37469413682286246,adjacent-to-single-label,0.0,0.0,25.21771997409391,24.133,1.0847199740939102
I-67873-07-07,67873,validation,tidal,isolated,7429,1,97.0,7,7,9604.209698067418,2890.608146859677,163.36676120286893,16.790369062129024,12.0,0.37469413682286246,adjacent-to-single-label,0.0,0.0,25.347611581275075,24.533,0.8146115812750745
I-67873-07-08,67873,validation,tidal,isolated,7429,1,97.0,7,8,9604.209698067418,2890.608146859677,163.36676120286893,16.790369062129024,12.0,0.37469413682286246,adjacent-to-single-label,0.0,0.0,25.617719974093912,24.533,1.0847199740939102
I-67873-08-01,67873,validation,tidal,isolated,7429,1,97.0,8,1,9611.649110528684,2894.0772018625394,163.36681776796303,16.79041527927437,12.0,0.37469413682286246,adjacent-to-single-label,0.0,0.0,24.147611581275072,23.333,0.8146115812750745
I-67873-08-02,67873,validation,tidal,isolated,7429,1,97.0,8,2,9611.649110528684,2894.0772018625394,163.36681776796303,16.79041527927437,12.0,0.37469413682286246,adjacent-to-single-label,0.0,0.0,24.41771997409391,23.333,1.0847199740939102
I-67873-08-03,67873,validation,tidal,isolated,7429,1,97.0,8,3,9611.649110528684,2894.0772018625394,163.36681776796303,16.79041527927437,12.0,0.37469413682286246,adjacent-to-single-label,0.0,0.0,24.547611581275074,23.733,0.8146115812750745
I-67873-08-04,67873,validation,tidal,isolated,7429,1,97.0,8,4,9611.649110528684,2894.0772018625394,163.36681776796303,16.79041527927437,12.0,0.37469413682286246,adjacent-to-single-label,0.0,0.0,24.81771997409391,23.733,1.0847199740939102
I-67873-08-05,67873,validation,tidal,isolated,7429,1,97.0,8,5,9611.649110528684,2894.0772018625394,163.36681776796303,16.79041527927437,12.0,0.37469413682286246,adjacent-to-single-label,0.0,0.0,24.947611581275073,24.133,0.8146115812750745
I-67873-08-06,67873,validation,tidal,isolated,7429,1,97.0,8,6,9611.649110528684,2894.0772018625394,163.36681776796303,16.79041527927437,12.0,0.37469413682286246,adjacent-to-single-label,0.0,0.0,25.21771997409391,24.133,1.0847199740939102
I-67873-08-07,67873,validation,tidal,isolated,7429,1,97.0,8,7,9611.649110528684,2894.0772018625394,163.36681776796303,16.79041527927437,12.0,0.37469413682286246,adjacent-to-single-label,0.0,0.0,25.347611581275075,24.533,0.8146115812750745
I-67873-08-08,67873,validation,tidal,isolated,7429,1,97.0,8,8,9611.649110528684,2894.0772018625394,163.36681776796303,16.79041527927437,12.0,0.37469413682286246,adjacent-to-single-label,0.0,0.0,25.617719974093912,24.533,1.0847199740939102
I-92989-01-01,92989,validation,tidal,isolated,8604,1,221.0,1,1,9198.928392102696,3205.644230032056,163.36783400201864,16.786036960254428,7.5,0.23418383551428903,adjacent-to-single-label,0.0,0.0,24.523611581275073,23.709,0.8146115812750745
I-92989-01-02,92989,validation,tidal,isolated,8604,1,221.0,1,2,9198.928392102696,3205.644230032056,163.36783400201864,16.786036960254428,7.5,0.23418383551428903,adjacent-to-single-label,0.0,0.0,24.79371997409391,23.709,1.0847199740939102
I-92989-01-03,92989,validation,tidal,isolated,8604,1,221.0,1,3,9198.928392102696,3205.644230032056,163.36783400201864,16.786036960254428,7.5,0.23418383551428903,adjacent-to-single-label,0.0,0.0,24.923611581275075,24.109,0.8146115812750745
I-92989-01-04,92989,validation,tidal,isolated,8604,1,221.0,1,4,9198.928392102696,3205.644230032056,163.36783400201864,16.786036960254428,7.5,0.23418383551428903,adjacent-to-single-label,0.0,0.0,25.193719974093913,24.109,1.0847199740939102
I-92989-01-05,92989,validation,tidal,isolated,8604,1,221.0,1,5,9198.928392102696,3205.644230032056,163.36783400201864,16.786036960254428,7.5,0.23418383551428903,adjacent-to-single-label,0.0,0.0,25.323611581275074,24.509,0.8146115812750745
I-92989-01-06,92989,validation,tidal,isolated,8604,1,221.0,1,6,9198.928392102696,3205.644230032056,163.36783400201864,16.786036960254428,7.5,0.23418383551428903,adjacent-to-single-label,0.0,0.0,25.59371997409391,24.509,1.0847199740939102
I-92989-01-07,92989,validation,tidal,isolated,8604,1,221.0,1,7,9198.928392102696,3205.644230032056,163.36783400201864,16.786036960254428,7.5,0.23418383551428903,adjacent-to-single-label,0.0,0.0,25.723611581275076,24.909000000000002,0.8146115812750745
I-92989-01-08,92989,validation,tidal,isolated,8604,1,221.0,1,8,9198.928392102696,3205.644230032056,163.36783400201864,16.786036960254428,7.5,0.23418383551428903,adjacent-to-single-label,0.0,0.0,25.993719974093914,24.909000000000002,1.0847199740939102
I-92989-02-01,92989,validation,tidal,isolated,8604,1,221.0,2,1,9201.258216634164,3212.5271472682684,163.36789949228387,16.78603056853197,12.0,0.37469413682286246,adjacent-to-single-label,0.0,0.0,24.523611581275073,23.709,0.8146115812750745
I-92989-02-02,92989,validation,tidal,isolated,8604,1,221.0,2,2,9201.258216634164,3212.5271472682684,163.36789949228387,16.78603056853197,12.0,0.37469413682286246,adjacent-to-single-label,0.0,0.0,24.79371997409391,23.709,1.0847199740939102
I-92989-02-03,92989,validation,tidal,isolated,8604,1,221.0,2,3,9201.258216634164,3212.5271472682684,163.36789949228387,16.78603056853197,12.0,0.37469413682286246,adjacent-to-single-label,0.0,0.0,24.923611581275075,24.109,0.8146115812750745
I-92989-02-04,92989,validation,tidal,isolated,8604,1,221.0,2,4,9201.258216634164,3212.5271472682684,163.36789949228387,16.78603056853197,12.0,0.37469413682286246,adjacent-to-single-label,0.0,0.0,25.193719974093913,24.109,1.0847199740939102
I-92989-02-05,92989,validation,tidal,isolated,8604,1,221.0,2,5,9201.258216634164,3212.5271472682684,163.36789949228387,16.78603056853197,12.0,0.37469413682286246,adjacent-to-single-label,0.0,0.0,25.323611581275074,24.509,0.8146115812750745
I-92989-02-06,92989,validation,tidal,isolated,8604,1,221.0,2,6,9201.258216634164,3212.5271472682684,163.36789949228387,16.78603056853197,12.0,0.37469413682286246,adjacent-to-single-label,0.0,0.0,25.59371997409391,24.509,1.0847199740939102
I-92989-02-07,92989,validation,tidal,isolated,8604,1,221.0,2,7,9201.258216634164,3212.5271472682684,163.36789949228387,16.78603056853197,12.0,0.37469413682286246,adjacent-to-single-label,0.0,0.0,25.723611581275076,24.909000000000002,0.8146115812750745
I-92989-02-08,92989,validation,tidal,isolated,8604,1,221.0,2,8,9201.258216634164,3212.5271472682684,163.36789949228387,16.78603056853197,12.0,0.37469413682286246,adjacent-to-single-label,0.0,0.0,25.993719974093914,24.909000000000002,1.0847199740939102
I-92989-03-01,92989,validation,tidal,isolated,8604,1,221.0,3,1,9195.532633822604,3216.920541481487,163.36791417589382,16.785969573126888,12.0,0.37469413682286246,adjacent-to-single-label,0.2,0.0,24.523611581275073,23.709,0.8146115812750745
I-92989-03-02,92989,validation,tidal,isolated,8604,1,221.0,3,2,9195.532633822604,3216.920541481487,163.36791417589382,16.785969573126888,12.0,0.37469413682286246,adjacent-to-single-label,0.2,0.0,24.79371997409391,23.709,1.0847199740939102
I-92989-03-03,92989,validation,tidal,isolated,8604,1,221.0,3,3,9195.532633822604,3216.920541481487,163.36791417589382,16.785969573126888,12.0,0.37469413682286246,adjacent-to-single-label,0.2,0.0,24.923611581275075,24.109,0.8146115812750745
I-92989-03-04,92989,validation,tidal,isolated,8604,1,221.0,3,4,9195.532633822604,3216.920541481487,163.36791417589382,16.785969573126888,12.0,0.37469413682286246,adjacent-to-single-label,0.2,0.0,25.193719974093913,24.109,1.0847199740939102
I-92989-03-05,92989,validation,tidal,isolated,8604,1,221.0,3,5,9195.532633822604,3216.920541481487,163.36791417589382,16.785969573126888,12.0,0.37469413682286246,adjacent-to-single-label,0.2,0.0,25.323611581275074,24.509,0.8146115812750745
I-92989-03-06,92989,validation,tidal,isolated,8604,1,221.0,3,6,9195.532633822604,3216.920541481487,163.36791417589382,16.785969573126888,12.0,0.37469413682286246,adjacent-to-single-label,0.2,0.0,25.59371997409391,24.509,1.0847199740939102
I-92989-03-07,92989,validation,tidal,isolated,8604,1,221.0,3,7,9195.532633822604,3216.920541481487,163.36791417589382,16.785969573126888,12.0,0.37469413682286246,adjacent-to-single-label,0.2,0.0,25.723611581275076,24.909000000000002,0.8146115812750745
I-92989-03-08,92989,validation,tidal,isolated,8604,1,221.0,3,8,9195.532633822604,3216.920541481487,163.36791417589382,16.785969573126888,12.0,0.37469413682286246,adjacent-to-single-label,0.2,0.0,25.993719974093914,24.909000000000002,1.0847199740939102
I-92989-04-01,92989,validation,tidal,isolated,8604,1,221.0,4,1,9189.103991663122,3210.6289228607575,163.36783814812833,16.78594149260822,5.5,0.1717348127104786,adjacent-to-single-label,0.2,0.16,24.523611581275073,23.709,0.8146115812750745
I-92989-04-02,92989,validation,tidal,isolated,8604,1,221.0,4,2,9189.103991663122,3210.6289228607575,163.36783814812833,16.78594149260822,5.5,0.1717348127104786,adjacent-to-single-label,0.2,0.16,24.79371997409391,23.709,1.0847199740939102
I-92989-04-03,92989,validation,tidal,isolated,8604,1,221.0,4,3,9189.103991663122,3210.6289228607575,163.36783814812833,16.78594149260822,5.5,0.1717348127104786,adjacent-to-single-label,0.2,0.16,24.923611581275075,24.109,0.8146115812750745
I-92989-04-04,92989,validation,tidal,isolated,8604,1,221.0,4,4,9189.103991663122,3210.6289228607575,163.36783814812833,16.78594149260822,5.5,0.1717348127104786,adjacent-to-single-label,0.2,0.16,25.193719974093913,24.109,1.0847199740939102
I-92989-04-05,92989,validation,tidal,isolated,8604,1,221.0,4,5,9189.103991663122,3210.6289228607575,163.36783814812833,16.78594149260822,5.5,0.1717348127104786,adjacent-to-single-label,0.2,0.16,25.323611581275074,24.509,0.8146115812750745
I-92989-04-06,92989,validation,tidal,isolated,8604,1,221.0,4,6,9189.103991663122,3210.6289228607575,163.36783814812833,16.78594149260822,5.5,0.1717348127104786,adjacent-to-single-label,0.2,0.16,25.59371997409391,24.509,1.0847199740939102
I-92989-04-07,92989,validation,tidal,isolated,8604,1,221.0,4,7,9189.103991663122,3210.6289228607575,163.36783814812833,16.78594149260822,5.5,0.1717348127104786,adjacent-to-single-label,0.2,0.16,25.723611581275076,24.909000000000002,0.8146115812750745
I-92989-04-08,92989,validation,tidal,isolated,8604,1,221.0,4,8,9189.103991663122,3210.6289228607575,163.36783814812833,16.78594149260822,5.5,0.1717348127104786,adjacent-to-single-label,0.2,0.16,25.993719974093914,24.909000000000002,1.0847199740939102
I-92989-05-01,92989,validation,tidal,isolated,8604,1,221.0,5,1,9180.552698658257,3210.7156491729443,163.36780671100317,16.785873702194415,12.0,0.37469413682286246,adjacent-to-single-label,0.08,0.08,24.523611581275073,23.709,0.8146115812750745
I-92989-05-02,92989,validation,tidal,isolated,8604,1,221.0,5,2,9180.552698658257,3210.7156491729443,163.36780671100317,16.785873702194415,12.0,0.37469413682286246,adjacent-to-single-label,0.08,0.08,24.79371997409391,23.709,1.0847199740939102
I-92989-05-03,92989,validation,tidal,isolated,8604,1,221.0,5,3,9180.552698658257,3210.7156491729443,163.36780671100317,16.785873702194415,12.0,0.37469413682286246,adjacent-to-single-label,0.08,0.08,24.923611581275075,24.109,0.8146115812750745
I-92989-05-04,92989,validation,tidal,isolated,8604,1,221.0,5,4,9180.552698658257,3210.7156491729443,163.36780671100317,16.785873702194415,12.0,0.37469413682286246,adjacent-to-single-label,0.08,0.08,25.193719974093913,24.109,1.0847199740939102
I-92989-05-05,92989,validation,tidal,isolated,8604,1,221.0,5,5,9180.552698658257,3210.7156491729443,163.36780671100317,16.785873702194415,12.0,0.37469413682286246,adjacent-to-single-label,0.08,0.08,25.323611581275074,24.509,0.8146115812750745
I-92989-05-06,92989,validation,tidal,isolated,8604,1,221.0,5,6,9180.552698658257,3210.7156491729443,163.36780671100317,16.785873702194415,12.0,0.37469413682286246,adjacent-to-single-label,0.08,0.08,25.59371997409391,24.509,1.0847199740939102
I-92989-05-07,92989,validation,tidal,isolated,8604,1,221.0,5,7,9180.552698658257,3210.7156491729443,163.36780671100317,16.785873702194415,12.0,0.37469413682286246,adjacent-to-single-label,0.08,0.08,25.723611581275076,24.909000000000002,0.8146115812750745
I-92989-05-08,92989,validation,tidal,isolated,8604,1,221.0,5,8,9180.552698658257,3210.7156491729443,163.36780671100317,16.785873702194415,12.0,0.37469413682286246,adjacent-to-single-label,0.08,0.08,25.993719974093914,24.909000000000002,1.0847199740939102
I-92989-06-01,92989,validation,tidal,isolated,8604,1,221.0,6,1,9184.183948405529,3203.703087193787,163.3677625652106,16.785927599393673,7.5,0.23418383551428903,adjacent-to-single-label,0.24,0.24,24.523611581275073,23.709,0.8146115812750745
I-92989-06-02,92989,validation,tidal,isolated,8604,1,221.0,6,2,9184.183948405529,3203.703087193787,163.3677625652106,16.785927599393673,7.5,0.23418383551428903,adjacent-to-single-label,0.24,0.24,24.79371997409391,23.709,1.0847199740939102
I-92989-06-03,92989,validation,tidal,isolated,8604,1,221.0,6,3,9184.183948405529,3203.703087193787,163.3677625652106,16.785927599393673,7.5,0.23418383551428903,adjacent-to-single-label,0.24,0.24,24.923611581275075,24.109,0.8146115812750745
I-92989-06-04,92989,validation,tidal,isolated,8604,1,221.0,6,4,9184.183948405529,3203.703087193787,163.3677625652106,16.785927599393673,7.5,0.23418383551428903,adjacent-to-single-label,0.24,0.24,25.193719974093913,24.109,1.0847199740939102
I-92989-06-05,92989,validation,tidal,isolated,8604,1,221.0,6,5,9184.183948405529,3203.703087193787,163.3677625652106,16.785927599393673,7.5,0.23418383551428903,adjacent-to-single-label,0.24,0.24,25.323611581275074,24.509,0.8146115812750745
I-92989-06-06,92989,validation,tidal,isolated,8604,1,221.0,6,6,9184.183948405529,3203.703087193787,163.3677625652106,16.785927599393673,7.5,0.23418383551428903,adjacent-to-single-label,0.24,0.24,25.59371997409391,24.509,1.0847199740939102
I-92989-06-07,92989,validation,tidal,isolated,8604,1,221.0,6,7,9184.183948405529,3203.703087193787,163.3677625652106,16.785927599393673,7.5,0.23418383551428903,adjacent-to-single-label,0.24,0.24,25.723611581275076,24.909000000000002,0.8146115812750745
I-92989-06-08,92989,validation,tidal,isolated,8604,1,221.0,6,8,9184.183948405529,3203.703087193787,163.3677625652106,16.785927599393673,7.5,0.23418383551428903,adjacent-to-single-label,0.24,0.24,25.993719974093914,24.909000000000002,1.0847199740939102
I-92989-07-01,92989,validation,tidal,isolated,8604,1,221.0,7,1,9187.324150382789,3194.367918582625,163.36769742972237,16.785985982371997,12.0,0.37469413682286246,adjacent-to-single-label,0.08,0.08,24.523611581275073,23.709,0.8146115812750745
I-92989-07-02,92989,validation,tidal,isolated,8604,1,221.0,7,2,9187.324150382789,3194.367918582625,163.36769742972237,16.785985982371997,12.0,0.37469413682286246,adjacent-to-single-label,0.08,0.08,24.79371997409391,23.709,1.0847199740939102
I-92989-07-03,92989,validation,tidal,isolated,8604,1,221.0,7,3,9187.324150382789,3194.367918582625,163.36769742972237,16.785985982371997,12.0,0.37469413682286246,adjacent-to-single-label,0.08,0.08,24.923611581275075,24.109,0.8146115812750745
I-92989-07-04,92989,validation,tidal,isolated,8604,1,221.0,7,4,9187.324150382789,3194.367918582625,163.36769742972237,16.785985982371997,12.0,0.37469413682286246,adjacent-to-single-label,0.08,0.08,25.193719974093913,24.109,1.0847199740939102
I-92989-07-05,92989,validation,tidal,isolated,8604,1,221.0,7,5,9187.324150382789,3194.367918582625,163.36769742972237,16.785985982371997,12.0,0.37469413682286246,adjacent-to-single-label,0.08,0.08,25.323611581275074,24.509,0.8146115812750745
I-92989-07-06,92989,validation,tidal,isolated,8604,1,221.0,7,6,9187.324150382789,3194.367918582625,163.36769742972237,16.785985982371997,12.0,0.37469413682286246,adjacent-to-single-label,0.08,0.08,25.59371997409391,24.509,1.0847199740939102
I-92989-07-07,92989,validation,tidal,isolated,8604,1,221.0,7,7,9187.324150382789,3194.367918582625,163.36769742972237,16.785985982371997,12.0,0.37469413682286246,adjacent-to-single-label,0.08,0.08,25.723611581275076,24.909000000000002,0.8146115812750745
I-92989-07-08,92989,validation,tidal,isolated,8604,1,221.0,7,8,9187.324150382789,3194.367918582625,163.36769742972237,16.785985982371997,12.0,0.37469413682286246,adjacent-to-single-label,0.08,0.08,25.993719974093914,24.909000000000002,1.0847199740939102
I-92989-08-01,92989,validation,tidal,isolated,8604,1,221.0,8,1,9197.428392102696,3195.2519251866424,163.3677427067223,16.786062532786964,12.0,0.37469413682286246,adjacent-to-single-label,0.0,0.0,24.523611581275073,23.709,0.8146115812750745
I-92989-08-02,92989,validation,tidal,isolated,8604,1,221.0,8,2,9197.428392102696,3195.2519251866424,163.3677427067223,16.786062532786964,12.0,0.37469413682286246,adjacent-to-single-label,0.0,0.0,24.79371997409391,23.709,1.0847199740939102
I-92989-08-03,92989,validation,tidal,isolated,8604,1,221.0,8,3,9197.428392102696,3195.2519251866424,163.3677427067223,16.786062532786964,12.0,0.37469413682286246,adjacent-to-single-label,0.0,0.0,24.923611581275075,24.109,0.8146115812750745
I-92989-08-04,92989,validation,tidal,isolated,8604,1,221.0,8,4,9197.428392102696,3195.2519251866424,163.3677427067223,16.786062532786964,12.0,0.37469413682286246,adjacent-to-single-label,0.0,0.0,25.193719974093913,24.109,1.0847199740939102
I-92989-08-05,92989,validation,tidal,isolated,8604,1,221.0,8,5,9197.428392102696,3195.2519251866424,163.3677427067223,16.786062532786964,12.0,0.37469413682286246,adjacent-to-single-label,0.0,0.0,25.323611581275074,24.509,0.8146115812750745
I-92989-08-06,92989,validation,tidal,isolated,8604,1,221.0,8,6,9197.428392102696,3195.2519251866424,163.3677427067223,16.786062532786964,12.0,0.37469413682286246,adjacent-to-single-label,0.0,0.0,25.59371997409391,24.509,1.0847199740939102
I-92989-08-07,92989,validation,tidal,isolated,8604,1,221.0,8,7,9197.428392102696,3195.2519251866424,163.3677427067223,16.786062532786964,12.0,0.37469413682286246,adjacent-to-single-label,0.0,0.0,25.723611581275076,24.909000000000002,0.8146115812750745
I-92989-08-08,92989,validation,tidal,isolated,8604,1,221.0,8,8,9197.428392102696,3195.2519251866424,163.3677427067223,16.786062532786964,12.0,0.37469413682286246,adjacent-to-single-label,0.0,0.0,25.993719974093914,24.909000000000002,1.0847199740939102
I-116985-01-01,116985,validation,tidal,isolated,10210,1,147.0,1,1,9182.87761816191,3714.6626485251254,163.3719690410191,16.784077955293995,7.5,0.23418383551428903,adjacent-to-single-label,0.24,0.24,25.610611581275073,24.796,0.8146115812750745
I-116985-01-02,116985,validation,tidal,isolated,10210,1,147.0,1,2,9182.87761816191,3714.6626485251254,163.3719690410191,16.784077955293995,7.5,0.23418383551428903,adjacent-to-single-label,0.24,0.24,25.88071997409391,24.796,1.0847199740939102
I-116985-01-03,116985,validation,tidal,isolated,10210,1,147.0,1,3,9182.87761816191,3714.6626485251254,163.3719690410191,16.784077955293995,7.5,0.23418383551428903,adjacent-to-single-label,0.24,0.24,26.010611581275075,25.196,0.8146115812750745
I-116985-01-04,116985,validation,tidal,isolated,10210,1,147.0,1,4,9182.87761816191,3714.6626485251254,163.3719690410191,16.784077955293995,7.5,0.23418383551428903,adjacent-to-single-label,0.24,0.24,26.280719974093913,25.196,1.0847199740939102
I-116985-01-05,116985,validation,tidal,isolated,10210,1,147.0,1,5,9182.87761816191,3714.6626485251254,163.3719690410191,16.784077955293995,7.5,0.23418383551428903,adjacent-to-single-label,0.24,0.24,26.410611581275074,25.596,0.8146115812750745
I-116985-01-06,116985,validation,tidal,isolated,10210,1,147.0,1,6,9182.87761816191,3714.6626485251254,163.3719690410191,16.784077955293995,7.5,0.23418383551428903,adjacent-to-single-label,0.24,0.24,26.68071997409391,25.596,1.0847199740939102
I-116985-01-07,116985,validation,tidal,isolated,10210,1,147.0,1,7,9182.87761816191,3714.6626485251254,163.3719690410191,16.784077955293995,7.5,0.23418383551428903,adjacent-to-single-label,0.24,0.24,26.810611581275076,25.996000000000002,0.8146115812750745
I-116985-01-08,116985,validation,tidal,isolated,10210,1,147.0,1,8,9182.87761816191,3714.6626485251254,163.3719690410191,16.784077955293995,7.5,0.23418383551428903,adjacent-to-single-label,0.24,0.24,27.080719974093913,25.996000000000002,1.0847199740939102
I-116985-02-01,116985,validation,tidal,isolated,10210,1,147.0,2,1,9180.493284474762,3723.144045237778,163.37202997981134,16.78402860892482,11.5,0.35908188112190986,adjacent-to-single-label,0.24,0.0,25.610611581275073,24.796,0.8146115812750745
I-116985-02-02,116985,validation,tidal,isolated,10210,1,147.0,2,2,9180.493284474762,3723.144045237778,163.37202997981134,16.78402860892482,11.5,0.35908188112190986,adjacent-to-single-label,0.24,0.0,25.88071997409391,24.796,1.0847199740939102
I-116985-02-03,116985,validation,tidal,isolated,10210,1,147.0,2,3,9180.493284474762,3723.144045237778,163.37202997981134,16.78402860892482,11.5,0.35908188112190986,adjacent-to-single-label,0.24,0.0,26.010611581275075,25.196,0.8146115812750745
I-116985-02-04,116985,validation,tidal,isolated,10210,1,147.0,2,4,9180.493284474762,3723.144045237778,163.37202997981134,16.78402860892482,11.5,0.35908188112190986,adjacent-to-single-label,0.24,0.0,26.280719974093913,25.196,1.0847199740939102
I-116985-02-05,116985,validation,tidal,isolated,10210,1,147.0,2,5,9180.493284474762,3723.144045237778,163.37202997981134,16.78402860892482,11.5,0.35908188112190986,adjacent-to-single-label,0.24,0.0,26.410611581275074,25.596,0.8146115812750745
I-116985-02-06,116985,validation,tidal,isolated,10210,1,147.0,2,6,9180.493284474762,3723.144045237778,163.37202997981134,16.78402860892482,11.5,0.35908188112190986,adjacent-to-single-label,0.24,0.0,26.68071997409391,25.596,1.0847199740939102
I-116985-02-07,116985,validation,tidal,isolated,10210,1,147.0,2,7,9180.493284474762,3723.144045237778,163.37202997981134,16.78402860892482,11.5,0.35908188112190986,adjacent-to-single-label,0.24,0.0,26.810611581275076,25.996000000000002,0.8146115812750745
I-116985-02-08,116985,validation,tidal,isolated,10210,1,147.0,2,8,9180.493284474762,3723.144045237778,163.37202997981134,16.78402860892482,11.5,0.35908188112190986,adjacent-to-single-label,0.24,0.0,27.080719974093913,25.996000000000002,1.0847199740939102
I-116985-03-01,116985,validation,tidal,isolated,10210,1,147.0,3,1,9171.383174464743,3720.082721619024,163.37197049402263,16.78396774207986,8.5,0.26540834691619425,adjacent-to-single-label,0.12,0.0,25.610611581275073,24.796,0.8146115812750745
I-116985-03-02,116985,validation,tidal,isolated,10210,1,147.0,3,2,9171.383174464743,3720.082721619024,163.37197049402263,16.78396774207986,8.5,0.26540834691619425,adjacent-to-single-label,0.12,0.0,25.88071997409391,24.796,1.0847199740939102
I-116985-03-03,116985,validation,tidal,isolated,10210,1,147.0,3,3,9171.383174464743,3720.082721619024,163.37197049402263,16.78396774207986,8.5,0.26540834691619425,adjacent-to-single-label,0.12,0.0,26.010611581275075,25.196,0.8146115812750745
I-116985-03-04,116985,validation,tidal,isolated,10210,1,147.0,3,4,9171.383174464743,3720.082721619024,163.37197049402263,16.78396774207986,8.5,0.26540834691619425,adjacent-to-single-label,0.12,0.0,26.280719974093913,25.196,1.0847199740939102
I-116985-03-05,116985,validation,tidal,isolated,10210,1,147.0,3,5,9171.383174464743,3720.082721619024,163.37197049402263,16.78396774207986,8.5,0.26540834691619425,adjacent-to-single-label,0.12,0.0,26.410611581275074,25.596,0.8146115812750745
I-116985-03-06,116985,validation,tidal,isolated,10210,1,147.0,3,6,9171.383174464743,3720.082721619024,163.37197049402263,16.78396774207986,8.5,0.26540834691619425,adjacent-to-single-label,0.12,0.0,26.68071997409391,25.596,1.0847199740939102
I-116985-03-07,116985,validation,tidal,isolated,10210,1,147.0,3,7,9171.383174464743,3720.082721619024,163.37197049402263,16.78396774207986,8.5,0.26540834691619425,adjacent-to-single-label,0.12,0.0,26.810611581275076,25.996000000000002,0.8146115812750745
I-116985-03-08,116985,validation,tidal,isolated,10210,1,147.0,3,8,9171.383174464743,3720.082721619024,163.37197049402263,16.78396774207986,8.5,0.26540834691619425,adjacent-to-single-label,0.12,0.0,27.080719974093913,25.996000000000002,1.0847199740939102
I-116985-04-01,116985,validation,tidal,isolated,10210,1,147.0,4,1,9169.231924070164,3713.8502188416915,163.37191103678762,16.78397320280862,6.5,0.20295932411238382,adjacent-to-single-label,0.24,0.2,25.610611581275073,24.796,0.8146115812750745
I-116985-04-02,116985,validation,tidal,isolated,10210,1,147.0,4,2,9169.231924070164,3713.8502188416915,163.37191103678762,16.78397320280862,6.5,0.20295932411238382,adjacent-to-single-label,0.24,0.2,25.88071997409391,24.796,1.0847199740939102
I-116985-04-03,116985,validation,tidal,isolated,10210,1,147.0,4,3,9169.231924070164,3713.8502188416915,163.37191103678762,16.78397320280862,6.5,0.20295932411238382,adjacent-to-single-label,0.24,0.2,26.010611581275075,25.196,0.8146115812750745
I-116985-04-04,116985,validation,tidal,isolated,10210,1,147.0,4,4,9169.231924070164,3713.8502188416915,163.37191103678762,16.78397320280862,6.5,0.20295932411238382,adjacent-to-single-label,0.24,0.2,26.280719974093913,25.196,1.0847199740939102
I-116985-04-05,116985,validation,tidal,isolated,10210,1,147.0,4,5,9169.231924070164,3713.8502188416915,163.37191103678762,16.78397320280862,6.5,0.20295932411238382,adjacent-to-single-label,0.24,0.2,26.410611581275074,25.596,0.8146115812750745
I-116985-04-06,116985,validation,tidal,isolated,10210,1,147.0,4,6,9169.231924070164,3713.8502188416915,163.37191103678762,16.78397320280862,6.5,0.20295932411238382,adjacent-to-single-label,0.24,0.2,26.68071997409391,25.596,1.0847199740939102
I-116985-04-07,116985,validation,tidal,isolated,10210,1,147.0,4,7,9169.231924070164,3713.8502188416915,163.37191103678762,16.78397320280862,6.5,0.20295932411238382,adjacent-to-single-label,0.24,0.2,26.810611581275076,25.996000000000002,0.8146115812750745
I-116985-04-08,116985,validation,tidal,isolated,10210,1,147.0,4,8,9169.231924070164,3713.8502188416915,163.37191103678762,16.78397320280862,6.5,0.20295932411238382,adjacent-to-single-label,0.24,0.2,27.080719974093913,25.996000000000002,1.0847199740939102
I-116985-05-01,116985,validation,tidal,isolated,10210,1,147.0,5,1,9164.042064549274,3709.6156771456263,163.37185662157538,16.783947493732917,12.0,0.37469413682286246,adjacent-to-single-label,0.0,0.0,25.610611581275073,24.796,0.8146115812750745
I-116985-05-02,116985,validation,tidal,isolated,10210,1,147.0,5,2,9164.042064549274,3709.6156771456263,163.37185662157538,16.783947493732917,12.0,0.37469413682286246,adjacent-to-single-label,0.0,0.0,25.88071997409391,24.796,1.0847199740939102
I-116985-05-03,116985,validation,tidal,isolated,10210,1,147.0,5,3,9164.042064549274,3709.6156771456263,163.37185662157538,16.783947493732917,12.0,0.37469413682286246,adjacent-to-single-label,0.0,0.0,26.010611581275075,25.196,0.8146115812750745
I-116985-05-04,116985,validation,tidal,isolated,10210,1,147.0,5,4,9164.042064549274,3709.6156771456263,163.37185662157538,16.783947493732917,12.0,0.37469413682286246,adjacent-to-single-label,0.0,0.0,26.280719974093913,25.196,1.0847199740939102
I-116985-05-05,116985,validation,tidal,isolated,10210,1,147.0,5,5,9164.042064549274,3709.6156771456263,163.37185662157538,16.783947493732917,12.0,0.37469413682286246,adjacent-to-single-label,0.0,0.0,26.410611581275074,25.596,0.8146115812750745
I-116985-05-06,116985,validation,tidal,isolated,10210,1,147.0,5,6,9164.042064549274,3709.6156771456263,163.37185662157538,16.783947493732917,12.0,0.37469413682286246,adjacent-to-single-label,0.0,0.0,26.68071997409391,25.596,1.0847199740939102
I-116985-05-07,116985,validation,tidal,isolated,10210,1,147.0,5,7,9164.042064549274,3709.6156771456263,163.37185662157538,16.783947493732917,12.0,0.37469413682286246,adjacent-to-single-label,0.0,0.0,26.810611581275076,25.996000000000002,0.8146115812750745
I-116985-05-08,116985,validation,tidal,isolated,10210,1,147.0,5,8,9164.042064549274,3709.6156771456263,163.37185662157538,16.783947493732917,12.0,0.37469413682286246,adjacent-to-single-label,0.0,0.0,27.080719974093913,25.996000000000002,1.0847199740939102
I-116985-06-01,116985,validation,tidal,isolated,10210,1,147.0,6,1,9168.75025722853,3702.8916811553886,163.3718189050775,16.784008851076834,12.0,0.37469413682286246,adjacent-to-single-label,0.04,0.04,25.610611581275073,24.796,0.8146115812750745
I-116985-06-02,116985,validation,tidal,isolated,10210,1,147.0,6,2,9168.75025722853,3702.8916811553886,163.3718189050775,16.784008851076834,12.0,0.37469413682286246,adjacent-to-single-label,0.04,0.04,25.88071997409391,24.796,1.0847199740939102
I-116985-06-03,116985,validation,tidal,isolated,10210,1,147.0,6,3,9168.75025722853,3702.8916811553886,163.3718189050775,16.784008851076834,12.0,0.37469413682286246,adjacent-to-single-label,0.04,0.04,26.010611581275075,25.196,0.8146115812750745
I-116985-06-04,116985,validation,tidal,isolated,10210,1,147.0,6,4,9168.75025722853,3702.8916811553886,163.3718189050775,16.784008851076834,12.0,0.37469413682286246,adjacent-to-single-label,0.04,0.04,26.280719974093913,25.196,1.0847199740939102
I-116985-06-05,116985,validation,tidal,isolated,10210,1,147.0,6,5,9168.75025722853,3702.8916811553886,163.3718189050775,16.784008851076834,12.0,0.37469413682286246,adjacent-to-single-label,0.04,0.04,26.410611581275074,25.596,0.8146115812750745
I-116985-06-06,116985,validation,tidal,isolated,10210,1,147.0,6,6,9168.75025722853,3702.8916811553886,163.3718189050775,16.784008851076834,12.0,0.37469413682286246,adjacent-to-single-label,0.04,0.04,26.68071997409391,25.596,1.0847199740939102
I-116985-06-07,116985,validation,tidal,isolated,10210,1,147.0,6,7,9168.75025722853,3702.8916811553886,163.3718189050775,16.784008851076834,12.0,0.37469413682286246,adjacent-to-single-label,0.04,0.04,26.810611581275076,25.996000000000002,0.8146115812750745
I-116985-06-08,116985,validation,tidal,isolated,10210,1,147.0,6,8,9168.75025722853,3702.8916811553886,163.3718189050775,16.784008851076834,12.0,0.37469413682286246,adjacent-to-single-label,0.04,0.04,27.080719974093913,25.996000000000002,1.0847199740939102
I-116985-07-01,116985,validation,tidal,isolated,10210,1,147.0,7,1,9176.679043377715,3700.7671693097554,163.3718312071776,16.78407906444352,12.0,0.37469413682286246,adjacent-to-single-label,0.16,0.0,25.610611581275073,24.796,0.8146115812750745
I-116985-07-02,116985,validation,tidal,isolated,10210,1,147.0,7,2,9176.679043377715,3700.7671693097554,163.3718312071776,16.78407906444352,12.0,0.37469413682286246,adjacent-to-single-label,0.16,0.0,25.88071997409391,24.796,1.0847199740939102
I-116985-07-03,116985,validation,tidal,isolated,10210,1,147.0,7,3,9176.679043377715,3700.7671693097554,163.3718312071776,16.78407906444352,12.0,0.37469413682286246,adjacent-to-single-label,0.16,0.0,26.010611581275075,25.196,0.8146115812750745
I-116985-07-04,116985,validation,tidal,isolated,10210,1,147.0,7,4,9176.679043377715,3700.7671693097554,163.3718312071776,16.78407906444352,12.0,0.37469413682286246,adjacent-to-single-label,0.16,0.0,26.280719974093913,25.196,1.0847199740939102
I-116985-07-05,116985,validation,tidal,isolated,10210,1,147.0,7,5,9176.679043377715,3700.7671693097554,163.3718312071776,16.78407906444352,12.0,0.37469413682286246,adjacent-to-single-label,0.16,0.0,26.410611581275074,25.596,0.8146115812750745
I-116985-07-06,116985,validation,tidal,isolated,10210,1,147.0,7,6,9176.679043377715,3700.7671693097554,163.3718312071776,16.78407906444352,12.0,0.37469413682286246,adjacent-to-single-label,0.16,0.0,26.68071997409391,25.596,1.0847199740939102
I-116985-07-07,116985,validation,tidal,isolated,10210,1,147.0,7,7,9176.679043377715,3700.7671693097554,163.3718312071776,16.78407906444352,12.0,0.37469413682286246,adjacent-to-single-label,0.16,0.0,26.810611581275076,25.996000000000002,0.8146115812750745
I-116985-07-08,116985,validation,tidal,isolated,10210,1,147.0,7,8,9176.679043377715,3700.7671693097554,163.3718312071776,16.78407906444352,12.0,0.37469413682286246,adjacent-to-single-label,0.16,0.0,27.080719974093913,25.996000000000002,1.0847199740939102
I-116985-08-01,116985,validation,tidal,isolated,10210,1,147.0,8,1,9180.221785955551,3706.168289332544,163.37188904420572,16.78408757674742,8.0,0.24979609121524163,adjacent-to-single-label,0.24,0.08,25.610611581275073,24.796,0.8146115812750745
I-116985-08-02,116985,validation,tidal,isolated,10210,1,147.0,8,2,9180.221785955551,3706.168289332544,163.37188904420572,16.78408757674742,8.0,0.24979609121524163,adjacent-to-single-label,0.24,0.08,25.88071997409391,24.796,1.0847199740939102
I-116985-08-03,116985,validation,tidal,isolated,10210,1,147.0,8,3,9180.221785955551,3706.168289332544,163.37188904420572,16.78408757674742,8.0,0.24979609121524163,adjacent-to-single-label,0.24,0.08,26.010611581275075,25.196,0.8146115812750745
I-116985-08-04,116985,validation,tidal,isolated,10210,1,147.0,8,4,9180.221785955551,3706.168289332544,163.37188904420572,16.78408757674742,8.0,0.24979609121524163,adjacent-to-single-label,0.24,0.08,26.280719974093913,25.196,1.0847199740939102
I-116985-08-05,116985,validation,tidal,isolated,10210,1,147.0,8,5,9180.221785955551,3706.168289332544,163.37188904420572,16.78408757674742,8.0,0.24979609121524163,adjacent-to-single-label,0.24,0.08,26.410611581275074,25.596,0.8146115812750745
I-116985-08-06,116985,validation,tidal,isolated,10210,1,147.0,8,6,9180.221785955551,3706.168289332544,163.37188904420572,16.78408757674742,8.0,0.24979609121524163,adjacent-to-single-label,0.24,0.08,26.68071997409391,25.596,1.0847199740939102
I-116985-08-07,116985,validation,tidal,isolated,10210,1,147.0,8,7,9180.221785955551,3706.168289332544,163.37188904420572,16.78408757674742,8.0,0.24979609121524163,adjacent-to-single-label,0.24,0.08,26.810611581275076,25.996000000000002,0.8146115812750745
I-116985-08-08,116985,validation,tidal,isolated,10210,1,147.0,8,8,9180.221785955551,3706.168289332544,163.37188904420572,16.78408757674742,8.0,0.24979609121524163,adjacent-to-single-label,0.24,0.08,27.080719974093913,25.996000000000002,1.0847199740939102
I-128801-01-01,128801,validation,tidal,isolated,10586,1,1356.0,1,1,9144.97689365246,3952.094572266991,163.37378344445156,16.78292415601016,7.5,0.23418383551428903,adjacent-to-single-label,0.2,0.2,24.976611581275073,24.162,0.8146115812750745
I-128801-01-02,128801,validation,tidal,isolated,10586,1,1356.0,1,2,9144.97689365246,3952.094572266991,163.37378344445156,16.78292415601016,7.5,0.23418383551428903,adjacent-to-single-label,0.2,0.2,25.24671997409391,24.162,1.0847199740939102
I-128801-01-03,128801,validation,tidal,isolated,10586,1,1356.0,1,3,9144.97689365246,3952.094572266991,163.37378344445156,16.78292415601016,7.5,0.23418383551428903,adjacent-to-single-label,0.2,0.2,25.376611581275075,24.562,0.8146115812750745
I-128801-01-04,128801,validation,tidal,isolated,10586,1,1356.0,1,4,9144.97689365246,3952.094572266991,163.37378344445156,16.78292415601016,7.5,0.23418383551428903,adjacent-to-single-label,0.2,0.2,25.646719974093912,24.562,1.0847199740939102
I-128801-01-05,128801,validation,tidal,isolated,10586,1,1356.0,1,5,9144.97689365246,3952.094572266991,163.37378344445156,16.78292415601016,7.5,0.23418383551428903,adjacent-to-single-label,0.2,0.2,25.776611581275073,24.962,0.8146115812750745
I-128801-01-06,128801,validation,tidal,isolated,10586,1,1356.0,1,6,9144.97689365246,3952.094572266991,163.37378344445156,16.78292415601016,7.5,0.23418383551428903,adjacent-to-single-label,0.2,0.2,26.04671997409391,24.962,1.0847199740939102
I-128801-01-07,128801,validation,tidal,isolated,10586,1,1356.0,1,7,9144.97689365246,3952.094572266991,163.37378344445156,16.78292415601016,7.5,0.23418383551428903,adjacent-to-single-label,0.2,0.2,26.176611581275075,25.362000000000002,0.8146115812750745
I-128801-01-08,128801,validation,tidal,isolated,10586,1,1356.0,1,8,9144.97689365246,3952.094572266991,163.37378344445156,16.78292415601016,7.5,0.23418383551428903,adjacent-to-single-label,0.2,0.2,26.446719974093913,25.362000000000002,1.0847199740939102
I-128801-02-01,128801,validation,tidal,isolated,10586,1,1356.0,2,1,9142.033440716474,3960.805732641479,163.37384417376782,16.782869570028453,12.0,0.37469413682286246,adjacent-to-single-label,0.0,0.0,24.976611581275073,24.162,0.8146115812750745
I-128801-02-02,128801,validation,tidal,isolated,10586,1,1356.0,2,2,9142.033440716474,3960.805732641479,163.37384417376782,16.782869570028453,12.0,0.37469413682286246,adjacent-to-single-label,0.0,0.0,25.24671997409391,24.162,1.0847199740939102
I-128801-02-03,128801,validation,tidal,isolated,10586,1,1356.0,2,3,9142.033440716474,3960.805732641479,163.37384417376782,16.782869570028453,12.0,0.37469413682286246,adjacent-to-single-label,0.0,0.0,25.376611581275075,24.562,0.8146115812750745
I-128801-02-04,128801,validation,tidal,isolated,10586,1,1356.0,2,4,9142.033440716474,3960.805732641479,163.37384417376782,16.782869570028453,12.0,0.37469413682286246,adjacent-to-single-label,0.0,0.0,25.646719974093912,24.562,1.0847199740939102
I-128801-02-05,128801,validation,tidal,isolated,10586,1,1356.0,2,5,9142.033440716474,3960.805732641479,163.37384417376782,16.782869570028453,12.0,0.37469413682286246,adjacent-to-single-label,0.0,0.0,25.776611581275073,24.962,0.8146115812750745
I-128801-02-06,128801,validation,tidal,isolated,10586,1,1356.0,2,6,9142.033440716474,3960.805732641479,163.37384417376782,16.782869570028453,12.0,0.37469413682286246,adjacent-to-single-label,0.0,0.0,26.04671997409391,24.962,1.0847199740939102
I-128801-02-07,128801,validation,tidal,isolated,10586,1,1356.0,2,7,9142.033440716474,3960.805732641479,163.37384417376782,16.782869570028453,12.0,0.37469413682286246,adjacent-to-single-label,0.0,0.0,26.176611581275075,25.362000000000002,0.8146115812750745
I-128801-02-08,128801,validation,tidal,isolated,10586,1,1356.0,2,8,9142.033440716474,3960.805732641479,163.37384417376782,16.782869570028453,12.0,0.37469413682286246,adjacent-to-single-label,0.0,0.0,26.446719974093913,25.362000000000002,1.0847199740939102
I-128801-03-01,128801,validation,tidal,isolated,10586,1,1356.0,3,1,9137.929198996566,3955.529421192048,163.37378525440897,16.7828561782409,6.0,0.18734706841143123,adjacent-to-single-label,0.16,0.16,24.976611581275073,24.162,0.8146115812750745
I-128801-03-02,128801,validation,tidal,isolated,10586,1,1356.0,3,2,9137.929198996566,3955.529421192048,163.37378525440897,16.7828561782409,6.0,0.18734706841143123,adjacent-to-single-label,0.16,0.16,25.24671997409391,24.162,1.0847199740939102
I-128801-03-03,128801,validation,tidal,isolated,10586,1,1356.0,3,3,9137.929198996566,3955.529421192048,163.37378525440897,16.7828561782409,6.0,0.18734706841143123,adjacent-to-single-label,0.16,0.16,25.376611581275075,24.562,0.8146115812750745
I-128801-03-04,128801,validation,tidal,isolated,10586,1,1356.0,3,4,9137.929198996566,3955.529421192048,163.37378525440897,16.7828561782409,6.0,0.18734706841143123,adjacent-to-single-label,0.16,0.16,25.646719974093912,24.562,1.0847199740939102
I-128801-03-05,128801,validation,tidal,isolated,10586,1,1356.0,3,5,9137.929198996566,3955.529421192048,163.37378525440897,16.7828561782409,6.0,0.18734706841143123,adjacent-to-single-label,0.16,0.16,25.776611581275073,24.962,0.8146115812750745
I-128801-03-06,128801,validation,tidal,isolated,10586,1,1356.0,3,6,9137.929198996566,3955.529421192048,163.37378525440897,16.7828561782409,6.0,0.18734706841143123,adjacent-to-single-label,0.16,0.16,26.04671997409391,24.962,1.0847199740939102
I-128801-03-07,128801,validation,tidal,isolated,10586,1,1356.0,3,7,9137.929198996566,3955.529421192048,163.37378525440897,16.7828561782409,6.0,0.18734706841143123,adjacent-to-single-label,0.16,0.16,26.176611581275075,25.362000000000002,0.8146115812750745
I-128801-03-08,128801,validation,tidal,isolated,10586,1,1356.0,3,8,9137.929198996566,3955.529421192048,163.37378525440897,16.7828561782409,6.0,0.18734706841143123,adjacent-to-single-label,0.16,0.16,26.446719974093913,25.362000000000002,1.0847199740939102
I-128801-04-01,128801,validation,tidal,isolated,10586,1,1356.0,4,1,9131.929198996566,3959.9217260374617,163.37379889507721,16.782793020944794,12.0,0.37469413682286246,adjacent-to-single-label,0.08,0.0,24.976611581275073,24.162,0.8146115812750745
I-128801-04-02,128801,validation,tidal,isolated,10586,1,1356.0,4,2,9131.929198996566,3959.9217260374617,163.37379889507721,16.782793020944794,12.0,0.37469413682286246,adjacent-to-single-label,0.08,0.0,25.24671997409391,24.162,1.0847199740939102
I-128801-04-03,128801,validation,tidal,isolated,10586,1,1356.0,4,3,9131.929198996566,3959.9217260374617,163.37379889507721,16.782793020944794,12.0,0.37469413682286246,adjacent-to-single-label,0.08,0.0,25.376611581275075,24.562,0.8146115812750745
I-128801-04-04,128801,validation,tidal,isolated,10586,1,1356.0,4,4,9131.929198996566,3959.9217260374617,163.37379889507721,16.782793020944794,12.0,0.37469413682286246,adjacent-to-single-label,0.08,0.0,25.646719974093912,24.562,1.0847199740939102
I-128801-04-05,128801,validation,tidal,isolated,10586,1,1356.0,4,5,9131.929198996566,3959.9217260374617,163.37379889507721,16.782793020944794,12.0,0.37469413682286246,adjacent-to-single-label,0.08,0.0,25.776611581275073,24.962,0.8146115812750745
I-128801-04-06,128801,validation,tidal,isolated,10586,1,1356.0,4,6,9131.929198996566,3959.9217260374617,163.37379889507721,16.782793020944794,12.0,0.37469413682286246,adjacent-to-single-label,0.08,0.0,26.04671997409391,24.962,1.0847199740939102
I-128801-04-07,128801,validation,tidal,isolated,10586,1,1356.0,4,7,9131.929198996566,3959.9217260374617,163.37379889507721,16.782793020944794,12.0,0.37469413682286246,adjacent-to-single-label,0.08,0.0,26.176611581275075,25.362000000000002,0.8146115812750745
I-128801-04-08,128801,validation,tidal,isolated,10586,1,1356.0,4,8,9131.929198996566,3959.9217260374617,163.37379889507721,16.782793020944794,12.0,0.37469413682286246,adjacent-to-single-label,0.08,0.0,26.446719974093913,25.362000000000002,1.0847199740939102
I-128801-05-01,128801,validation,tidal,isolated,10586,1,1356.0,5,1,9126.652887547136,3953.633662911956,163.37372722987314,16.782774022698142,12.0,0.37469413682286246,adjacent-to-single-label,0.0,0.0,24.976611581275073,24.162,0.8146115812750745
I-128801-05-02,128801,validation,tidal,isolated,10586,1,1356.0,5,2,9126.652887547136,3953.633662911956,163.37372722987314,16.782774022698142,12.0,0.37469413682286246,adjacent-to-single-label,0.0,0.0,25.24671997409391,24.162,1.0847199740939102
I-128801-05-03,128801,validation,tidal,isolated,10586,1,1356.0,5,3,9126.652887547136,3953.633662911956,163.37372722987314,16.782774022698142,12.0,0.37469413682286246,adjacent-to-single-label,0.0,0.0,25.376611581275075,24.562,0.8146115812750745
I-128801-05-04,128801,validation,tidal,isolated,10586,1,1356.0,5,4,9126.652887547136,3953.633662911956,163.37372722987314,16.782774022698142,12.0,0.37469413682286246,adjacent-to-single-label,0.0,0.0,25.646719974093912,24.562,1.0847199740939102
I-128801-05-05,128801,validation,tidal,isolated,10586,1,1356.0,5,5,9126.652887547136,3953.633662911956,163.37372722987314,16.782774022698142,12.0,0.37469413682286246,adjacent-to-single-label,0.0,0.0,25.776611581275073,24.962,0.8146115812750745
I-128801-05-06,128801,validation,tidal,isolated,10586,1,1356.0,5,6,9126.652887547136,3953.633662911956,163.37372722987314,16.782774022698142,12.0,0.37469413682286246,adjacent-to-single-label,0.0,0.0,26.04671997409391,24.962,1.0847199740939102
I-128801-05-07,128801,validation,tidal,isolated,10586,1,1356.0,5,7,9126.652887547136,3953.633662911956,163.37372722987314,16.782774022698142,12.0,0.37469413682286246,adjacent-to-single-label,0.0,0.0,26.176611581275075,25.362000000000002,0.8146115812750745
I-128801-05-08,128801,validation,tidal,isolated,10586,1,1356.0,5,8,9126.652887547136,3953.633662911956,163.37372722987314,16.782774022698142,12.0,0.37469413682286246,adjacent-to-single-label,0.0,0.0,26.446719974093913,25.362000000000002,1.0847199740939102
I-128801-06-01,128801,validation,tidal,isolated,10586,1,1356.0,6,1,9126.652887547136,3945.4251794721404,163.37365957599292,16.78280357258304,12.0,0.37469413682286246,adjacent-to-single-label,0.0,0.0,24.976611581275073,24.162,0.8146115812750745
I-128801-06-02,128801,validation,tidal,isolated,10586,1,1356.0,6,2,9126.652887547136,3945.4251794721404,163.37365957599292,16.78280357258304,12.0,0.37469413682286246,adjacent-to-single-label,0.0,0.0,25.24671997409391,24.162,1.0847199740939102
I-128801-06-03,128801,validation,tidal,isolated,10586,1,1356.0,6,3,9126.652887547136,3945.4251794721404,163.37365957599292,16.78280357258304,12.0,0.37469413682286246,adjacent-to-single-label,0.0,0.0,25.376611581275075,24.562,0.8146115812750745
I-128801-06-04,128801,validation,tidal,isolated,10586,1,1356.0,6,4,9126.652887547136,3945.4251794721404,163.37365957599292,16.78280357258304,12.0,0.37469413682286246,adjacent-to-single-label,0.0,0.0,25.646719974093912,24.562,1.0847199740939102
I-128801-06-05,128801,validation,tidal,isolated,10586,1,1356.0,6,5,9126.652887547136,3945.4251794721404,163.37365957599292,16.78280357258304,12.0,0.37469413682286246,adjacent-to-single-label,0.0,0.0,25.776611581275073,24.962,0.8146115812750745
I-128801-06-06,128801,validation,tidal,isolated,10586,1,1356.0,6,6,9126.652887547136,3945.4251794721404,163.37365957599292,16.78280357258304,12.0,0.37469413682286246,adjacent-to-single-label,0.0,0.0,26.04671997409391,24.962,1.0847199740939102
I-128801-06-07,128801,validation,tidal,isolated,10586,1,1356.0,6,7,9126.652887547136,3945.4251794721404,163.37365957599292,16.78280357258304,12.0,0.37469413682286246,adjacent-to-single-label,0.0,0.0,26.176611581275075,25.362000000000002,0.8146115812750745
I-128801-06-08,128801,validation,tidal,isolated,10586,1,1356.0,6,8,9126.652887547136,3945.4251794721404,163.37365957599292,16.78280357258304,12.0,0.37469413682286246,adjacent-to-single-label,0.0,0.0,26.446719974093913,25.362000000000002,1.0847199740939102
I-128801-07-01,128801,validation,tidal,isolated,10586,1,1356.0,7,1,9134.48774037846,3944.614508926314,163.37368235411225,16.782868314900448,6.0,0.18734706841143123,adjacent-to-single-label,0.2,0.2,24.976611581275073,24.162,0.8146115812750745
I-128801-07-02,128801,validation,tidal,isolated,10586,1,1356.0,7,2,9134.48774037846,3944.614508926314,163.37368235411225,16.782868314900448,6.0,0.18734706841143123,adjacent-to-single-label,0.2,0.2,25.24671997409391,24.162,1.0847199740939102
I-128801-07-03,128801,validation,tidal,isolated,10586,1,1356.0,7,3,9134.48774037846,3944.614508926314,163.37368235411225,16.782868314900448,6.0,0.18734706841143123,adjacent-to-single-label,0.2,0.2,25.376611581275075,24.562,0.8146115812750745
I-128801-07-04,128801,validation,tidal,isolated,10586,1,1356.0,7,4,9134.48774037846,3944.614508926314,163.37368235411225,16.782868314900448,6.0,0.18734706841143123,adjacent-to-single-label,0.2,0.2,25.646719974093912,24.562,1.0847199740939102
I-128801-07-05,128801,validation,tidal,isolated,10586,1,1356.0,7,5,9134.48774037846,3944.614508926314,163.37368235411225,16.782868314900448,6.0,0.18734706841143123,adjacent-to-single-label,0.2,0.2,25.776611581275073,24.962,0.8146115812750745
I-128801-07-06,128801,validation,tidal,isolated,10586,1,1356.0,7,6,9134.48774037846,3944.614508926314,163.37368235411225,16.782868314900448,6.0,0.18734706841143123,adjacent-to-single-label,0.2,0.2,26.04671997409391,24.962,1.0847199740939102
I-128801-07-07,128801,validation,tidal,isolated,10586,1,1356.0,7,7,9134.48774037846,3944.614508926314,163.37368235411225,16.782868314900448,6.0,0.18734706841143123,adjacent-to-single-label,0.2,0.2,26.176611581275075,25.362000000000002,0.8146115812750745
I-128801-07-08,128801,validation,tidal,isolated,10586,1,1356.0,7,8,9134.48774037846,3944.614508926314,163.37368235411225,16.782868314900448,6.0,0.18734706841143123,adjacent-to-single-label,0.2,0.2,26.446719974093913,25.362000000000002,1.0847199740939102
I-128801-08-01,128801,validation,tidal,isolated,10586,1,1356.0,8,1,9137.929198996566,3937.529421192048,163.37363689930274,16.782920976816193,12.0,0.37469413682286246,adjacent-to-single-label,0.2,0.2,24.976611581275073,24.162,0.8146115812750745
I-128801-08-02,128801,validation,tidal,isolated,10586,1,1356.0,8,2,9137.929198996566,3937.529421192048,163.37363689930274,16.782920976816193,12.0,0.37469413682286246,adjacent-to-single-label,0.2,0.2,25.24671997409391,24.162,1.0847199740939102
I-128801-08-03,128801,validation,tidal,isolated,10586,1,1356.0,8,3,9137.929198996566,3937.529421192048,163.37363689930274,16.782920976816193,12.0,0.37469413682286246,adjacent-to-single-label,0.2,0.2,25.376611581275075,24.562,0.8146115812750745
I-128801-08-04,128801,validation,tidal,isolated,10586,1,1356.0,8,4,9137.929198996566,3937.529421192048,163.37363689930274,16.782920976816193,12.0,0.37469413682286246,adjacent-to-single-label,0.2,0.2,25.646719974093912,24.562,1.0847199740939102
I-128801-08-05,128801,validation,tidal,isolated,10586,1,1356.0,8,5,9137.929198996566,3937.529421192048,163.37363689930274,16.782920976816193,12.0,0.37469413682286246,adjacent-to-single-label,0.2,0.2,25.776611581275073,24.962,0.8146115812750745
I-128801-08-06,128801,validation,tidal,isolated,10586,1,1356.0,8,6,9137.929198996566,3937.529421192048,163.37363689930274,16.782920976816193,12.0,0.37469413682286246,adjacent-to-single-label,0.2,0.2,26.04671997409391,24.962,1.0847199740939102
I-128801-08-07,128801,validation,tidal,isolated,10586,1,1356.0,8,7,9137.929198996566,3937.529421192048,163.37363689930274,16.782920976816193,12.0,0.37469413682286246,adjacent-to-single-label,0.2,0.2,26.176611581275075,25.362000000000002,0.8146115812750745
I-128801-08-08,128801,validation,tidal,isolated,10586,1,1356.0,8,8,9137.929198996566,3937.529421192048,163.37363689930274,16.782920976816193,12.0,0.37469413682286246,adjacent-to-single-label,0.2,0.2,26.446719974093913,25.362000000000002,1.0847199740939102
I-79644-01-01,79644,development,spiral,large-collision,2532,18,2726434.0,1,1,6276.265072459652,1551.557206194293,163.34321399130783,16.768926963622356,7.5,0.23418383551428903,inside-original-collision-label,1.0,1.0,25.048611581275072,24.233999999999998,0.8146115812750745
I-79644-01-02,79644,development,spiral,large-collision,2532,18,2726434.0,1,2,6276.265072459652,1551.557206194293,163.34321399130783,16.768926963622356,7.5,0.23418383551428903,inside-original-collision-label,1.0,1.0,25.31871997409391,24.233999999999998,1.0847199740939102
I-79644-01-03,79644,development,spiral,large-collision,2532,18,2726434.0,1,3,6276.265072459652,1551.557206194293,163.34321399130783,16.768926963622356,7.5,0.23418383551428903,inside-original-collision-label,1.0,1.0,25.448611581275074,24.634,0.8146115812750745
I-79644-01-04,79644,development,spiral,large-collision,2532,18,2726434.0,1,4,6276.265072459652,1551.557206194293,163.34321399130783,16.768926963622356,7.5,0.23418383551428903,inside-original-collision-label,1.0,1.0,25.71871997409391,24.634,1.0847199740939102
I-79644-01-05,79644,development,spiral,large-collision,2532,18,2726434.0,1,5,6276.265072459652,1551.557206194293,163.34321399130783,16.768926963622356,7.5,0.23418383551428903,inside-original-collision-label,1.0,1.0,25.848611581275073,25.034,0.8146115812750745
I-79644-01-06,79644,development,spiral,large-collision,2532,18,2726434.0,1,6,6276.265072459652,1551.557206194293,163.34321399130783,16.768926963622356,7.5,0.23418383551428903,inside-original-collision-label,1.0,1.0,26.11871997409391,25.034,1.0847199740939102
I-79644-01-07,79644,development,spiral,large-collision,2532,18,2726434.0,1,7,6276.265072459652,1551.557206194293,163.34321399130783,16.768926963622356,7.5,0.23418383551428903,inside-original-collision-label,1.0,1.0,26.248611581275075,25.434,0.8146115812750745
I-79644-01-08,79644,development,spiral,large-collision,2532,18,2726434.0,1,8,6276.265072459652,1551.557206194293,163.34321399130783,16.768926963622356,7.5,0.23418383551428903,inside-original-collision-label,1.0,1.0,26.518719974093912,25.434,1.0847199740939102
I-79644-02-01,79644,development,spiral,large-collision,2532,18,2726434.0,2,1,6276.478523775891,1560.7497395117207,163.3432905577264,16.768895566794274,12.0,0.37469413682286246,inside-original-collision-label,1.0,1.0,25.048611581275072,24.233999999999998,0.8146115812750745
I-79644-02-02,79644,development,spiral,large-collision,2532,18,2726434.0,2,2,6276.478523775891,1560.7497395117207,163.3432905577264,16.768895566794274,12.0,0.37469413682286246,inside-original-collision-label,1.0,1.0,25.31871997409391,24.233999999999998,1.0847199740939102
I-79644-02-03,79644,development,spiral,large-collision,2532,18,2726434.0,2,3,6276.478523775891,1560.7497395117207,163.3432905577264,16.768895566794274,12.0,0.37469413682286246,inside-original-collision-label,1.0,1.0,25.448611581275074,24.634,0.8146115812750745
I-79644-02-04,79644,development,spiral,large-collision,2532,18,2726434.0,2,4,6276.478523775891,1560.7497395117207,163.3432905577264,16.768895566794274,12.0,0.37469413682286246,inside-original-collision-label,1.0,1.0,25.71871997409391,24.634,1.0847199740939102
I-79644-02-05,79644,development,spiral,large-collision,2532,18,2726434.0,2,5,6276.478523775891,1560.7497395117207,163.3432905577264,16.768895566794274,12.0,0.37469413682286246,inside-original-collision-label,1.0,1.0,25.848611581275073,25.034,0.8146115812750745
I-79644-02-06,79644,development,spiral,large-collision,2532,18,2726434.0,2,6,6276.478523775891,1560.7497395117207,163.3432905577264,16.768895566794274,12.0,0.37469413682286246,inside-original-collision-label,1.0,1.0,26.11871997409391,25.034,1.0847199740939102
I-79644-02-07,79644,development,spiral,large-collision,2532,18,2726434.0,2,7,6276.478523775891,1560.7497395117207,163.3432905577264,16.768895566794274,12.0,0.37469413682286246,inside-original-collision-label,1.0,1.0,26.248611581275075,25.434,0.8146115812750745
I-79644-02-08,79644,development,spiral,large-collision,2532,18,2726434.0,2,8,6276.478523775891,1560.7497395117207,163.3432905577264,16.768895566794274,12.0,0.37469413682286246,inside-original-collision-label,1.0,1.0,26.518719974093912,25.434,1.0847199740939102
I-79644-03-01,79644,development,spiral,large-collision,2532,18,2726434.0,3,1,6266.681294327649,1563.3748992304395,163.34327537082171,16.768808805309007,12.0,0.37469413682286246,inside-original-collision-label,1.0,1.0,25.048611581275072,24.233999999999998,0.8146115812750745
I-79644-03-02,79644,development,spiral,large-collision,2532,18,2726434.0,3,2,6266.681294327649,1563.3748992304395,163.34327537082171,16.768808805309007,12.0,0.37469413682286246,inside-original-collision-label,1.0,1.0,25.31871997409391,24.233999999999998,1.0847199740939102
I-79644-03-03,79644,development,spiral,large-collision,2532,18,2726434.0,3,3,6266.681294327649,1563.3748992304395,163.34327537082171,16.768808805309007,12.0,0.37469413682286246,inside-original-collision-label,1.0,1.0,25.448611581275074,24.634,0.8146115812750745
I-79644-03-04,79644,development,spiral,large-collision,2532,18,2726434.0,3,4,6266.681294327649,1563.3748992304395,163.34327537082171,16.768808805309007,12.0,0.37469413682286246,inside-original-collision-label,1.0,1.0,25.71871997409391,24.634,1.0847199740939102
I-79644-03-05,79644,development,spiral,large-collision,2532,18,2726434.0,3,5,6266.681294327649,1563.3748992304395,163.34327537082171,16.768808805309007,12.0,0.37469413682286246,inside-original-collision-label,1.0,1.0,25.848611581275073,25.034,0.8146115812750745
I-79644-03-06,79644,development,spiral,large-collision,2532,18,2726434.0,3,6,6266.681294327649,1563.3748992304395,163.34327537082171,16.768808805309007,12.0,0.37469413682286246,inside-original-collision-label,1.0,1.0,26.11871997409391,25.034,1.0847199740939102
I-79644-03-07,79644,development,spiral,large-collision,2532,18,2726434.0,3,7,6266.681294327649,1563.3748992304395,163.34327537082171,16.768808805309007,12.0,0.37469413682286246,inside-original-collision-label,1.0,1.0,26.248611581275075,25.434,0.8146115812750745
I-79644-03-08,79644,development,spiral,large-collision,2532,18,2726434.0,3,8,6266.681294327649,1563.3748992304395,163.34327537082171,16.768808805309007,12.0,0.37469413682286246,inside-original-collision-label,1.0,1.0,26.518719974093912,25.434,1.0847199740939102
I-79644-04-01,79644,development,spiral,large-collision,2532,18,2726434.0,4,1,6265.7008946871765,1554.1283566330392,163.34319547669375,16.76883434416386,4.0,0.12489804560762081,inside-original-collision-label,1.0,1.0,25.048611581275072,24.233999999999998,0.8146115812750745
I-79644-04-02,79644,development,spiral,large-collision,2532,18,2726434.0,4,2,6265.7008946871765,1554.1283566330392,163.34319547669375,16.76883434416386,4.0,0.12489804560762081,inside-original-collision-label,1.0,1.0,25.31871997409391,24.233999999999998,1.0847199740939102
I-79644-04-03,79644,development,spiral,large-collision,2532,18,2726434.0,4,3,6265.7008946871765,1554.1283566330392,163.34319547669375,16.76883434416386,4.0,0.12489804560762081,inside-original-collision-label,1.0,1.0,25.448611581275074,24.634,0.8146115812750745
I-79644-04-04,79644,development,spiral,large-collision,2532,18,2726434.0,4,4,6265.7008946871765,1554.1283566330392,163.34319547669375,16.76883434416386,4.0,0.12489804560762081,inside-original-collision-label,1.0,1.0,25.71871997409391,24.634,1.0847199740939102
I-79644-04-05,79644,development,spiral,large-collision,2532,18,2726434.0,4,5,6265.7008946871765,1554.1283566330392,163.34319547669375,16.76883434416386,4.0,0.12489804560762081,inside-original-collision-label,1.0,1.0,25.848611581275073,25.034,0.8146115812750745
I-79644-04-06,79644,development,spiral,large-collision,2532,18,2726434.0,4,6,6265.7008946871765,1554.1283566330392,163.34319547669375,16.76883434416386,4.0,0.12489804560762081,inside-original-collision-label,1.0,1.0,26.11871997409391,25.034,1.0847199740939102
I-79644-04-07,79644,development,spiral,large-collision,2532,18,2726434.0,4,7,6265.7008946871765,1554.1283566330392,163.34319547669375,16.76883434416386,4.0,0.12489804560762081,inside-original-collision-label,1.0,1.0,26.248611581275075,25.434,0.8146115812750745
I-79644-04-08,79644,development,spiral,large-collision,2532,18,2726434.0,4,8,6265.7008946871765,1554.1283566330392,163.34319547669375,16.76883434416386,4.0,0.12489804560762081,inside-original-collision-label,1.0,1.0,26.518719974093912,25.434,1.0847199740939102
I-79644-05-01,79644,development,spiral,large-collision,2532,18,2726434.0,5,1,6256.765072459652,1551.557206194293,163.34314069989904,16.768773080418416,12.0,0.37469413682286246,inside-original-collision-label,1.0,1.0,25.048611581275072,24.233999999999998,0.8146115812750745
I-79644-05-02,79644,development,spiral,large-collision,2532,18,2726434.0,5,2,6256.765072459652,1551.557206194293,163.34314069989904,16.768773080418416,12.0,0.37469413682286246,inside-original-collision-label,1.0,1.0,25.31871997409391,24.233999999999998,1.0847199740939102
I-79644-05-03,79644,development,spiral,large-collision,2532,18,2726434.0,5,3,6256.765072459652,1551.557206194293,163.34314069989904,16.768773080418416,12.0,0.37469413682286246,inside-original-collision-label,1.0,1.0,25.448611581275074,24.634,0.8146115812750745
I-79644-05-04,79644,development,spiral,large-collision,2532,18,2726434.0,5,4,6256.765072459652,1551.557206194293,163.34314069989904,16.768773080418416,12.0,0.37469413682286246,inside-original-collision-label,1.0,1.0,25.71871997409391,24.634,1.0847199740939102
I-79644-05-05,79644,development,spiral,large-collision,2532,18,2726434.0,5,5,6256.765072459652,1551.557206194293,163.34314069989904,16.768773080418416,12.0,0.37469413682286246,inside-original-collision-label,1.0,1.0,25.848611581275073,25.034,0.8146115812750745
I-79644-05-06,79644,development,spiral,large-collision,2532,18,2726434.0,5,6,6256.765072459652,1551.557206194293,163.34314069989904,16.768773080418416,12.0,0.37469413682286246,inside-original-collision-label,1.0,1.0,26.11871997409391,25.034,1.0847199740939102
I-79644-05-07,79644,development,spiral,large-collision,2532,18,2726434.0,5,7,6256.765072459652,1551.557206194293,163.34314069989904,16.768773080418416,12.0,0.37469413682286246,inside-original-collision-label,1.0,1.0,26.248611581275075,25.434,0.8146115812750745
I-79644-05-08,79644,development,spiral,large-collision,2532,18,2726434.0,5,8,6256.765072459652,1551.557206194293,163.34314069989904,16.768773080418416,12.0,0.37469413682286246,inside-original-collision-label,1.0,1.0,26.518719974093912,25.434,1.0847199740939102
I-79644-06-01,79644,development,spiral,large-collision,2532,18,2726434.0,6,1,6259.572539142225,1543.8437548780546,163.34308767819152,16.768822993831336,12.0,0.37469413682286246,inside-original-collision-label,1.0,1.0,25.048611581275072,24.233999999999998,0.8146115812750745
I-79644-06-02,79644,development,spiral,large-collision,2532,18,2726434.0,6,2,6259.572539142225,1543.8437548780546,163.34308767819152,16.768822993831336,12.0,0.37469413682286246,inside-original-collision-label,1.0,1.0,25.31871997409391,24.233999999999998,1.0847199740939102
I-79644-06-03,79644,development,spiral,large-collision,2532,18,2726434.0,6,3,6259.572539142225,1543.8437548780546,163.34308767819152,16.768822993831336,12.0,0.37469413682286246,inside-original-collision-label,1.0,1.0,25.448611581275074,24.634,0.8146115812750745
I-79644-06-04,79644,development,spiral,large-collision,2532,18,2726434.0,6,4,6259.572539142225,1543.8437548780546,163.34308767819152,16.768822993831336,12.0,0.37469413682286246,inside-original-collision-label,1.0,1.0,25.71871997409391,24.634,1.0847199740939102
I-79644-06-05,79644,development,spiral,large-collision,2532,18,2726434.0,6,5,6259.572539142225,1543.8437548780546,163.34308767819152,16.768822993831336,12.0,0.37469413682286246,inside-original-collision-label,1.0,1.0,25.848611581275073,25.034,0.8146115812750745
I-79644-06-06,79644,development,spiral,large-collision,2532,18,2726434.0,6,6,6259.572539142225,1543.8437548780546,163.34308767819152,16.768822993831336,12.0,0.37469413682286246,inside-original-collision-label,1.0,1.0,26.11871997409391,25.034,1.0847199740939102
I-79644-06-07,79644,development,spiral,large-collision,2532,18,2726434.0,6,7,6259.572539142225,1543.8437548780546,163.34308767819152,16.768822993831336,12.0,0.37469413682286246,inside-original-collision-label,1.0,1.0,26.248611581275075,25.434,0.8146115812750745
I-79644-06-08,79644,development,spiral,large-collision,2532,18,2726434.0,6,8,6259.572539142225,1543.8437548780546,163.34308767819152,16.768822993831336,12.0,0.37469413682286246,inside-original-collision-label,1.0,1.0,26.518719974093912,25.434,1.0847199740939102
I-79644-07-01,79644,development,spiral,large-collision,2532,18,2726434.0,7,1,6266.681294327649,1539.7395131581466,163.34308056981303,16.768893862154457,12.0,0.37469413682286246,inside-original-collision-label,1.0,1.0,25.048611581275072,24.233999999999998,0.8146115812750745
I-79644-07-02,79644,development,spiral,large-collision,2532,18,2726434.0,7,2,6266.681294327649,1539.7395131581466,163.34308056981303,16.768893862154457,12.0,0.37469413682286246,inside-original-collision-label,1.0,1.0,25.31871997409391,24.233999999999998,1.0847199740939102
I-79644-07-03,79644,development,spiral,large-collision,2532,18,2726434.0,7,3,6266.681294327649,1539.7395131581466,163.34308056981303,16.768893862154457,12.0,0.37469413682286246,inside-original-collision-label,1.0,1.0,25.448611581275074,24.634,0.8146115812750745
I-79644-07-04,79644,development,spiral,large-collision,2532,18,2726434.0,7,4,6266.681294327649,1539.7395131581466,163.34308056981303,16.768893862154457,12.0,0.37469413682286246,inside-original-collision-label,1.0,1.0,25.71871997409391,24.634,1.0847199740939102
I-79644-07-05,79644,development,spiral,large-collision,2532,18,2726434.0,7,5,6266.681294327649,1539.7395131581466,163.34308056981303,16.768893862154457,12.0,0.37469413682286246,inside-original-collision-label,1.0,1.0,25.848611581275073,25.034,0.8146115812750745
I-79644-07-06,79644,development,spiral,large-collision,2532,18,2726434.0,7,6,6266.681294327649,1539.7395131581466,163.34308056981303,16.768893862154457,12.0,0.37469413682286246,inside-original-collision-label,1.0,1.0,26.11871997409391,25.034,1.0847199740939102
I-79644-07-07,79644,development,spiral,large-collision,2532,18,2726434.0,7,7,6266.681294327649,1539.7395131581466,163.34308056981303,16.768893862154457,12.0,0.37469413682286246,inside-original-collision-label,1.0,1.0,26.248611581275075,25.434,0.8146115812750745
I-79644-07-08,79644,development,spiral,large-collision,2532,18,2726434.0,7,8,6266.681294327649,1539.7395131581466,163.34308056981303,16.768893862154457,12.0,0.37469413682286246,inside-original-collision-label,1.0,1.0,26.518719974093912,25.434,1.0847199740939102
I-79644-08-01,79644,development,spiral,large-collision,2532,18,2726434.0,8,1,6276.478523775891,1542.3646728768654,163.34313902939226,16.768961729301676,12.0,0.37469413682286246,inside-original-collision-label,1.0,1.0,25.048611581275072,24.233999999999998,0.8146115812750745
I-79644-08-02,79644,development,spiral,large-collision,2532,18,2726434.0,8,2,6276.478523775891,1542.3646728768654,163.34313902939226,16.768961729301676,12.0,0.37469413682286246,inside-original-collision-label,1.0,1.0,25.31871997409391,24.233999999999998,1.0847199740939102
I-79644-08-03,79644,development,spiral,large-collision,2532,18,2726434.0,8,3,6276.478523775891,1542.3646728768654,163.34313902939226,16.768961729301676,12.0,0.37469413682286246,inside-original-collision-label,1.0,1.0,25.448611581275074,24.634,0.8146115812750745
I-79644-08-04,79644,development,spiral,large-collision,2532,18,2726434.0,8,4,6276.478523775891,1542.3646728768654,163.34313902939226,16.768961729301676,12.0,0.37469413682286246,inside-original-collision-label,1.0,1.0,25.71871997409391,24.634,1.0847199740939102
I-79644-08-05,79644,development,spiral,large-collision,2532,18,2726434.0,8,5,6276.478523775891,1542.3646728768654,163.34313902939226,16.768961729301676,12.0,0.37469413682286246,inside-original-collision-label,1.0,1.0,25.848611581275073,25.034,0.8146115812750745
I-79644-08-06,79644,development,spiral,large-collision,2532,18,2726434.0,8,6,6276.478523775891,1542.3646728768654,163.34313902939226,16.768961729301676,12.0,0.37469413682286246,inside-original-collision-label,1.0,1.0,26.11871997409391,25.034,1.0847199740939102
I-79644-08-07,79644,development,spiral,large-collision,2532,18,2726434.0,8,7,6276.478523775891,1542.3646728768654,163.34313902939226,16.768961729301676,12.0,0.37469413682286246,inside-original-collision-label,1.0,1.0,26.248611581275075,25.434,0.8146115812750745
I-79644-08-08,79644,development,spiral,large-collision,2532,18,2726434.0,8,8,6276.478523775891,1542.3646728768654,163.34313902939226,16.768961729301676,12.0,0.37469413682286246,inside-original-collision-label,1.0,1.0,26.518719974093912,25.434,1.0847199740939102
I-86410-01-01,86410,development,spiral,large-collision,2532,18,2726434.0,1,1,5928.262640679375,1513.6967244280836,163.34159399033766,16.766316963843554,7.5,0.23418383551428903,inside-original-collision-label,0.96,0.96,24.619611581275073,23.805,0.8146115812750745
I-86410-01-02,86410,development,spiral,large-collision,2532,18,2726434.0,1,2,5928.262640679375,1513.6967244280836,163.34159399033766,16.766316963843554,7.5,0.23418383551428903,inside-original-collision-label,0.96,0.96,24.88971997409391,23.805,1.0847199740939102
I-86410-01-03,86410,development,spiral,large-collision,2532,18,2726434.0,1,3,5928.262640679375,1513.6967244280836,163.34159399033766,16.766316963843554,7.5,0.23418383551428903,inside-original-collision-label,0.96,0.96,25.019611581275075,24.205000000000002,0.8146115812750745
I-86410-01-04,86410,development,spiral,large-collision,2532,18,2726434.0,1,4,5928.262640679375,1513.6967244280836,163.34159399033766,16.766316963843554,7.5,0.23418383551428903,inside-original-collision-label,0.96,0.96,25.289719974093913,24.205000000000002,1.0847199740939102
I-86410-01-05,86410,development,spiral,large-collision,2532,18,2726434.0,1,5,5928.262640679375,1513.6967244280836,163.34159399033766,16.766316963843554,7.5,0.23418383551428903,inside-original-collision-label,0.96,0.96,25.419611581275074,24.605,0.8146115812750745
I-86410-01-06,86410,development,spiral,large-collision,2532,18,2726434.0,1,6,5928.262640679375,1513.6967244280836,163.34159399033766,16.766316963843554,7.5,0.23418383551428903,inside-original-collision-label,0.96,0.96,25.68971997409391,24.605,1.0847199740939102
I-86410-01-07,86410,development,spiral,large-collision,2532,18,2726434.0,1,7,5928.262640679375,1513.6967244280836,163.34159399033766,16.766316963843554,7.5,0.23418383551428903,inside-original-collision-label,0.96,0.96,25.819611581275076,25.005000000000003,0.8146115812750745
I-86410-01-08,86410,development,spiral,large-collision,2532,18,2726434.0,1,8,5928.262640679375,1513.6967244280836,163.34159399033766,16.766316963843554,7.5,0.23418383551428903,inside-original-collision-label,0.96,0.96,26.089719974093914,25.005000000000003,1.0847199740939102
I-86410-02-01,86410,development,spiral,large-collision,2532,18,2726434.0,2,1,5928.476091995613,1522.8892577455113,163.34167055597325,16.766285567612872,12.0,0.37469413682286246,inside-original-collision-label,1.0,1.0,24.619611581275073,23.805,0.8146115812750745
I-86410-02-02,86410,development,spiral,large-collision,2532,18,2726434.0,2,2,5928.476091995613,1522.8892577455113,163.34167055597325,16.766285567612872,12.0,0.37469413682286246,inside-original-collision-label,1.0,1.0,24.88971997409391,23.805,1.0847199740939102
I-86410-02-03,86410,development,spiral,large-collision,2532,18,2726434.0,2,3,5928.476091995613,1522.8892577455113,163.34167055597325,16.766285567612872,12.0,0.37469413682286246,inside-original-collision-label,1.0,1.0,25.019611581275075,24.205000000000002,0.8146115812750745
I-86410-02-04,86410,development,spiral,large-collision,2532,18,2726434.0,2,4,5928.476091995613,1522.8892577455113,163.34167055597325,16.766285567612872,12.0,0.37469413682286246,inside-original-collision-label,1.0,1.0,25.289719974093913,24.205000000000002,1.0847199740939102
I-86410-02-05,86410,development,spiral,large-collision,2532,18,2726434.0,2,5,5928.476091995613,1522.8892577455113,163.34167055597325,16.766285567612872,12.0,0.37469413682286246,inside-original-collision-label,1.0,1.0,25.419611581275074,24.605,0.8146115812750745
I-86410-02-06,86410,development,spiral,large-collision,2532,18,2726434.0,2,6,5928.476091995613,1522.8892577455113,163.34167055597325,16.766285567612872,12.0,0.37469413682286246,inside-original-collision-label,1.0,1.0,25.68971997409391,24.605,1.0847199740939102
I-86410-02-07,86410,development,spiral,large-collision,2532,18,2726434.0,2,7,5928.476091995613,1522.8892577455113,163.34167055597325,16.766285567612872,12.0,0.37469413682286246,inside-original-collision-label,1.0,1.0,25.819611581275076,25.005000000000003,0.8146115812750745
I-86410-02-08,86410,development,spiral,large-collision,2532,18,2726434.0,2,8,5928.476091995613,1522.8892577455113,163.34167055597325,16.766285567612872,12.0,0.37469413682286246,inside-original-collision-label,1.0,1.0,26.089719974093914,25.005000000000003,1.0847199740939102
I-86410-03-01,86410,development,spiral,large-collision,2532,18,2726434.0,3,1,5918.678862547372,1525.51441746423,163.34165537001553,16.76619880600746,12.0,0.37469413682286246,inside-original-collision-label,1.0,1.0,24.619611581275073,23.805,0.8146115812750745
I-86410-03-02,86410,development,spiral,large-collision,2532,18,2726434.0,3,2,5918.678862547372,1525.51441746423,163.34165537001553,16.76619880600746,12.0,0.37469413682286246,inside-original-collision-label,1.0,1.0,24.88971997409391,23.805,1.0847199740939102
I-86410-03-03,86410,development,spiral,large-collision,2532,18,2726434.0,3,3,5918.678862547372,1525.51441746423,163.34165537001553,16.76619880600746,12.0,0.37469413682286246,inside-original-collision-label,1.0,1.0,25.019611581275075,24.205000000000002,0.8146115812750745
I-86410-03-04,86410,development,spiral,large-collision,2532,18,2726434.0,3,4,5918.678862547372,1525.51441746423,163.34165537001553,16.76619880600746,12.0,0.37469413682286246,inside-original-collision-label,1.0,1.0,25.289719974093913,24.205000000000002,1.0847199740939102
I-86410-03-05,86410,development,spiral,large-collision,2532,18,2726434.0,3,5,5918.678862547372,1525.51441746423,163.34165537001553,16.76619880600746,12.0,0.37469413682286246,inside-original-collision-label,1.0,1.0,25.419611581275074,24.605,0.8146115812750745
I-86410-03-06,86410,development,spiral,large-collision,2532,18,2726434.0,3,6,5918.678862547372,1525.51441746423,163.34165537001553,16.76619880600746,12.0,0.37469413682286246,inside-original-collision-label,1.0,1.0,25.68971997409391,24.605,1.0847199740939102
I-86410-03-07,86410,development,spiral,large-collision,2532,18,2726434.0,3,7,5918.678862547372,1525.51441746423,163.34165537001553,16.76619880600746,12.0,0.37469413682286246,inside-original-collision-label,1.0,1.0,25.819611581275076,25.005000000000003,0.8146115812750745
I-86410-03-08,86410,development,spiral,large-collision,2532,18,2726434.0,3,8,5918.678862547372,1525.51441746423,163.34165537001553,16.76619880600746,12.0,0.37469413682286246,inside-original-collision-label,1.0,1.0,26.089719974093914,25.005000000000003,1.0847199740939102
I-86410-04-01,86410,development,spiral,large-collision,2532,18,2726434.0,4,1,5917.698462906899,1516.2678748668297,163.34157547676602,16.766224344238854,4.0,0.12489804560762081,inside-original-collision-label,1.0,1.0,24.619611581275073,23.805,0.8146115812750745
I-86410-04-02,86410,development,spiral,large-collision,2532,18,2726434.0,4,2,5917.698462906899,1516.2678748668297,163.34157547676602,16.766224344238854,4.0,0.12489804560762081,inside-original-collision-label,1.0,1.0,24.88971997409391,23.805,1.0847199740939102
I-86410-04-03,86410,development,spiral,large-collision,2532,18,2726434.0,4,3,5917.698462906899,1516.2678748668297,163.34157547676602,16.766224344238854,4.0,0.12489804560762081,inside-original-collision-label,1.0,1.0,25.019611581275075,24.205000000000002,0.8146115812750745
I-86410-04-04,86410,development,spiral,large-collision,2532,18,2726434.0,4,4,5917.698462906899,1516.2678748668297,163.34157547676602,16.766224344238854,4.0,0.12489804560762081,inside-original-collision-label,1.0,1.0,25.289719974093913,24.205000000000002,1.0847199740939102
I-86410-04-05,86410,development,spiral,large-collision,2532,18,2726434.0,4,5,5917.698462906899,1516.2678748668297,163.34157547676602,16.766224344238854,4.0,0.12489804560762081,inside-original-collision-label,1.0,1.0,25.419611581275074,24.605,0.8146115812750745
I-86410-04-06,86410,development,spiral,large-collision,2532,18,2726434.0,4,6,5917.698462906899,1516.2678748668297,163.34157547676602,16.766224344238854,4.0,0.12489804560762081,inside-original-collision-label,1.0,1.0,25.68971997409391,24.605,1.0847199740939102
I-86410-04-07,86410,development,spiral,large-collision,2532,18,2726434.0,4,7,5917.698462906899,1516.2678748668297,163.34157547676602,16.766224344238854,4.0,0.12489804560762081,inside-original-collision-label,1.0,1.0,25.819611581275076,25.005000000000003,0.8146115812750745
I-86410-04-08,86410,development,spiral,large-collision,2532,18,2726434.0,4,8,5917.698462906899,1516.2678748668297,163.34157547676602,16.766224344238854,4.0,0.12489804560762081,inside-original-collision-label,1.0,1.0,26.089719974093914,25.005000000000003,1.0847199740939102
I-86410-05-01,86410,development,spiral,large-collision,2532,18,2726434.0,5,1,5908.762640679375,1513.6967244280836,163.34152070124426,16.76616308006457,12.0,0.37469413682286246,inside-original-collision-label,1.0,1.0,24.619611581275073,23.805,0.8146115812750745
I-86410-05-02,86410,development,spiral,large-collision,2532,18,2726434.0,5,2,5908.762640679375,1513.6967244280836,163.34152070124426,16.76616308006457,12.0,0.37469413682286246,inside-original-collision-label,1.0,1.0,24.88971997409391,23.805,1.0847199740939102
I-86410-05-03,86410,development,spiral,large-collision,2532,18,2726434.0,5,3,5908.762640679375,1513.6967244280836,163.34152070124426,16.76616308006457,12.0,0.37469413682286246,inside-original-collision-label,1.0,1.0,25.019611581275075,24.205000000000002,0.8146115812750745
I-86410-05-04,86410,development,spiral,large-collision,2532,18,2726434.0,5,4,5908.762640679375,1513.6967244280836,163.34152070124426,16.76616308006457,12.0,0.37469413682286246,inside-original-collision-label,1.0,1.0,25.289719974093913,24.205000000000002,1.0847199740939102
I-86410-05-05,86410,development,spiral,large-collision,2532,18,2726434.0,5,5,5908.762640679375,1513.6967244280836,163.34152070124426,16.76616308006457,12.0,0.37469413682286246,inside-original-collision-label,1.0,1.0,25.419611581275074,24.605,0.8146115812750745
I-86410-05-06,86410,development,spiral,large-collision,2532,18,2726434.0,5,6,5908.762640679375,1513.6967244280836,163.34152070124426,16.76616308006457,12.0,0.37469413682286246,inside-original-collision-label,1.0,1.0,25.68971997409391,24.605,1.0847199740939102
I-86410-05-07,86410,development,spiral,large-collision,2532,18,2726434.0,5,7,5908.762640679375,1513.6967244280836,163.34152070124426,16.76616308006457,12.0,0.37469413682286246,inside-original-collision-label,1.0,1.0,25.819611581275076,25.005000000000003,0.8146115812750745
I-86410-05-08,86410,development,spiral,large-collision,2532,18,2726434.0,5,8,5908.762640679375,1513.6967244280836,163.34152070124426,16.76616308006457,12.0,0.37469413682286246,inside-original-collision-label,1.0,1.0,26.089719974093914,25.005000000000003,1.0847199740939102
I-86410-06-01,86410,development,spiral,large-collision,2532,18,2726434.0,6,1,5911.5701073619475,1505.9832731118452,163.3414676798391,16.766212993064286,12.0,0.37469413682286246,inside-original-collision-label,1.0,1.0,24.619611581275073,23.805,0.8146115812750745
I-86410-06-02,86410,development,spiral,large-collision,2532,18,2726434.0,6,2,5911.5701073619475,1505.9832731118452,163.3414676798391,16.766212993064286,12.0,0.37469413682286246,inside-original-collision-label,1.0,1.0,24.88971997409391,23.805,1.0847199740939102
I-86410-06-03,86410,development,spiral,large-collision,2532,18,2726434.0,6,3,5911.5701073619475,1505.9832731118452,163.3414676798391,16.766212993064286,12.0,0.37469413682286246,inside-original-collision-label,1.0,1.0,25.019611581275075,24.205000000000002,0.8146115812750745
I-86410-06-04,86410,development,spiral,large-collision,2532,18,2726434.0,6,4,5911.5701073619475,1505.9832731118452,163.3414676798391,16.766212993064286,12.0,0.37469413682286246,inside-original-collision-label,1.0,1.0,25.289719974093913,24.205000000000002,1.0847199740939102
I-86410-06-05,86410,development,spiral,large-collision,2532,18,2726434.0,6,5,5911.5701073619475,1505.9832731118452,163.3414676798391,16.766212993064286,12.0,0.37469413682286246,inside-original-collision-label,1.0,1.0,25.419611581275074,24.605,0.8146115812750745
I-86410-06-06,86410,development,spiral,large-collision,2532,18,2726434.0,6,6,5911.5701073619475,1505.9832731118452,163.3414676798391,16.766212993064286,12.0,0.37469413682286246,inside-original-collision-label,1.0,1.0,25.68971997409391,24.605,1.0847199740939102
I-86410-06-07,86410,development,spiral,large-collision,2532,18,2726434.0,6,7,5911.5701073619475,1505.9832731118452,163.3414676798391,16.766212993064286,12.0,0.37469413682286246,inside-original-collision-label,1.0,1.0,25.819611581275076,25.005000000000003,0.8146115812750745
I-86410-06-08,86410,development,spiral,large-collision,2532,18,2726434.0,6,8,5911.5701073619475,1505.9832731118452,163.3414676798391,16.766212993064286,12.0,0.37469413682286246,inside-original-collision-label,1.0,1.0,26.089719974093914,25.005000000000003,1.0847199740939102
I-86410-07-01,86410,development,spiral,large-collision,2532,18,2726434.0,7,1,5918.678862547372,1501.8790313919371,163.34146057095478,16.766283861333118,12.0,0.37469413682286246,inside-original-collision-label,1.0,1.0,24.619611581275073,23.805,0.8146115812750745
I-86410-07-02,86410,development,spiral,large-collision,2532,18,2726434.0,7,2,5918.678862547372,1501.8790313919371,163.34146057095478,16.766283861333118,12.0,0.37469413682286246,inside-original-collision-label,1.0,1.0,24.88971997409391,23.805,1.0847199740939102
I-86410-07-03,86410,development,spiral,large-collision,2532,18,2726434.0,7,3,5918.678862547372,1501.8790313919371,163.34146057095478,16.766283861333118,12.0,0.37469413682286246,inside-original-collision-label,1.0,1.0,25.019611581275075,24.205000000000002,0.8146115812750745
I-86410-07-04,86410,development,spiral,large-collision,2532,18,2726434.0,7,4,5918.678862547372,1501.8790313919371,163.34146057095478,16.766283861333118,12.0,0.37469413682286246,inside-original-collision-label,1.0,1.0,25.289719974093913,24.205000000000002,1.0847199740939102
I-86410-07-05,86410,development,spiral,large-collision,2532,18,2726434.0,7,5,5918.678862547372,1501.8790313919371,163.34146057095478,16.766283861333118,12.0,0.37469413682286246,inside-original-collision-label,1.0,1.0,25.419611581275074,24.605,0.8146115812750745
I-86410-07-06,86410,development,spiral,large-collision,2532,18,2726434.0,7,6,5918.678862547372,1501.8790313919371,163.34146057095478,16.766283861333118,12.0,0.37469413682286246,inside-original-collision-label,1.0,1.0,25.68971997409391,24.605,1.0847199740939102
I-86410-07-07,86410,development,spiral,large-collision,2532,18,2726434.0,7,7,5918.678862547372,1501.8790313919371,163.34146057095478,16.766283861333118,12.0,0.37469413682286246,inside-original-collision-label,1.0,1.0,25.819611581275076,25.005000000000003,0.8146115812750745
I-86410-07-08,86410,development,spiral,large-collision,2532,18,2726434.0,7,8,5918.678862547372,1501.8790313919371,163.34146057095478,16.766283861333118,12.0,0.37469413682286246,inside-original-collision-label,1.0,1.0,26.089719974093914,25.005000000000003,1.0847199740939102
I-86410-08-01,86410,development,spiral,large-collision,2532,18,2726434.0,8,1,5928.476091995613,1504.504191110656,163.34151902915434,16.766351728938112,12.0,0.37469413682286246,inside-original-collision-label,1.0,1.0,24.619611581275073,23.805,0.8146115812750745
I-86410-08-02,86410,development,spiral,large-collision,2532,18,2726434.0,8,2,5928.476091995613,1504.504191110656,163.34151902915434,16.766351728938112,12.0,0.37469413682286246,inside-original-collision-label,1.0,1.0,24.88971997409391,23.805,1.0847199740939102
I-86410-08-03,86410,development,spiral,large-collision,2532,18,2726434.0,8,3,5928.476091995613,1504.504191110656,163.34151902915434,16.766351728938112,12.0,0.37469413682286246,inside-original-collision-label,1.0,1.0,25.019611581275075,24.205000000000002,0.8146115812750745
I-86410-08-04,86410,development,spiral,large-collision,2532,18,2726434.0,8,4,5928.476091995613,1504.504191110656,163.34151902915434,16.766351728938112,12.0,0.37469413682286246,inside-original-collision-label,1.0,1.0,25.289719974093913,24.205000000000002,1.0847199740939102
I-86410-08-05,86410,development,spiral,large-collision,2532,18,2726434.0,8,5,5928.476091995613,1504.504191110656,163.34151902915434,16.766351728938112,12.0,0.37469413682286246,inside-original-collision-label,1.0,1.0,25.419611581275074,24.605,0.8146115812750745
I-86410-08-06,86410,development,spiral,large-collision,2532,18,2726434.0,8,6,5928.476091995613,1504.504191110656,163.34151902915434,16.766351728938112,12.0,0.37469413682286246,inside-original-collision-label,1.0,1.0,25.68971997409391,24.605,1.0847199740939102
I-86410-08-07,86410,development,spiral,large-collision,2532,18,2726434.0,8,7,5928.476091995613,1504.504191110656,163.34151902915434,16.766351728938112,12.0,0.37469413682286246,inside-original-collision-label,1.0,1.0,25.819611581275076,25.005000000000003,0.8146115812750745
I-86410-08-08,86410,development,spiral,large-collision,2532,18,2726434.0,8,8,5928.476091995613,1504.504191110656,163.34151902915434,16.766351728938112,12.0,0.37469413682286246,inside-original-collision-label,1.0,1.0,26.089719974093914,25.005000000000003,1.0847199740939102
I-108400-01-01,108400,development,spiral,large-collision,6373,13,1525723.0,1,1,7140.168109963441,2565.0097773819166,163.3548139954812,16.7720969620427,7.5,0.23418383551428903,inside-original-collision-label,1.0,1.0,25.74261158127507,24.927999999999997,0.8146115812750745
I-108400-01-02,108400,development,spiral,large-collision,6373,13,1525723.0,1,2,7140.168109963441,2565.0097773819166,163.3548139954812,16.7720969620427,7.5,0.23418383551428903,inside-original-collision-label,1.0,1.0,26.01271997409391,24.927999999999997,1.0847199740939102
I-108400-01-03,108400,development,spiral,large-collision,6373,13,1525723.0,1,3,7140.168109963441,2565.0097773819166,163.3548139954812,16.7720969620427,7.5,0.23418383551428903,inside-original-collision-label,1.0,1.0,26.142611581275073,25.328,0.8146115812750745
I-108400-01-04,108400,development,spiral,large-collision,6373,13,1525723.0,1,4,7140.168109963441,2565.0097773819166,163.3548139954812,16.7720969620427,7.5,0.23418383551428903,inside-original-collision-label,1.0,1.0,26.41271997409391,25.328,1.0847199740939102
I-108400-01-05,108400,development,spiral,large-collision,6373,13,1525723.0,1,5,7140.168109963441,2565.0097773819166,163.3548139954812,16.7720969620427,7.5,0.23418383551428903,inside-original-collision-label,1.0,1.0,26.54261158127507,25.727999999999998,0.8146115812750745
I-108400-01-06,108400,development,spiral,large-collision,6373,13,1525723.0,1,6,7140.168109963441,2565.0097773819166,163.3548139954812,16.7720969620427,7.5,0.23418383551428903,inside-original-collision-label,1.0,1.0,26.81271997409391,25.727999999999998,1.0847199740939102
I-108400-01-07,108400,development,spiral,large-collision,6373,13,1525723.0,1,7,7140.168109963441,2565.0097773819166,163.3548139954812,16.7720969620427,7.5,0.23418383551428903,inside-original-collision-label,1.0,1.0,26.942611581275074,26.128,0.8146115812750745
I-108400-01-08,108400,development,spiral,large-collision,6373,13,1525723.0,1,8,7140.168109963441,2565.0097773819166,163.3548139954812,16.7720969620427,7.5,0.23418383551428903,inside-original-collision-label,1.0,1.0,27.21271997409391,26.128,1.0847199740939102
I-108400-02-01,108400,development,spiral,large-collision,6373,13,1525723.0,2,1,7140.381561279679,2574.2023106993443,163.35489056125832,16.77206556093316,12.0,0.37469413682286246,inside-original-collision-label,1.0,1.0,25.74261158127507,24.927999999999997,0.8146115812750745
I-108400-02-02,108400,development,spiral,large-collision,6373,13,1525723.0,2,2,7140.381561279679,2574.2023106993443,163.35489056125832,16.77206556093316,12.0,0.37469413682286246,inside-original-collision-label,1.0,1.0,26.01271997409391,24.927999999999997,1.0847199740939102
I-108400-02-03,108400,development,spiral,large-collision,6373,13,1525723.0,2,3,7140.381561279679,2574.2023106993443,163.35489056125832,16.77206556093316,12.0,0.37469413682286246,inside-original-collision-label,1.0,1.0,26.142611581275073,25.328,0.8146115812750745
I-108400-02-04,108400,development,spiral,large-collision,6373,13,1525723.0,2,4,7140.381561279679,2574.2023106993443,163.35489056125832,16.77206556093316,12.0,0.37469413682286246,inside-original-collision-label,1.0,1.0,26.41271997409391,25.328,1.0847199740939102
I-108400-02-05,108400,development,spiral,large-collision,6373,13,1525723.0,2,5,7140.381561279679,2574.2023106993443,163.35489056125832,16.77206556093316,12.0,0.37469413682286246,inside-original-collision-label,1.0,1.0,26.54261158127507,25.727999999999998,0.8146115812750745
I-108400-02-06,108400,development,spiral,large-collision,6373,13,1525723.0,2,6,7140.381561279679,2574.2023106993443,163.35489056125832,16.77206556093316,12.0,0.37469413682286246,inside-original-collision-label,1.0,1.0,26.81271997409391,25.727999999999998,1.0847199740939102
I-108400-02-07,108400,development,spiral,large-collision,6373,13,1525723.0,2,7,7140.381561279679,2574.2023106993443,163.35489056125832,16.77206556093316,12.0,0.37469413682286246,inside-original-collision-label,1.0,1.0,26.942611581275074,26.128,0.8146115812750745
I-108400-02-08,108400,development,spiral,large-collision,6373,13,1525723.0,2,8,7140.381561279679,2574.2023106993443,163.35489056125832,16.77206556093316,12.0,0.37469413682286246,inside-original-collision-label,1.0,1.0,27.21271997409391,26.128,1.0847199740939102
I-108400-03-01,108400,development,spiral,large-collision,6373,13,1525723.0,3,1,7130.584331831437,2576.827470418063,163.35487536881212,16.771978800301557,12.0,0.37469413682286246,inside-original-collision-label,1.0,1.0,25.74261158127507,24.927999999999997,0.8146115812750745
I-108400-03-02,108400,development,spiral,large-collision,6373,13,1525723.0,3,2,7130.584331831437,2576.827470418063,163.35487536881212,16.771978800301557,12.0,0.37469413682286246,inside-original-collision-label,1.0,1.0,26.01271997409391,24.927999999999997,1.0847199740939102
I-108400-03-03,108400,development,spiral,large-collision,6373,13,1525723.0,3,3,7130.584331831437,2576.827470418063,163.35487536881212,16.771978800301557,12.0,0.37469413682286246,inside-original-collision-label,1.0,1.0,26.142611581275073,25.328,0.8146115812750745
I-108400-03-04,108400,development,spiral,large-collision,6373,13,1525723.0,3,4,7130.584331831437,2576.827470418063,163.35487536881212,16.771978800301557,12.0,0.37469413682286246,inside-original-collision-label,1.0,1.0,26.41271997409391,25.328,1.0847199740939102
I-108400-03-05,108400,development,spiral,large-collision,6373,13,1525723.0,3,5,7130.584331831437,2576.827470418063,163.35487536881212,16.771978800301557,12.0,0.37469413682286246,inside-original-collision-label,1.0,1.0,26.54261158127507,25.727999999999998,0.8146115812750745
I-108400-03-06,108400,development,spiral,large-collision,6373,13,1525723.0,3,6,7130.584331831437,2576.827470418063,163.35487536881212,16.771978800301557,12.0,0.37469413682286246,inside-original-collision-label,1.0,1.0,26.81271997409391,25.727999999999998,1.0847199740939102
I-108400-03-07,108400,development,spiral,large-collision,6373,13,1525723.0,3,7,7130.584331831437,2576.827470418063,163.35487536881212,16.771978800301557,12.0,0.37469413682286246,inside-original-collision-label,1.0,1.0,26.942611581275074,26.128,0.8146115812750745
I-108400-03-08,108400,development,spiral,large-collision,6373,13,1525723.0,3,8,7130.584331831437,2576.827470418063,163.35487536881212,16.771978800301557,12.0,0.37469413682286246,inside-original-collision-label,1.0,1.0,27.21271997409391,26.128,1.0847199740939102
I-108400-04-01,108400,development,spiral,large-collision,6373,13,1525723.0,4,1,7129.603932190965,2567.580927820663,163.35479547491315,16.7720043436243,4.0,0.12489804560762081,inside-original-collision-label,1.0,1.0,25.74261158127507,24.927999999999997,0.8146115812750745
I-108400-04-02,108400,development,spiral,large-collision,6373,13,1525723.0,4,2,7129.603932190965,2567.580927820663,163.35479547491315,16.7720043436243,4.0,0.12489804560762081,inside-original-collision-label,1.0,1.0,26.01271997409391,24.927999999999997,1.0847199740939102
I-108400-04-03,108400,development,spiral,large-collision,6373,13,1525723.0,4,3,7129.603932190965,2567.580927820663,163.35479547491315,16.7720043436243,4.0,0.12489804560762081,inside-original-collision-label,1.0,1.0,26.142611581275073,25.328,0.8146115812750745
I-108400-04-04,108400,development,spiral,large-collision,6373,13,1525723.0,4,4,7129.603932190965,2567.580927820663,163.35479547491315,16.7720043436243,4.0,0.12489804560762081,inside-original-collision-label,1.0,1.0,26.41271997409391,25.328,1.0847199740939102
I-108400-04-05,108400,development,spiral,large-collision,6373,13,1525723.0,4,5,7129.603932190965,2567.580927820663,163.35479547491315,16.7720043436243,4.0,0.12489804560762081,inside-original-collision-label,1.0,1.0,26.54261158127507,25.727999999999998,0.8146115812750745
I-108400-04-06,108400,development,spiral,large-collision,6373,13,1525723.0,4,6,7129.603932190965,2567.580927820663,163.35479547491315,16.7720043436243,4.0,0.12489804560762081,inside-original-collision-label,1.0,1.0,26.81271997409391,25.727999999999998,1.0847199740939102
I-108400-04-07,108400,development,spiral,large-collision,6373,13,1525723.0,4,7,7129.603932190965,2567.580927820663,163.35479547491315,16.7720043436243,4.0,0.12489804560762081,inside-original-collision-label,1.0,1.0,26.942611581275074,26.128,0.8146115812750745
I-108400-04-08,108400,development,spiral,large-collision,6373,13,1525723.0,4,8,7129.603932190965,2567.580927820663,163.35479547491315,16.7720043436243,4.0,0.12489804560762081,inside-original-collision-label,1.0,1.0,27.21271997409391,26.128,1.0847199740939102
I-108400-05-01,108400,development,spiral,large-collision,6373,13,1525723.0,5,1,7120.668109963441,2565.0097773819166,163.35474069347325,16.771943082945842,12.0,0.37469413682286246,inside-original-collision-label,1.0,1.0,25.74261158127507,24.927999999999997,0.8146115812750745
I-108400-05-02,108400,development,spiral,large-collision,6373,13,1525723.0,5,2,7120.668109963441,2565.0097773819166,163.35474069347325,16.771943082945842,12.0,0.37469413682286246,inside-original-collision-label,1.0,1.0,26.01271997409391,24.927999999999997,1.0847199740939102
I-108400-05-03,108400,development,spiral,large-collision,6373,13,1525723.0,5,3,7120.668109963441,2565.0097773819166,163.35474069347325,16.771943082945842,12.0,0.37469413682286246,inside-original-collision-label,1.0,1.0,26.142611581275073,25.328,0.8146115812750745
I-108400-05-04,108400,development,spiral,large-collision,6373,13,1525723.0,5,4,7120.668109963441,2565.0097773819166,163.35474069347325,16.771943082945842,12.0,0.37469413682286246,inside-original-collision-label,1.0,1.0,26.41271997409391,25.328,1.0847199740939102
I-108400-05-05,108400,development,spiral,large-collision,6373,13,1525723.0,5,5,7120.668109963441,2565.0097773819166,163.35474069347325,16.771943082945842,12.0,0.37469413682286246,inside-original-collision-label,1.0,1.0,26.54261158127507,25.727999999999998,0.8146115812750745
I-108400-05-06,108400,development,spiral,large-collision,6373,13,1525723.0,5,6,7120.668109963441,2565.0097773819166,163.35474069347325,16.771943082945842,12.0,0.37469413682286246,inside-original-collision-label,1.0,1.0,26.81271997409391,25.727999999999998,1.0847199740939102
I-108400-05-07,108400,development,spiral,large-collision,6373,13,1525723.0,5,7,7120.668109963441,2565.0097773819166,163.35474069347325,16.771943082945842,12.0,0.37469413682286246,inside-original-collision-label,1.0,1.0,26.942611581275074,26.128,0.8146115812750745
I-108400-05-08,108400,development,spiral,large-collision,6373,13,1525723.0,5,8,7120.668109963441,2565.0097773819166,163.35474069347325,16.771943082945842,12.0,0.37469413682286246,inside-original-collision-label,1.0,1.0,27.21271997409391,26.128,1.0847199740939102
I-108400-06-01,108400,development,spiral,large-collision,6373,13,1525723.0,6,1,7123.475576646013,2557.296326065678,163.3546876739272,16.771992999322304,12.0,0.37469413682286246,inside-original-collision-label,1.0,1.0,25.74261158127507,24.927999999999997,0.8146115812750745
I-108400-06-02,108400,development,spiral,large-collision,6373,13,1525723.0,6,2,7123.475576646013,2557.296326065678,163.3546876739272,16.771992999322304,12.0,0.37469413682286246,inside-original-collision-label,1.0,1.0,26.01271997409391,24.927999999999997,1.0847199740939102
I-108400-06-03,108400,development,spiral,large-collision,6373,13,1525723.0,6,3,7123.475576646013,2557.296326065678,163.3546876739272,16.771992999322304,12.0,0.37469413682286246,inside-original-collision-label,1.0,1.0,26.142611581275073,25.328,0.8146115812750745
I-108400-06-04,108400,development,spiral,large-collision,6373,13,1525723.0,6,4,7123.475576646013,2557.296326065678,163.3546876739272,16.771992999322304,12.0,0.37469413682286246,inside-original-collision-label,1.0,1.0,26.41271997409391,25.328,1.0847199740939102
I-108400-06-05,108400,development,spiral,large-collision,6373,13,1525723.0,6,5,7123.475576646013,2557.296326065678,163.3546876739272,16.771992999322304,12.0,0.37469413682286246,inside-original-collision-label,1.0,1.0,26.54261158127507,25.727999999999998,0.8146115812750745
I-108400-06-06,108400,development,spiral,large-collision,6373,13,1525723.0,6,6,7123.475576646013,2557.296326065678,163.3546876739272,16.771992999322304,12.0,0.37469413682286246,inside-original-collision-label,1.0,1.0,26.81271997409391,25.727999999999998,1.0847199740939102
I-108400-06-07,108400,development,spiral,large-collision,6373,13,1525723.0,6,7,7123.475576646013,2557.296326065678,163.3546876739272,16.771992999322304,12.0,0.37469413682286246,inside-original-collision-label,1.0,1.0,26.942611581275074,26.128,0.8146115812750745
I-108400-06-08,108400,development,spiral,large-collision,6373,13,1525723.0,6,8,7123.475576646013,2557.296326065678,163.3546876739272,16.771992999322304,12.0,0.37469413682286246,inside-original-collision-label,1.0,1.0,27.21271997409391,26.128,1.0847199740939102
I-108400-07-01,108400,development,spiral,large-collision,6373,13,1525723.0,7,1,7130.584331831437,2553.19208434577,163.35468056975083,16.772063868039695,12.0,0.37469413682286246,inside-original-collision-label,1.0,1.0,25.74261158127507,24.927999999999997,0.8146115812750745
I-108400-07-02,108400,development,spiral,large-collision,6373,13,1525723.0,7,2,7130.584331831437,2553.19208434577,163.35468056975083,16.772063868039695,12.0,0.37469413682286246,inside-original-collision-label,1.0,1.0,26.01271997409391,24.927999999999997,1.0847199740939102
I-108400-07-03,108400,development,spiral,large-collision,6373,13,1525723.0,7,3,7130.584331831437,2553.19208434577,163.35468056975083,16.772063868039695,12.0,0.37469413682286246,inside-original-collision-label,1.0,1.0,26.142611581275073,25.328,0.8146115812750745
I-108400-07-04,108400,development,spiral,large-collision,6373,13,1525723.0,7,4,7130.584331831437,2553.19208434577,163.35468056975083,16.772063868039695,12.0,0.37469413682286246,inside-original-collision-label,1.0,1.0,26.41271997409391,25.328,1.0847199740939102
I-108400-07-05,108400,development,spiral,large-collision,6373,13,1525723.0,7,5,7130.584331831437,2553.19208434577,163.35468056975083,16.772063868039695,12.0,0.37469413682286246,inside-original-collision-label,1.0,1.0,26.54261158127507,25.727999999999998,0.8146115812750745
I-108400-07-06,108400,development,spiral,large-collision,6373,13,1525723.0,7,6,7130.584331831437,2553.19208434577,163.35468056975083,16.772063868039695,12.0,0.37469413682286246,inside-original-collision-label,1.0,1.0,26.81271997409391,25.727999999999998,1.0847199740939102
I-108400-07-07,108400,development,spiral,large-collision,6373,13,1525723.0,7,7,7130.584331831437,2553.19208434577,163.35468056975083,16.772063868039695,12.0,0.37469413682286246,inside-original-collision-label,1.0,1.0,26.942611581275074,26.128,0.8146115812750745
I-108400-07-08,108400,development,spiral,large-collision,6373,13,1525723.0,7,8,7130.584331831437,2553.19208434577,163.35468056975083,16.772063868039695,12.0,0.37469413682286246,inside-original-collision-label,1.0,1.0,27.21271997409391,26.128,1.0847199740939102
I-108400-08-01,108400,development,spiral,large-collision,6373,13,1525723.0,8,1,7140.381561279679,2555.817244064489,163.35473903443906,16.77213173191359,12.0,0.37469413682286246,inside-original-collision-label,1.0,1.0,25.74261158127507,24.927999999999997,0.8146115812750745
I-108400-08-02,108400,development,spiral,large-collision,6373,13,1525723.0,8,2,7140.381561279679,2555.817244064489,163.35473903443906,16.77213173191359,12.0,0.37469413682286246,inside-original-collision-label,1.0,1.0,26.01271997409391,24.927999999999997,1.0847199740939102
I-108400-08-03,108400,development,spiral,large-collision,6373,13,1525723.0,8,3,7140.381561279679,2555.817244064489,163.35473903443906,16.77213173191359,12.0,0.37469413682286246,inside-original-collision-label,1.0,1.0,26.142611581275073,25.328,0.8146115812750745
I-108400-08-04,108400,development,spiral,large-collision,6373,13,1525723.0,8,4,7140.381561279679,2555.817244064489,163.35473903443906,16.77213173191359,12.0,0.37469413682286246,inside-original-collision-label,1.0,1.0,26.41271997409391,25.328,1.0847199740939102
I-108400-08-05,108400,development,spiral,large-collision,6373,13,1525723.0,8,5,7140.381561279679,2555.817244064489,163.35473903443906,16.77213173191359,12.0,0.37469413682286246,inside-original-collision-label,1.0,1.0,26.54261158127507,25.727999999999998,0.8146115812750745
I-108400-08-06,108400,development,spiral,large-collision,6373,13,1525723.0,8,6,7140.381561279679,2555.817244064489,163.35473903443906,16.77213173191359,12.0,0.37469413682286246,inside-original-collision-label,1.0,1.0,26.81271997409391,25.727999999999998,1.0847199740939102
I-108400-08-07,108400,development,spiral,large-collision,6373,13,1525723.0,8,7,7140.381561279679,2555.817244064489,163.35473903443906,16.77213173191359,12.0,0.37469413682286246,inside-original-collision-label,1.0,1.0,26.942611581275074,26.128,0.8146115812750745
I-108400-08-08,108400,development,spiral,large-collision,6373,13,1525723.0,8,8,7140.381561279679,2555.817244064489,163.35473903443906,16.77213173191359,12.0,0.37469413682286246,inside-original-collision-label,1.0,1.0,27.21271997409391,26.128,1.0847199740939102
I-133848-01-01,133848,development,spiral,large-collision,6373,13,1525723.0,1,1,5860.418962909701,2515.3126896909785,163.34959399208603,16.762176962757497,7.5,0.23418383551428903,inside-original-collision-label,1.0,1.0,23.58261158127507,22.767999999999997,0.8146115812750745
I-133848-01-02,133848,development,spiral,large-collision,6373,13,1525723.0,1,2,5860.418962909701,2515.3126896909785,163.34959399208603,16.762176962757497,7.5,0.23418383551428903,inside-original-collision-label,1.0,1.0,23.852719974093908,22.767999999999997,1.0847199740939102
I-133848-01-03,133848,development,spiral,large-collision,6373,13,1525723.0,1,3,5860.418962909701,2515.3126896909785,163.34959399208603,16.762176962757497,7.5,0.23418383551428903,inside-original-collision-label,1.0,1.0,23.982611581275073,23.168,0.8146115812750745
I-133848-01-04,133848,development,spiral,large-collision,6373,13,1525723.0,1,4,5860.418962909701,2515.3126896909785,163.34959399208603,16.762176962757497,7.5,0.23418383551428903,inside-original-collision-label,1.0,1.0,24.25271997409391,23.168,1.0847199740939102
I-133848-01-05,133848,development,spiral,large-collision,6373,13,1525723.0,1,5,5860.418962909701,2515.3126896909785,163.34959399208603,16.762176962757497,7.5,0.23418383551428903,inside-original-collision-label,1.0,1.0,24.38261158127507,23.567999999999998,0.8146115812750745
I-133848-01-06,133848,development,spiral,large-collision,6373,13,1525723.0,1,6,5860.418962909701,2515.3126896909785,163.34959399208603,16.762176962757497,7.5,0.23418383551428903,inside-original-collision-label,1.0,1.0,24.65271997409391,23.567999999999998,1.0847199740939102
I-133848-01-07,133848,development,spiral,large-collision,6373,13,1525723.0,1,7,5860.418962909701,2515.3126896909785,163.34959399208603,16.762176962757497,7.5,0.23418383551428903,inside-original-collision-label,1.0,1.0,24.782611581275074,23.968,0.8146115812750745
I-133848-01-08,133848,development,spiral,large-collision,6373,13,1525723.0,1,8,5860.418962909701,2515.3126896909785,163.34959399208603,16.762176962757497,7.5,0.23418383551428903,inside-original-collision-label,1.0,1.0,25.05271997409391,23.968,1.0847199740939102
I-133848-02-01,133848,development,spiral,large-collision,6373,13,1525723.0,2,1,5860.632414225939,2524.505223008406,163.3496705547351,16.762145563574123,12.0,0.37469413682286246,inside-original-collision-label,1.0,1.0,23.58261158127507,22.767999999999997,0.8146115812750745
I-133848-02-02,133848,development,spiral,large-collision,6373,13,1525723.0,2,2,5860.632414225939,2524.505223008406,163.3496705547351,16.762145563574123,12.0,0.37469413682286246,inside-original-collision-label,1.0,1.0,23.852719974093908,22.767999999999997,1.0847199740939102
I-133848-02-03,133848,development,spiral,large-collision,6373,13,1525723.0,2,3,5860.632414225939,2524.505223008406,163.3496705547351,16.762145563574123,12.0,0.37469413682286246,inside-original-collision-label,1.0,1.0,23.982611581275073,23.168,0.8146115812750745
I-133848-02-04,133848,development,spiral,large-collision,6373,13,1525723.0,2,4,5860.632414225939,2524.505223008406,163.3496705547351,16.762145563574123,12.0,0.37469413682286246,inside-original-collision-label,1.0,1.0,24.25271997409391,23.168,1.0847199740939102
I-133848-02-05,133848,development,spiral,large-collision,6373,13,1525723.0,2,5,5860.632414225939,2524.505223008406,163.3496705547351,16.762145563574123,12.0,0.37469413682286246,inside-original-collision-label,1.0,1.0,24.38261158127507,23.567999999999998,0.8146115812750745
I-133848-02-06,133848,development,spiral,large-collision,6373,13,1525723.0,2,6,5860.632414225939,2524.505223008406,163.3496705547351,16.762145563574123,12.0,0.37469413682286246,inside-original-collision-label,1.0,1.0,24.65271997409391,23.567999999999998,1.0847199740939102
I-133848-02-07,133848,development,spiral,large-collision,6373,13,1525723.0,2,7,5860.632414225939,2524.505223008406,163.3496705547351,16.762145563574123,12.0,0.37469413682286246,inside-original-collision-label,1.0,1.0,24.782611581275074,23.968,0.8146115812750745
I-133848-02-08,133848,development,spiral,large-collision,6373,13,1525723.0,2,8,5860.632414225939,2524.505223008406,163.3496705547351,16.762145563574123,12.0,0.37469413682286246,inside-original-collision-label,1.0,1.0,25.05271997409391,23.968,1.0847199740939102
I-133848-03-01,133848,development,spiral,large-collision,6373,13,1525723.0,3,1,5850.835184777698,2527.130382727125,163.34965536546045,16.76205880255302,12.0,0.37469413682286246,inside-original-collision-label,1.0,1.0,23.58261158127507,22.767999999999997,0.8146115812750745
I-133848-03-02,133848,development,spiral,large-collision,6373,13,1525723.0,3,2,5850.835184777698,2527.130382727125,163.34965536546045,16.76205880255302,12.0,0.37469413682286246,inside-original-collision-label,1.0,1.0,23.852719974093908,22.767999999999997,1.0847199740939102
I-133848-03-03,133848,development,spiral,large-collision,6373,13,1525723.0,3,3,5850.835184777698,2527.130382727125,163.34965536546045,16.76205880255302,12.0,0.37469413682286246,inside-original-collision-label,1.0,1.0,23.982611581275073,23.168,0.8146115812750745
I-133848-03-04,133848,development,spiral,large-collision,6373,13,1525723.0,3,4,5850.835184777698,2527.130382727125,163.34965536546045,16.76205880255302,12.0,0.37469413682286246,inside-original-collision-label,1.0,1.0,24.25271997409391,23.168,1.0847199740939102
I-133848-03-05,133848,development,spiral,large-collision,6373,13,1525723.0,3,5,5850.835184777698,2527.130382727125,163.34965536546045,16.76205880255302,12.0,0.37469413682286246,inside-original-collision-label,1.0,1.0,24.38261158127507,23.567999999999998,0.8146115812750745
I-133848-03-06,133848,development,spiral,large-collision,6373,13,1525723.0,3,6,5850.835184777698,2527.130382727125,163.34965536546045,16.76205880255302,12.0,0.37469413682286246,inside-original-collision-label,1.0,1.0,24.65271997409391,23.567999999999998,1.0847199740939102
I-133848-03-07,133848,development,spiral,large-collision,6373,13,1525723.0,3,7,5850.835184777698,2527.130382727125,163.34965536546045,16.76205880255302,12.0,0.37469413682286246,inside-original-collision-label,1.0,1.0,24.782611581275074,23.968,0.8146115812750745
I-133848-03-08,133848,development,spiral,large-collision,6373,13,1525723.0,3,8,5850.835184777698,2527.130382727125,163.34965536546045,16.76205880255302,12.0,0.37469413682286246,inside-original-collision-label,1.0,1.0,25.05271997409391,23.968,1.0847199740939102
I-133848-04-01,133848,development,spiral,large-collision,6373,13,1525723.0,4,1,5849.854785137225,2517.883840129725,163.3495754750236,16.762084343865304,4.0,0.12489804560762081,inside-original-collision-label,1.0,1.0,23.58261158127507,22.767999999999997,0.8146115812750745
I-133848-04-02,133848,development,spiral,large-collision,6373,13,1525723.0,4,2,5849.854785137225,2517.883840129725,163.3495754750236,16.762084343865304,4.0,0.12489804560762081,inside-original-collision-label,1.0,1.0,23.852719974093908,22.767999999999997,1.0847199740939102
I-133848-04-03,133848,development,spiral,large-collision,6373,13,1525723.0,4,3,5849.854785137225,2517.883840129725,163.3495754750236,16.762084343865304,4.0,0.12489804560762081,inside-original-collision-label,1.0,1.0,23.982611581275073,23.168,0.8146115812750745
I-133848-04-04,133848,development,spiral,large-collision,6373,13,1525723.0,4,4,5849.854785137225,2517.883840129725,163.3495754750236,16.762084343865304,4.0,0.12489804560762081,inside-original-collision-label,1.0,1.0,24.25271997409391,23.168,1.0847199740939102
I-133848-04-05,133848,development,spiral,large-collision,6373,13,1525723.0,4,5,5849.854785137225,2517.883840129725,163.3495754750236,16.762084343865304,4.0,0.12489804560762081,inside-original-collision-label,1.0,1.0,24.38261158127507,23.567999999999998,0.8146115812750745
I-133848-04-06,133848,development,spiral,large-collision,6373,13,1525723.0,4,6,5849.854785137225,2517.883840129725,163.3495754750236,16.762084343865304,4.0,0.12489804560762081,inside-original-collision-label,1.0,1.0,24.65271997409391,23.567999999999998,1.0847199740939102
I-133848-04-07,133848,development,spiral,large-collision,6373,13,1525723.0,4,7,5849.854785137225,2517.883840129725,163.3495754750236,16.762084343865304,4.0,0.12489804560762081,inside-original-collision-label,1.0,1.0,24.782611581275074,23.968,0.8146115812750745
I-133848-04-08,133848,development,spiral,large-collision,6373,13,1525723.0,4,8,5849.854785137225,2517.883840129725,163.3495754750236,16.762084343865304,4.0,0.12489804560762081,inside-original-collision-label,1.0,1.0,25.05271997409391,23.968,1.0847199740939102
I-133848-05-01,133848,development,spiral,large-collision,6373,13,1525723.0,5,1,5840.918962909701,2515.3126896909785,163.34952069811854,16.76202308180218,12.0,0.37469413682286246,inside-original-collision-label,1.0,1.0,23.58261158127507,22.767999999999997,0.8146115812750745
I-133848-05-02,133848,development,spiral,large-collision,6373,13,1525723.0,5,2,5840.918962909701,2515.3126896909785,163.34952069811854,16.76202308180218,12.0,0.37469413682286246,inside-original-collision-label,1.0,1.0,23.852719974093908,22.767999999999997,1.0847199740939102
I-133848-05-03,133848,development,spiral,large-collision,6373,13,1525723.0,5,3,5840.918962909701,2515.3126896909785,163.34952069811854,16.76202308180218,12.0,0.37469413682286246,inside-original-collision-label,1.0,1.0,23.982611581275073,23.168,0.8146115812750745
I-133848-05-04,133848,development,spiral,large-collision,6373,13,1525723.0,5,4,5840.918962909701,2515.3126896909785,163.34952069811854,16.76202308180218,12.0,0.37469413682286246,inside-original-collision-label,1.0,1.0,24.25271997409391,23.168,1.0847199740939102
I-133848-05-05,133848,development,spiral,large-collision,6373,13,1525723.0,5,5,5840.918962909701,2515.3126896909785,163.34952069811854,16.76202308180218,12.0,0.37469413682286246,inside-original-collision-label,1.0,1.0,24.38261158127507,23.567999999999998,0.8146115812750745
I-133848-05-06,133848,development,spiral,large-collision,6373,13,1525723.0,5,6,5840.918962909701,2515.3126896909785,163.34952069811854,16.76202308180218,12.0,0.37469413682286246,inside-original-collision-label,1.0,1.0,24.65271997409391,23.567999999999998,1.0847199740939102
I-133848-05-07,133848,development,spiral,large-collision,6373,13,1525723.0,5,7,5840.918962909701,2515.3126896909785,163.34952069811854,16.76202308180218,12.0,0.37469413682286246,inside-original-collision-label,1.0,1.0,24.782611581275074,23.968,0.8146115812750745
I-133848-05-08,133848,development,spiral,large-collision,6373,13,1525723.0,5,8,5840.918962909701,2515.3126896909785,163.34952069811854,16.76202308180218,12.0,0.37469413682286246,inside-original-collision-label,1.0,1.0,25.05271997409391,23.968,1.0847199740939102
I-133848-06-01,133848,development,spiral,large-collision,6373,13,1525723.0,6,1,5843.726429592273,2507.59923837474,163.34946767996584,16.762072996847046,12.0,0.37469413682286246,inside-original-collision-label,1.0,1.0,23.58261158127507,22.767999999999997,0.8146115812750745
I-133848-06-02,133848,development,spiral,large-collision,6373,13,1525723.0,6,2,5843.726429592273,2507.59923837474,163.34946767996584,16.762072996847046,12.0,0.37469413682286246,inside-original-collision-label,1.0,1.0,23.852719974093908,22.767999999999997,1.0847199740939102
I-133848-06-03,133848,development,spiral,large-collision,6373,13,1525723.0,6,3,5843.726429592273,2507.59923837474,163.34946767996584,16.762072996847046,12.0,0.37469413682286246,inside-original-collision-label,1.0,1.0,23.982611581275073,23.168,0.8146115812750745
I-133848-06-04,133848,development,spiral,large-collision,6373,13,1525723.0,6,4,5843.726429592273,2507.59923837474,163.34946767996584,16.762072996847046,12.0,0.37469413682286246,inside-original-collision-label,1.0,1.0,24.25271997409391,23.168,1.0847199740939102
I-133848-06-05,133848,development,spiral,large-collision,6373,13,1525723.0,6,5,5843.726429592273,2507.59923837474,163.34946767996584,16.762072996847046,12.0,0.37469413682286246,inside-original-collision-label,1.0,1.0,24.38261158127507,23.567999999999998,0.8146115812750745
I-133848-06-06,133848,development,spiral,large-collision,6373,13,1525723.0,6,6,5843.726429592273,2507.59923837474,163.34946767996584,16.762072996847046,12.0,0.37469413682286246,inside-original-collision-label,1.0,1.0,24.65271997409391,23.567999999999998,1.0847199740939102
I-133848-06-07,133848,development,spiral,large-collision,6373,13,1525723.0,6,7,5843.726429592273,2507.59923837474,163.34946767996584,16.762072996847046,12.0,0.37469413682286246,inside-original-collision-label,1.0,1.0,24.782611581275074,23.968,0.8146115812750745
I-133848-06-08,133848,development,spiral,large-collision,6373,13,1525723.0,6,8,5843.726429592273,2507.59923837474,163.34946767996584,16.762072996847046,12.0,0.37469413682286246,inside-original-collision-label,1.0,1.0,25.05271997409391,23.968,1.0847199740939102
I-133848-07-01,133848,development,spiral,large-collision,6373,13,1525723.0,7,1,5850.835184777698,2503.494996654832,163.34946057421558,16.762143865391025,12.0,0.37469413682286246,inside-original-collision-label,1.0,1.0,23.58261158127507,22.767999999999997,0.8146115812750745
I-133848-07-02,133848,development,spiral,large-collision,6373,13,1525723.0,7,2,5850.835184777698,2503.494996654832,163.34946057421558,16.762143865391025,12.0,0.37469413682286246,inside-original-collision-label,1.0,1.0,23.852719974093908,22.767999999999997,1.0847199740939102
I-133848-07-03,133848,development,spiral,large-collision,6373,13,1525723.0,7,3,5850.835184777698,2503.494996654832,163.34946057421558,16.762143865391025,12.0,0.37469413682286246,inside-original-collision-label,1.0,1.0,23.982611581275073,23.168,0.8146115812750745
I-133848-07-04,133848,development,spiral,large-collision,6373,13,1525723.0,7,4,5850.835184777698,2503.494996654832,163.34946057421558,16.762143865391025,12.0,0.37469413682286246,inside-original-collision-label,1.0,1.0,24.25271997409391,23.168,1.0847199740939102
I-133848-07-05,133848,development,spiral,large-collision,6373,13,1525723.0,7,5,5850.835184777698,2503.494996654832,163.34946057421558,16.762143865391025,12.0,0.37469413682286246,inside-original-collision-label,1.0,1.0,24.38261158127507,23.567999999999998,0.8146115812750745
I-133848-07-06,133848,development,spiral,large-collision,6373,13,1525723.0,7,6,5850.835184777698,2503.494996654832,163.34946057421558,16.762143865391025,12.0,0.37469413682286246,inside-original-collision-label,1.0,1.0,24.65271997409391,23.567999999999998,1.0847199740939102
I-133848-07-07,133848,development,spiral,large-collision,6373,13,1525723.0,7,7,5850.835184777698,2503.494996654832,163.34946057421558,16.762143865391025,12.0,0.37469413682286246,inside-original-collision-label,1.0,1.0,24.782611581275074,23.968,0.8146115812750745
I-133848-07-08,133848,development,spiral,large-collision,6373,13,1525723.0,7,8,5850.835184777698,2503.494996654832,163.34946057421558,16.762143865391025,12.0,0.37469413682286246,inside-original-collision-label,1.0,1.0,25.05271997409391,23.968,1.0847199740939102
I-133848-08-01,133848,development,spiral,large-collision,6373,13,1525723.0,8,1,5860.632414225939,2506.120156373551,163.34951903399593,16.762211730742944,12.0,0.37469413682286246,inside-original-collision-label,1.0,1.0,23.58261158127507,22.767999999999997,0.8146115812750745
I-133848-08-02,133848,development,spiral,large-collision,6373,13,1525723.0,8,2,5860.632414225939,2506.120156373551,163.34951903399593,16.762211730742944,12.0,0.37469413682286246,inside-original-collision-label,1.0,1.0,23.852719974093908,22.767999999999997,1.0847199740939102
I-133848-08-03,133848,development,spiral,large-collision,6373,13,1525723.0,8,3,5860.632414225939,2506.120156373551,163.34951903399593,16.762211730742944,12.0,0.37469413682286246,inside-original-collision-label,1.0,1.0,23.982611581275073,23.168,0.8146115812750745
I-133848-08-04,133848,development,spiral,large-collision,6373,13,1525723.0,8,4,5860.632414225939,2506.120156373551,163.34951903399593,16.762211730742944,12.0,0.37469413682286246,inside-original-collision-label,1.0,1.0,24.25271997409391,23.168,1.0847199740939102
I-133848-08-05,133848,development,spiral,large-collision,6373,13,1525723.0,8,5,5860.632414225939,2506.120156373551,163.34951903399593,16.762211730742944,12.0,0.37469413682286246,inside-original-collision-label,1.0,1.0,24.38261158127507,23.567999999999998,0.8146115812750745
I-133848-08-06,133848,development,spiral,large-collision,6373,13,1525723.0,8,6,5860.632414225939,2506.120156373551,163.34951903399593,16.762211730742944,12.0,0.37469413682286246,inside-original-collision-label,1.0,1.0,24.65271997409391,23.567999999999998,1.0847199740939102
I-133848-08-07,133848,development,spiral,large-collision,6373,13,1525723.0,8,7,5860.632414225939,2506.120156373551,163.34951903399593,16.762211730742944,12.0,0.37469413682286246,inside-original-collision-label,1.0,1.0,24.782611581275074,23.968,0.8146115812750745
I-133848-08-08,133848,development,spiral,large-collision,6373,13,1525723.0,8,8,5860.632414225939,2506.120156373551,163.34951903399593,16.762211730742944,12.0,0.37469413682286246,inside-original-collision-label,1.0,1.0,25.05271997409391,23.968,1.0847199740939102
I-23741-01-01,23741,validation,spiral,large-collision,2245,11,1321113.0,1,1,8824.349223131556,1270.3282515969354,163.3504739973398,16.790046962616263,7.5,0.23418383551428903,inside-original-collision-label,0.76,0.76,25.82161158127507,25.006999999999998,0.8146115812750745
I-23741-01-02,23741,validation,spiral,large-collision,2245,11,1321113.0,1,2,8824.349223131556,1270.3282515969354,163.3504739973398,16.790046962616263,7.5,0.23418383551428903,inside-original-collision-label,0.76,0.76,26.09171997409391,25.006999999999998,1.0847199740939102
I-23741-01-03,23741,validation,spiral,large-collision,2245,11,1321113.0,1,3,8824.349223131556,1270.3282515969354,163.3504739973398,16.790046962616263,7.5,0.23418383551428903,inside-original-collision-label,0.76,0.76,26.221611581275074,25.407,0.8146115812750745
I-23741-01-04,23741,validation,spiral,large-collision,2245,11,1321113.0,1,4,8824.349223131556,1270.3282515969354,163.3504739973398,16.790046962616263,7.5,0.23418383551428903,inside-original-collision-label,0.76,0.76,26.49171997409391,25.407,1.0847199740939102
I-23741-01-05,23741,validation,spiral,large-collision,2245,11,1321113.0,1,5,8824.349223131556,1270.3282515969354,163.3504739973398,16.790046962616263,7.5,0.23418383551428903,inside-original-collision-label,0.76,0.76,26.621611581275072,25.807,0.8146115812750745
I-23741-01-06,23741,validation,spiral,large-collision,2245,11,1321113.0,1,6,8824.349223131556,1270.3282515969354,163.3504739973398,16.790046962616263,7.5,0.23418383551428903,inside-original-collision-label,0.76,0.76,26.89171997409391,25.807,1.0847199740939102
I-23741-01-07,23741,validation,spiral,large-collision,2245,11,1321113.0,1,7,8824.349223131556,1270.3282515969354,163.3504739973398,16.790046962616263,7.5,0.23418383551428903,inside-original-collision-label,0.76,0.76,27.021611581275074,26.207,0.8146115812750745
I-23741-01-08,23741,validation,spiral,large-collision,2245,11,1321113.0,1,8,8824.349223131556,1270.3282515969354,163.3504739973398,16.790046962616263,7.5,0.23418383551428903,inside-original-collision-label,0.76,0.76,27.291719974093912,26.207,1.0847199740939102
I-23741-02-01,23741,validation,spiral,large-collision,2245,11,1321113.0,2,1,8825.334504505794,1278.813532971174,163.35054764290115,16.790024199264558,12.0,0.37469413682286246,inside-original-collision-label,1.0,1.0,25.82161158127507,25.006999999999998,0.8146115812750745
I-23741-02-02,23741,validation,spiral,large-collision,2245,11,1321113.0,2,2,8825.334504505794,1278.813532971174,163.35054764290115,16.790024199264558,12.0,0.37469413682286246,inside-original-collision-label,1.0,1.0,26.09171997409391,25.006999999999998,1.0847199740939102
I-23741-02-03,23741,validation,spiral,large-collision,2245,11,1321113.0,2,3,8825.334504505794,1278.813532971174,163.35054764290115,16.790024199264558,12.0,0.37469413682286246,inside-original-collision-label,1.0,1.0,26.221611581275074,25.407,0.8146115812750745
I-23741-02-04,23741,validation,spiral,large-collision,2245,11,1321113.0,2,4,8825.334504505794,1278.813532971174,163.35054764290115,16.790024199264558,12.0,0.37469413682286246,inside-original-collision-label,1.0,1.0,26.49171997409391,25.407,1.0847199740939102
I-23741-02-05,23741,validation,spiral,large-collision,2245,11,1321113.0,2,5,8825.334504505794,1278.813532971174,163.35054764290115,16.790024199264558,12.0,0.37469413682286246,inside-original-collision-label,1.0,1.0,26.621611581275072,25.807,0.8146115812750745
I-23741-02-06,23741,validation,spiral,large-collision,2245,11,1321113.0,2,6,8825.334504505794,1278.813532971174,163.35054764290115,16.790024199264558,12.0,0.37469413682286246,inside-original-collision-label,1.0,1.0,26.89171997409391,25.807,1.0847199740939102
I-23741-02-07,23741,validation,spiral,large-collision,2245,11,1321113.0,2,7,8825.334504505794,1278.813532971174,163.35054764290115,16.790024199264558,12.0,0.37469413682286246,inside-original-collision-label,1.0,1.0,27.021611581275074,26.207,0.8146115812750745
I-23741-02-08,23741,validation,spiral,large-collision,2245,11,1321113.0,2,8,8825.334504505794,1278.813532971174,163.35054764290115,16.790024199264558,12.0,0.37469413682286246,inside-original-collision-label,1.0,1.0,27.291719974093912,26.207,1.0847199740939102
I-23741-03-01,23741,validation,spiral,large-collision,2245,11,1321113.0,3,1,8819.599223131556,1275.0913913177499,163.35049540201348,16.789992336360502,5.5,0.1717348127104786,inside-original-collision-label,1.0,1.0,25.82161158127507,25.006999999999998,0.8146115812750745
I-23741-03-02,23741,validation,spiral,large-collision,2245,11,1321113.0,3,2,8819.599223131556,1275.0913913177499,163.35049540201348,16.789992336360502,5.5,0.1717348127104786,inside-original-collision-label,1.0,1.0,26.09171997409391,25.006999999999998,1.0847199740939102
I-23741-03-03,23741,validation,spiral,large-collision,2245,11,1321113.0,3,3,8819.599223131556,1275.0913913177499,163.35049540201348,16.789992336360502,5.5,0.1717348127104786,inside-original-collision-label,1.0,1.0,26.221611581275074,25.407,0.8146115812750745
I-23741-03-04,23741,validation,spiral,large-collision,2245,11,1321113.0,3,4,8819.599223131556,1275.0913913177499,163.35049540201348,16.789992336360502,5.5,0.1717348127104786,inside-original-collision-label,1.0,1.0,26.49171997409391,25.407,1.0847199740939102
I-23741-03-05,23741,validation,spiral,large-collision,2245,11,1321113.0,3,5,8819.599223131556,1275.0913913177499,163.35049540201348,16.789992336360502,5.5,0.1717348127104786,inside-original-collision-label,1.0,1.0,26.621611581275072,25.807,0.8146115812750745
I-23741-03-06,23741,validation,spiral,large-collision,2245,11,1321113.0,3,6,8819.599223131556,1275.0913913177499,163.35049540201348,16.789992336360502,5.5,0.1717348127104786,inside-original-collision-label,1.0,1.0,26.89171997409391,25.807,1.0847199740939102
I-23741-03-07,23741,validation,spiral,large-collision,2245,11,1321113.0,3,7,8819.599223131556,1275.0913913177499,163.35049540201348,16.789992336360502,5.5,0.1717348127104786,inside-original-collision-label,1.0,1.0,27.021611581275074,26.207,0.8146115812750745
I-23741-03-08,23741,validation,spiral,large-collision,2245,11,1321113.0,3,8,8819.599223131556,1275.0913913177499,163.35049540201348,16.789992336360502,5.5,0.1717348127104786,inside-original-collision-label,1.0,1.0,27.291719974093912,26.207,1.0847199740939102
I-23741-04-01,23741,validation,spiral,large-collision,2245,11,1321113.0,4,1,8816.849223131556,1282.3282515969354,163.3505447153131,16.78994458980544,12.0,0.37469413682286246,inside-original-collision-label,0.64,0.64,25.82161158127507,25.006999999999998,0.8146115812750745
I-23741-04-02,23741,validation,spiral,large-collision,2245,11,1321113.0,4,2,8816.849223131556,1282.3282515969354,163.3505447153131,16.78994458980544,12.0,0.37469413682286246,inside-original-collision-label,0.64,0.64,26.09171997409391,25.006999999999998,1.0847199740939102
I-23741-04-03,23741,validation,spiral,large-collision,2245,11,1321113.0,4,3,8816.849223131556,1282.3282515969354,163.3505447153131,16.78994458980544,12.0,0.37469413682286246,inside-original-collision-label,0.64,0.64,26.221611581275074,25.407,0.8146115812750745
I-23741-04-04,23741,validation,spiral,large-collision,2245,11,1321113.0,4,4,8816.849223131556,1282.3282515969354,163.3505447153131,16.78994458980544,12.0,0.37469413682286246,inside-original-collision-label,0.64,0.64,26.49171997409391,25.407,1.0847199740939102
I-23741-04-05,23741,validation,spiral,large-collision,2245,11,1321113.0,4,5,8816.849223131556,1282.3282515969354,163.3505447153131,16.78994458980544,12.0,0.37469413682286246,inside-original-collision-label,0.64,0.64,26.621611581275072,25.807,0.8146115812750745
I-23741-04-06,23741,validation,spiral,large-collision,2245,11,1321113.0,4,6,8816.849223131556,1282.3282515969354,163.3505447153131,16.78994458980544,12.0,0.37469413682286246,inside-original-collision-label,0.64,0.64,26.89171997409391,25.807,1.0847199740939102
I-23741-04-07,23741,validation,spiral,large-collision,2245,11,1321113.0,4,7,8816.849223131556,1282.3282515969354,163.3505447153131,16.78994458980544,12.0,0.37469413682286246,inside-original-collision-label,0.64,0.64,27.021611581275074,26.207,0.8146115812750745
I-23741-04-08,23741,validation,spiral,large-collision,2245,11,1321113.0,4,8,8816.849223131556,1282.3282515969354,163.3505447153131,16.78994458980544,12.0,0.37469413682286246,inside-original-collision-label,0.64,0.64,27.291719974093912,26.207,1.0847199740939102
I-23741-05-01,23741,validation,spiral,large-collision,2245,11,1321113.0,5,1,8813.385121516418,1272.3282515969354,163.35044926590123,16.789953243479417,4.0,0.12489804560762081,inside-original-collision-label,0.64,0.64,25.82161158127507,25.006999999999998,0.8146115812750745
I-23741-05-02,23741,validation,spiral,large-collision,2245,11,1321113.0,5,2,8813.385121516418,1272.3282515969354,163.35044926590123,16.789953243479417,4.0,0.12489804560762081,inside-original-collision-label,0.64,0.64,26.09171997409391,25.006999999999998,1.0847199740939102
I-23741-05-03,23741,validation,spiral,large-collision,2245,11,1321113.0,5,3,8813.385121516418,1272.3282515969354,163.35044926590123,16.789953243479417,4.0,0.12489804560762081,inside-original-collision-label,0.64,0.64,26.221611581275074,25.407,0.8146115812750745
I-23741-05-04,23741,validation,spiral,large-collision,2245,11,1321113.0,5,4,8813.385121516418,1272.3282515969354,163.35044926590123,16.789953243479417,4.0,0.12489804560762081,inside-original-collision-label,0.64,0.64,26.49171997409391,25.407,1.0847199740939102
I-23741-05-05,23741,validation,spiral,large-collision,2245,11,1321113.0,5,5,8813.385121516418,1272.3282515969354,163.35044926590123,16.789953243479417,4.0,0.12489804560762081,inside-original-collision-label,0.64,0.64,26.621611581275072,25.807,0.8146115812750745
I-23741-05-06,23741,validation,spiral,large-collision,2245,11,1321113.0,5,6,8813.385121516418,1272.3282515969354,163.35044926590123,16.789953243479417,4.0,0.12489804560762081,inside-original-collision-label,0.64,0.64,26.89171997409391,25.807,1.0847199740939102
I-23741-05-07,23741,validation,spiral,large-collision,2245,11,1321113.0,5,7,8813.385121516418,1272.3282515969354,163.35044926590123,16.789953243479417,4.0,0.12489804560762081,inside-original-collision-label,0.64,0.64,27.021611581275074,26.207,0.8146115812750745
I-23741-05-08,23741,validation,spiral,large-collision,2245,11,1321113.0,5,8,8813.385121516418,1272.3282515969354,163.35044926590123,16.789953243479417,4.0,0.12489804560762081,inside-original-collision-label,0.64,0.64,27.291719974093912,26.207,1.0847199740939102
I-23741-06-01,23741,validation,spiral,large-collision,2245,11,1321113.0,6,1,8806.456918286143,1264.3282515969354,163.35035727946274,16.789927362812595,12.0,0.37469413682286246,inside-original-collision-label,0.64,0.64,25.82161158127507,25.006999999999998,0.8146115812750745
I-23741-06-02,23741,validation,spiral,large-collision,2245,11,1321113.0,6,2,8806.456918286143,1264.3282515969354,163.35035727946274,16.789927362812595,12.0,0.37469413682286246,inside-original-collision-label,0.64,0.64,26.09171997409391,25.006999999999998,1.0847199740939102
I-23741-06-03,23741,validation,spiral,large-collision,2245,11,1321113.0,6,3,8806.456918286143,1264.3282515969354,163.35035727946274,16.789927362812595,12.0,0.37469413682286246,inside-original-collision-label,0.64,0.64,26.221611581275074,25.407,0.8146115812750745
I-23741-06-04,23741,validation,spiral,large-collision,2245,11,1321113.0,6,4,8806.456918286143,1264.3282515969354,163.35035727946274,16.789927362812595,12.0,0.37469413682286246,inside-original-collision-label,0.64,0.64,26.49171997409391,25.407,1.0847199740939102
I-23741-06-05,23741,validation,spiral,large-collision,2245,11,1321113.0,6,5,8806.456918286143,1264.3282515969354,163.35035727946274,16.789927362812595,12.0,0.37469413682286246,inside-original-collision-label,0.64,0.64,26.621611581275072,25.807,0.8146115812750745
I-23741-06-06,23741,validation,spiral,large-collision,2245,11,1321113.0,6,6,8806.456918286143,1264.3282515969354,163.35035727946274,16.789927362812595,12.0,0.37469413682286246,inside-original-collision-label,0.64,0.64,26.89171997409391,25.807,1.0847199740939102
I-23741-06-07,23741,validation,spiral,large-collision,2245,11,1321113.0,6,7,8806.456918286143,1264.3282515969354,163.35035727946274,16.789927362812595,12.0,0.37469413682286246,inside-original-collision-label,0.64,0.64,27.021611581275074,26.207,0.8146115812750745
I-23741-06-08,23741,validation,spiral,large-collision,2245,11,1321113.0,6,8,8806.456918286143,1264.3282515969354,163.35035727946274,16.789927362812595,12.0,0.37469413682286246,inside-original-collision-label,0.64,0.64,27.291719974093912,26.207,1.0847199740939102
I-23741-07-01,23741,validation,spiral,large-collision,2245,11,1321113.0,7,1,8814.10220443024,1264.4372509811972,163.35038691844704,16.789987301873627,6.5,0.20295932411238382,inside-original-collision-label,1.0,1.0,25.82161158127507,25.006999999999998,0.8146115812750745
I-23741-07-02,23741,validation,spiral,large-collision,2245,11,1321113.0,7,2,8814.10220443024,1264.4372509811972,163.35038691844704,16.789987301873627,6.5,0.20295932411238382,inside-original-collision-label,1.0,1.0,26.09171997409391,25.006999999999998,1.0847199740939102
I-23741-07-03,23741,validation,spiral,large-collision,2245,11,1321113.0,7,3,8814.10220443024,1264.4372509811972,163.35038691844704,16.789987301873627,6.5,0.20295932411238382,inside-original-collision-label,1.0,1.0,26.221611581275074,25.407,0.8146115812750745
I-23741-07-04,23741,validation,spiral,large-collision,2245,11,1321113.0,7,4,8814.10220443024,1264.4372509811972,163.35038691844704,16.789987301873627,6.5,0.20295932411238382,inside-original-collision-label,1.0,1.0,26.49171997409391,25.407,1.0847199740939102
I-23741-07-05,23741,validation,spiral,large-collision,2245,11,1321113.0,7,5,8814.10220443024,1264.4372509811972,163.35038691844704,16.789987301873627,6.5,0.20295932411238382,inside-original-collision-label,1.0,1.0,26.621611581275072,25.807,0.8146115812750745
I-23741-07-06,23741,validation,spiral,large-collision,2245,11,1321113.0,7,6,8814.10220443024,1264.4372509811972,163.35038691844704,16.789987301873627,6.5,0.20295932411238382,inside-original-collision-label,1.0,1.0,26.89171997409391,25.807,1.0847199740939102
I-23741-07-07,23741,validation,spiral,large-collision,2245,11,1321113.0,7,7,8814.10220443024,1264.4372509811972,163.35038691844704,16.789987301873627,6.5,0.20295932411238382,inside-original-collision-label,1.0,1.0,27.021611581275074,26.207,0.8146115812750745
I-23741-07-08,23741,validation,spiral,large-collision,2245,11,1321113.0,7,8,8814.10220443024,1264.4372509811972,163.35038691844704,16.789987301873627,6.5,0.20295932411238382,inside-original-collision-label,1.0,1.0,27.291719974093912,26.207,1.0847199740939102
I-23741-08-01,23741,validation,spiral,large-collision,2245,11,1321113.0,8,1,8818.933001263558,1258.510558560789,163.3503562266577,16.79004675332861,12.0,0.37469413682286246,inside-original-collision-label,1.0,1.0,25.82161158127507,25.006999999999998,0.8146115812750745
I-23741-08-02,23741,validation,spiral,large-collision,2245,11,1321113.0,8,2,8818.933001263558,1258.510558560789,163.3503562266577,16.79004675332861,12.0,0.37469413682286246,inside-original-collision-label,1.0,1.0,26.09171997409391,25.006999999999998,1.0847199740939102
I-23741-08-03,23741,validation,spiral,large-collision,2245,11,1321113.0,8,3,8818.933001263558,1258.510558560789,163.3503562266577,16.79004675332861,12.0,0.37469413682286246,inside-original-collision-label,1.0,1.0,26.221611581275074,25.407,0.8146115812750745
I-23741-08-04,23741,validation,spiral,large-collision,2245,11,1321113.0,8,4,8818.933001263558,1258.510558560789,163.3503562266577,16.79004675332861,12.0,0.37469413682286246,inside-original-collision-label,1.0,1.0,26.49171997409391,25.407,1.0847199740939102
I-23741-08-05,23741,validation,spiral,large-collision,2245,11,1321113.0,8,5,8818.933001263558,1258.510558560789,163.3503562266577,16.79004675332861,12.0,0.37469413682286246,inside-original-collision-label,1.0,1.0,26.621611581275072,25.807,0.8146115812750745
I-23741-08-06,23741,validation,spiral,large-collision,2245,11,1321113.0,8,6,8818.933001263558,1258.510558560789,163.3503562266577,16.79004675332861,12.0,0.37469413682286246,inside-original-collision-label,1.0,1.0,26.89171997409391,25.807,1.0847199740939102
I-23741-08-07,23741,validation,spiral,large-collision,2245,11,1321113.0,8,7,8818.933001263558,1258.510558560789,163.3503562266577,16.79004675332861,12.0,0.37469413682286246,inside-original-collision-label,1.0,1.0,27.021611581275074,26.207,0.8146115812750745
I-23741-08-08,23741,validation,spiral,large-collision,2245,11,1321113.0,8,8,8818.933001263558,1258.510558560789,163.3503562266577,16.79004675332861,12.0,0.37469413682286246,inside-original-collision-label,1.0,1.0,27.291719974093912,26.207,1.0847199740939102
I-54441-01-01,54441,validation,spiral,large-collision,2245,11,1321113.0,1,1,8306.131335163638,1956.7829034443298,163.35418399732086,16.78348696211864,7.5,0.23418383551428903,inside-original-collision-label,1.0,1.0,24.37961158127507,23.564999999999998,0.8146115812750745
I-54441-01-02,54441,validation,spiral,large-collision,2245,11,1321113.0,1,2,8306.131335163638,1956.7829034443298,163.35418399732086,16.78348696211864,7.5,0.23418383551428903,inside-original-collision-label,1.0,1.0,24.64971997409391,23.564999999999998,1.0847199740939102
I-54441-01-03,54441,validation,spiral,large-collision,2245,11,1321113.0,1,3,8306.131335163638,1956.7829034443298,163.35418399732086,16.78348696211864,7.5,0.23418383551428903,inside-original-collision-label,1.0,1.0,24.779611581275073,23.965,0.8146115812750745
I-54441-01-04,54441,validation,spiral,large-collision,2245,11,1321113.0,1,4,8306.131335163638,1956.7829034443298,163.35418399732086,16.78348696211864,7.5,0.23418383551428903,inside-original-collision-label,1.0,1.0,25.04971997409391,23.965,1.0847199740939102
I-54441-01-05,54441,validation,spiral,large-collision,2245,11,1321113.0,1,5,8306.131335163638,1956.7829034443298,163.35418399732086,16.78348696211864,7.5,0.23418383551428903,inside-original-collision-label,1.0,1.0,25.179611581275072,24.365,0.8146115812750745
I-54441-01-06,54441,validation,spiral,large-collision,2245,11,1321113.0,1,6,8306.131335163638,1956.7829034443298,163.35418399732086,16.78348696211864,7.5,0.23418383551428903,inside-original-collision-label,1.0,1.0,25.44971997409391,24.365,1.0847199740939102
I-54441-01-07,54441,validation,spiral,large-collision,2245,11,1321113.0,1,7,8306.131335163638,1956.7829034443298,163.35418399732086,16.78348696211864,7.5,0.23418383551428903,inside-original-collision-label,1.0,1.0,25.579611581275074,24.765,0.8146115812750745
I-54441-01-08,54441,validation,spiral,large-collision,2245,11,1321113.0,1,8,8306.131335163638,1956.7829034443298,163.35418399732086,16.78348696211864,7.5,0.23418383551428903,inside-original-collision-label,1.0,1.0,25.84971997409391,24.765,1.0847199740939102
I-54441-02-01,54441,validation,spiral,large-collision,2245,11,1321113.0,2,1,8306.344786479876,1965.9754367617575,163.35426056778562,16.783455561243684,12.0,0.37469413682286246,inside-original-collision-label,1.0,1.0,24.37961158127507,23.564999999999998,0.8146115812750745
I-54441-02-02,54441,validation,spiral,large-collision,2245,11,1321113.0,2,2,8306.344786479876,1965.9754367617575,163.35426056778562,16.783455561243684,12.0,0.37469413682286246,inside-original-collision-label,1.0,1.0,24.64971997409391,23.564999999999998,1.0847199740939102
I-54441-02-03,54441,validation,spiral,large-collision,2245,11,1321113.0,2,3,8306.344786479876,1965.9754367617575,163.35426056778562,16.783455561243684,12.0,0.37469413682286246,inside-original-collision-label,1.0,1.0,24.779611581275073,23.965,0.8146115812750745
I-54441-02-04,54441,validation,spiral,large-collision,2245,11,1321113.0,2,4,8306.344786479876,1965.9754367617575,163.35426056778562,16.783455561243684,12.0,0.37469413682286246,inside-original-collision-label,1.0,1.0,25.04971997409391,23.965,1.0847199740939102
I-54441-02-05,54441,validation,spiral,large-collision,2245,11,1321113.0,2,5,8306.344786479876,1965.9754367617575,163.35426056778562,16.783455561243684,12.0,0.37469413682286246,inside-original-collision-label,1.0,1.0,25.179611581275072,24.365,0.8146115812750745
I-54441-02-06,54441,validation,spiral,large-collision,2245,11,1321113.0,2,6,8306.344786479876,1965.9754367617575,163.35426056778562,16.783455561243684,12.0,0.37469413682286246,inside-original-collision-label,1.0,1.0,25.44971997409391,24.365,1.0847199740939102
I-54441-02-07,54441,validation,spiral,large-collision,2245,11,1321113.0,2,7,8306.344786479876,1965.9754367617575,163.35426056778562,16.783455561243684,12.0,0.37469413682286246,inside-original-collision-label,1.0,1.0,25.579611581275074,24.765,0.8146115812750745
I-54441-02-08,54441,validation,spiral,large-collision,2245,11,1321113.0,2,8,8306.344786479876,1965.9754367617575,163.35426056778562,16.783455561243684,12.0,0.37469413682286246,inside-original-collision-label,1.0,1.0,25.84971997409391,24.765,1.0847199740939102
I-54441-03-01,54441,validation,spiral,large-collision,2245,11,1321113.0,3,1,8296.547557031636,1968.6005964804763,163.35424537471715,16.783368800579275,12.0,0.37469413682286246,inside-original-collision-label,1.0,1.0,24.37961158127507,23.564999999999998,0.8146115812750745
I-54441-03-02,54441,validation,spiral,large-collision,2245,11,1321113.0,3,2,8296.547557031636,1968.6005964804763,163.35424537471715,16.783368800579275,12.0,0.37469413682286246,inside-original-collision-label,1.0,1.0,24.64971997409391,23.564999999999998,1.0847199740939102
I-54441-03-03,54441,validation,spiral,large-collision,2245,11,1321113.0,3,3,8296.547557031636,1968.6005964804763,163.35424537471715,16.783368800579275,12.0,0.37469413682286246,inside-original-collision-label,1.0,1.0,24.779611581275073,23.965,0.8146115812750745
I-54441-03-04,54441,validation,spiral,large-collision,2245,11,1321113.0,3,4,8296.547557031636,1968.6005964804763,163.35424537471715,16.783368800579275,12.0,0.37469413682286246,inside-original-collision-label,1.0,1.0,25.04971997409391,23.965,1.0847199740939102
I-54441-03-05,54441,validation,spiral,large-collision,2245,11,1321113.0,3,5,8296.547557031636,1968.6005964804763,163.35424537471715,16.783368800579275,12.0,0.37469413682286246,inside-original-collision-label,1.0,1.0,25.179611581275072,24.365,0.8146115812750745
I-54441-03-06,54441,validation,spiral,large-collision,2245,11,1321113.0,3,6,8296.547557031636,1968.6005964804763,163.35424537471715,16.783368800579275,12.0,0.37469413682286246,inside-original-collision-label,1.0,1.0,25.44971997409391,24.365,1.0847199740939102
I-54441-03-07,54441,validation,spiral,large-collision,2245,11,1321113.0,3,7,8296.547557031636,1968.6005964804763,163.35424537471715,16.783368800579275,12.0,0.37469413682286246,inside-original-collision-label,1.0,1.0,25.579611581275074,24.765,0.8146115812750745
I-54441-03-08,54441,validation,spiral,large-collision,2245,11,1321113.0,3,8,8296.547557031636,1968.6005964804763,163.35424537471715,16.783368800579275,12.0,0.37469413682286246,inside-original-collision-label,1.0,1.0,25.84971997409391,24.765,1.0847199740939102
I-54441-04-01,54441,validation,spiral,large-collision,2245,11,1321113.0,4,1,8295.567157391162,1959.354053883076,163.3541654759507,16.78339434365831,4.0,0.12489804560762081,inside-original-collision-label,1.0,1.0,24.37961158127507,23.564999999999998,0.8146115812750745
I-54441-04-02,54441,validation,spiral,large-collision,2245,11,1321113.0,4,2,8295.567157391162,1959.354053883076,163.3541654759507,16.78339434365831,4.0,0.12489804560762081,inside-original-collision-label,1.0,1.0,24.64971997409391,23.564999999999998,1.0847199740939102
I-54441-04-03,54441,validation,spiral,large-collision,2245,11,1321113.0,4,3,8295.567157391162,1959.354053883076,163.3541654759507,16.78339434365831,4.0,0.12489804560762081,inside-original-collision-label,1.0,1.0,24.779611581275073,23.965,0.8146115812750745
I-54441-04-04,54441,validation,spiral,large-collision,2245,11,1321113.0,4,4,8295.567157391162,1959.354053883076,163.3541654759507,16.78339434365831,4.0,0.12489804560762081,inside-original-collision-label,1.0,1.0,25.04971997409391,23.965,1.0847199740939102
I-54441-04-05,54441,validation,spiral,large-collision,2245,11,1321113.0,4,5,8295.567157391162,1959.354053883076,163.3541654759507,16.78339434365831,4.0,0.12489804560762081,inside-original-collision-label,1.0,1.0,25.179611581275072,24.365,0.8146115812750745
I-54441-04-06,54441,validation,spiral,large-collision,2245,11,1321113.0,4,6,8295.567157391162,1959.354053883076,163.3541654759507,16.78339434365831,4.0,0.12489804560762081,inside-original-collision-label,1.0,1.0,25.44971997409391,24.365,1.0847199740939102
I-54441-04-07,54441,validation,spiral,large-collision,2245,11,1321113.0,4,7,8295.567157391162,1959.354053883076,163.3541654759507,16.78339434365831,4.0,0.12489804560762081,inside-original-collision-label,1.0,1.0,25.579611581275074,24.765,0.8146115812750745
I-54441-04-08,54441,validation,spiral,large-collision,2245,11,1321113.0,4,8,8295.567157391162,1959.354053883076,163.3541654759507,16.78339434365831,4.0,0.12489804560762081,inside-original-collision-label,1.0,1.0,25.84971997409391,24.765,1.0847199740939102
I-54441-05-01,54441,validation,spiral,large-collision,2245,11,1321113.0,5,1,8286.631335163638,1956.7829034443298,163.3541106914341,16.783333082824306,12.0,0.37469413682286246,inside-original-collision-label,1.0,1.0,24.37961158127507,23.564999999999998,0.8146115812750745
I-54441-05-02,54441,validation,spiral,large-collision,2245,11,1321113.0,5,2,8286.631335163638,1956.7829034443298,163.3541106914341,16.783333082824306,12.0,0.37469413682286246,inside-original-collision-label,1.0,1.0,24.64971997409391,23.564999999999998,1.0847199740939102
I-54441-05-03,54441,validation,spiral,large-collision,2245,11,1321113.0,5,3,8286.631335163638,1956.7829034443298,163.3541106914341,16.783333082824306,12.0,0.37469413682286246,inside-original-collision-label,1.0,1.0,24.779611581275073,23.965,0.8146115812750745
I-54441-05-04,54441,validation,spiral,large-collision,2245,11,1321113.0,5,4,8286.631335163638,1956.7829034443298,163.3541106914341,16.783333082824306,12.0,0.37469413682286246,inside-original-collision-label,1.0,1.0,25.04971997409391,23.965,1.0847199740939102
I-54441-05-05,54441,validation,spiral,large-collision,2245,11,1321113.0,5,5,8286.631335163638,1956.7829034443298,163.3541106914341,16.783333082824306,12.0,0.37469413682286246,inside-original-collision-label,1.0,1.0,25.179611581275072,24.365,0.8146115812750745
I-54441-05-06,54441,validation,spiral,large-collision,2245,11,1321113.0,5,6,8286.631335163638,1956.7829034443298,163.3541106914341,16.783333082824306,12.0,0.37469413682286246,inside-original-collision-label,1.0,1.0,25.44971997409391,24.365,1.0847199740939102
I-54441-05-07,54441,validation,spiral,large-collision,2245,11,1321113.0,5,7,8286.631335163638,1956.7829034443298,163.3541106914341,16.783333082824306,12.0,0.37469413682286246,inside-original-collision-label,1.0,1.0,25.579611581275074,24.765,0.8146115812750745
I-54441-05-08,54441,validation,spiral,large-collision,2245,11,1321113.0,5,8,8286.631335163638,1956.7829034443298,163.3541106914341,16.783333082824306,12.0,0.37469413682286246,inside-original-collision-label,1.0,1.0,25.84971997409391,24.765,1.0847199740939102
I-54441-06-01,54441,validation,spiral,large-collision,2245,11,1321113.0,6,1,8289.43880184621,1949.0694521280914,163.35405766854873,16.783382999034156,12.0,0.37469413682286246,inside-original-collision-label,1.0,1.0,24.37961158127507,23.564999999999998,0.8146115812750745
I-54441-06-02,54441,validation,spiral,large-collision,2245,11,1321113.0,6,2,8289.43880184621,1949.0694521280914,163.35405766854873,16.783382999034156,12.0,0.37469413682286246,inside-original-collision-label,1.0,1.0,24.64971997409391,23.564999999999998,1.0847199740939102
I-54441-06-03,54441,validation,spiral,large-collision,2245,11,1321113.0,6,3,8289.43880184621,1949.0694521280914,163.35405766854873,16.783382999034156,12.0,0.37469413682286246,inside-original-collision-label,1.0,1.0,24.779611581275073,23.965,0.8146115812750745
I-54441-06-04,54441,validation,spiral,large-collision,2245,11,1321113.0,6,4,8289.43880184621,1949.0694521280914,163.35405766854873,16.783382999034156,12.0,0.37469413682286246,inside-original-collision-label,1.0,1.0,25.04971997409391,23.965,1.0847199740939102
I-54441-06-05,54441,validation,spiral,large-collision,2245,11,1321113.0,6,5,8289.43880184621,1949.0694521280914,163.35405766854873,16.783382999034156,12.0,0.37469413682286246,inside-original-collision-label,1.0,1.0,25.179611581275072,24.365,0.8146115812750745
I-54441-06-06,54441,validation,spiral,large-collision,2245,11,1321113.0,6,6,8289.43880184621,1949.0694521280914,163.35405766854873,16.783382999034156,12.0,0.37469413682286246,inside-original-collision-label,1.0,1.0,25.44971997409391,24.365,1.0847199740939102
I-54441-06-07,54441,validation,spiral,large-collision,2245,11,1321113.0,6,7,8289.43880184621,1949.0694521280914,163.35405766854873,16.783382999034156,12.0,0.37469413682286246,inside-original-collision-label,1.0,1.0,25.579611581275074,24.765,0.8146115812750745
I-54441-06-08,54441,validation,spiral,large-collision,2245,11,1321113.0,6,8,8289.43880184621,1949.0694521280914,163.35405766854873,16.783382999034156,12.0,0.37469413682286246,inside-original-collision-label,1.0,1.0,25.84971997409391,24.765,1.0847199740939102
I-54441-07-01,54441,validation,spiral,large-collision,2245,11,1321113.0,7,1,8296.547557031636,1944.9652104081833,163.3540505637124,16.783453867719736,12.0,0.37469413682286246,inside-original-collision-label,1.0,1.0,24.37961158127507,23.564999999999998,0.8146115812750745
I-54441-07-02,54441,validation,spiral,large-collision,2245,11,1321113.0,7,2,8296.547557031636,1944.9652104081833,163.3540505637124,16.783453867719736,12.0,0.37469413682286246,inside-original-collision-label,1.0,1.0,24.64971997409391,23.564999999999998,1.0847199740939102
I-54441-07-03,54441,validation,spiral,large-collision,2245,11,1321113.0,7,3,8296.547557031636,1944.9652104081833,163.3540505637124,16.783453867719736,12.0,0.37469413682286246,inside-original-collision-label,1.0,1.0,24.779611581275073,23.965,0.8146115812750745
I-54441-07-04,54441,validation,spiral,large-collision,2245,11,1321113.0,7,4,8296.547557031636,1944.9652104081833,163.3540505637124,16.783453867719736,12.0,0.37469413682286246,inside-original-collision-label,1.0,1.0,25.04971997409391,23.965,1.0847199740939102
I-54441-07-05,54441,validation,spiral,large-collision,2245,11,1321113.0,7,5,8296.547557031636,1944.9652104081833,163.3540505637124,16.783453867719736,12.0,0.37469413682286246,inside-original-collision-label,1.0,1.0,25.179611581275072,24.365,0.8146115812750745
I-54441-07-06,54441,validation,spiral,large-collision,2245,11,1321113.0,7,6,8296.547557031636,1944.9652104081833,163.3540505637124,16.783453867719736,12.0,0.37469413682286246,inside-original-collision-label,1.0,1.0,25.44971997409391,24.365,1.0847199740939102
I-54441-07-07,54441,validation,spiral,large-collision,2245,11,1321113.0,7,7,8296.547557031636,1944.9652104081833,163.3540505637124,16.783453867719736,12.0,0.37469413682286246,inside-original-collision-label,1.0,1.0,25.579611581275074,24.765,0.8146115812750745
I-54441-07-08,54441,validation,spiral,large-collision,2245,11,1321113.0,7,8,8296.547557031636,1944.9652104081833,163.3540505637124,16.783453867719736,12.0,0.37469413682286246,inside-original-collision-label,1.0,1.0,25.84971997409391,24.765,1.0847199740939102
I-54441-08-01,54441,validation,spiral,large-collision,2245,11,1321113.0,8,1,8306.344786479876,1947.5903701269021,163.35410903167596,16.783521731759222,12.0,0.37469413682286246,inside-original-collision-label,1.0,1.0,24.37961158127507,23.564999999999998,0.8146115812750745
I-54441-08-02,54441,validation,spiral,large-collision,2245,11,1321113.0,8,2,8306.344786479876,1947.5903701269021,163.35410903167596,16.783521731759222,12.0,0.37469413682286246,inside-original-collision-label,1.0,1.0,24.64971997409391,23.564999999999998,1.0847199740939102
I-54441-08-03,54441,validation,spiral,large-collision,2245,11,1321113.0,8,3,8306.344786479876,1947.5903701269021,163.35410903167596,16.783521731759222,12.0,0.37469413682286246,inside-original-collision-label,1.0,1.0,24.779611581275073,23.965,0.8146115812750745
I-54441-08-04,54441,validation,spiral,large-collision,2245,11,1321113.0,8,4,8306.344786479876,1947.5903701269021,163.35410903167596,16.783521731759222,12.0,0.37469413682286246,inside-original-collision-label,1.0,1.0,25.04971997409391,23.965,1.0847199740939102
I-54441-08-05,54441,validation,spiral,large-collision,2245,11,1321113.0,8,5,8306.344786479876,1947.5903701269021,163.35410903167596,16.783521731759222,12.0,0.37469413682286246,inside-original-collision-label,1.0,1.0,25.179611581275072,24.365,0.8146115812750745
I-54441-08-06,54441,validation,spiral,large-collision,2245,11,1321113.0,8,6,8306.344786479876,1947.5903701269021,163.35410903167596,16.783521731759222,12.0,0.37469413682286246,inside-original-collision-label,1.0,1.0,25.44971997409391,24.365,1.0847199740939102
I-54441-08-07,54441,validation,spiral,large-collision,2245,11,1321113.0,8,7,8306.344786479876,1947.5903701269021,163.35410903167596,16.783521731759222,12.0,0.37469413682286246,inside-original-collision-label,1.0,1.0,25.579611581275074,24.765,0.8146115812750745
I-54441-08-08,54441,validation,spiral,large-collision,2245,11,1321113.0,8,8,8306.344786479876,1947.5903701269021,163.35410903167596,16.783521731759222,12.0,0.37469413682286246,inside-original-collision-label,1.0,1.0,25.84971997409391,24.765,1.0847199740939102
I-110491-01-01,110491,validation,spiral,large-collision,6373,13,1525723.0,1,1,7096.567823723086,2586.109056635618,163.35482399540928,16.77167696204162,7.5,0.23418383551428903,inside-original-collision-label,1.0,1.0,23.391611581275072,22.576999999999998,0.8146115812750745
I-110491-01-02,110491,validation,spiral,large-collision,6373,13,1525723.0,1,2,7096.567823723086,2586.109056635618,163.35482399540928,16.77167696204162,7.5,0.23418383551428903,inside-original-collision-label,1.0,1.0,23.66171997409391,22.576999999999998,1.0847199740939102
I-110491-01-03,110491,validation,spiral,large-collision,6373,13,1525723.0,1,3,7096.567823723086,2586.109056635618,163.35482399540928,16.77167696204162,7.5,0.23418383551428903,inside-original-collision-label,1.0,1.0,23.791611581275074,22.977,0.8146115812750745
I-110491-01-04,110491,validation,spiral,large-collision,6373,13,1525723.0,1,4,7096.567823723086,2586.109056635618,163.35482399540928,16.77167696204162,7.5,0.23418383551428903,inside-original-collision-label,1.0,1.0,24.06171997409391,22.977,1.0847199740939102
I-110491-01-05,110491,validation,spiral,large-collision,6373,13,1525723.0,1,5,7096.567823723086,2586.109056635618,163.35482399540928,16.77167696204162,7.5,0.23418383551428903,inside-original-collision-label,1.0,1.0,24.191611581275072,23.377,0.8146115812750745
I-110491-01-06,110491,validation,spiral,large-collision,6373,13,1525723.0,1,6,7096.567823723086,2586.109056635618,163.35482399540928,16.77167696204162,7.5,0.23418383551428903,inside-original-collision-label,1.0,1.0,24.46171997409391,23.377,1.0847199740939102
I-110491-01-07,110491,validation,spiral,large-collision,6373,13,1525723.0,1,7,7096.567823723086,2586.109056635618,163.35482399540928,16.77167696204162,7.5,0.23418383551428903,inside-original-collision-label,1.0,1.0,24.591611581275075,23.777,0.8146115812750745
I-110491-01-08,110491,validation,spiral,large-collision,6373,13,1525723.0,1,8,7096.567823723086,2586.109056635618,163.35482399540928,16.77167696204162,7.5,0.23418383551428903,inside-original-collision-label,1.0,1.0,24.861719974093912,23.777,1.0847199740939102
I-110491-02-01,110491,validation,spiral,large-collision,6373,13,1525723.0,2,1,7096.781275039324,2595.3015899530455,163.35490056101574,16.771645560928373,12.0,0.37469413682286246,inside-original-collision-label,1.0,1.0,23.391611581275072,22.576999999999998,0.8146115812750745
I-110491-02-02,110491,validation,spiral,large-collision,6373,13,1525723.0,2,2,7096.781275039324,2595.3015899530455,163.35490056101574,16.771645560928373,12.0,0.37469413682286246,inside-original-collision-label,1.0,1.0,23.66171997409391,22.576999999999998,1.0847199740939102
I-110491-02-03,110491,validation,spiral,large-collision,6373,13,1525723.0,2,3,7096.781275039324,2595.3015899530455,163.35490056101574,16.771645560928373,12.0,0.37469413682286246,inside-original-collision-label,1.0,1.0,23.791611581275074,22.977,0.8146115812750745
I-110491-02-04,110491,validation,spiral,large-collision,6373,13,1525723.0,2,4,7096.781275039324,2595.3015899530455,163.35490056101574,16.771645560928373,12.0,0.37469413682286246,inside-original-collision-label,1.0,1.0,24.06171997409391,22.977,1.0847199740939102
I-110491-02-05,110491,validation,spiral,large-collision,6373,13,1525723.0,2,5,7096.781275039324,2595.3015899530455,163.35490056101574,16.771645560928373,12.0,0.37469413682286246,inside-original-collision-label,1.0,1.0,24.191611581275072,23.377,0.8146115812750745
I-110491-02-06,110491,validation,spiral,large-collision,6373,13,1525723.0,2,6,7096.781275039324,2595.3015899530455,163.35490056101574,16.771645560928373,12.0,0.37469413682286246,inside-original-collision-label,1.0,1.0,24.46171997409391,23.377,1.0847199740939102
I-110491-02-07,110491,validation,spiral,large-collision,6373,13,1525723.0,2,7,7096.781275039324,2595.3015899530455,163.35490056101574,16.771645560928373,12.0,0.37469413682286246,inside-original-collision-label,1.0,1.0,24.591611581275075,23.777,0.8146115812750745
I-110491-02-08,110491,validation,spiral,large-collision,6373,13,1525723.0,2,8,7096.781275039324,2595.3015899530455,163.35490056101574,16.771645560928373,12.0,0.37469413682286246,inside-original-collision-label,1.0,1.0,24.861719974093912,23.777,1.0847199740939102
I-110491-03-01,110491,validation,spiral,large-collision,6373,13,1525723.0,3,1,7086.984045591083,2597.9267496717644,163.3548853685985,16.77155880029714,12.0,0.37469413682286246,inside-original-collision-label,1.0,1.0,23.391611581275072,22.576999999999998,0.8146115812750745
I-110491-03-02,110491,validation,spiral,large-collision,6373,13,1525723.0,3,2,7086.984045591083,2597.9267496717644,163.3548853685985,16.77155880029714,12.0,0.37469413682286246,inside-original-collision-label,1.0,1.0,23.66171997409391,22.576999999999998,1.0847199740939102
I-110491-03-03,110491,validation,spiral,large-collision,6373,13,1525723.0,3,3,7086.984045591083,2597.9267496717644,163.3548853685985,16.77155880029714,12.0,0.37469413682286246,inside-original-collision-label,1.0,1.0,23.791611581275074,22.977,0.8146115812750745
I-110491-03-04,110491,validation,spiral,large-collision,6373,13,1525723.0,3,4,7086.984045591083,2597.9267496717644,163.3548853685985,16.77155880029714,12.0,0.37469413682286246,inside-original-collision-label,1.0,1.0,24.06171997409391,22.977,1.0847199740939102
I-110491-03-05,110491,validation,spiral,large-collision,6373,13,1525723.0,3,5,7086.984045591083,2597.9267496717644,163.3548853685985,16.77155880029714,12.0,0.37469413682286246,inside-original-collision-label,1.0,1.0,24.191611581275072,23.377,0.8146115812750745
I-110491-03-06,110491,validation,spiral,large-collision,6373,13,1525723.0,3,6,7086.984045591083,2597.9267496717644,163.3548853685985,16.77155880029714,12.0,0.37469413682286246,inside-original-collision-label,1.0,1.0,24.46171997409391,23.377,1.0847199740939102
I-110491-03-07,110491,validation,spiral,large-collision,6373,13,1525723.0,3,7,7086.984045591083,2597.9267496717644,163.3548853685985,16.77155880029714,12.0,0.37469413682286246,inside-original-collision-label,1.0,1.0,24.591611581275075,23.777,0.8146115812750745
I-110491-03-08,110491,validation,spiral,large-collision,6373,13,1525723.0,3,8,7086.984045591083,2597.9267496717644,163.3548853685985,16.77155880029714,12.0,0.37469413682286246,inside-original-collision-label,1.0,1.0,24.861719974093912,23.777,1.0847199740939102
I-110491-04-01,110491,validation,spiral,large-collision,6373,13,1525723.0,4,1,7086.00364595061,2588.6802070743643,163.35480547487722,16.771584343623715,4.0,0.12489804560762081,inside-original-collision-label,1.0,1.0,23.391611581275072,22.576999999999998,0.8146115812750745
I-110491-04-02,110491,validation,spiral,large-collision,6373,13,1525723.0,4,2,7086.00364595061,2588.6802070743643,163.35480547487722,16.771584343623715,4.0,0.12489804560762081,inside-original-collision-label,1.0,1.0,23.66171997409391,22.576999999999998,1.0847199740939102
I-110491-04-03,110491,validation,spiral,large-collision,6373,13,1525723.0,4,3,7086.00364595061,2588.6802070743643,163.35480547487722,16.771584343623715,4.0,0.12489804560762081,inside-original-collision-label,1.0,1.0,23.791611581275074,22.977,0.8146115812750745
I-110491-04-04,110491,validation,spiral,large-collision,6373,13,1525723.0,4,4,7086.00364595061,2588.6802070743643,163.35480547487722,16.771584343623715,4.0,0.12489804560762081,inside-original-collision-label,1.0,1.0,24.06171997409391,22.977,1.0847199740939102
I-110491-04-05,110491,validation,spiral,large-collision,6373,13,1525723.0,4,5,7086.00364595061,2588.6802070743643,163.35480547487722,16.771584343623715,4.0,0.12489804560762081,inside-original-collision-label,1.0,1.0,24.191611581275072,23.377,0.8146115812750745
I-110491-04-06,110491,validation,spiral,large-collision,6373,13,1525723.0,4,6,7086.00364595061,2588.6802070743643,163.35480547487722,16.771584343623715,4.0,0.12489804560762081,inside-original-collision-label,1.0,1.0,24.46171997409391,23.377,1.0847199740939102
I-110491-04-07,110491,validation,spiral,large-collision,6373,13,1525723.0,4,7,7086.00364595061,2588.6802070743643,163.35480547487722,16.771584343623715,4.0,0.12489804560762081,inside-original-collision-label,1.0,1.0,24.591611581275075,23.777,0.8146115812750745
I-110491-04-08,110491,validation,spiral,large-collision,6373,13,1525723.0,4,8,7086.00364595061,2588.6802070743643,163.35480547487722,16.771584343623715,4.0,0.12489804560762081,inside-original-collision-label,1.0,1.0,24.861719974093912,23.777,1.0847199740939102
I-110491-05-01,110491,validation,spiral,large-collision,6373,13,1525723.0,5,1,7077.067823723086,2586.109056635618,163.354750693555,16.771523082947567,12.0,0.37469413682286246,inside-original-collision-label,1.0,1.0,23.391611581275072,22.576999999999998,0.8146115812750745
I-110491-05-02,110491,validation,spiral,large-collision,6373,13,1525723.0,5,2,7077.067823723086,2586.109056635618,163.354750693555,16.771523082947567,12.0,0.37469413682286246,inside-original-collision-label,1.0,1.0,23.66171997409391,22.576999999999998,1.0847199740939102
I-110491-05-03,110491,validation,spiral,large-collision,6373,13,1525723.0,5,3,7077.067823723086,2586.109056635618,163.354750693555,16.771523082947567,12.0,0.37469413682286246,inside-original-collision-label,1.0,1.0,23.791611581275074,22.977,0.8146115812750745
I-110491-05-04,110491,validation,spiral,large-collision,6373,13,1525723.0,5,4,7077.067823723086,2586.109056635618,163.354750693555,16.771523082947567,12.0,0.37469413682286246,inside-original-collision-label,1.0,1.0,24.06171997409391,22.977,1.0847199740939102
I-110491-05-05,110491,validation,spiral,large-collision,6373,13,1525723.0,5,5,7077.067823723086,2586.109056635618,163.354750693555,16.771523082947567,12.0,0.37469413682286246,inside-original-collision-label,1.0,1.0,24.191611581275072,23.377,0.8146115812750745
I-110491-05-06,110491,validation,spiral,large-collision,6373,13,1525723.0,5,6,7077.067823723086,2586.109056635618,163.354750693555,16.771523082947567,12.0,0.37469413682286246,inside-original-collision-label,1.0,1.0,24.46171997409391,23.377,1.0847199740939102
I-110491-05-07,110491,validation,spiral,large-collision,6373,13,1525723.0,5,7,7077.067823723086,2586.109056635618,163.354750693555,16.771523082947567,12.0,0.37469413682286246,inside-original-collision-label,1.0,1.0,24.591611581275075,23.777,0.8146115812750745
I-110491-05-08,110491,validation,spiral,large-collision,6373,13,1525723.0,5,8,7077.067823723086,2586.109056635618,163.354750693555,16.771523082947567,12.0,0.37469413682286246,inside-original-collision-label,1.0,1.0,24.861719974093912,23.777,1.0847199740939102
I-110491-06-01,110491,validation,spiral,large-collision,6373,13,1525723.0,6,1,7079.875290405658,2578.3956053193792,163.35469767412863,16.771572999326715,12.0,0.37469413682286246,inside-original-collision-label,1.0,1.0,23.391611581275072,22.576999999999998,0.8146115812750745
I-110491-06-02,110491,validation,spiral,large-collision,6373,13,1525723.0,6,2,7079.875290405658,2578.3956053193792,163.35469767412863,16.771572999326715,12.0,0.37469413682286246,inside-original-collision-label,1.0,1.0,23.66171997409391,22.576999999999998,1.0847199740939102
I-110491-06-03,110491,validation,spiral,large-collision,6373,13,1525723.0,6,3,7079.875290405658,2578.3956053193792,163.35469767412863,16.771572999326715,12.0,0.37469413682286246,inside-original-collision-label,1.0,1.0,23.791611581275074,22.977,0.8146115812750745
I-110491-06-04,110491,validation,spiral,large-collision,6373,13,1525723.0,6,4,7079.875290405658,2578.3956053193792,163.35469767412863,16.771572999326715,12.0,0.37469413682286246,inside-original-collision-label,1.0,1.0,24.06171997409391,22.977,1.0847199740939102
I-110491-06-05,110491,validation,spiral,large-collision,6373,13,1525723.0,6,5,7079.875290405658,2578.3956053193792,163.35469767412863,16.771572999326715,12.0,0.37469413682286246,inside-original-collision-label,1.0,1.0,24.191611581275072,23.377,0.8146115812750745
I-110491-06-06,110491,validation,spiral,large-collision,6373,13,1525723.0,6,6,7079.875290405658,2578.3956053193792,163.35469767412863,16.771572999326715,12.0,0.37469413682286246,inside-original-collision-label,1.0,1.0,24.46171997409391,23.377,1.0847199740939102
I-110491-06-07,110491,validation,spiral,large-collision,6373,13,1525723.0,6,7,7079.875290405658,2578.3956053193792,163.35469767412863,16.771572999326715,12.0,0.37469413682286246,inside-original-collision-label,1.0,1.0,24.591611581275075,23.777,0.8146115812750745
I-110491-06-08,110491,validation,spiral,large-collision,6373,13,1525723.0,6,8,7079.875290405658,2578.3956053193792,163.35469767412863,16.771572999326715,12.0,0.37469413682286246,inside-original-collision-label,1.0,1.0,24.861719974093912,23.777,1.0847199740939102
I-110491-07-01,110491,validation,spiral,large-collision,6373,13,1525723.0,7,1,7086.984045591083,2574.2913635994714,163.35469056997167,16.77164386804472,12.0,0.37469413682286246,inside-original-collision-label,1.0,1.0,23.391611581275072,22.576999999999998,0.8146115812750745
I-110491-07-02,110491,validation,spiral,large-collision,6373,13,1525723.0,7,2,7086.984045591083,2574.2913635994714,163.35469056997167,16.77164386804472,12.0,0.37469413682286246,inside-original-collision-label,1.0,1.0,23.66171997409391,22.576999999999998,1.0847199740939102
I-110491-07-03,110491,validation,spiral,large-collision,6373,13,1525723.0,7,3,7086.984045591083,2574.2913635994714,163.35469056997167,16.77164386804472,12.0,0.37469413682286246,inside-original-collision-label,1.0,1.0,23.791611581275074,22.977,0.8146115812750745
I-110491-07-04,110491,validation,spiral,large-collision,6373,13,1525723.0,7,4,7086.984045591083,2574.2913635994714,163.35469056997167,16.77164386804472,12.0,0.37469413682286246,inside-original-collision-label,1.0,1.0,24.06171997409391,22.977,1.0847199740939102
I-110491-07-05,110491,validation,spiral,large-collision,6373,13,1525723.0,7,5,7086.984045591083,2574.2913635994714,163.35469056997167,16.77164386804472,12.0,0.37469413682286246,inside-original-collision-label,1.0,1.0,24.191611581275072,23.377,0.8146115812750745
I-110491-07-06,110491,validation,spiral,large-collision,6373,13,1525723.0,7,6,7086.984045591083,2574.2913635994714,163.35469056997167,16.77164386804472,12.0,0.37469413682286246,inside-original-collision-label,1.0,1.0,24.46171997409391,23.377,1.0847199740939102
I-110491-07-07,110491,validation,spiral,large-collision,6373,13,1525723.0,7,7,7086.984045591083,2574.2913635994714,163.35469056997167,16.77164386804472,12.0,0.37469413682286246,inside-original-collision-label,1.0,1.0,24.591611581275075,23.777,0.8146115812750745
I-110491-07-08,110491,validation,spiral,large-collision,6373,13,1525723.0,7,8,7086.984045591083,2574.2913635994714,163.35469056997167,16.77164386804472,12.0,0.37469413682286246,inside-original-collision-label,1.0,1.0,24.861719974093912,23.777,1.0847199740939102
I-110491-08-01,110491,validation,spiral,large-collision,6373,13,1525723.0,8,1,7096.781275039324,2576.9165233181902,163.3547490345344,16.771711731916156,12.0,0.37469413682286246,inside-original-collision-label,1.0,1.0,23.391611581275072,22.576999999999998,0.8146115812750745
I-110491-08-02,110491,validation,spiral,large-collision,6373,13,1525723.0,8,2,7096.781275039324,2576.9165233181902,163.3547490345344,16.771711731916156,12.0,0.37469413682286246,inside-original-collision-label,1.0,1.0,23.66171997409391,22.576999999999998,1.0847199740939102
I-110491-08-03,110491,validation,spiral,large-collision,6373,13,1525723.0,8,3,7096.781275039324,2576.9165233181902,163.3547490345344,16.771711731916156,12.0,0.37469413682286246,inside-original-collision-label,1.0,1.0,23.791611581275074,22.977,0.8146115812750745
I-110491-08-04,110491,validation,spiral,large-collision,6373,13,1525723.0,8,4,7096.781275039324,2576.9165233181902,163.3547490345344,16.771711731916156,12.0,0.37469413682286246,inside-original-collision-label,1.0,1.0,24.06171997409391,22.977,1.0847199740939102
I-110491-08-05,110491,validation,spiral,large-collision,6373,13,1525723.0,8,5,7096.781275039324,2576.9165233181902,163.3547490345344,16.771711731916156,12.0,0.37469413682286246,inside-original-collision-label,1.0,1.0,24.191611581275072,23.377,0.8146115812750745
I-110491-08-06,110491,validation,spiral,large-collision,6373,13,1525723.0,8,6,7096.781275039324,2576.9165233181902,163.3547490345344,16.771711731916156,12.0,0.37469413682286246,inside-original-collision-label,1.0,1.0,24.46171997409391,23.377,1.0847199740939102
I-110491-08-07,110491,validation,spiral,large-collision,6373,13,1525723.0,8,7,7096.781275039324,2576.9165233181902,163.3547490345344,16.771711731916156,12.0,0.37469413682286246,inside-original-collision-label,1.0,1.0,24.591611581275075,23.777,0.8146115812750745
I-110491-08-08,110491,validation,spiral,large-collision,6373,13,1525723.0,8,8,7096.781275039324,2576.9165233181902,163.3547490345344,16.771711731916156,12.0,0.37469413682286246,inside-original-collision-label,1.0,1.0,24.861719974093912,23.777,1.0847199740939102
I-132433-01-01,132433,validation,spiral,large-collision,6373,13,1525723.0,1,1,5857.432055588626,2475.420362109071,163.3492539920018,16.762296962803713,7.5,0.23418383551428903,inside-original-collision-label,1.0,1.0,24.76061158127507,23.945999999999998,0.8146115812750745
I-132433-01-02,132433,validation,spiral,large-collision,6373,13,1525723.0,1,2,5857.432055588626,2475.420362109071,163.3492539920018,16.762296962803713,7.5,0.23418383551428903,inside-original-collision-label,1.0,1.0,25.03071997409391,23.945999999999998,1.0847199740939102
I-132433-01-03,132433,validation,spiral,large-collision,6373,13,1525723.0,1,3,5857.432055588626,2475.420362109071,163.3492539920018,16.762296962803713,7.5,0.23418383551428903,inside-original-collision-label,1.0,1.0,25.160611581275074,24.346,0.8146115812750745
I-132433-01-04,132433,validation,spiral,large-collision,6373,13,1525723.0,1,4,5857.432055588626,2475.420362109071,163.3492539920018,16.762296962803713,7.5,0.23418383551428903,inside-original-collision-label,1.0,1.0,25.43071997409391,24.346,1.0847199740939102
I-132433-01-05,132433,validation,spiral,large-collision,6373,13,1525723.0,1,5,5857.432055588626,2475.420362109071,163.3492539920018,16.762296962803713,7.5,0.23418383551428903,inside-original-collision-label,1.0,1.0,25.560611581275072,24.746,0.8146115812750745
I-132433-01-06,132433,validation,spiral,large-collision,6373,13,1525723.0,1,6,5857.432055588626,2475.420362109071,163.3492539920018,16.762296962803713,7.5,0.23418383551428903,inside-original-collision-label,1.0,1.0,25.83071997409391,24.746,1.0847199740939102
I-132433-01-07,132433,validation,spiral,large-collision,6373,13,1525723.0,1,7,5857.432055588626,2475.420362109071,163.3492539920018,16.762296962803713,7.5,0.23418383551428903,inside-original-collision-label,1.0,1.0,25.960611581275074,25.146,0.8146115812750745
I-132433-01-08,132433,validation,spiral,large-collision,6373,13,1525723.0,1,8,5857.432055588626,2475.420362109071,163.3492539920018,16.762296962803713,7.5,0.23418383551428903,inside-original-collision-label,1.0,1.0,26.230719974093912,25.146,1.0847199740939102
I-132433-02-01,132433,validation,spiral,large-collision,6373,13,1525723.0,2,1,5857.645506904864,2484.6128954264987,163.3493305547553,16.76226556374577,12.0,0.37469413682286246,inside-original-collision-label,1.0,1.0,24.76061158127507,23.945999999999998,0.8146115812750745
I-132433-02-02,132433,validation,spiral,large-collision,6373,13,1525723.0,2,2,5857.645506904864,2484.6128954264987,163.3493305547553,16.76226556374577,12.0,0.37469413682286246,inside-original-collision-label,1.0,1.0,25.03071997409391,23.945999999999998,1.0847199740939102
I-132433-02-03,132433,validation,spiral,large-collision,6373,13,1525723.0,2,3,5857.645506904864,2484.6128954264987,163.3493305547553,16.76226556374577,12.0,0.37469413682286246,inside-original-collision-label,1.0,1.0,25.160611581275074,24.346,0.8146115812750745
I-132433-02-04,132433,validation,spiral,large-collision,6373,13,1525723.0,2,4,5857.645506904864,2484.6128954264987,163.3493305547553,16.76226556374577,12.0,0.37469413682286246,inside-original-collision-label,1.0,1.0,25.43071997409391,24.346,1.0847199740939102
I-132433-02-05,132433,validation,spiral,large-collision,6373,13,1525723.0,2,5,5857.645506904864,2484.6128954264987,163.3493305547553,16.76226556374577,12.0,0.37469413682286246,inside-original-collision-label,1.0,1.0,25.560611581275072,24.746,0.8146115812750745
I-132433-02-06,132433,validation,spiral,large-collision,6373,13,1525723.0,2,6,5857.645506904864,2484.6128954264987,163.3493305547553,16.76226556374577,12.0,0.37469413682286246,inside-original-collision-label,1.0,1.0,25.83071997409391,24.746,1.0847199740939102
I-132433-02-07,132433,validation,spiral,large-collision,6373,13,1525723.0,2,7,5857.645506904864,2484.6128954264987,163.3493305547553,16.76226556374577,12.0,0.37469413682286246,inside-original-collision-label,1.0,1.0,25.960611581275074,25.146,0.8146115812750745
I-132433-02-08,132433,validation,spiral,large-collision,6373,13,1525723.0,2,8,5857.645506904864,2484.6128954264987,163.3493305547553,16.76226556374577,12.0,0.37469413682286246,inside-original-collision-label,1.0,1.0,26.230719974093912,25.146,1.0847199740939102
I-132433-03-01,132433,validation,spiral,large-collision,6373,13,1525723.0,3,1,5847.848277456623,2487.2380551452175,163.3493153656261,16.762178802699776,12.0,0.37469413682286246,inside-original-collision-label,1.0,1.0,24.76061158127507,23.945999999999998,0.8146115812750745
I-132433-03-02,132433,validation,spiral,large-collision,6373,13,1525723.0,3,2,5847.848277456623,2487.2380551452175,163.3493153656261,16.762178802699776,12.0,0.37469413682286246,inside-original-collision-label,1.0,1.0,25.03071997409391,23.945999999999998,1.0847199740939102
I-132433-03-03,132433,validation,spiral,large-collision,6373,13,1525723.0,3,3,5847.848277456623,2487.2380551452175,163.3493153656261,16.762178802699776,12.0,0.37469413682286246,inside-original-collision-label,1.0,1.0,25.160611581275074,24.346,0.8146115812750745
I-132433-03-04,132433,validation,spiral,large-collision,6373,13,1525723.0,3,4,5847.848277456623,2487.2380551452175,163.3493153656261,16.762178802699776,12.0,0.37469413682286246,inside-original-collision-label,1.0,1.0,25.43071997409391,24.346,1.0847199740939102
I-132433-03-05,132433,validation,spiral,large-collision,6373,13,1525723.0,3,5,5847.848277456623,2487.2380551452175,163.3493153656261,16.762178802699776,12.0,0.37469413682286246,inside-original-collision-label,1.0,1.0,25.560611581275072,24.746,0.8146115812750745
I-132433-03-06,132433,validation,spiral,large-collision,6373,13,1525723.0,3,6,5847.848277456623,2487.2380551452175,163.3493153656261,16.762178802699776,12.0,0.37469413682286246,inside-original-collision-label,1.0,1.0,25.83071997409391,24.746,1.0847199740939102
I-132433-03-07,132433,validation,spiral,large-collision,6373,13,1525723.0,3,7,5847.848277456623,2487.2380551452175,163.3493153656261,16.762178802699776,12.0,0.37469413682286246,inside-original-collision-label,1.0,1.0,25.960611581275074,25.146,0.8146115812750745
I-132433-03-08,132433,validation,spiral,large-collision,6373,13,1525723.0,3,8,5847.848277456623,2487.2380551452175,163.3493153656261,16.762178802699776,12.0,0.37469413682286246,inside-original-collision-label,1.0,1.0,26.230719974093912,25.146,1.0847199740939102
I-132433-04-01,132433,validation,spiral,large-collision,6373,13,1525723.0,4,1,5846.86787781615,2477.9915125478174,163.34923547509314,16.762204343881166,4.0,0.12489804560762081,inside-original-collision-label,1.0,1.0,24.76061158127507,23.945999999999998,0.8146115812750745
I-132433-04-02,132433,validation,spiral,large-collision,6373,13,1525723.0,4,2,5846.86787781615,2477.9915125478174,163.34923547509314,16.762204343881166,4.0,0.12489804560762081,inside-original-collision-label,1.0,1.0,25.03071997409391,23.945999999999998,1.0847199740939102
I-132433-04-03,132433,validation,spiral,large-collision,6373,13,1525723.0,4,3,5846.86787781615,2477.9915125478174,163.34923547509314,16.762204343881166,4.0,0.12489804560762081,inside-original-collision-label,1.0,1.0,25.160611581275074,24.346,0.8146115812750745
I-132433-04-04,132433,validation,spiral,large-collision,6373,13,1525723.0,4,4,5846.86787781615,2477.9915125478174,163.34923547509314,16.762204343881166,4.0,0.12489804560762081,inside-original-collision-label,1.0,1.0,25.43071997409391,24.346,1.0847199740939102
I-132433-04-05,132433,validation,spiral,large-collision,6373,13,1525723.0,4,5,5846.86787781615,2477.9915125478174,163.34923547509314,16.762204343881166,4.0,0.12489804560762081,inside-original-collision-label,1.0,1.0,25.560611581275072,24.746,0.8146115812750745
I-132433-04-06,132433,validation,spiral,large-collision,6373,13,1525723.0,4,6,5846.86787781615,2477.9915125478174,163.34923547509314,16.762204343881166,4.0,0.12489804560762081,inside-original-collision-label,1.0,1.0,25.83071997409391,24.746,1.0847199740939102
I-132433-04-07,132433,validation,spiral,large-collision,6373,13,1525723.0,4,7,5846.86787781615,2477.9915125478174,163.34923547509314,16.762204343881166,4.0,0.12489804560762081,inside-original-collision-label,1.0,1.0,25.960611581275074,25.146,0.8146115812750745
I-132433-04-08,132433,validation,spiral,large-collision,6373,13,1525723.0,4,8,5846.86787781615,2477.9915125478174,163.34923547509314,16.762204343881166,4.0,0.12489804560762081,inside-original-collision-label,1.0,1.0,26.230719974093912,25.146,1.0847199740939102
I-132433-05-01,132433,validation,spiral,large-collision,6373,13,1525723.0,5,1,5837.932055588626,2475.420362109071,163.34918069826296,16.7621430817283,12.0,0.37469413682286246,inside-original-collision-label,1.0,1.0,24.76061158127507,23.945999999999998,0.8146115812750745
I-132433-05-02,132433,validation,spiral,large-collision,6373,13,1525723.0,5,2,5837.932055588626,2475.420362109071,163.34918069826296,16.7621430817283,12.0,0.37469413682286246,inside-original-collision-label,1.0,1.0,25.03071997409391,23.945999999999998,1.0847199740939102
I-132433-05-03,132433,validation,spiral,large-collision,6373,13,1525723.0,5,3,5837.932055588626,2475.420362109071,163.34918069826296,16.7621430817283,12.0,0.37469413682286246,inside-original-collision-label,1.0,1.0,25.160611581275074,24.346,0.8146115812750745
I-132433-05-04,132433,validation,spiral,large-collision,6373,13,1525723.0,5,4,5837.932055588626,2475.420362109071,163.34918069826296,16.7621430817283,12.0,0.37469413682286246,inside-original-collision-label,1.0,1.0,25.43071997409391,24.346,1.0847199740939102
I-132433-05-05,132433,validation,spiral,large-collision,6373,13,1525723.0,5,5,5837.932055588626,2475.420362109071,163.34918069826296,16.7621430817283,12.0,0.37469413682286246,inside-original-collision-label,1.0,1.0,25.560611581275072,24.746,0.8146115812750745
I-132433-05-06,132433,validation,spiral,large-collision,6373,13,1525723.0,5,6,5837.932055588626,2475.420362109071,163.34918069826296,16.7621430817283,12.0,0.37469413682286246,inside-original-collision-label,1.0,1.0,25.83071997409391,24.746,1.0847199740939102
I-132433-05-07,132433,validation,spiral,large-collision,6373,13,1525723.0,5,7,5837.932055588626,2475.420362109071,163.34918069826296,16.7621430817283,12.0,0.37469413682286246,inside-original-collision-label,1.0,1.0,25.960611581275074,25.146,0.8146115812750745
I-132433-05-08,132433,validation,spiral,large-collision,6373,13,1525723.0,5,8,5837.932055588626,2475.420362109071,163.34918069826296,16.7621430817283,12.0,0.37469413682286246,inside-original-collision-label,1.0,1.0,26.230719974093912,25.146,1.0847199740939102
I-132433-06-01,132433,validation,spiral,large-collision,6373,13,1525723.0,6,1,5840.739522271198,2467.7069107928323,163.34912767998753,16.762192996686277,12.0,0.37469413682286246,inside-original-collision-label,1.0,1.0,24.76061158127507,23.945999999999998,0.8146115812750745
I-132433-06-02,132433,validation,spiral,large-collision,6373,13,1525723.0,6,2,5840.739522271198,2467.7069107928323,163.34912767998753,16.762192996686277,12.0,0.37469413682286246,inside-original-collision-label,1.0,1.0,25.03071997409391,23.945999999999998,1.0847199740939102
I-132433-06-03,132433,validation,spiral,large-collision,6373,13,1525723.0,6,3,5840.739522271198,2467.7069107928323,163.34912767998753,16.762192996686277,12.0,0.37469413682286246,inside-original-collision-label,1.0,1.0,25.160611581275074,24.346,0.8146115812750745
I-132433-06-04,132433,validation,spiral,large-collision,6373,13,1525723.0,6,4,5840.739522271198,2467.7069107928323,163.34912767998753,16.762192996686277,12.0,0.37469413682286246,inside-original-collision-label,1.0,1.0,25.43071997409391,24.346,1.0847199740939102
I-132433-06-05,132433,validation,spiral,large-collision,6373,13,1525723.0,6,5,5840.739522271198,2467.7069107928323,163.34912767998753,16.762192996686277,12.0,0.37469413682286246,inside-original-collision-label,1.0,1.0,25.560611581275072,24.746,0.8146115812750745
I-132433-06-06,132433,validation,spiral,large-collision,6373,13,1525723.0,6,6,5840.739522271198,2467.7069107928323,163.34912767998753,16.762192996686277,12.0,0.37469413682286246,inside-original-collision-label,1.0,1.0,25.83071997409391,24.746,1.0847199740939102
I-132433-06-07,132433,validation,spiral,large-collision,6373,13,1525723.0,6,7,5840.739522271198,2467.7069107928323,163.34912767998753,16.762192996686277,12.0,0.37469413682286246,inside-original-collision-label,1.0,1.0,25.960611581275074,25.146,0.8146115812750745
I-132433-06-08,132433,validation,spiral,large-collision,6373,13,1525723.0,6,8,5840.739522271198,2467.7069107928323,163.34912767998753,16.762192996686277,12.0,0.37469413682286246,inside-original-collision-label,1.0,1.0,26.230719974093912,25.146,1.0847199740939102
I-132433-07-01,132433,validation,spiral,large-collision,6373,13,1525723.0,7,1,5847.848277456623,2463.6026690729245,163.34912057410617,16.76226386521863,12.0,0.37469413682286246,inside-original-collision-label,1.0,1.0,24.76061158127507,23.945999999999998,0.8146115812750745
I-132433-07-02,132433,validation,spiral,large-collision,6373,13,1525723.0,7,2,5847.848277456623,2463.6026690729245,163.34912057410617,16.76226386521863,12.0,0.37469413682286246,inside-original-collision-label,1.0,1.0,25.03071997409391,23.945999999999998,1.0847199740939102
I-132433-07-03,132433,validation,spiral,large-collision,6373,13,1525723.0,7,3,5847.848277456623,2463.6026690729245,163.34912057410617,16.76226386521863,12.0,0.37469413682286246,inside-original-collision-label,1.0,1.0,25.160611581275074,24.346,0.8146115812750745
I-132433-07-04,132433,validation,spiral,large-collision,6373,13,1525723.0,7,4,5847.848277456623,2463.6026690729245,163.34912057410617,16.76226386521863,12.0,0.37469413682286246,inside-original-collision-label,1.0,1.0,25.43071997409391,24.346,1.0847199740939102
I-132433-07-05,132433,validation,spiral,large-collision,6373,13,1525723.0,7,5,5847.848277456623,2463.6026690729245,163.34912057410617,16.76226386521863,12.0,0.37469413682286246,inside-original-collision-label,1.0,1.0,25.560611581275072,24.746,0.8146115812750745
I-132433-07-06,132433,validation,spiral,large-collision,6373,13,1525723.0,7,6,5847.848277456623,2463.6026690729245,163.34912057410617,16.76226386521863,12.0,0.37469413682286246,inside-original-collision-label,1.0,1.0,25.83071997409391,24.746,1.0847199740939102
I-132433-07-07,132433,validation,spiral,large-collision,6373,13,1525723.0,7,7,5847.848277456623,2463.6026690729245,163.34912057410617,16.76226386521863,12.0,0.37469413682286246,inside-original-collision-label,1.0,1.0,25.960611581275074,25.146,0.8146115812750745
I-132433-07-08,132433,validation,spiral,large-collision,6373,13,1525723.0,7,8,5847.848277456623,2463.6026690729245,163.34912057410617,16.76226386521863,12.0,0.37469413682286246,inside-original-collision-label,1.0,1.0,26.230719974093912,25.146,1.0847199740939102
I-132433-08-01,132433,validation,spiral,large-collision,6373,13,1525723.0,8,1,5857.645506904864,2466.2278287916433,163.3491790338022,16.762331730666336,12.0,0.37469413682286246,inside-original-collision-label,1.0,1.0,24.76061158127507,23.945999999999998,0.8146115812750745
I-132433-08-02,132433,validation,spiral,large-collision,6373,13,1525723.0,8,2,5857.645506904864,2466.2278287916433,163.3491790338022,16.762331730666336,12.0,0.37469413682286246,inside-original-collision-label,1.0,1.0,25.03071997409391,23.945999999999998,1.0847199740939102
I-132433-08-03,132433,validation,spiral,large-collision,6373,13,1525723.0,8,3,5857.645506904864,2466.2278287916433,163.3491790338022,16.762331730666336,12.0,0.37469413682286246,inside-original-collision-label,1.0,1.0,25.160611581275074,24.346,0.8146115812750745
I-132433-08-04,132433,validation,spiral,large-collision,6373,13,1525723.0,8,4,5857.645506904864,2466.2278287916433,163.3491790338022,16.762331730666336,12.0,0.37469413682286246,inside-original-collision-label,1.0,1.0,25.43071997409391,24.346,1.0847199740939102
I-132433-08-05,132433,validation,spiral,large-collision,6373,13,1525723.0,8,5,5857.645506904864,2466.2278287916433,163.3491790338022,16.762331730666336,12.0,0.37469413682286246,inside-original-collision-label,1.0,1.0,25.560611581275072,24.746,0.8146115812750745
I-132433-08-06,132433,validation,spiral,large-collision,6373,13,1525723.0,8,6,5857.645506904864,2466.2278287916433,163.3491790338022,16.762331730666336,12.0,0.37469413682286246,inside-original-collision-label,1.0,1.0,25.83071997409391,24.746,1.0847199740939102
I-132433-08-07,132433,validation,spiral,large-collision,6373,13,1525723.0,8,7,5857.645506904864,2466.2278287916433,163.3491790338022,16.762331730666336,12.0,0.37469413682286246,inside-original-collision-label,1.0,1.0,25.960611581275074,25.146,0.8146115812750745
I-132433-08-08,132433,validation,spiral,large-collision,6373,13,1525723.0,8,8,5857.645506904864,2466.2278287916433,163.3491790338022,16.762331730666336,12.0,0.37469413682286246,inside-original-collision-label,1.0,1.0,26.230719974093912,25.146,1.0847199740939102
I-79416-01-01,79416,development,tidal,large-collision,7523,4,27863.0,1,1,9351.107227400627,3022.6889092118345,163.36689821525098,16.78789638273821,7.5,0.23418383551428903,inside-original-collision-label,0.6,0.6,24.48961158127507,23.674999999999997,0.8146115812750745
I-79416-01-02,79416,development,tidal,large-collision,7523,4,27863.0,1,2,9351.107227400627,3022.6889092118345,163.36689821525098,16.78789638273821,7.5,0.23418383551428903,inside-original-collision-label,0.6,0.6,24.75971997409391,23.674999999999997,1.0847199740939102
I-79416-01-03,79416,development,tidal,large-collision,7523,4,27863.0,1,3,9351.107227400627,3022.6889092118345,163.36689821525098,16.78789638273821,7.5,0.23418383551428903,inside-original-collision-label,0.6,0.6,24.889611581275073,24.075,0.8146115812750745
I-79416-01-04,79416,development,tidal,large-collision,7523,4,27863.0,1,4,9351.107227400627,3022.6889092118345,163.36689821525098,16.78789638273821,7.5,0.23418383551428903,inside-original-collision-label,0.6,0.6,25.15971997409391,24.075,1.0847199740939102
I-79416-01-05,79416,development,tidal,large-collision,7523,4,27863.0,1,5,9351.107227400627,3022.6889092118345,163.36689821525098,16.78789638273821,7.5,0.23418383551428903,inside-original-collision-label,0.6,0.6,25.28961158127507,24.474999999999998,0.8146115812750745
I-79416-01-06,79416,development,tidal,large-collision,7523,4,27863.0,1,6,9351.107227400627,3022.6889092118345,163.36689821525098,16.78789638273821,7.5,0.23418383551428903,inside-original-collision-label,0.6,0.6,25.55971997409391,24.474999999999998,1.0847199740939102
I-79416-01-07,79416,development,tidal,large-collision,7523,4,27863.0,1,7,9351.107227400627,3022.6889092118345,163.36689821525098,16.78789638273821,7.5,0.23418383551428903,inside-original-collision-label,0.6,0.6,25.689611581275074,24.875,0.8146115812750745
I-79416-01-08,79416,development,tidal,large-collision,7523,4,27863.0,1,8,9351.107227400627,3022.6889092118345,163.36689821525098,16.78789638273821,7.5,0.23418383551428903,inside-original-collision-label,0.6,0.6,25.95971997409391,24.875,1.0847199740939102
I-79416-02-01,79416,development,tidal,large-collision,7523,4,27863.0,2,1,9342.656065393483,3021.4444655146663,163.3668561827231,16.78783417406364,12.0,0.37469413682286246,inside-original-collision-label,1.0,1.0,24.48961158127507,23.674999999999997,0.8146115812750745
I-79416-02-02,79416,development,tidal,large-collision,7523,4,27863.0,2,2,9342.656065393483,3021.4444655146663,163.3668561827231,16.78783417406364,12.0,0.37469413682286246,inside-original-collision-label,1.0,1.0,24.75971997409391,23.674999999999997,1.0847199740939102
I-79416-02-03,79416,development,tidal,large-collision,7523,4,27863.0,2,3,9342.656065393483,3021.4444655146663,163.3668561827231,16.78783417406364,12.0,0.37469413682286246,inside-original-collision-label,1.0,1.0,24.889611581275073,24.075,0.8146115812750745
I-79416-02-04,79416,development,tidal,large-collision,7523,4,27863.0,2,4,9342.656065393483,3021.4444655146663,163.3668561827231,16.78783417406364,12.0,0.37469413682286246,inside-original-collision-label,1.0,1.0,25.15971997409391,24.075,1.0847199740939102
I-79416-02-05,79416,development,tidal,large-collision,7523,4,27863.0,2,5,9342.656065393483,3021.4444655146663,163.3668561827231,16.78783417406364,12.0,0.37469413682286246,inside-original-collision-label,1.0,1.0,25.28961158127507,24.474999999999998,0.8146115812750745
I-79416-02-06,79416,development,tidal,large-collision,7523,4,27863.0,2,6,9342.656065393483,3021.4444655146663,163.3668561827231,16.78783417406364,12.0,0.37469413682286246,inside-original-collision-label,1.0,1.0,25.55971997409391,24.474999999999998,1.0847199740939102
I-79416-02-07,79416,development,tidal,large-collision,7523,4,27863.0,2,7,9342.656065393483,3021.4444655146663,163.3668561827231,16.78783417406364,12.0,0.37469413682286246,inside-original-collision-label,1.0,1.0,25.689611581275074,24.875,0.8146115812750745
I-79416-02-08,79416,development,tidal,large-collision,7523,4,27863.0,2,8,9342.656065393483,3021.4444655146663,163.3668561827231,16.78783417406364,12.0,0.37469413682286246,inside-original-collision-label,1.0,1.0,25.95971997409391,24.875,1.0847199740939102
I-79416-03-01,79416,development,tidal,large-collision,7523,4,27863.0,3,1,9341.23067720275,3013.360687382663,163.36678419452804,16.787852025051727,12.0,0.37469413682286246,inside-original-collision-label,1.0,1.0,24.48961158127507,23.674999999999997,0.8146115812750745
I-79416-03-02,79416,development,tidal,large-collision,7523,4,27863.0,3,2,9341.23067720275,3013.360687382663,163.36678419452804,16.787852025051727,12.0,0.37469413682286246,inside-original-collision-label,1.0,1.0,24.75971997409391,23.674999999999997,1.0847199740939102
I-79416-03-03,79416,development,tidal,large-collision,7523,4,27863.0,3,3,9341.23067720275,3013.360687382663,163.36678419452804,16.787852025051727,12.0,0.37469413682286246,inside-original-collision-label,1.0,1.0,24.889611581275073,24.075,0.8146115812750745
I-79416-03-04,79416,development,tidal,large-collision,7523,4,27863.0,3,4,9341.23067720275,3013.360687382663,163.36678419452804,16.787852025051727,12.0,0.37469413682286246,inside-original-collision-label,1.0,1.0,25.15971997409391,24.075,1.0847199740939102
I-79416-03-05,79416,development,tidal,large-collision,7523,4,27863.0,3,5,9341.23067720275,3013.360687382663,163.36678419452804,16.787852025051727,12.0,0.37469413682286246,inside-original-collision-label,1.0,1.0,25.28961158127507,24.474999999999998,0.8146115812750745
I-79416-03-06,79416,development,tidal,large-collision,7523,4,27863.0,3,6,9341.23067720275,3013.360687382663,163.36678419452804,16.787852025051727,12.0,0.37469413682286246,inside-original-collision-label,1.0,1.0,25.55971997409391,24.474999999999998,1.0847199740939102
I-79416-03-07,79416,development,tidal,large-collision,7523,4,27863.0,3,7,9341.23067720275,3013.360687382663,163.36678419452804,16.787852025051727,12.0,0.37469413682286246,inside-original-collision-label,1.0,1.0,25.689611581275074,24.875,0.8146115812750745
I-79416-03-08,79416,development,tidal,large-collision,7523,4,27863.0,3,8,9341.23067720275,3013.360687382663,163.36678419452804,16.787852025051727,12.0,0.37469413682286246,inside-original-collision-label,1.0,1.0,25.95971997409391,24.875,1.0847199740939102
I-79416-04-01,79416,development,tidal,large-collision,7523,4,27863.0,4,1,9350.219943114149,3012.61603838992,163.3668118555503,16.787925639958136,4.0,0.12489804560762081,inside-original-collision-label,0.92,0.92,24.48961158127507,23.674999999999997,0.8146115812750745
I-79416-04-02,79416,development,tidal,large-collision,7523,4,27863.0,4,2,9350.219943114149,3012.61603838992,163.3668118555503,16.787925639958136,4.0,0.12489804560762081,inside-original-collision-label,0.92,0.92,24.75971997409391,23.674999999999997,1.0847199740939102
I-79416-04-03,79416,development,tidal,large-collision,7523,4,27863.0,4,3,9350.219943114149,3012.61603838992,163.3668118555503,16.787925639958136,4.0,0.12489804560762081,inside-original-collision-label,0.92,0.92,24.889611581275073,24.075,0.8146115812750745
I-79416-04-04,79416,development,tidal,large-collision,7523,4,27863.0,4,4,9350.219943114149,3012.61603838992,163.3668118555503,16.787925639958136,4.0,0.12489804560762081,inside-original-collision-label,0.92,0.92,25.15971997409391,24.075,1.0847199740939102
I-79416-04-05,79416,development,tidal,large-collision,7523,4,27863.0,4,5,9350.219943114149,3012.61603838992,163.3668118555503,16.787925639958136,4.0,0.12489804560762081,inside-original-collision-label,0.92,0.92,25.28961158127507,24.474999999999998,0.8146115812750745
I-79416-04-06,79416,development,tidal,large-collision,7523,4,27863.0,4,6,9350.219943114149,3012.61603838992,163.3668118555503,16.787925639958136,4.0,0.12489804560762081,inside-original-collision-label,0.92,0.92,25.55971997409391,24.474999999999998,1.0847199740939102
I-79416-04-07,79416,development,tidal,large-collision,7523,4,27863.0,4,7,9350.219943114149,3012.61603838992,163.3668118555503,16.787925639958136,4.0,0.12489804560762081,inside-original-collision-label,0.92,0.92,25.689611581275074,24.875,0.8146115812750745
I-79416-04-08,79416,development,tidal,large-collision,7523,4,27863.0,4,8,9350.219943114149,3012.61603838992,163.3668118555503,16.787925639958136,4.0,0.12489804560762081,inside-original-collision-label,0.92,0.92,25.95971997409391,24.875,1.0847199740939102
I-79416-05-01,79416,development,tidal,large-collision,7523,4,27863.0,5,1,9344.563088864657,3006.9591841404276,163.3667439609184,16.78790136430212,12.0,0.37469413682286246,inside-original-collision-label,1.0,1.0,24.48961158127507,23.674999999999997,0.8146115812750745
I-79416-05-02,79416,development,tidal,large-collision,7523,4,27863.0,5,2,9344.563088864657,3006.9591841404276,163.3667439609184,16.78790136430212,12.0,0.37469413682286246,inside-original-collision-label,1.0,1.0,24.75971997409391,23.674999999999997,1.0847199740939102
I-79416-05-03,79416,development,tidal,large-collision,7523,4,27863.0,5,3,9344.563088864657,3006.9591841404276,163.3667439609184,16.78790136430212,12.0,0.37469413682286246,inside-original-collision-label,1.0,1.0,24.889611581275073,24.075,0.8146115812750745
I-79416-05-04,79416,development,tidal,large-collision,7523,4,27863.0,5,4,9344.563088864657,3006.9591841404276,163.3667439609184,16.78790136430212,12.0,0.37469413682286246,inside-original-collision-label,1.0,1.0,25.15971997409391,24.075,1.0847199740939102
I-79416-05-05,79416,development,tidal,large-collision,7523,4,27863.0,5,5,9344.563088864657,3006.9591841404276,163.3667439609184,16.78790136430212,12.0,0.37469413682286246,inside-original-collision-label,1.0,1.0,25.28961158127507,24.474999999999998,0.8146115812750745
I-79416-05-06,79416,development,tidal,large-collision,7523,4,27863.0,5,6,9344.563088864657,3006.9591841404276,163.3667439609184,16.78790136430212,12.0,0.37469413682286246,inside-original-collision-label,1.0,1.0,25.55971997409391,24.474999999999998,1.0847199740939102
I-79416-05-07,79416,development,tidal,large-collision,7523,4,27863.0,5,7,9344.563088864657,3006.9591841404276,163.3667439609184,16.78790136430212,12.0,0.37469413682286246,inside-original-collision-label,1.0,1.0,25.689611581275074,24.875,0.8146115812750745
I-79416-05-08,79416,development,tidal,large-collision,7523,4,27863.0,5,8,9344.563088864657,3006.9591841404276,163.3667439609184,16.78790136430212,12.0,0.37469413682286246,inside-original-collision-label,1.0,1.0,25.95971997409391,24.875,1.0847199740939102
I-79416-06-01,79416,development,tidal,large-collision,7523,4,27863.0,6,1,9350.964592106893,3003.62677247852,163.3667405631087,16.78796387416286,12.0,0.37469413682286246,inside-original-collision-label,0.68,0.68,24.48961158127507,23.674999999999997,0.8146115812750745
I-79416-06-02,79416,development,tidal,large-collision,7523,4,27863.0,6,2,9350.964592106893,3003.62677247852,163.3667405631087,16.78796387416286,12.0,0.37469413682286246,inside-original-collision-label,0.68,0.68,24.75971997409391,23.674999999999997,1.0847199740939102
I-79416-06-03,79416,development,tidal,large-collision,7523,4,27863.0,6,3,9350.964592106893,3003.62677247852,163.3667405631087,16.78796387416286,12.0,0.37469413682286246,inside-original-collision-label,0.68,0.68,24.889611581275073,24.075,0.8146115812750745
I-79416-06-04,79416,development,tidal,large-collision,7523,4,27863.0,6,4,9350.964592106893,3003.62677247852,163.3667405631087,16.78796387416286,12.0,0.37469413682286246,inside-original-collision-label,0.68,0.68,25.15971997409391,24.075,1.0847199740939102
I-79416-06-05,79416,development,tidal,large-collision,7523,4,27863.0,6,5,9350.964592106893,3003.62677247852,163.3667405631087,16.78796387416286,12.0,0.37469413682286246,inside-original-collision-label,0.68,0.68,25.28961158127507,24.474999999999998,0.8146115812750745
I-79416-06-06,79416,development,tidal,large-collision,7523,4,27863.0,6,6,9350.964592106893,3003.62677247852,163.3667405631087,16.78796387416286,12.0,0.37469413682286246,inside-original-collision-label,0.68,0.68,25.55971997409391,24.474999999999998,1.0847199740939102
I-79416-06-07,79416,development,tidal,large-collision,7523,4,27863.0,6,7,9350.964592106893,3003.62677247852,163.3667405631087,16.78796387416286,12.0,0.37469413682286246,inside-original-collision-label,0.68,0.68,25.689611581275074,24.875,0.8146115812750745
I-79416-06-08,79416,development,tidal,large-collision,7523,4,27863.0,6,8,9350.964592106893,3003.62677247852,163.3667405631087,16.78796387416286,12.0,0.37469413682286246,inside-original-collision-label,0.68,0.68,25.95971997409391,24.875,1.0847199740939102
I-79416-07-01,79416,development,tidal,large-collision,7523,4,27863.0,7,1,9356.218007201951,3008.6471571118914,163.36680169489986,16.787987257341026,7.5,0.23418383551428903,inside-original-collision-label,0.6,0.6,24.48961158127507,23.674999999999997,0.8146115812750745
I-79416-07-02,79416,development,tidal,large-collision,7523,4,27863.0,7,2,9356.218007201951,3008.6471571118914,163.36680169489986,16.787987257341026,7.5,0.23418383551428903,inside-original-collision-label,0.6,0.6,24.75971997409391,23.674999999999997,1.0847199740939102
I-79416-07-03,79416,development,tidal,large-collision,7523,4,27863.0,7,3,9356.218007201951,3008.6471571118914,163.36680169489986,16.787987257341026,7.5,0.23418383551428903,inside-original-collision-label,0.6,0.6,24.889611581275073,24.075,0.8146115812750745
I-79416-07-04,79416,development,tidal,large-collision,7523,4,27863.0,7,4,9356.218007201951,3008.6471571118914,163.36680169489986,16.787987257341026,7.5,0.23418383551428903,inside-original-collision-label,0.6,0.6,25.15971997409391,24.075,1.0847199740939102
I-79416-07-05,79416,development,tidal,large-collision,7523,4,27863.0,7,5,9356.218007201951,3008.6471571118914,163.36680169489986,16.787987257341026,7.5,0.23418383551428903,inside-original-collision-label,0.6,0.6,25.28961158127507,24.474999999999998,0.8146115812750745
I-79416-07-06,79416,development,tidal,large-collision,7523,4,27863.0,7,6,9356.218007201951,3008.6471571118914,163.36680169489986,16.787987257341026,7.5,0.23418383551428903,inside-original-collision-label,0.6,0.6,25.55971997409391,24.474999999999998,1.0847199740939102
I-79416-07-07,79416,development,tidal,large-collision,7523,4,27863.0,7,7,9356.218007201951,3008.6471571118914,163.36680169489986,16.787987257341026,7.5,0.23418383551428903,inside-original-collision-label,0.6,0.6,25.689611581275074,24.875,0.8146115812750745
I-79416-07-08,79416,development,tidal,large-collision,7523,4,27863.0,7,8,9356.218007201951,3008.6471571118914,163.36680169489986,16.787987257341026,7.5,0.23418383551428903,inside-original-collision-label,0.6,0.6,25.95971997409391,24.875,1.0847199740939102
I-79416-08-01,79416,development,tidal,large-collision,7523,4,27863.0,8,1,9363.384989067541,3011.682243938084,163.3668536580879,16.788032886857586,11.0,0.3434696254209572,inside-original-collision-label,0.6,0.6,24.48961158127507,23.674999999999997,0.8146115812750745
I-79416-08-02,79416,development,tidal,large-collision,7523,4,27863.0,8,2,9363.384989067541,3011.682243938084,163.3668536580879,16.788032886857586,11.0,0.3434696254209572,inside-original-collision-label,0.6,0.6,24.75971997409391,23.674999999999997,1.0847199740939102
I-79416-08-03,79416,development,tidal,large-collision,7523,4,27863.0,8,3,9363.384989067541,3011.682243938084,163.3668536580879,16.788032886857586,11.0,0.3434696254209572,inside-original-collision-label,0.6,0.6,24.889611581275073,24.075,0.8146115812750745
I-79416-08-04,79416,development,tidal,large-collision,7523,4,27863.0,8,4,9363.384989067541,3011.682243938084,163.3668536580879,16.788032886857586,11.0,0.3434696254209572,inside-original-collision-label,0.6,0.6,25.15971997409391,24.075,1.0847199740939102
I-79416-08-05,79416,development,tidal,large-collision,7523,4,27863.0,8,5,9363.384989067541,3011.682243938084,163.3668536580879,16.788032886857586,11.0,0.3434696254209572,inside-original-collision-label,0.6,0.6,25.28961158127507,24.474999999999998,0.8146115812750745
I-79416-08-06,79416,development,tidal,large-collision,7523,4,27863.0,8,6,9363.384989067541,3011.682243938084,163.3668536580879,16.788032886857586,11.0,0.3434696254209572,inside-original-collision-label,0.6,0.6,25.55971997409391,24.474999999999998,1.0847199740939102
I-79416-08-07,79416,development,tidal,large-collision,7523,4,27863.0,8,7,9363.384989067541,3011.682243938084,163.3668536580879,16.788032886857586,11.0,0.3434696254209572,inside-original-collision-label,0.6,0.6,25.689611581275074,24.875,0.8146115812750745
I-79416-08-08,79416,development,tidal,large-collision,7523,4,27863.0,8,8,9363.384989067541,3011.682243938084,163.3668536580879,16.788032886857586,11.0,0.3434696254209572,inside-original-collision-label,0.6,0.6,25.95971997409391,24.875,1.0847199740939102
I-116574-01-01,116574,development,tidal,large-collision,10183,6,197824.0,1,1,9427.75122820348,3825.6270214576125,163.37380435961555,16.785610770324563,7.5,0.23418383551428903,inside-original-collision-label,0.72,0.72,25.772611581275072,24.958,0.8146115812750745
I-116574-01-02,116574,development,tidal,large-collision,10183,6,197824.0,1,2,9427.75122820348,3825.6270214576125,163.37380435961555,16.785610770324563,7.5,0.23418383551428903,inside-original-collision-label,0.72,0.72,26.04271997409391,24.958,1.0847199740939102
I-116574-01-03,116574,development,tidal,large-collision,10183,6,197824.0,1,3,9427.75122820348,3825.6270214576125,163.37380435961555,16.785610770324563,7.5,0.23418383551428903,inside-original-collision-label,0.72,0.72,26.172611581275074,25.358,0.8146115812750745
I-116574-01-04,116574,development,tidal,large-collision,10183,6,197824.0,1,4,9427.75122820348,3825.6270214576125,163.37380435961555,16.785610770324563,7.5,0.23418383551428903,inside-original-collision-label,0.72,0.72,26.44271997409391,25.358,1.0847199740939102
I-116574-01-05,116574,development,tidal,large-collision,10183,6,197824.0,1,5,9427.75122820348,3825.6270214576125,163.37380435961555,16.785610770324563,7.5,0.23418383551428903,inside-original-collision-label,0.72,0.72,26.572611581275073,25.758,0.8146115812750745
I-116574-01-06,116574,development,tidal,large-collision,10183,6,197824.0,1,6,9427.75122820348,3825.6270214576125,163.37380435961555,16.785610770324563,7.5,0.23418383551428903,inside-original-collision-label,0.72,0.72,26.84271997409391,25.758,1.0847199740939102
I-116574-01-07,116574,development,tidal,large-collision,10183,6,197824.0,1,7,9427.75122820348,3825.6270214576125,163.37380435961555,16.785610770324563,7.5,0.23418383551428903,inside-original-collision-label,0.72,0.72,26.972611581275075,26.158,0.8146115812750745
I-116574-01-08,116574,development,tidal,large-collision,10183,6,197824.0,1,8,9427.75122820348,3825.6270214576125,163.37380435961555,16.785610770324563,7.5,0.23418383551428903,inside-original-collision-label,0.72,0.72,27.242719974093912,26.158,1.0847199740939102
I-116574-02-01,116574,development,tidal,large-collision,10183,6,197824.0,2,1,9420.56171895834,3833.2795345620807,163.3738403986024,16.78552649023909,12.0,0.37469413682286246,inside-original-collision-label,1.0,1.0,25.772611581275072,24.958,0.8146115812750745
I-116574-02-02,116574,development,tidal,large-collision,10183,6,197824.0,2,2,9420.56171895834,3833.2795345620807,163.3738403986024,16.78552649023909,12.0,0.37469413682286246,inside-original-collision-label,1.0,1.0,26.04271997409391,24.958,1.0847199740939102
I-116574-02-03,116574,development,tidal,large-collision,10183,6,197824.0,2,3,9420.56171895834,3833.2795345620807,163.3738403986024,16.78552649023909,12.0,0.37469413682286246,inside-original-collision-label,1.0,1.0,26.172611581275074,25.358,0.8146115812750745
I-116574-02-04,116574,development,tidal,large-collision,10183,6,197824.0,2,4,9420.56171895834,3833.2795345620807,163.3738403986024,16.78552649023909,12.0,0.37469413682286246,inside-original-collision-label,1.0,1.0,26.44271997409391,25.358,1.0847199740939102
I-116574-02-05,116574,development,tidal,large-collision,10183,6,197824.0,2,5,9420.56171895834,3833.2795345620807,163.3738403986024,16.78552649023909,12.0,0.37469413682286246,inside-original-collision-label,1.0,1.0,26.572611581275073,25.758,0.8146115812750745
I-116574-02-06,116574,development,tidal,large-collision,10183,6,197824.0,2,6,9420.56171895834,3833.2795345620807,163.3738403986024,16.78552649023909,12.0,0.37469413682286246,inside-original-collision-label,1.0,1.0,26.84271997409391,25.758,1.0847199740939102
I-116574-02-07,116574,development,tidal,large-collision,10183,6,197824.0,2,7,9420.56171895834,3833.2795345620807,163.3738403986024,16.78552649023909,12.0,0.37469413682286246,inside-original-collision-label,1.0,1.0,26.972611581275075,26.158,0.8146115812750745
I-116574-02-08,116574,development,tidal,large-collision,10183,6,197824.0,2,8,9420.56171895834,3833.2795345620807,163.3738403986024,16.78552649023909,12.0,0.37469413682286246,inside-original-collision-label,1.0,1.0,27.242719974093912,26.158,1.0847199740939102
I-116574-03-01,116574,development,tidal,large-collision,10183,6,197824.0,3,1,9411.2152830259,3827.32519818498,163.37375617876404,16.785474173719084,12.0,0.37469413682286246,inside-original-collision-label,1.0,1.0,25.772611581275072,24.958,0.8146115812750745
I-116574-03-02,116574,development,tidal,large-collision,10183,6,197824.0,3,2,9411.2152830259,3827.32519818498,163.37375617876404,16.785474173719084,12.0,0.37469413682286246,inside-original-collision-label,1.0,1.0,26.04271997409391,24.958,1.0847199740939102
I-116574-03-03,116574,development,tidal,large-collision,10183,6,197824.0,3,3,9411.2152830259,3827.32519818498,163.37375617876404,16.785474173719084,12.0,0.37469413682286246,inside-original-collision-label,1.0,1.0,26.172611581275074,25.358,0.8146115812750745
I-116574-03-04,116574,development,tidal,large-collision,10183,6,197824.0,3,4,9411.2152830259,3827.32519818498,163.37375617876404,16.785474173719084,12.0,0.37469413682286246,inside-original-collision-label,1.0,1.0,26.44271997409391,25.358,1.0847199740939102
I-116574-03-05,116574,development,tidal,large-collision,10183,6,197824.0,3,5,9411.2152830259,3827.32519818498,163.37375617876404,16.785474173719084,12.0,0.37469413682286246,inside-original-collision-label,1.0,1.0,26.572611581275073,25.758,0.8146115812750745
I-116574-03-06,116574,development,tidal,large-collision,10183,6,197824.0,3,6,9411.2152830259,3827.32519818498,163.37375617876404,16.785474173719084,12.0,0.37469413682286246,inside-original-collision-label,1.0,1.0,26.84271997409391,25.758,1.0847199740939102
I-116574-03-07,116574,development,tidal,large-collision,10183,6,197824.0,3,7,9411.2152830259,3827.32519818498,163.37375617876404,16.785474173719084,12.0,0.37469413682286246,inside-original-collision-label,1.0,1.0,26.972611581275075,26.158,0.8146115812750745
I-116574-03-08,116574,development,tidal,large-collision,10183,6,197824.0,3,8,9411.2152830259,3827.32519818498,163.37375617876404,16.785474173719084,12.0,0.37469413682286246,inside-original-collision-label,1.0,1.0,27.242719974093912,26.158,1.0847199740939102
I-116574-04-01,116574,development,tidal,large-collision,10183,6,197824.0,4,1,9409.789894835167,3819.2414200529765,163.37368419211677,16.785492027102848,12.0,0.37469413682286246,inside-original-collision-label,0.76,0.76,25.772611581275072,24.958,0.8146115812750745
I-116574-04-02,116574,development,tidal,large-collision,10183,6,197824.0,4,2,9409.789894835167,3819.2414200529765,163.37368419211677,16.785492027102848,12.0,0.37469413682286246,inside-original-collision-label,0.76,0.76,26.04271997409391,24.958,1.0847199740939102
I-116574-04-03,116574,development,tidal,large-collision,10183,6,197824.0,4,3,9409.789894835167,3819.2414200529765,163.37368419211677,16.785492027102848,12.0,0.37469413682286246,inside-original-collision-label,0.76,0.76,26.172611581275074,25.358,0.8146115812750745
I-116574-04-04,116574,development,tidal,large-collision,10183,6,197824.0,4,4,9409.789894835167,3819.2414200529765,163.37368419211677,16.785492027102848,12.0,0.37469413682286246,inside-original-collision-label,0.76,0.76,26.44271997409391,25.358,1.0847199740939102
I-116574-04-05,116574,development,tidal,large-collision,10183,6,197824.0,4,5,9409.789894835167,3819.2414200529765,163.37368419211677,16.785492027102848,12.0,0.37469413682286246,inside-original-collision-label,0.76,0.76,26.572611581275073,25.758,0.8146115812750745
I-116574-04-06,116574,development,tidal,large-collision,10183,6,197824.0,4,6,9409.789894835167,3819.2414200529765,163.37368419211677,16.785492027102848,12.0,0.37469413682286246,inside-original-collision-label,0.76,0.76,26.84271997409391,25.758,1.0847199740939102
I-116574-04-07,116574,development,tidal,large-collision,10183,6,197824.0,4,7,9409.789894835167,3819.2414200529765,163.37368419211677,16.785492027102848,12.0,0.37469413682286246,inside-original-collision-label,0.76,0.76,26.972611581275075,26.158,0.8146115812750745
I-116574-04-08,116574,development,tidal,large-collision,10183,6,197824.0,4,8,9409.789894835167,3819.2414200529765,163.37368419211677,16.785492027102848,12.0,0.37469413682286246,inside-original-collision-label,0.76,0.76,27.242719974093912,26.158,1.0847199740939102
I-116574-05-01,116574,development,tidal,large-collision,10183,6,197824.0,5,1,9417.743884566156,3820.2899220045697,163.37372274195837,16.78555101663602,4.0,0.12489804560762081,inside-original-collision-label,0.6,0.6,25.772611581275072,24.958,0.8146115812750745
I-116574-05-02,116574,development,tidal,large-collision,10183,6,197824.0,5,2,9417.743884566156,3820.2899220045697,163.37372274195837,16.78555101663602,4.0,0.12489804560762081,inside-original-collision-label,0.6,0.6,26.04271997409391,24.958,1.0847199740939102
I-116574-05-03,116574,development,tidal,large-collision,10183,6,197824.0,5,3,9417.743884566156,3820.2899220045697,163.37372274195837,16.78555101663602,4.0,0.12489804560762081,inside-original-collision-label,0.6,0.6,26.172611581275074,25.358,0.8146115812750745
I-116574-05-04,116574,development,tidal,large-collision,10183,6,197824.0,5,4,9417.743884566156,3820.2899220045697,163.37372274195837,16.78555101663602,4.0,0.12489804560762081,inside-original-collision-label,0.6,0.6,26.44271997409391,25.358,1.0847199740939102
I-116574-05-05,116574,development,tidal,large-collision,10183,6,197824.0,5,5,9417.743884566156,3820.2899220045697,163.37372274195837,16.78555101663602,4.0,0.12489804560762081,inside-original-collision-label,0.6,0.6,26.572611581275073,25.758,0.8146115812750745
I-116574-05-06,116574,development,tidal,large-collision,10183,6,197824.0,5,6,9417.743884566156,3820.2899220045697,163.37372274195837,16.78555101663602,4.0,0.12489804560762081,inside-original-collision-label,0.6,0.6,26.84271997409391,25.758,1.0847199740939102
I-116574-05-07,116574,development,tidal,large-collision,10183,6,197824.0,5,7,9417.743884566156,3820.2899220045697,163.37372274195837,16.78555101663602,4.0,0.12489804560762081,inside-original-collision-label,0.6,0.6,26.972611581275075,26.158,0.8146115812750745
I-116574-05-08,116574,development,tidal,large-collision,10183,6,197824.0,5,8,9417.743884566156,3820.2899220045697,163.37372274195837,16.78555101663602,4.0,0.12489804560762081,inside-original-collision-label,0.6,0.6,27.242719974093912,26.158,1.0847199740939102
I-116574-06-01,116574,development,tidal,large-collision,10183,6,197824.0,6,1,9414.7246706351,3811.495373653512,163.3736389040762,16.785558852017797,12.0,0.37469413682286246,inside-original-collision-label,0.8,0.8,25.772611581275072,24.958,0.8146115812750745
I-116574-06-02,116574,development,tidal,large-collision,10183,6,197824.0,6,2,9414.7246706351,3811.495373653512,163.3736389040762,16.785558852017797,12.0,0.37469413682286246,inside-original-collision-label,0.8,0.8,26.04271997409391,24.958,1.0847199740939102
I-116574-06-03,116574,development,tidal,large-collision,10183,6,197824.0,6,3,9414.7246706351,3811.495373653512,163.3736389040762,16.785558852017797,12.0,0.37469413682286246,inside-original-collision-label,0.8,0.8,26.172611581275074,25.358,0.8146115812750745
I-116574-06-04,116574,development,tidal,large-collision,10183,6,197824.0,6,4,9414.7246706351,3811.495373653512,163.3736389040762,16.785558852017797,12.0,0.37469413682286246,inside-original-collision-label,0.8,0.8,26.44271997409391,25.358,1.0847199740939102
I-116574-06-05,116574,development,tidal,large-collision,10183,6,197824.0,6,5,9414.7246706351,3811.495373653512,163.3736389040762,16.785558852017797,12.0,0.37469413682286246,inside-original-collision-label,0.8,0.8,26.572611581275073,25.758,0.8146115812750745
I-116574-06-06,116574,development,tidal,large-collision,10183,6,197824.0,6,6,9414.7246706351,3811.495373653512,163.3736389040762,16.785558852017797,12.0,0.37469413682286246,inside-original-collision-label,0.8,0.8,26.84271997409391,25.758,1.0847199740939102
I-116574-06-07,116574,development,tidal,large-collision,10183,6,197824.0,6,7,9414.7246706351,3811.495373653512,163.3736389040762,16.785558852017797,12.0,0.37469413682286246,inside-original-collision-label,0.8,0.8,26.972611581275075,26.158,0.8146115812750745
I-116574-06-08,116574,development,tidal,large-collision,10183,6,197824.0,6,8,9414.7246706351,3811.495373653512,163.3736389040762,16.785558852017797,12.0,0.37469413682286246,inside-original-collision-label,0.8,0.8,27.242719974093912,26.158,1.0847199740939102
I-116574-07-01,116574,development,tidal,large-collision,10183,6,197824.0,7,1,9428.490505107526,3811.495373653512,163.37369066538108,16.785667476710938,12.0,0.37469413682286246,inside-original-collision-label,0.76,0.76,25.772611581275072,24.958,0.8146115812750745
I-116574-07-02,116574,development,tidal,large-collision,10183,6,197824.0,7,2,9428.490505107526,3811.495373653512,163.37369066538108,16.785667476710938,12.0,0.37469413682286246,inside-original-collision-label,0.76,0.76,26.04271997409391,24.958,1.0847199740939102
I-116574-07-03,116574,development,tidal,large-collision,10183,6,197824.0,7,3,9428.490505107526,3811.495373653512,163.37369066538108,16.785667476710938,12.0,0.37469413682286246,inside-original-collision-label,0.76,0.76,26.172611581275074,25.358,0.8146115812750745
I-116574-07-04,116574,development,tidal,large-collision,10183,6,197824.0,7,4,9428.490505107526,3811.495373653512,163.37369066538108,16.785667476710938,12.0,0.37469413682286246,inside-original-collision-label,0.76,0.76,26.44271997409391,25.358,1.0847199740939102
I-116574-07-05,116574,development,tidal,large-collision,10183,6,197824.0,7,5,9428.490505107526,3811.495373653512,163.37369066538108,16.785667476710938,12.0,0.37469413682286246,inside-original-collision-label,0.76,0.76,26.572611581275073,25.758,0.8146115812750745
I-116574-07-06,116574,development,tidal,large-collision,10183,6,197824.0,7,6,9428.490505107526,3811.495373653512,163.37369066538108,16.785667476710938,12.0,0.37469413682286246,inside-original-collision-label,0.76,0.76,26.84271997409391,25.758,1.0847199740939102
I-116574-07-07,116574,development,tidal,large-collision,10183,6,197824.0,7,7,9428.490505107526,3811.495373653512,163.37369066538108,16.785667476710938,12.0,0.37469413682286246,inside-original-collision-label,0.76,0.76,26.972611581275075,26.158,0.8146115812750745
I-116574-07-08,116574,development,tidal,large-collision,10183,6,197824.0,7,8,9428.490505107526,3811.495373653512,163.37369066538108,16.785667476710938,12.0,0.37469413682286246,inside-original-collision-label,0.76,0.76,27.242719974093912,26.158,1.0847199740939102
I-116574-08-01,116574,development,tidal,large-collision,10183,6,197824.0,8,1,9425.054787865349,3818.4326539413905,163.37373492418112,16.785615392184663,4.5,0.14051030130857342,inside-original-collision-label,0.68,0.68,25.772611581275072,24.958,0.8146115812750745
I-116574-08-02,116574,development,tidal,large-collision,10183,6,197824.0,8,2,9425.054787865349,3818.4326539413905,163.37373492418112,16.785615392184663,4.5,0.14051030130857342,inside-original-collision-label,0.68,0.68,26.04271997409391,24.958,1.0847199740939102
I-116574-08-03,116574,development,tidal,large-collision,10183,6,197824.0,8,3,9425.054787865349,3818.4326539413905,163.37373492418112,16.785615392184663,4.5,0.14051030130857342,inside-original-collision-label,0.68,0.68,26.172611581275074,25.358,0.8146115812750745
I-116574-08-04,116574,development,tidal,large-collision,10183,6,197824.0,8,4,9425.054787865349,3818.4326539413905,163.37373492418112,16.785615392184663,4.5,0.14051030130857342,inside-original-collision-label,0.68,0.68,26.44271997409391,25.358,1.0847199740939102
I-116574-08-05,116574,development,tidal,large-collision,10183,6,197824.0,8,5,9425.054787865349,3818.4326539413905,163.37373492418112,16.785615392184663,4.5,0.14051030130857342,inside-original-collision-label,0.68,0.68,26.572611581275073,25.758,0.8146115812750745
I-116574-08-06,116574,development,tidal,large-collision,10183,6,197824.0,8,6,9425.054787865349,3818.4326539413905,163.37373492418112,16.785615392184663,4.5,0.14051030130857342,inside-original-collision-label,0.68,0.68,26.84271997409391,25.758,1.0847199740939102
I-116574-08-07,116574,development,tidal,large-collision,10183,6,197824.0,8,7,9425.054787865349,3818.4326539413905,163.37373492418112,16.785615392184663,4.5,0.14051030130857342,inside-original-collision-label,0.68,0.68,26.972611581275075,26.158,0.8146115812750745
I-116574-08-08,116574,development,tidal,large-collision,10183,6,197824.0,8,8,9425.054787865349,3818.4326539413905,163.37373492418112,16.785615392184663,4.5,0.14051030130857342,inside-original-collision-label,0.68,0.68,27.242719974093912,26.158,1.0847199740939102
I-119172-01-01,119172,development,tidal,large-collision,10183,6,197824.0,1,1,9315.75124756402,3819.7738791012557,163.37333498480564,16.784748061349905,12.0,0.37469413682286246,inside-original-collision-label,0.76,0.76,25.514611581275073,24.7,0.8146115812750745
I-119172-01-02,119172,development,tidal,large-collision,10183,6,197824.0,1,2,9315.75124756402,3819.7738791012557,163.37333498480564,16.784748061349905,12.0,0.37469413682286246,inside-original-collision-label,0.76,0.76,25.78471997409391,24.7,1.0847199740939102
I-119172-01-03,119172,development,tidal,large-collision,10183,6,197824.0,1,3,9315.75124756402,3819.7738791012557,163.37333498480564,16.784748061349905,12.0,0.37469413682286246,inside-original-collision-label,0.76,0.76,25.914611581275075,25.1,0.8146115812750745
I-119172-01-04,119172,development,tidal,large-collision,10183,6,197824.0,1,4,9315.75124756402,3819.7738791012557,163.37333498480564,16.784748061349905,12.0,0.37469413682286246,inside-original-collision-label,0.76,0.76,26.184719974093912,25.1,1.0847199740939102
I-119172-01-05,119172,development,tidal,large-collision,10183,6,197824.0,1,5,9315.75124756402,3819.7738791012557,163.37333498480564,16.784748061349905,12.0,0.37469413682286246,inside-original-collision-label,0.76,0.76,26.314611581275074,25.5,0.8146115812750745
I-119172-01-06,119172,development,tidal,large-collision,10183,6,197824.0,1,6,9315.75124756402,3819.7738791012557,163.37333498480564,16.784748061349905,12.0,0.37469413682286246,inside-original-collision-label,0.76,0.76,26.58471997409391,25.5,1.0847199740939102
I-119172-01-07,119172,development,tidal,large-collision,10183,6,197824.0,1,7,9315.75124756402,3819.7738791012557,163.37333498480564,16.784748061349905,12.0,0.37469413682286246,inside-original-collision-label,0.76,0.76,26.714611581275076,25.900000000000002,0.8146115812750745
I-119172-01-08,119172,development,tidal,large-collision,10183,6,197824.0,1,8,9315.75124756402,3819.7738791012557,163.37333498480564,16.784748061349905,12.0,0.37469413682286246,inside-original-collision-label,0.76,0.76,26.984719974093913,25.900000000000002,1.0847199740939102
I-119172-02-01,119172,development,tidal,large-collision,10183,6,197824.0,2,1,9313.686417090179,3822.1680505600257,163.3733469536922,16.784723149193564,11.0,0.3434696254209572,inside-original-collision-label,0.84,0.84,25.514611581275073,24.7,0.8146115812750745
I-119172-02-02,119172,development,tidal,large-collision,10183,6,197824.0,2,2,9313.686417090179,3822.1680505600257,163.3733469536922,16.784723149193564,11.0,0.3434696254209572,inside-original-collision-label,0.84,0.84,25.78471997409391,24.7,1.0847199740939102
I-119172-02-03,119172,development,tidal,large-collision,10183,6,197824.0,2,3,9313.686417090179,3822.1680505600257,163.3733469536922,16.784723149193564,11.0,0.3434696254209572,inside-original-collision-label,0.84,0.84,25.914611581275075,25.1,0.8146115812750745
I-119172-02-04,119172,development,tidal,large-collision,10183,6,197824.0,2,4,9313.686417090179,3822.1680505600257,163.3733469536922,16.784723149193564,11.0,0.3434696254209572,inside-original-collision-label,0.84,0.84,26.184719974093912,25.1,1.0847199740939102
I-119172-02-05,119172,development,tidal,large-collision,10183,6,197824.0,2,5,9313.686417090179,3822.1680505600257,163.3733469536922,16.784723149193564,11.0,0.3434696254209572,inside-original-collision-label,0.84,0.84,26.314611581275074,25.5,0.8146115812750745
I-119172-02-06,119172,development,tidal,large-collision,10183,6,197824.0,2,6,9313.686417090179,3822.1680505600257,163.3733469536922,16.784723149193564,11.0,0.3434696254209572,inside-original-collision-label,0.84,0.84,26.58471997409391,25.5,1.0847199740939102
I-119172-02-07,119172,development,tidal,large-collision,10183,6,197824.0,2,7,9313.686417090179,3822.1680505600257,163.3733469536922,16.784723149193564,11.0,0.3434696254209572,inside-original-collision-label,0.84,0.84,26.714611581275076,25.900000000000002,0.8146115812750745
I-119172-02-08,119172,development,tidal,large-collision,10183,6,197824.0,2,8,9313.686417090179,3822.1680505600257,163.3733469536922,16.784723149193564,11.0,0.3434696254209572,inside-original-collision-label,0.84,0.84,26.984719974093913,25.900000000000002,1.0847199740939102
I-119172-03-01,119172,development,tidal,large-collision,10183,6,197824.0,3,1,9310.303777980718,3820.9698738326583,163.3733243592249,16.784700770461313,7.5,0.23418383551428903,inside-original-collision-label,0.64,0.64,25.514611581275073,24.7,0.8146115812750745
I-119172-03-02,119172,development,tidal,large-collision,10183,6,197824.0,3,2,9310.303777980718,3820.9698738326583,163.3733243592249,16.784700770461313,7.5,0.23418383551428903,inside-original-collision-label,0.64,0.64,25.78471997409391,24.7,1.0847199740939102
I-119172-03-03,119172,development,tidal,large-collision,10183,6,197824.0,3,3,9310.303777980718,3820.9698738326583,163.3733243592249,16.784700770461313,7.5,0.23418383551428903,inside-original-collision-label,0.64,0.64,25.914611581275075,25.1,0.8146115812750745
I-119172-03-04,119172,development,tidal,large-collision,10183,6,197824.0,3,4,9310.303777980718,3820.9698738326583,163.3733243592249,16.784700770461313,7.5,0.23418383551428903,inside-original-collision-label,0.64,0.64,26.184719974093912,25.1,1.0847199740939102
I-119172-03-05,119172,development,tidal,large-collision,10183,6,197824.0,3,5,9310.303777980718,3820.9698738326583,163.3733243592249,16.784700770461313,7.5,0.23418383551428903,inside-original-collision-label,0.64,0.64,26.314611581275074,25.5,0.8146115812750745
I-119172-03-06,119172,development,tidal,large-collision,10183,6,197824.0,3,6,9310.303777980718,3820.9698738326583,163.3733243592249,16.784700770461313,7.5,0.23418383551428903,inside-original-collision-label,0.64,0.64,26.58471997409391,25.5,1.0847199740939102
I-119172-03-07,119172,development,tidal,large-collision,10183,6,197824.0,3,7,9310.303777980718,3820.9698738326583,163.3733243592249,16.784700770461313,7.5,0.23418383551428903,inside-original-collision-label,0.64,0.64,26.714611581275076,25.900000000000002,0.8146115812750745
I-119172-03-08,119172,development,tidal,large-collision,10183,6,197824.0,3,8,9310.303777980718,3820.9698738326583,163.3733243592249,16.784700770461313,7.5,0.23418383551428903,inside-original-collision-label,0.64,0.64,26.984719974093913,25.900000000000002,1.0847199740939102
I-119172-04-01,119172,development,tidal,large-collision,10183,6,197824.0,4,1,9310.877652069823,3823.385564981298,163.37334642726017,16.78469660258156,9.5,0.29663285831809943,inside-original-collision-label,0.92,0.92,25.514611581275073,24.7,0.8146115812750745
I-119172-04-02,119172,development,tidal,large-collision,10183,6,197824.0,4,2,9310.877652069823,3823.385564981298,163.37334642726017,16.78469660258156,9.5,0.29663285831809943,inside-original-collision-label,0.92,0.92,25.78471997409391,24.7,1.0847199740939102
I-119172-04-03,119172,development,tidal,large-collision,10183,6,197824.0,4,3,9310.877652069823,3823.385564981298,163.37334642726017,16.78469660258156,9.5,0.29663285831809943,inside-original-collision-label,0.92,0.92,25.914611581275075,25.1,0.8146115812750745
I-119172-04-04,119172,development,tidal,large-collision,10183,6,197824.0,4,4,9310.877652069823,3823.385564981298,163.37334642726017,16.78469660258156,9.5,0.29663285831809943,inside-original-collision-label,0.92,0.92,26.184719974093912,25.1,1.0847199740939102
I-119172-04-05,119172,development,tidal,large-collision,10183,6,197824.0,4,5,9310.877652069823,3823.385564981298,163.37334642726017,16.78469660258156,9.5,0.29663285831809943,inside-original-collision-label,0.92,0.92,26.314611581275074,25.5,0.8146115812750745
I-119172-04-06,119172,development,tidal,large-collision,10183,6,197824.0,4,6,9310.877652069823,3823.385564981298,163.37334642726017,16.78469660258156,9.5,0.29663285831809943,inside-original-collision-label,0.92,0.92,26.58471997409391,25.5,1.0847199740939102
I-119172-04-07,119172,development,tidal,large-collision,10183,6,197824.0,4,7,9310.877652069823,3823.385564981298,163.37334642726017,16.78469660258156,9.5,0.29663285831809943,inside-original-collision-label,0.92,0.92,26.714611581275076,25.900000000000002,0.8146115812750745
I-119172-04-08,119172,development,tidal,large-collision,10183,6,197824.0,4,8,9310.877652069823,3823.385564981298,163.37334642726017,16.78469660258156,9.5,0.29663285831809943,inside-original-collision-label,0.92,0.92,26.984719974093913,25.900000000000002,1.0847199740939102
I-119172-05-01,119172,development,tidal,large-collision,10183,6,197824.0,5,1,9311.873588964789,3825.8605838774533,163.37337057127334,16.78469555157881,12.0,0.37469413682286246,inside-original-collision-label,1.0,1.0,25.514611581275073,24.7,0.8146115812750745
I-119172-05-02,119172,development,tidal,large-collision,10183,6,197824.0,5,2,9311.873588964789,3825.8605838774533,163.37337057127334,16.78469555157881,12.0,0.37469413682286246,inside-original-collision-label,1.0,1.0,25.78471997409391,24.7,1.0847199740939102
I-119172-05-03,119172,development,tidal,large-collision,10183,6,197824.0,5,3,9311.873588964789,3825.8605838774533,163.37337057127334,16.78469555157881,12.0,0.37469413682286246,inside-original-collision-label,1.0,1.0,25.914611581275075,25.1,0.8146115812750745
I-119172-05-04,119172,development,tidal,large-collision,10183,6,197824.0,5,4,9311.873588964789,3825.8605838774533,163.37337057127334,16.78469555157881,12.0,0.37469413682286246,inside-original-collision-label,1.0,1.0,26.184719974093912,25.1,1.0847199740939102
I-119172-05-05,119172,development,tidal,large-collision,10183,6,197824.0,5,5,9311.873588964789,3825.8605838774533,163.37337057127334,16.78469555157881,12.0,0.37469413682286246,inside-original-collision-label,1.0,1.0,26.314611581275074,25.5,0.8146115812750745
I-119172-05-06,119172,development,tidal,large-collision,10183,6,197824.0,5,6,9311.873588964789,3825.8605838774533,163.37337057127334,16.78469555157881,12.0,0.37469413682286246,inside-original-collision-label,1.0,1.0,26.58471997409391,25.5,1.0847199740939102
I-119172-05-07,119172,development,tidal,large-collision,10183,6,197824.0,5,7,9311.873588964789,3825.8605838774533,163.37337057127334,16.78469555157881,12.0,0.37469413682286246,inside-original-collision-label,1.0,1.0,26.714611581275076,25.900000000000002,0.8146115812750745
I-119172-05-08,119172,development,tidal,large-collision,10183,6,197824.0,5,8,9311.873588964789,3825.8605838774533,163.37337057127334,16.78469555157881,12.0,0.37469413682286246,inside-original-collision-label,1.0,1.0,26.984719974093913,25.900000000000002,1.0847199740939102
I-119172-06-01,119172,development,tidal,large-collision,10183,6,197824.0,6,1,9309.16013764855,3825.32830459787,163.37335598136727,16.78467605617206,10.0,0.31224511401905203,inside-original-collision-label,0.96,0.96,25.514611581275073,24.7,0.8146115812750745
I-119172-06-02,119172,development,tidal,large-collision,10183,6,197824.0,6,2,9309.16013764855,3825.32830459787,163.37335598136727,16.78467605617206,10.0,0.31224511401905203,inside-original-collision-label,0.96,0.96,25.78471997409391,24.7,1.0847199740939102
I-119172-06-03,119172,development,tidal,large-collision,10183,6,197824.0,6,3,9309.16013764855,3825.32830459787,163.37335598136727,16.78467605617206,10.0,0.31224511401905203,inside-original-collision-label,0.96,0.96,25.914611581275075,25.1,0.8146115812750745
I-119172-06-04,119172,development,tidal,large-collision,10183,6,197824.0,6,4,9309.16013764855,3825.32830459787,163.37335598136727,16.78467605617206,10.0,0.31224511401905203,inside-original-collision-label,0.96,0.96,26.184719974093912,25.1,1.0847199740939102
I-119172-06-05,119172,development,tidal,large-collision,10183,6,197824.0,6,5,9309.16013764855,3825.32830459787,163.37335598136727,16.78467605617206,10.0,0.31224511401905203,inside-original-collision-label,0.96,0.96,26.314611581275074,25.5,0.8146115812750745
I-119172-06-06,119172,development,tidal,large-collision,10183,6,197824.0,6,6,9309.16013764855,3825.32830459787,163.37335598136727,16.78467605617206,10.0,0.31224511401905203,inside-original-collision-label,0.96,0.96,26.58471997409391,25.5,1.0847199740939102
I-119172-06-07,119172,development,tidal,large-collision,10183,6,197824.0,6,7,9309.16013764855,3825.32830459787,163.37335598136727,16.78467605617206,10.0,0.31224511401905203,inside-original-collision-label,0.96,0.96,26.714611581275076,25.900000000000002,0.8146115812750745
I-119172-06-08,119172,development,tidal,large-collision,10183,6,197824.0,6,8,9309.16013764855,3825.32830459787,163.37335598136727,16.78467605617206,10.0,0.31224511401905203,inside-original-collision-label,0.96,0.96,26.984719974093913,25.900000000000002,1.0847199740939102
I-119172-07-01,119172,development,tidal,large-collision,10183,6,197824.0,7,1,9306.725288723494,3823.71574521592,163.3733335353304,16.7846626480938,7.5,0.23418383551428903,inside-original-collision-label,0.76,0.76,25.514611581275073,24.7,0.8146115812750745
I-119172-07-02,119172,development,tidal,large-collision,10183,6,197824.0,7,2,9306.725288723494,3823.71574521592,163.3733335353304,16.7846626480938,7.5,0.23418383551428903,inside-original-collision-label,0.76,0.76,25.78471997409391,24.7,1.0847199740939102
I-119172-07-03,119172,development,tidal,large-collision,10183,6,197824.0,7,3,9306.725288723494,3823.71574521592,163.3733335353304,16.7846626480938,7.5,0.23418383551428903,inside-original-collision-label,0.76,0.76,25.914611581275075,25.1,0.8146115812750745
I-119172-07-04,119172,development,tidal,large-collision,10183,6,197824.0,7,4,9306.725288723494,3823.71574521592,163.3733335353304,16.7846626480938,7.5,0.23418383551428903,inside-original-collision-label,0.76,0.76,26.184719974093912,25.1,1.0847199740939102
I-119172-07-05,119172,development,tidal,large-collision,10183,6,197824.0,7,5,9306.725288723494,3823.71574521592,163.3733335353304,16.7846626480938,7.5,0.23418383551428903,inside-original-collision-label,0.76,0.76,26.314611581275074,25.5,0.8146115812750745
I-119172-07-06,119172,development,tidal,large-collision,10183,6,197824.0,7,6,9306.725288723494,3823.71574521592,163.3733335353304,16.7846626480938,7.5,0.23418383551428903,inside-original-collision-label,0.76,0.76,26.58471997409391,25.5,1.0847199740939102
I-119172-07-07,119172,development,tidal,large-collision,10183,6,197824.0,7,7,9306.725288723494,3823.71574521592,163.3733335353304,16.7846626480938,7.5,0.23418383551428903,inside-original-collision-label,0.76,0.76,26.714611581275076,25.900000000000002,0.8146115812750745
I-119172-07-08,119172,development,tidal,large-collision,10183,6,197824.0,7,8,9306.725288723494,3823.71574521592,163.3733335353304,16.7846626480938,7.5,0.23418383551428903,inside-original-collision-label,0.76,0.76,26.984719974093913,25.900000000000002,1.0847199740939102
I-119172-08-01,119172,development,tidal,large-collision,10183,6,197824.0,8,1,9307.265966189781,3828.2591604754944,163.3733730153118,16.784650558652878,12.0,0.37469413682286246,inside-original-collision-label,0.64,0.64,25.514611581275073,24.7,0.8146115812750745
I-119172-08-02,119172,development,tidal,large-collision,10183,6,197824.0,8,2,9307.265966189781,3828.2591604754944,163.3733730153118,16.784650558652878,12.0,0.37469413682286246,inside-original-collision-label,0.64,0.64,25.78471997409391,24.7,1.0847199740939102
I-119172-08-03,119172,development,tidal,large-collision,10183,6,197824.0,8,3,9307.265966189781,3828.2591604754944,163.3733730153118,16.784650558652878,12.0,0.37469413682286246,inside-original-collision-label,0.64,0.64,25.914611581275075,25.1,0.8146115812750745
I-119172-08-04,119172,development,tidal,large-collision,10183,6,197824.0,8,4,9307.265966189781,3828.2591604754944,163.3733730153118,16.784650558652878,12.0,0.37469413682286246,inside-original-collision-label,0.64,0.64,26.184719974093912,25.1,1.0847199740939102
I-119172-08-05,119172,development,tidal,large-collision,10183,6,197824.0,8,5,9307.265966189781,3828.2591604754944,163.3733730153118,16.784650558652878,12.0,0.37469413682286246,inside-original-collision-label,0.64,0.64,26.314611581275074,25.5,0.8146115812750745
I-119172-08-06,119172,development,tidal,large-collision,10183,6,197824.0,8,6,9307.265966189781,3828.2591604754944,163.3733730153118,16.784650558652878,12.0,0.37469413682286246,inside-original-collision-label,0.64,0.64,26.58471997409391,25.5,1.0847199740939102
I-119172-08-07,119172,development,tidal,large-collision,10183,6,197824.0,8,7,9307.265966189781,3828.2591604754944,163.3733730153118,16.784650558652878,12.0,0.37469413682286246,inside-original-collision-label,0.64,0.64,26.714611581275076,25.900000000000002,0.8146115812750745
I-119172-08-08,119172,development,tidal,large-collision,10183,6,197824.0,8,8,9307.265966189781,3828.2591604754944,163.3733730153118,16.784650558652878,12.0,0.37469413682286246,inside-original-collision-label,0.64,0.64,26.984719974093913,25.900000000000002,1.0847199740939102
I-3051006-01-01,3051006,development,tidal,large-collision,9953,2,33044.0,1,1,9123.775630770851,3779.8392924380405,163.37228400292545,16.78337695965025,7.5,0.23418383551428903,inside-original-collision-label,1.0,1.0,25.176611581275072,24.362,0.8146115812750745
I-3051006-01-02,3051006,development,tidal,large-collision,9953,2,33044.0,1,2,9123.775630770851,3779.8392924380405,163.37228400292545,16.78337695965025,7.5,0.23418383551428903,inside-original-collision-label,1.0,1.0,25.44671997409391,24.362,1.0847199740939102
I-3051006-01-03,3051006,development,tidal,large-collision,9953,2,33044.0,1,3,9123.775630770851,3779.8392924380405,163.37228400292545,16.78337695965025,7.5,0.23418383551428903,inside-original-collision-label,1.0,1.0,25.576611581275074,24.762,0.8146115812750745
I-3051006-01-04,3051006,development,tidal,large-collision,9953,2,33044.0,1,4,9123.775630770851,3779.8392924380405,163.37228400292545,16.78337695965025,7.5,0.23418383551428903,inside-original-collision-label,1.0,1.0,25.84671997409391,24.762,1.0847199740939102
I-3051006-01-05,3051006,development,tidal,large-collision,9953,2,33044.0,1,5,9123.775630770851,3779.8392924380405,163.37228400292545,16.78337695965025,7.5,0.23418383551428903,inside-original-collision-label,1.0,1.0,25.976611581275073,25.162,0.8146115812750745
I-3051006-01-06,3051006,development,tidal,large-collision,9953,2,33044.0,1,6,9123.775630770851,3779.8392924380405,163.37228400292545,16.78337695965025,7.5,0.23418383551428903,inside-original-collision-label,1.0,1.0,26.24671997409391,25.162,1.0847199740939102
I-3051006-01-07,3051006,development,tidal,large-collision,9953,2,33044.0,1,7,9123.775630770851,3779.8392924380405,163.37228400292545,16.78337695965025,7.5,0.23418383551428903,inside-original-collision-label,1.0,1.0,26.376611581275075,25.562,0.8146115812750745
I-3051006-01-08,3051006,development,tidal,large-collision,9953,2,33044.0,1,8,9123.775630770851,3779.8392924380405,163.37228400292545,16.78337695965025,7.5,0.23418383551428903,inside-original-collision-label,1.0,1.0,26.646719974093912,25.562,1.0847199740939102
I-3051006-02-01,3051006,development,tidal,large-collision,9953,2,33044.0,2,1,9123.98908208709,3789.031825755468,163.3723605703431,16.783345552091443,12.0,0.37469413682286246,inside-original-collision-label,1.0,1.0,25.176611581275072,24.362,0.8146115812750745
I-3051006-02-02,3051006,development,tidal,large-collision,9953,2,33044.0,2,2,9123.98908208709,3789.031825755468,163.3723605703431,16.783345552091443,12.0,0.37469413682286246,inside-original-collision-label,1.0,1.0,25.44671997409391,24.362,1.0847199740939102
I-3051006-02-03,3051006,development,tidal,large-collision,9953,2,33044.0,2,3,9123.98908208709,3789.031825755468,163.3723605703431,16.783345552091443,12.0,0.37469413682286246,inside-original-collision-label,1.0,1.0,25.576611581275074,24.762,0.8146115812750745
I-3051006-02-04,3051006,development,tidal,large-collision,9953,2,33044.0,2,4,9123.98908208709,3789.031825755468,163.3723605703431,16.783345552091443,12.0,0.37469413682286246,inside-original-collision-label,1.0,1.0,25.84671997409391,24.762,1.0847199740939102
I-3051006-02-05,3051006,development,tidal,large-collision,9953,2,33044.0,2,5,9123.98908208709,3789.031825755468,163.3723605703431,16.783345552091443,12.0,0.37469413682286246,inside-original-collision-label,1.0,1.0,25.976611581275073,25.162,0.8146115812750745
I-3051006-02-06,3051006,development,tidal,large-collision,9953,2,33044.0,2,6,9123.98908208709,3789.031825755468,163.3723605703431,16.783345552091443,12.0,0.37469413682286246,inside-original-collision-label,1.0,1.0,26.24671997409391,25.162,1.0847199740939102
I-3051006-02-07,3051006,development,tidal,large-collision,9953,2,33044.0,2,7,9123.98908208709,3789.031825755468,163.3723605703431,16.783345552091443,12.0,0.37469413682286246,inside-original-collision-label,1.0,1.0,26.376611581275075,25.562,0.8146115812750745
I-3051006-02-08,3051006,development,tidal,large-collision,9953,2,33044.0,2,8,9123.98908208709,3789.031825755468,163.3723605703431,16.783345552091443,12.0,0.37469413682286246,inside-original-collision-label,1.0,1.0,26.646719974093912,25.562,1.0847199740939102
I-3051006-03-01,3051006,development,tidal,large-collision,9953,2,33044.0,3,1,9114.191852638849,3791.656985474187,163.37234536903327,16.783258792762823,12.0,0.37469413682286246,inside-original-collision-label,1.0,1.0,25.176611581275072,24.362,0.8146115812750745
I-3051006-03-02,3051006,development,tidal,large-collision,9953,2,33044.0,3,2,9114.191852638849,3791.656985474187,163.37234536903327,16.783258792762823,12.0,0.37469413682286246,inside-original-collision-label,1.0,1.0,25.44671997409391,24.362,1.0847199740939102
I-3051006-03-03,3051006,development,tidal,large-collision,9953,2,33044.0,3,3,9114.191852638849,3791.656985474187,163.37234536903327,16.783258792762823,12.0,0.37469413682286246,inside-original-collision-label,1.0,1.0,25.576611581275074,24.762,0.8146115812750745
I-3051006-03-04,3051006,development,tidal,large-collision,9953,2,33044.0,3,4,9114.191852638849,3791.656985474187,163.37234536903327,16.783258792762823,12.0,0.37469413682286246,inside-original-collision-label,1.0,1.0,25.84671997409391,24.762,1.0847199740939102
I-3051006-03-05,3051006,development,tidal,large-collision,9953,2,33044.0,3,5,9114.191852638849,3791.656985474187,163.37234536903327,16.783258792762823,12.0,0.37469413682286246,inside-original-collision-label,1.0,1.0,25.976611581275073,25.162,0.8146115812750745
I-3051006-03-06,3051006,development,tidal,large-collision,9953,2,33044.0,3,6,9114.191852638849,3791.656985474187,163.37234536903327,16.783258792762823,12.0,0.37469413682286246,inside-original-collision-label,1.0,1.0,26.24671997409391,25.162,1.0847199740939102
I-3051006-03-07,3051006,development,tidal,large-collision,9953,2,33044.0,3,7,9114.191852638849,3791.656985474187,163.37234536903327,16.783258792762823,12.0,0.37469413682286246,inside-original-collision-label,1.0,1.0,26.376611581275075,25.562,0.8146115812750745
I-3051006-03-08,3051006,development,tidal,large-collision,9953,2,33044.0,3,8,9114.191852638849,3791.656985474187,163.37234536903327,16.783258792762823,12.0,0.37469413682286246,inside-original-collision-label,1.0,1.0,26.646719974093912,25.562,1.0847199740939102
I-3051006-04-01,3051006,development,tidal,large-collision,9953,2,33044.0,4,1,9113.211452998376,3782.410442876787,163.37226547275927,16.783284342816955,4.0,0.12489804560762081,inside-original-collision-label,1.0,1.0,25.176611581275072,24.362,0.8146115812750745
I-3051006-04-02,3051006,development,tidal,large-collision,9953,2,33044.0,4,2,9113.211452998376,3782.410442876787,163.37226547275927,16.783284342816955,4.0,0.12489804560762081,inside-original-collision-label,1.0,1.0,25.44671997409391,24.362,1.0847199740939102
I-3051006-04-03,3051006,development,tidal,large-collision,9953,2,33044.0,4,3,9113.211452998376,3782.410442876787,163.37226547275927,16.783284342816955,4.0,0.12489804560762081,inside-original-collision-label,1.0,1.0,25.576611581275074,24.762,0.8146115812750745
I-3051006-04-04,3051006,development,tidal,large-collision,9953,2,33044.0,4,4,9113.211452998376,3782.410442876787,163.37226547275927,16.783284342816955,4.0,0.12489804560762081,inside-original-collision-label,1.0,1.0,25.84671997409391,24.762,1.0847199740939102
I-3051006-04-05,3051006,development,tidal,large-collision,9953,2,33044.0,4,5,9113.211452998376,3782.410442876787,163.37226547275927,16.783284342816955,4.0,0.12489804560762081,inside-original-collision-label,1.0,1.0,25.976611581275073,25.162,0.8146115812750745
I-3051006-04-06,3051006,development,tidal,large-collision,9953,2,33044.0,4,6,9113.211452998376,3782.410442876787,163.37226547275927,16.783284342816955,4.0,0.12489804560762081,inside-original-collision-label,1.0,1.0,26.24671997409391,25.162,1.0847199740939102
I-3051006-04-07,3051006,development,tidal,large-collision,9953,2,33044.0,4,7,9113.211452998376,3782.410442876787,163.37226547275927,16.783284342816955,4.0,0.12489804560762081,inside-original-collision-label,1.0,1.0,26.376611581275075,25.562,0.8146115812750745
I-3051006-04-08,3051006,development,tidal,large-collision,9953,2,33044.0,4,8,9113.211452998376,3782.410442876787,163.37226547275927,16.783284342816955,4.0,0.12489804560762081,inside-original-collision-label,1.0,1.0,26.646719974093912,25.562,1.0847199740939102
I-3051006-05-01,3051006,development,tidal,large-collision,9953,2,33044.0,5,1,9104.275630770851,3779.8392924380405,163.372210682458,16.783223086773702,12.0,0.37469413682286246,inside-original-collision-label,1.0,1.0,25.176611581275072,24.362,0.8146115812750745
I-3051006-05-02,3051006,development,tidal,large-collision,9953,2,33044.0,5,2,9104.275630770851,3779.8392924380405,163.372210682458,16.783223086773702,12.0,0.37469413682286246,inside-original-collision-label,1.0,1.0,25.44671997409391,24.362,1.0847199740939102
I-3051006-05-03,3051006,development,tidal,large-collision,9953,2,33044.0,5,3,9104.275630770851,3779.8392924380405,163.372210682458,16.783223086773702,12.0,0.37469413682286246,inside-original-collision-label,1.0,1.0,25.576611581275074,24.762,0.8146115812750745
I-3051006-05-04,3051006,development,tidal,large-collision,9953,2,33044.0,5,4,9104.275630770851,3779.8392924380405,163.372210682458,16.783223086773702,12.0,0.37469413682286246,inside-original-collision-label,1.0,1.0,25.84671997409391,24.762,1.0847199740939102
I-3051006-05-05,3051006,development,tidal,large-collision,9953,2,33044.0,5,5,9104.275630770851,3779.8392924380405,163.372210682458,16.783223086773702,12.0,0.37469413682286246,inside-original-collision-label,1.0,1.0,25.976611581275073,25.162,0.8146115812750745
I-3051006-05-06,3051006,development,tidal,large-collision,9953,2,33044.0,5,6,9104.275630770851,3779.8392924380405,163.372210682458,16.783223086773702,12.0,0.37469413682286246,inside-original-collision-label,1.0,1.0,26.24671997409391,25.162,1.0847199740939102
I-3051006-05-07,3051006,development,tidal,large-collision,9953,2,33044.0,5,7,9104.275630770851,3779.8392924380405,163.372210682458,16.783223086773702,12.0,0.37469413682286246,inside-original-collision-label,1.0,1.0,26.376611581275075,25.562,0.8146115812750745
I-3051006-05-08,3051006,development,tidal,large-collision,9953,2,33044.0,5,8,9104.275630770851,3779.8392924380405,163.372210682458,16.783223086773702,12.0,0.37469413682286246,inside-original-collision-label,1.0,1.0,26.646719974093912,25.562,1.0847199740939102
I-3051006-06-01,3051006,development,tidal,large-collision,9953,2,33044.0,6,1,9107.083097453424,3772.125841121802,163.3721576643625,16.78327300760904,12.0,0.37469413682286246,inside-original-collision-label,0.96,0.96,25.176611581275072,24.362,0.8146115812750745
I-3051006-06-02,3051006,development,tidal,large-collision,9953,2,33044.0,6,2,9107.083097453424,3772.125841121802,163.3721576643625,16.78327300760904,12.0,0.37469413682286246,inside-original-collision-label,0.96,0.96,25.44671997409391,24.362,1.0847199740939102
I-3051006-06-03,3051006,development,tidal,large-collision,9953,2,33044.0,6,3,9107.083097453424,3772.125841121802,163.3721576643625,16.78327300760904,12.0,0.37469413682286246,inside-original-collision-label,0.96,0.96,25.576611581275074,24.762,0.8146115812750745
I-3051006-06-04,3051006,development,tidal,large-collision,9953,2,33044.0,6,4,9107.083097453424,3772.125841121802,163.3721576643625,16.78327300760904,12.0,0.37469413682286246,inside-original-collision-label,0.96,0.96,25.84671997409391,24.762,1.0847199740939102
I-3051006-06-05,3051006,development,tidal,large-collision,9953,2,33044.0,6,5,9107.083097453424,3772.125841121802,163.3721576643625,16.78327300760904,12.0,0.37469413682286246,inside-original-collision-label,0.96,0.96,25.976611581275073,25.162,0.8146115812750745
I-3051006-06-06,3051006,development,tidal,large-collision,9953,2,33044.0,6,6,9107.083097453424,3772.125841121802,163.3721576643625,16.78327300760904,12.0,0.37469413682286246,inside-original-collision-label,0.96,0.96,26.24671997409391,25.162,1.0847199740939102
I-3051006-06-07,3051006,development,tidal,large-collision,9953,2,33044.0,6,7,9107.083097453424,3772.125841121802,163.3721576643625,16.78327300760904,12.0,0.37469413682286246,inside-original-collision-label,0.96,0.96,26.376611581275075,25.562,0.8146115812750745
I-3051006-06-08,3051006,development,tidal,large-collision,9953,2,33044.0,6,8,9107.083097453424,3772.125841121802,163.3721576643625,16.78327300760904,12.0,0.37469413682286246,inside-original-collision-label,0.96,0.96,26.646719974093912,25.562,1.0847199740939102
I-3051006-07-01,3051006,development,tidal,large-collision,9953,2,33044.0,7,1,9114.278676727681,3768.5140032784,163.37215495112628,16.78334278944517,11.5,0.35908188112190986,inside-original-collision-label,0.64,0.64,25.176611581275072,24.362,0.8146115812750745
I-3051006-07-02,3051006,development,tidal,large-collision,9953,2,33044.0,7,2,9114.278676727681,3768.5140032784,163.37215495112628,16.78334278944517,11.5,0.35908188112190986,inside-original-collision-label,0.64,0.64,25.44671997409391,24.362,1.0847199740939102
I-3051006-07-03,3051006,development,tidal,large-collision,9953,2,33044.0,7,3,9114.278676727681,3768.5140032784,163.37215495112628,16.78334278944517,11.5,0.35908188112190986,inside-original-collision-label,0.64,0.64,25.576611581275074,24.762,0.8146115812750745
I-3051006-07-04,3051006,development,tidal,large-collision,9953,2,33044.0,7,4,9114.278676727681,3768.5140032784,163.37215495112628,16.78334278944517,11.5,0.35908188112190986,inside-original-collision-label,0.64,0.64,25.84671997409391,24.762,1.0847199740939102
I-3051006-07-05,3051006,development,tidal,large-collision,9953,2,33044.0,7,5,9114.278676727681,3768.5140032784,163.37215495112628,16.78334278944517,11.5,0.35908188112190986,inside-original-collision-label,0.64,0.64,25.976611581275073,25.162,0.8146115812750745
I-3051006-07-06,3051006,development,tidal,large-collision,9953,2,33044.0,7,6,9114.278676727681,3768.5140032784,163.37215495112628,16.78334278944517,11.5,0.35908188112190986,inside-original-collision-label,0.64,0.64,26.24671997409391,25.162,1.0847199740939102
I-3051006-07-07,3051006,development,tidal,large-collision,9953,2,33044.0,7,7,9114.278676727681,3768.5140032784,163.37215495112628,16.78334278944517,11.5,0.35908188112190986,inside-original-collision-label,0.64,0.64,26.376611581275075,25.562,0.8146115812750745
I-3051006-07-08,3051006,development,tidal,large-collision,9953,2,33044.0,7,8,9114.278676727681,3768.5140032784,163.37215495112628,16.78334278944517,11.5,0.35908188112190986,inside-original-collision-label,0.64,0.64,26.646719974093912,25.562,1.0847199740939102
I-3051006-08-01,3051006,development,tidal,large-collision,9953,2,33044.0,8,1,9123.98908208709,3770.646759120613,163.3722090406468,16.783411735834207,12.0,0.37469413682286246,inside-original-collision-label,1.0,1.0,25.176611581275072,24.362,0.8146115812750745
I-3051006-08-02,3051006,development,tidal,large-collision,9953,2,33044.0,8,2,9123.98908208709,3770.646759120613,163.3722090406468,16.783411735834207,12.0,0.37469413682286246,inside-original-collision-label,1.0,1.0,25.44671997409391,24.362,1.0847199740939102
I-3051006-08-03,3051006,development,tidal,large-collision,9953,2,33044.0,8,3,9123.98908208709,3770.646759120613,163.3722090406468,16.783411735834207,12.0,0.37469413682286246,inside-original-collision-label,1.0,1.0,25.576611581275074,24.762,0.8146115812750745
I-3051006-08-04,3051006,development,tidal,large-collision,9953,2,33044.0,8,4,9123.98908208709,3770.646759120613,163.3722090406468,16.783411735834207,12.0,0.37469413682286246,inside-original-collision-label,1.0,1.0,25.84671997409391,24.762,1.0847199740939102
I-3051006-08-05,3051006,development,tidal,large-collision,9953,2,33044.0,8,5,9123.98908208709,3770.646759120613,163.3722090406468,16.783411735834207,12.0,0.37469413682286246,inside-original-collision-label,1.0,1.0,25.976611581275073,25.162,0.8146115812750745
I-3051006-08-06,3051006,development,tidal,large-collision,9953,2,33044.0,8,6,9123.98908208709,3770.646759120613,163.3722090406468,16.783411735834207,12.0,0.37469413682286246,inside-original-collision-label,1.0,1.0,26.24671997409391,25.162,1.0847199740939102
I-3051006-08-07,3051006,development,tidal,large-collision,9953,2,33044.0,8,7,9123.98908208709,3770.646759120613,163.3722090406468,16.783411735834207,12.0,0.37469413682286246,inside-original-collision-label,1.0,1.0,26.376611581275075,25.562,0.8146115812750745
I-3051006-08-08,3051006,development,tidal,large-collision,9953,2,33044.0,8,8,9123.98908208709,3770.646759120613,163.3722090406468,16.783411735834207,12.0,0.37469413682286246,inside-original-collision-label,1.0,1.0,26.646719974093912,25.562,1.0847199740939102
I-84747-01-01,84747,validation,tidal,large-collision,7523,4,27863.0,1,1,9250.42422186569,3064.5036850895603,163.36686430786847,16.786951373227183,7.5,0.23418383551428903,inside-original-collision-label,0.68,0.68,25.020611581275073,24.206,0.8146115812750745
I-84747-01-02,84747,validation,tidal,large-collision,7523,4,27863.0,1,2,9250.42422186569,3064.5036850895603,163.36686430786847,16.786951373227183,7.5,0.23418383551428903,inside-original-collision-label,0.68,0.68,25.29071997409391,24.206,1.0847199740939102
I-84747-01-03,84747,validation,tidal,large-collision,7523,4,27863.0,1,3,9250.42422186569,3064.5036850895603,163.36686430786847,16.786951373227183,7.5,0.23418383551428903,inside-original-collision-label,0.68,0.68,25.420611581275075,24.606,0.8146115812750745
I-84747-01-04,84747,validation,tidal,large-collision,7523,4,27863.0,1,4,9250.42422186569,3064.5036850895603,163.36686430786847,16.786951373227183,7.5,0.23418383551428903,inside-original-collision-label,0.68,0.68,25.690719974093913,24.606,1.0847199740939102
I-84747-01-05,84747,validation,tidal,large-collision,7523,4,27863.0,1,5,9250.42422186569,3064.5036850895603,163.36686430786847,16.786951373227183,7.5,0.23418383551428903,inside-original-collision-label,0.68,0.68,25.820611581275074,25.006,0.8146115812750745
I-84747-01-06,84747,validation,tidal,large-collision,7523,4,27863.0,1,6,9250.42422186569,3064.5036850895603,163.36686430786847,16.786951373227183,7.5,0.23418383551428903,inside-original-collision-label,0.68,0.68,26.09071997409391,25.006,1.0847199740939102
I-84747-01-07,84747,validation,tidal,large-collision,7523,4,27863.0,1,7,9250.42422186569,3064.5036850895603,163.36686430786847,16.786951373227183,7.5,0.23418383551428903,inside-original-collision-label,0.68,0.68,26.220611581275076,25.406000000000002,0.8146115812750745
I-84747-01-08,84747,validation,tidal,large-collision,7523,4,27863.0,1,8,9250.42422186569,3064.5036850895603,163.36686430786847,16.786951373227183,7.5,0.23418383551428903,inside-original-collision-label,0.68,0.68,26.490719974093913,25.406000000000002,1.0847199740939102
I-84747-02-01,84747,validation,tidal,large-collision,7523,4,27863.0,2,1,9249.038163718098,3073.5936286024717,163.36693401809765,16.786907715207498,12.0,0.37469413682286246,inside-original-collision-label,0.8,0.8,25.020611581275073,24.206,0.8146115812750745
I-84747-02-02,84747,validation,tidal,large-collision,7523,4,27863.0,2,2,9249.038163718098,3073.5936286024717,163.36693401809765,16.786907715207498,12.0,0.37469413682286246,inside-original-collision-label,0.8,0.8,25.29071997409391,24.206,1.0847199740939102
I-84747-02-03,84747,validation,tidal,large-collision,7523,4,27863.0,2,3,9249.038163718098,3073.5936286024717,163.36693401809765,16.786907715207498,12.0,0.37469413682286246,inside-original-collision-label,0.8,0.8,25.420611581275075,24.606,0.8146115812750745
I-84747-02-04,84747,validation,tidal,large-collision,7523,4,27863.0,2,4,9249.038163718098,3073.5936286024717,163.36693401809765,16.786907715207498,12.0,0.37469413682286246,inside-original-collision-label,0.8,0.8,25.690719974093913,24.606,1.0847199740939102
I-84747-02-05,84747,validation,tidal,large-collision,7523,4,27863.0,2,5,9249.038163718098,3073.5936286024717,163.36693401809765,16.786907715207498,12.0,0.37469413682286246,inside-original-collision-label,0.8,0.8,25.820611581275074,25.006,0.8146115812750745
I-84747-02-06,84747,validation,tidal,large-collision,7523,4,27863.0,2,6,9249.038163718098,3073.5936286024717,163.36693401809765,16.786907715207498,12.0,0.37469413682286246,inside-original-collision-label,0.8,0.8,26.09071997409391,25.006,1.0847199740939102
I-84747-02-07,84747,validation,tidal,large-collision,7523,4,27863.0,2,7,9249.038163718098,3073.5936286024717,163.36693401809765,16.786907715207498,12.0,0.37469413682286246,inside-original-collision-label,0.8,0.8,26.220611581275076,25.406000000000002,0.8146115812750745
I-84747-02-08,84747,validation,tidal,large-collision,7523,4,27863.0,2,8,9249.038163718098,3073.5936286024717,163.36693401809765,16.786907715207498,12.0,0.37469413682286246,inside-original-collision-label,0.8,0.8,26.490719974093913,25.406000000000002,1.0847199740939102
I-84747-03-01,84747,validation,tidal,large-collision,7523,4,27863.0,3,1,9238.93392199819,3074.477635206489,163.36690331362968,16.78682480038814,12.0,0.37469413682286246,inside-original-collision-label,1.0,1.0,25.020611581275073,24.206,0.8146115812750745
I-84747-03-02,84747,validation,tidal,large-collision,7523,4,27863.0,3,2,9238.93392199819,3074.477635206489,163.36690331362968,16.78682480038814,12.0,0.37469413682286246,inside-original-collision-label,1.0,1.0,25.29071997409391,24.206,1.0847199740939102
I-84747-03-03,84747,validation,tidal,large-collision,7523,4,27863.0,3,3,9238.93392199819,3074.477635206489,163.36690331362968,16.78682480038814,12.0,0.37469413682286246,inside-original-collision-label,1.0,1.0,25.420611581275075,24.606,0.8146115812750745
I-84747-03-04,84747,validation,tidal,large-collision,7523,4,27863.0,3,4,9238.93392199819,3074.477635206489,163.36690331362968,16.78682480038814,12.0,0.37469413682286246,inside-original-collision-label,1.0,1.0,25.690719974093913,24.606,1.0847199740939102
I-84747-03-05,84747,validation,tidal,large-collision,7523,4,27863.0,3,5,9238.93392199819,3074.477635206489,163.36690331362968,16.78682480038814,12.0,0.37469413682286246,inside-original-collision-label,1.0,1.0,25.820611581275074,25.006,0.8146115812750745
I-84747-03-06,84747,validation,tidal,large-collision,7523,4,27863.0,3,6,9238.93392199819,3074.477635206489,163.36690331362968,16.78682480038814,12.0,0.37469413682286246,inside-original-collision-label,1.0,1.0,26.09071997409391,25.006,1.0847199740939102
I-84747-03-07,84747,validation,tidal,large-collision,7523,4,27863.0,3,7,9238.93392199819,3074.477635206489,163.36690331362968,16.78682480038814,12.0,0.37469413682286246,inside-original-collision-label,1.0,1.0,26.220611581275076,25.406000000000002,0.8146115812750745
I-84747-03-08,84747,validation,tidal,large-collision,7523,4,27863.0,3,8,9238.93392199819,3074.477635206489,163.36690331362968,16.78682480038814,12.0,0.37469413682286246,inside-original-collision-label,1.0,1.0,26.490719974093913,25.406000000000002,1.0847199740939102
I-84747-04-01,84747,validation,tidal,large-collision,7523,4,27863.0,4,1,9232.645858872685,3069.201323757058,163.3668361826455,16.78679417406266,12.0,0.37469413682286246,inside-original-collision-label,1.0,1.0,25.020611581275073,24.206,0.8146115812750745
I-84747-04-02,84747,validation,tidal,large-collision,7523,4,27863.0,4,2,9232.645858872685,3069.201323757058,163.3668361826455,16.78679417406266,12.0,0.37469413682286246,inside-original-collision-label,1.0,1.0,25.29071997409391,24.206,1.0847199740939102
I-84747-04-03,84747,validation,tidal,large-collision,7523,4,27863.0,4,3,9232.645858872685,3069.201323757058,163.3668361826455,16.78679417406266,12.0,0.37469413682286246,inside-original-collision-label,1.0,1.0,25.420611581275075,24.606,0.8146115812750745
I-84747-04-04,84747,validation,tidal,large-collision,7523,4,27863.0,4,4,9232.645858872685,3069.201323757058,163.3668361826455,16.78679417406266,12.0,0.37469413682286246,inside-original-collision-label,1.0,1.0,25.690719974093913,24.606,1.0847199740939102
I-84747-04-05,84747,validation,tidal,large-collision,7523,4,27863.0,4,5,9232.645858872685,3069.201323757058,163.3668361826455,16.78679417406266,12.0,0.37469413682286246,inside-original-collision-label,1.0,1.0,25.820611581275074,25.006,0.8146115812750745
I-84747-04-06,84747,validation,tidal,large-collision,7523,4,27863.0,4,6,9232.645858872685,3069.201323757058,163.3668361826455,16.78679417406266,12.0,0.37469413682286246,inside-original-collision-label,1.0,1.0,26.09071997409391,25.006,1.0847199740939102
I-84747-04-07,84747,validation,tidal,large-collision,7523,4,27863.0,4,7,9232.645858872685,3069.201323757058,163.3668361826455,16.78679417406266,12.0,0.37469413682286246,inside-original-collision-label,1.0,1.0,26.220611581275076,25.406000000000002,0.8146115812750745
I-84747-04-08,84747,validation,tidal,large-collision,7523,4,27863.0,4,8,9232.645858872685,3069.201323757058,163.3668361826455,16.78679417406266,12.0,0.37469413682286246,inside-original-collision-label,1.0,1.0,26.490719974093913,25.406000000000002,1.0847199740939102
I-84747-05-01,84747,validation,tidal,large-collision,7523,4,27863.0,5,1,9231.220470681952,3061.117545625055,163.36676419484203,16.786812025043677,12.0,0.37469413682286246,inside-original-collision-label,1.0,1.0,25.020611581275073,24.206,0.8146115812750745
I-84747-05-02,84747,validation,tidal,large-collision,7523,4,27863.0,5,2,9231.220470681952,3061.117545625055,163.36676419484203,16.786812025043677,12.0,0.37469413682286246,inside-original-collision-label,1.0,1.0,25.29071997409391,24.206,1.0847199740939102
I-84747-05-03,84747,validation,tidal,large-collision,7523,4,27863.0,5,3,9231.220470681952,3061.117545625055,163.36676419484203,16.786812025043677,12.0,0.37469413682286246,inside-original-collision-label,1.0,1.0,25.420611581275075,24.606,0.8146115812750745
I-84747-05-04,84747,validation,tidal,large-collision,7523,4,27863.0,5,4,9231.220470681952,3061.117545625055,163.36676419484203,16.786812025043677,12.0,0.37469413682286246,inside-original-collision-label,1.0,1.0,25.690719974093913,24.606,1.0847199740939102
I-84747-05-05,84747,validation,tidal,large-collision,7523,4,27863.0,5,5,9231.220470681952,3061.117545625055,163.36676419484203,16.786812025043677,12.0,0.37469413682286246,inside-original-collision-label,1.0,1.0,25.820611581275074,25.006,0.8146115812750745
I-84747-05-06,84747,validation,tidal,large-collision,7523,4,27863.0,5,6,9231.220470681952,3061.117545625055,163.36676419484203,16.786812025043677,12.0,0.37469413682286246,inside-original-collision-label,1.0,1.0,26.09071997409391,25.006,1.0847199740939102
I-84747-05-07,84747,validation,tidal,large-collision,7523,4,27863.0,5,7,9231.220470681952,3061.117545625055,163.36676419484203,16.786812025043677,12.0,0.37469413682286246,inside-original-collision-label,1.0,1.0,26.220611581275076,25.406000000000002,0.8146115812750745
I-84747-05-08,84747,validation,tidal,large-collision,7523,4,27863.0,5,8,9231.220470681952,3061.117545625055,163.36676419484203,16.786812025043677,12.0,0.37469413682286246,inside-original-collision-label,1.0,1.0,26.490719974093913,25.406000000000002,1.0847199740939102
I-84747-06-01,84747,validation,tidal,large-collision,7523,4,27863.0,6,1,9240.467013279353,3060.1371459845823,163.36679087991496,16.78688851874754,4.0,0.12489804560762081,inside-original-collision-label,1.0,1.0,25.020611581275073,24.206,0.8146115812750745
I-84747-06-02,84747,validation,tidal,large-collision,7523,4,27863.0,6,2,9240.467013279353,3060.1371459845823,163.36679087991496,16.78688851874754,4.0,0.12489804560762081,inside-original-collision-label,1.0,1.0,25.29071997409391,24.206,1.0847199740939102
I-84747-06-03,84747,validation,tidal,large-collision,7523,4,27863.0,6,3,9240.467013279353,3060.1371459845823,163.36679087991496,16.78688851874754,4.0,0.12489804560762081,inside-original-collision-label,1.0,1.0,25.420611581275075,24.606,0.8146115812750745
I-84747-06-04,84747,validation,tidal,large-collision,7523,4,27863.0,6,4,9240.467013279353,3060.1371459845823,163.36679087991496,16.78688851874754,4.0,0.12489804560762081,inside-original-collision-label,1.0,1.0,25.690719974093913,24.606,1.0847199740939102
I-84747-06-05,84747,validation,tidal,large-collision,7523,4,27863.0,6,5,9240.467013279353,3060.1371459845823,163.36679087991496,16.78688851874754,4.0,0.12489804560762081,inside-original-collision-label,1.0,1.0,25.820611581275074,25.006,0.8146115812750745
I-84747-06-06,84747,validation,tidal,large-collision,7523,4,27863.0,6,6,9240.467013279353,3060.1371459845823,163.36679087991496,16.78688851874754,4.0,0.12489804560762081,inside-original-collision-label,1.0,1.0,26.09071997409391,25.006,1.0847199740939102
I-84747-06-07,84747,validation,tidal,large-collision,7523,4,27863.0,6,7,9240.467013279353,3060.1371459845823,163.36679087991496,16.78688851874754,4.0,0.12489804560762081,inside-original-collision-label,1.0,1.0,26.220611581275076,25.406000000000002,0.8146115812750745
I-84747-06-08,84747,validation,tidal,large-collision,7523,4,27863.0,6,8,9240.467013279353,3060.1371459845823,163.36679087991496,16.78688851874754,4.0,0.12489804560762081,inside-original-collision-label,1.0,1.0,26.490719974093913,25.406000000000002,1.0847199740939102
I-84747-07-01,84747,validation,tidal,large-collision,7523,4,27863.0,7,1,9243.038163718098,3051.201323757058,163.3667268957568,16.786940973520515,12.0,0.37469413682286246,inside-original-collision-label,0.96,0.96,25.020611581275073,24.206,0.8146115812750745
I-84747-07-02,84747,validation,tidal,large-collision,7523,4,27863.0,7,2,9243.038163718098,3051.201323757058,163.3667268957568,16.786940973520515,12.0,0.37469413682286246,inside-original-collision-label,0.96,0.96,25.29071997409391,24.206,1.0847199740939102
I-84747-07-03,84747,validation,tidal,large-collision,7523,4,27863.0,7,3,9243.038163718098,3051.201323757058,163.3667268957568,16.786940973520515,12.0,0.37469413682286246,inside-original-collision-label,0.96,0.96,25.420611581275075,24.606,0.8146115812750745
I-84747-07-04,84747,validation,tidal,large-collision,7523,4,27863.0,7,4,9243.038163718098,3051.201323757058,163.3667268957568,16.786940973520515,12.0,0.37469413682286246,inside-original-collision-label,0.96,0.96,25.690719974093913,24.606,1.0847199740939102
I-84747-07-05,84747,validation,tidal,large-collision,7523,4,27863.0,7,5,9243.038163718098,3051.201323757058,163.3667268957568,16.786940973520515,12.0,0.37469413682286246,inside-original-collision-label,0.96,0.96,25.820611581275074,25.006,0.8146115812750745
I-84747-07-06,84747,validation,tidal,large-collision,7523,4,27863.0,7,6,9243.038163718098,3051.201323757058,163.3667268957568,16.786940973520515,12.0,0.37469413682286246,inside-original-collision-label,0.96,0.96,26.09071997409391,25.006,1.0847199740939102
I-84747-07-07,84747,validation,tidal,large-collision,7523,4,27863.0,7,7,9243.038163718098,3051.201323757058,163.3667268957568,16.786940973520515,12.0,0.37469413682286246,inside-original-collision-label,0.96,0.96,26.220611581275076,25.406000000000002,0.8146115812750745
I-84747-07-08,84747,validation,tidal,large-collision,7523,4,27863.0,7,8,9243.038163718098,3051.201323757058,163.3667268957568,16.786940973520515,12.0,0.37469413682286246,inside-original-collision-label,0.96,0.96,26.490719974093913,25.406000000000002,1.0847199740939102
I-84747-08-01,84747,validation,tidal,large-collision,7523,4,27863.0,8,1,9252.230697035526,3055.4878724408195,163.36679678932697,16.786998081895746,12.0,0.37469413682286246,inside-original-collision-label,1.0,1.0,25.020611581275073,24.206,0.8146115812750745
I-84747-08-02,84747,validation,tidal,large-collision,7523,4,27863.0,8,2,9252.230697035526,3055.4878724408195,163.36679678932697,16.786998081895746,12.0,0.37469413682286246,inside-original-collision-label,1.0,1.0,25.29071997409391,24.206,1.0847199740939102
I-84747-08-03,84747,validation,tidal,large-collision,7523,4,27863.0,8,3,9252.230697035526,3055.4878724408195,163.36679678932697,16.786998081895746,12.0,0.37469413682286246,inside-original-collision-label,1.0,1.0,25.420611581275075,24.606,0.8146115812750745
I-84747-08-04,84747,validation,tidal,large-collision,7523,4,27863.0,8,4,9252.230697035526,3055.4878724408195,163.36679678932697,16.786998081895746,12.0,0.37469413682286246,inside-original-collision-label,1.0,1.0,25.690719974093913,24.606,1.0847199740939102
I-84747-08-05,84747,validation,tidal,large-collision,7523,4,27863.0,8,5,9252.230697035526,3055.4878724408195,163.36679678932697,16.786998081895746,12.0,0.37469413682286246,inside-original-collision-label,1.0,1.0,25.820611581275074,25.006,0.8146115812750745
I-84747-08-06,84747,validation,tidal,large-collision,7523,4,27863.0,8,6,9252.230697035526,3055.4878724408195,163.36679678932697,16.786998081895746,12.0,0.37469413682286246,inside-original-collision-label,1.0,1.0,26.09071997409391,25.006,1.0847199740939102
I-84747-08-07,84747,validation,tidal,large-collision,7523,4,27863.0,8,7,9252.230697035526,3055.4878724408195,163.36679678932697,16.786998081895746,12.0,0.37469413682286246,inside-original-collision-label,1.0,1.0,26.220611581275076,25.406000000000002,0.8146115812750745
I-84747-08-08,84747,validation,tidal,large-collision,7523,4,27863.0,8,8,9252.230697035526,3055.4878724408195,163.36679678932697,16.786998081895746,12.0,0.37469413682286246,inside-original-collision-label,1.0,1.0,26.490719974093913,25.406000000000002,1.0847199740939102
I-86627-01-01,86627,validation,tidal,large-collision,7523,4,27863.0,1,1,9240.990225057772,3096.4356584937386,163.36709202853245,16.786761985412728,12.0,0.37469413682286246,inside-original-collision-label,0.64,0.64,25.10061158127507,24.285999999999998,0.8146115812750745
I-86627-01-02,86627,validation,tidal,large-collision,7523,4,27863.0,1,2,9240.990225057772,3096.4356584937386,163.36709202853245,16.786761985412728,12.0,0.37469413682286246,inside-original-collision-label,0.64,0.64,25.37071997409391,24.285999999999998,1.0847199740939102
I-86627-01-03,86627,validation,tidal,large-collision,7523,4,27863.0,1,3,9240.990225057772,3096.4356584937386,163.36709202853245,16.786761985412728,12.0,0.37469413682286246,inside-original-collision-label,0.64,0.64,25.500611581275074,24.686,0.8146115812750745
I-86627-01-04,86627,validation,tidal,large-collision,7523,4,27863.0,1,4,9240.990225057772,3096.4356584937386,163.36709202853245,16.786761985412728,12.0,0.37469413682286246,inside-original-collision-label,0.64,0.64,25.77071997409391,24.686,1.0847199740939102
I-86627-01-05,86627,validation,tidal,large-collision,7523,4,27863.0,1,5,9240.990225057772,3096.4356584937386,163.36709202853245,16.786761985412728,12.0,0.37469413682286246,inside-original-collision-label,0.64,0.64,25.900611581275072,25.086,0.8146115812750745
I-86627-01-06,86627,validation,tidal,large-collision,7523,4,27863.0,1,6,9240.990225057772,3096.4356584937386,163.36709202853245,16.786761985412728,12.0,0.37469413682286246,inside-original-collision-label,0.64,0.64,26.17071997409391,25.086,1.0847199740939102
I-86627-01-07,86627,validation,tidal,large-collision,7523,4,27863.0,1,7,9240.990225057772,3096.4356584937386,163.36709202853245,16.786761985412728,12.0,0.37469413682286246,inside-original-collision-label,0.64,0.64,26.300611581275074,25.486,0.8146115812750745
I-86627-01-08,86627,validation,tidal,large-collision,7523,4,27863.0,1,8,9240.990225057772,3096.4356584937386,163.36709202853245,16.786761985412728,12.0,0.37469413682286246,inside-original-collision-label,0.64,0.64,26.57071997409391,25.486,1.0847199740939102
I-86627-02-01,86627,validation,tidal,large-collision,7523,4,27863.0,2,1,9233.161113602378,3095.22396101742,163.36705260492715,16.786704567508348,4.5,0.14051030130857342,inside-original-collision-label,0.76,0.76,25.10061158127507,24.285999999999998,0.8146115812750745
I-86627-02-02,86627,validation,tidal,large-collision,7523,4,27863.0,2,2,9233.161113602378,3095.22396101742,163.36705260492715,16.786704567508348,4.5,0.14051030130857342,inside-original-collision-label,0.76,0.76,25.37071997409391,24.285999999999998,1.0847199740939102
I-86627-02-03,86627,validation,tidal,large-collision,7523,4,27863.0,2,3,9233.161113602378,3095.22396101742,163.36705260492715,16.786704567508348,4.5,0.14051030130857342,inside-original-collision-label,0.76,0.76,25.500611581275074,24.686,0.8146115812750745
I-86627-02-04,86627,validation,tidal,large-collision,7523,4,27863.0,2,4,9233.161113602378,3095.22396101742,163.36705260492715,16.786704567508348,4.5,0.14051030130857342,inside-original-collision-label,0.76,0.76,25.77071997409391,24.686,1.0847199740939102
I-86627-02-05,86627,validation,tidal,large-collision,7523,4,27863.0,2,5,9233.161113602378,3095.22396101742,163.36705260492715,16.786704567508348,4.5,0.14051030130857342,inside-original-collision-label,0.76,0.76,25.900611581275072,25.086,0.8146115812750745
I-86627-02-06,86627,validation,tidal,large-collision,7523,4,27863.0,2,6,9233.161113602378,3095.22396101742,163.36705260492715,16.786704567508348,4.5,0.14051030130857342,inside-original-collision-label,0.76,0.76,26.17071997409391,25.086,1.0847199740939102
I-86627-02-07,86627,validation,tidal,large-collision,7523,4,27863.0,2,7,9233.161113602378,3095.22396101742,163.36705260492715,16.786704567508348,4.5,0.14051030130857342,inside-original-collision-label,0.76,0.76,26.300611581275074,25.486,0.8146115812750745
I-86627-02-08,86627,validation,tidal,large-collision,7523,4,27863.0,2,8,9233.161113602378,3095.22396101742,163.36705260492715,16.786704567508348,4.5,0.14051030130857342,inside-original-collision-label,0.76,0.76,26.57071997409391,25.486,1.0847199740939102
I-86627-03-01,86627,validation,tidal,large-collision,7523,4,27863.0,3,1,9225.963913608342,3098.826607302214,163.3670552382301,16.78663480603783,7.5,0.23418383551428903,inside-original-collision-label,0.72,0.72,25.10061158127507,24.285999999999998,0.8146115812750745
I-86627-03-02,86627,validation,tidal,large-collision,7523,4,27863.0,3,2,9225.963913608342,3098.826607302214,163.3670552382301,16.78663480603783,7.5,0.23418383551428903,inside-original-collision-label,0.72,0.72,25.37071997409391,24.285999999999998,1.0847199740939102
I-86627-03-03,86627,validation,tidal,large-collision,7523,4,27863.0,3,3,9225.963913608342,3098.826607302214,163.3670552382301,16.78663480603783,7.5,0.23418383551428903,inside-original-collision-label,0.72,0.72,25.500611581275074,24.686,0.8146115812750745
I-86627-03-04,86627,validation,tidal,large-collision,7523,4,27863.0,3,4,9225.963913608342,3098.826607302214,163.3670552382301,16.78663480603783,7.5,0.23418383551428903,inside-original-collision-label,0.72,0.72,25.77071997409391,24.686,1.0847199740939102
I-86627-03-05,86627,validation,tidal,large-collision,7523,4,27863.0,3,5,9225.963913608342,3098.826607302214,163.3670552382301,16.78663480603783,7.5,0.23418383551428903,inside-original-collision-label,0.72,0.72,25.900611581275072,25.086,0.8146115812750745
I-86627-03-06,86627,validation,tidal,large-collision,7523,4,27863.0,3,6,9225.963913608342,3098.826607302214,163.3670552382301,16.78663480603783,7.5,0.23418383551428903,inside-original-collision-label,0.72,0.72,26.17071997409391,25.086,1.0847199740939102
I-86627-03-07,86627,validation,tidal,large-collision,7523,4,27863.0,3,7,9225.963913608342,3098.826607302214,163.3670552382301,16.78663480603783,7.5,0.23418383551428903,inside-original-collision-label,0.72,0.72,26.300611581275074,25.486,0.8146115812750745
I-86627-03-08,86627,validation,tidal,large-collision,7523,4,27863.0,3,8,9225.963913608342,3098.826607302214,163.3670552382301,16.78663480603783,7.5,0.23418383551428903,inside-original-collision-label,0.72,0.72,26.57071997409391,25.486,1.0847199740939102
I-86627-04-01,86627,validation,tidal,large-collision,7523,4,27863.0,4,1,9217.896220572196,3094.415194905834,163.3669885448139,16.786587023343532,12.0,0.37469413682286246,inside-original-collision-label,1.0,1.0,25.10061158127507,24.285999999999998,0.8146115812750745
I-86627-04-02,86627,validation,tidal,large-collision,7523,4,27863.0,4,2,9217.896220572196,3094.415194905834,163.3669885448139,16.786587023343532,12.0,0.37469413682286246,inside-original-collision-label,1.0,1.0,25.37071997409391,24.285999999999998,1.0847199740939102
I-86627-04-03,86627,validation,tidal,large-collision,7523,4,27863.0,4,3,9217.896220572196,3094.415194905834,163.3669885448139,16.786587023343532,12.0,0.37469413682286246,inside-original-collision-label,1.0,1.0,25.500611581275074,24.686,0.8146115812750745
I-86627-04-04,86627,validation,tidal,large-collision,7523,4,27863.0,4,4,9217.896220572196,3094.415194905834,163.3669885448139,16.786587023343532,12.0,0.37469413682286246,inside-original-collision-label,1.0,1.0,25.77071997409391,24.686,1.0847199740939102
I-86627-04-05,86627,validation,tidal,large-collision,7523,4,27863.0,4,5,9217.896220572196,3094.415194905834,163.3669885448139,16.786587023343532,12.0,0.37469413682286246,inside-original-collision-label,1.0,1.0,25.900611581275072,25.086,0.8146115812750745
I-86627-04-06,86627,validation,tidal,large-collision,7523,4,27863.0,4,6,9217.896220572196,3094.415194905834,163.3669885448139,16.786587023343532,12.0,0.37469413682286246,inside-original-collision-label,1.0,1.0,26.17071997409391,25.086,1.0847199740939102
I-86627-04-07,86627,validation,tidal,large-collision,7523,4,27863.0,4,7,9217.896220572196,3094.415194905834,163.3669885448139,16.786587023343532,12.0,0.37469413682286246,inside-original-collision-label,1.0,1.0,26.300611581275074,25.486,0.8146115812750745
I-86627-04-08,86627,validation,tidal,large-collision,7523,4,27863.0,4,8,9217.896220572196,3094.415194905834,163.3669885448139,16.786587023343532,12.0,0.37469413682286246,inside-original-collision-label,1.0,1.0,26.57071997409391,25.486,1.0847199740939102
I-86627-05-01,86627,validation,tidal,large-collision,7523,4,27863.0,5,1,9220.521380290915,3084.617965457592,163.3669176639527,16.786643005130927,12.0,0.37469413682286246,inside-original-collision-label,1.0,1.0,25.10061158127507,24.285999999999998,0.8146115812750745
I-86627-05-02,86627,validation,tidal,large-collision,7523,4,27863.0,5,2,9220.521380290915,3084.617965457592,163.3669176639527,16.786643005130927,12.0,0.37469413682286246,inside-original-collision-label,1.0,1.0,25.37071997409391,24.285999999999998,1.0847199740939102
I-86627-05-03,86627,validation,tidal,large-collision,7523,4,27863.0,5,3,9220.521380290915,3084.617965457592,163.3669176639527,16.786643005130927,12.0,0.37469413682286246,inside-original-collision-label,1.0,1.0,25.500611581275074,24.686,0.8146115812750745
I-86627-05-04,86627,validation,tidal,large-collision,7523,4,27863.0,5,4,9220.521380290915,3084.617965457592,163.3669176639527,16.786643005130927,12.0,0.37469413682286246,inside-original-collision-label,1.0,1.0,25.77071997409391,24.686,1.0847199740939102
I-86627-05-05,86627,validation,tidal,large-collision,7523,4,27863.0,5,5,9220.521380290915,3084.617965457592,163.3669176639527,16.786643005130927,12.0,0.37469413682286246,inside-original-collision-label,1.0,1.0,25.900611581275072,25.086,0.8146115812750745
I-86627-05-06,86627,validation,tidal,large-collision,7523,4,27863.0,5,6,9220.521380290915,3084.617965457592,163.3669176639527,16.786643005130927,12.0,0.37469413682286246,inside-original-collision-label,1.0,1.0,26.17071997409391,25.086,1.0847199740939102
I-86627-05-07,86627,validation,tidal,large-collision,7523,4,27863.0,5,7,9220.521380290915,3084.617965457592,163.3669176639527,16.786643005130927,12.0,0.37469413682286246,inside-original-collision-label,1.0,1.0,26.300611581275074,25.486,0.8146115812750745
I-86627-05-08,86627,validation,tidal,large-collision,7523,4,27863.0,5,8,9220.521380290915,3084.617965457592,163.3669176639527,16.786643005130927,12.0,0.37469413682286246,inside-original-collision-label,1.0,1.0,26.57071997409391,25.486,1.0847199740939102
I-86627-06-01,86627,validation,tidal,large-collision,7523,4,27863.0,6,1,9229.019320897674,3088.392185761782,163.36698072315477,16.78669647660745,4.0,0.12489804560762081,inside-original-collision-label,1.0,1.0,25.10061158127507,24.285999999999998,0.8146115812750745
I-86627-06-02,86627,validation,tidal,large-collision,7523,4,27863.0,6,2,9229.019320897674,3088.392185761782,163.36698072315477,16.78669647660745,4.0,0.12489804560762081,inside-original-collision-label,1.0,1.0,25.37071997409391,24.285999999999998,1.0847199740939102
I-86627-06-03,86627,validation,tidal,large-collision,7523,4,27863.0,6,3,9229.019320897674,3088.392185761782,163.36698072315477,16.78669647660745,4.0,0.12489804560762081,inside-original-collision-label,1.0,1.0,25.500611581275074,24.686,0.8146115812750745
I-86627-06-04,86627,validation,tidal,large-collision,7523,4,27863.0,6,4,9229.019320897674,3088.392185761782,163.36698072315477,16.78669647660745,4.0,0.12489804560762081,inside-original-collision-label,1.0,1.0,25.77071997409391,24.686,1.0847199740939102
I-86627-06-05,86627,validation,tidal,large-collision,7523,4,27863.0,6,5,9229.019320897674,3088.392185761782,163.36698072315477,16.78669647660745,4.0,0.12489804560762081,inside-original-collision-label,1.0,1.0,25.900611581275072,25.086,0.8146115812750745
I-86627-06-06,86627,validation,tidal,large-collision,7523,4,27863.0,6,6,9229.019320897674,3088.392185761782,163.36698072315477,16.78669647660745,4.0,0.12489804560762081,inside-original-collision-label,1.0,1.0,26.17071997409391,25.086,1.0847199740939102
I-86627-06-07,86627,validation,tidal,large-collision,7523,4,27863.0,6,7,9229.019320897674,3088.392185761782,163.36698072315477,16.78669647660745,4.0,0.12489804560762081,inside-original-collision-label,1.0,1.0,26.300611581275074,25.486,0.8146115812750745
I-86627-06-08,86627,validation,tidal,large-collision,7523,4,27863.0,6,8,9229.019320897674,3088.392185761782,163.36698072315477,16.78669647660745,4.0,0.12489804560762081,inside-original-collision-label,1.0,1.0,26.57071997409391,25.486,1.0847199740939102
I-86627-07-01,86627,validation,tidal,large-collision,7523,4,27863.0,7,1,9227.63013547634,3080.5137237376844,163.36691056378547,16.78671387424894,12.0,0.37469413682286246,inside-original-collision-label,1.0,1.0,25.10061158127507,24.285999999999998,0.8146115812750745
I-86627-07-02,86627,validation,tidal,large-collision,7523,4,27863.0,7,2,9227.63013547634,3080.5137237376844,163.36691056378547,16.78671387424894,12.0,0.37469413682286246,inside-original-collision-label,1.0,1.0,25.37071997409391,24.285999999999998,1.0847199740939102
I-86627-07-03,86627,validation,tidal,large-collision,7523,4,27863.0,7,3,9227.63013547634,3080.5137237376844,163.36691056378547,16.78671387424894,12.0,0.37469413682286246,inside-original-collision-label,1.0,1.0,25.500611581275074,24.686,0.8146115812750745
I-86627-07-04,86627,validation,tidal,large-collision,7523,4,27863.0,7,4,9227.63013547634,3080.5137237376844,163.36691056378547,16.78671387424894,12.0,0.37469413682286246,inside-original-collision-label,1.0,1.0,25.77071997409391,24.686,1.0847199740939102
I-86627-07-05,86627,validation,tidal,large-collision,7523,4,27863.0,7,5,9227.63013547634,3080.5137237376844,163.36691056378547,16.78671387424894,12.0,0.37469413682286246,inside-original-collision-label,1.0,1.0,25.900611581275072,25.086,0.8146115812750745
I-86627-07-06,86627,validation,tidal,large-collision,7523,4,27863.0,7,6,9227.63013547634,3080.5137237376844,163.36691056378547,16.78671387424894,12.0,0.37469413682286246,inside-original-collision-label,1.0,1.0,26.17071997409391,25.086,1.0847199740939102
I-86627-07-07,86627,validation,tidal,large-collision,7523,4,27863.0,7,7,9227.63013547634,3080.5137237376844,163.36691056378547,16.78671387424894,12.0,0.37469413682286246,inside-original-collision-label,1.0,1.0,26.300611581275074,25.486,0.8146115812750745
I-86627-07-08,86627,validation,tidal,large-collision,7523,4,27863.0,7,8,9227.63013547634,3080.5137237376844,163.36691056378547,16.78671387424894,12.0,0.37469413682286246,inside-original-collision-label,1.0,1.0,26.57071997409391,25.486,1.0847199740939102
I-86627-08-01,86627,validation,tidal,large-collision,7523,4,27863.0,8,1,9235.713913608342,3081.9391119284173,163.36695270615604,16.78677253254607,12.0,0.37469413682286246,inside-original-collision-label,1.0,1.0,25.10061158127507,24.285999999999998,0.8146115812750745
I-86627-08-02,86627,validation,tidal,large-collision,7523,4,27863.0,8,2,9235.713913608342,3081.9391119284173,163.36695270615604,16.78677253254607,12.0,0.37469413682286246,inside-original-collision-label,1.0,1.0,25.37071997409391,24.285999999999998,1.0847199740939102
I-86627-08-03,86627,validation,tidal,large-collision,7523,4,27863.0,8,3,9235.713913608342,3081.9391119284173,163.36695270615604,16.78677253254607,12.0,0.37469413682286246,inside-original-collision-label,1.0,1.0,25.500611581275074,24.686,0.8146115812750745
I-86627-08-04,86627,validation,tidal,large-collision,7523,4,27863.0,8,4,9235.713913608342,3081.9391119284173,163.36695270615604,16.78677253254607,12.0,0.37469413682286246,inside-original-collision-label,1.0,1.0,25.77071997409391,24.686,1.0847199740939102
I-86627-08-05,86627,validation,tidal,large-collision,7523,4,27863.0,8,5,9235.713913608342,3081.9391119284173,163.36695270615604,16.78677253254607,12.0,0.37469413682286246,inside-original-collision-label,1.0,1.0,25.900611581275072,25.086,0.8146115812750745
I-86627-08-06,86627,validation,tidal,large-collision,7523,4,27863.0,8,6,9235.713913608342,3081.9391119284173,163.36695270615604,16.78677253254607,12.0,0.37469413682286246,inside-original-collision-label,1.0,1.0,26.17071997409391,25.086,1.0847199740939102
I-86627-08-07,86627,validation,tidal,large-collision,7523,4,27863.0,8,7,9235.713913608342,3081.9391119284173,163.36695270615604,16.78677253254607,12.0,0.37469413682286246,inside-original-collision-label,1.0,1.0,26.300611581275074,25.486,0.8146115812750745
I-86627-08-08,86627,validation,tidal,large-collision,7523,4,27863.0,8,8,9235.713913608342,3081.9391119284173,163.36695270615604,16.78677253254607,12.0,0.37469413682286246,inside-original-collision-label,1.0,1.0,26.57071997409391,25.486,1.0847199740939102
I-91477-01-01,91477,validation,tidal,large-collision,7523,4,27863.0,1,1,9186.173558425766,3166.571744222724,163.36746400191086,16.786076960304882,7.5,0.23418383551428903,inside-original-collision-label,1.0,1.0,25.316611581275072,24.502,0.8146115812750745
I-91477-01-02,91477,validation,tidal,large-collision,7523,4,27863.0,1,2,9186.173558425766,3166.571744222724,163.36746400191086,16.786076960304882,7.5,0.23418383551428903,inside-original-collision-label,1.0,1.0,25.58671997409391,24.502,1.0847199740939102
I-91477-01-03,91477,validation,tidal,large-collision,7523,4,27863.0,1,3,9186.173558425766,3166.571744222724,163.36746400191086,16.786076960304882,7.5,0.23418383551428903,inside-original-collision-label,1.0,1.0,25.716611581275075,24.902,0.8146115812750745
I-91477-01-04,91477,validation,tidal,large-collision,7523,4,27863.0,1,4,9186.173558425766,3166.571744222724,163.36746400191086,16.786076960304882,7.5,0.23418383551428903,inside-original-collision-label,1.0,1.0,25.986719974093912,24.902,1.0847199740939102
I-91477-01-05,91477,validation,tidal,large-collision,7523,4,27863.0,1,5,9186.173558425766,3166.571744222724,163.36746400191086,16.786076960304882,7.5,0.23418383551428903,inside-original-collision-label,1.0,1.0,26.116611581275073,25.302,0.8146115812750745
I-91477-01-06,91477,validation,tidal,large-collision,7523,4,27863.0,1,6,9186.173558425766,3166.571744222724,163.36746400191086,16.786076960304882,7.5,0.23418383551428903,inside-original-collision-label,1.0,1.0,26.38671997409391,25.302,1.0847199740939102
I-91477-01-07,91477,validation,tidal,large-collision,7523,4,27863.0,1,7,9186.173558425766,3166.571744222724,163.36746400191086,16.786076960304882,7.5,0.23418383551428903,inside-original-collision-label,1.0,1.0,26.516611581275075,25.702,0.8146115812750745
I-91477-01-08,91477,validation,tidal,large-collision,7523,4,27863.0,1,8,9186.173558425766,3166.571744222724,163.36746400191086,16.786076960304882,7.5,0.23418383551428903,inside-original-collision-label,1.0,1.0,26.786719974093913,25.702,1.0847199740939102
I-91477-02-01,91477,validation,tidal,large-collision,7523,4,27863.0,2,1,9188.093806935089,3173.1678732407613,163.36752558847706,16.786068369078446,11.5,0.35908188112190986,inside-original-collision-label,0.6,0.6,25.316611581275072,24.502,0.8146115812750745
I-91477-02-02,91477,validation,tidal,large-collision,7523,4,27863.0,2,2,9188.093806935089,3173.1678732407613,163.36752558847706,16.786068369078446,11.5,0.35908188112190986,inside-original-collision-label,0.6,0.6,25.58671997409391,24.502,1.0847199740939102
I-91477-02-03,91477,validation,tidal,large-collision,7523,4,27863.0,2,3,9188.093806935089,3173.1678732407613,163.36752558847706,16.786068369078446,11.5,0.35908188112190986,inside-original-collision-label,0.6,0.6,25.716611581275075,24.902,0.8146115812750745
I-91477-02-04,91477,validation,tidal,large-collision,7523,4,27863.0,2,4,9188.093806935089,3173.1678732407613,163.36752558847706,16.786068369078446,11.5,0.35908188112190986,inside-original-collision-label,0.6,0.6,25.986719974093912,24.902,1.0847199740939102
I-91477-02-05,91477,validation,tidal,large-collision,7523,4,27863.0,2,5,9188.093806935089,3173.1678732407613,163.36752558847706,16.786068369078446,11.5,0.35908188112190986,inside-original-collision-label,0.6,0.6,26.116611581275073,25.302,0.8146115812750745
I-91477-02-06,91477,validation,tidal,large-collision,7523,4,27863.0,2,6,9188.093806935089,3173.1678732407613,163.36752558847706,16.786068369078446,11.5,0.35908188112190986,inside-original-collision-label,0.6,0.6,26.38671997409391,25.302,1.0847199740939102
I-91477-02-07,91477,validation,tidal,large-collision,7523,4,27863.0,2,7,9188.093806935089,3173.1678732407613,163.36752558847706,16.786068369078446,11.5,0.35908188112190986,inside-original-collision-label,0.6,0.6,26.516611581275075,25.702,0.8146115812750745
I-91477-02-08,91477,validation,tidal,large-collision,7523,4,27863.0,2,8,9188.093806935089,3173.1678732407613,163.36752558847706,16.786068369078446,11.5,0.35908188112190986,inside-original-collision-label,0.6,0.6,26.786719974093913,25.702,1.0847199740939102
I-91477-03-01,91477,validation,tidal,large-collision,7523,4,27863.0,3,1,9168.281253580353,3160.571744222724,163.3673472758072,16.785957370069713,12.0,0.37469413682286246,inside-original-collision-label,0.72,0.72,25.316611581275072,24.502,0.8146115812750745
I-91477-03-02,91477,validation,tidal,large-collision,7523,4,27863.0,3,2,9168.281253580353,3160.571744222724,163.3673472758072,16.785957370069713,12.0,0.37469413682286246,inside-original-collision-label,0.72,0.72,25.58671997409391,24.502,1.0847199740939102
I-91477-03-03,91477,validation,tidal,large-collision,7523,4,27863.0,3,3,9168.281253580353,3160.571744222724,163.3673472758072,16.785957370069713,12.0,0.37469413682286246,inside-original-collision-label,0.72,0.72,25.716611581275075,24.902,0.8146115812750745
I-91477-03-04,91477,validation,tidal,large-collision,7523,4,27863.0,3,4,9168.281253580353,3160.571744222724,163.3673472758072,16.785957370069713,12.0,0.37469413682286246,inside-original-collision-label,0.72,0.72,25.986719974093912,24.902,1.0847199740939102
I-91477-03-05,91477,validation,tidal,large-collision,7523,4,27863.0,3,5,9168.281253580353,3160.571744222724,163.3673472758072,16.785957370069713,12.0,0.37469413682286246,inside-original-collision-label,0.72,0.72,26.116611581275073,25.302,0.8146115812750745
I-91477-03-06,91477,validation,tidal,large-collision,7523,4,27863.0,3,6,9168.281253580353,3160.571744222724,163.3673472758072,16.785957370069713,12.0,0.37469413682286246,inside-original-collision-label,0.72,0.72,26.38671997409391,25.302,1.0847199740939102
I-91477-03-07,91477,validation,tidal,large-collision,7523,4,27863.0,3,7,9168.281253580353,3160.571744222724,163.3673472758072,16.785957370069713,12.0,0.37469413682286246,inside-original-collision-label,0.72,0.72,26.516611581275075,25.702,0.8146115812750745
I-91477-03-08,91477,validation,tidal,large-collision,7523,4,27863.0,3,8,9168.281253580353,3160.571744222724,163.3673472758072,16.785957370069713,12.0,0.37469413682286246,inside-original-collision-label,0.72,0.72,26.786719974093913,25.702,1.0847199740939102
I-91477-04-01,91477,validation,tidal,large-collision,7523,4,27863.0,4,1,9172.673558425766,3156.179439377311,163.36732758803808,16.786007840609336,12.0,0.37469413682286246,inside-original-collision-label,0.64,0.64,25.316611581275072,24.502,0.8146115812750745
I-91477-04-02,91477,validation,tidal,large-collision,7523,4,27863.0,4,2,9172.673558425766,3156.179439377311,163.36732758803808,16.786007840609336,12.0,0.37469413682286246,inside-original-collision-label,0.64,0.64,25.58671997409391,24.502,1.0847199740939102
I-91477-04-03,91477,validation,tidal,large-collision,7523,4,27863.0,4,3,9172.673558425766,3156.179439377311,163.36732758803808,16.786007840609336,12.0,0.37469413682286246,inside-original-collision-label,0.64,0.64,25.716611581275075,24.902,0.8146115812750745
I-91477-04-04,91477,validation,tidal,large-collision,7523,4,27863.0,4,4,9172.673558425766,3156.179439377311,163.36732758803808,16.786007840609336,12.0,0.37469413682286246,inside-original-collision-label,0.64,0.64,25.986719974093912,24.902,1.0847199740939102
I-91477-04-05,91477,validation,tidal,large-collision,7523,4,27863.0,4,5,9172.673558425766,3156.179439377311,163.36732758803808,16.786007840609336,12.0,0.37469413682286246,inside-original-collision-label,0.64,0.64,26.116611581275073,25.302,0.8146115812750745
I-91477-04-06,91477,validation,tidal,large-collision,7523,4,27863.0,4,6,9172.673558425766,3156.179439377311,163.36732758803808,16.786007840609336,12.0,0.37469413682286246,inside-original-collision-label,0.64,0.64,26.38671997409391,25.302,1.0847199740939102
I-91477-04-07,91477,validation,tidal,large-collision,7523,4,27863.0,4,7,9172.673558425766,3156.179439377311,163.36732758803808,16.786007840609336,12.0,0.37469413682286246,inside-original-collision-label,0.64,0.64,26.516611581275075,25.702,0.8146115812750745
I-91477-04-08,91477,validation,tidal,large-collision,7523,4,27863.0,4,8,9172.673558425766,3156.179439377311,163.36732758803808,16.786007840609336,12.0,0.37469413682286246,inside-original-collision-label,0.64,0.64,26.786719974093913,25.702,1.0847199740939102
I-91477-05-01,91477,validation,tidal,large-collision,7523,4,27863.0,5,1,9177.638282245356,3162.708040917568,163.3674000648642,16.78602351646884,4.0,0.12489804560762081,inside-original-collision-label,0.64,0.64,25.316611581275072,24.502,0.8146115812750745
I-91477-05-02,91477,validation,tidal,large-collision,7523,4,27863.0,5,2,9177.638282245356,3162.708040917568,163.3674000648642,16.78602351646884,4.0,0.12489804560762081,inside-original-collision-label,0.64,0.64,25.58671997409391,24.502,1.0847199740939102
I-91477-05-03,91477,validation,tidal,large-collision,7523,4,27863.0,5,3,9177.638282245356,3162.708040917568,163.3674000648642,16.78602351646884,4.0,0.12489804560762081,inside-original-collision-label,0.64,0.64,25.716611581275075,24.902,0.8146115812750745
I-91477-05-04,91477,validation,tidal,large-collision,7523,4,27863.0,5,4,9177.638282245356,3162.708040917568,163.3674000648642,16.78602351646884,4.0,0.12489804560762081,inside-original-collision-label,0.64,0.64,25.986719974093912,24.902,1.0847199740939102
I-91477-05-05,91477,validation,tidal,large-collision,7523,4,27863.0,5,5,9177.638282245356,3162.708040917568,163.3674000648642,16.78602351646884,4.0,0.12489804560762081,inside-original-collision-label,0.64,0.64,26.116611581275073,25.302,0.8146115812750745
I-91477-05-06,91477,validation,tidal,large-collision,7523,4,27863.0,5,6,9177.638282245356,3162.708040917568,163.3674000648642,16.78602351646884,4.0,0.12489804560762081,inside-original-collision-label,0.64,0.64,26.38671997409391,25.302,1.0847199740939102
I-91477-05-07,91477,validation,tidal,large-collision,7523,4,27863.0,5,7,9177.638282245356,3162.708040917568,163.3674000648642,16.78602351646884,4.0,0.12489804560762081,inside-original-collision-label,0.64,0.64,26.516611581275075,25.702,0.8146115812750745
I-91477-05-08,91477,validation,tidal,large-collision,7523,4,27863.0,5,8,9177.638282245356,3162.708040917568,163.3674000648642,16.78602351646884,4.0,0.12489804560762081,inside-original-collision-label,0.64,0.64,26.786719974093913,25.702,1.0847199740939102
I-91477-06-01,91477,validation,tidal,large-collision,7523,4,27863.0,6,1,9180.757336557768,3154.7540511865777,163.36734623368523,16.786076760672003,12.0,0.37469413682286246,inside-original-collision-label,1.0,1.0,25.316611581275072,24.502,0.8146115812750745
I-91477-06-02,91477,validation,tidal,large-collision,7523,4,27863.0,6,2,9180.757336557768,3154.7540511865777,163.36734623368523,16.786076760672003,12.0,0.37469413682286246,inside-original-collision-label,1.0,1.0,25.58671997409391,24.502,1.0847199740939102
I-91477-06-03,91477,validation,tidal,large-collision,7523,4,27863.0,6,3,9180.757336557768,3154.7540511865777,163.36734623368523,16.786076760672003,12.0,0.37469413682286246,inside-original-collision-label,1.0,1.0,25.716611581275075,24.902,0.8146115812750745
I-91477-06-04,91477,validation,tidal,large-collision,7523,4,27863.0,6,4,9180.757336557768,3154.7540511865777,163.36734623368523,16.786076760672003,12.0,0.37469413682286246,inside-original-collision-label,1.0,1.0,25.986719974093912,24.902,1.0847199740939102
I-91477-06-05,91477,validation,tidal,large-collision,7523,4,27863.0,6,5,9180.757336557768,3154.7540511865777,163.36734623368523,16.786076760672003,12.0,0.37469413682286246,inside-original-collision-label,1.0,1.0,26.116611581275073,25.302,0.8146115812750745
I-91477-06-06,91477,validation,tidal,large-collision,7523,4,27863.0,6,6,9180.757336557768,3154.7540511865777,163.36734623368523,16.786076760672003,12.0,0.37469413682286246,inside-original-collision-label,1.0,1.0,26.38671997409391,25.302,1.0847199740939102
I-91477-06-07,91477,validation,tidal,large-collision,7523,4,27863.0,6,7,9180.757336557768,3154.7540511865777,163.36734623368523,16.786076760672003,12.0,0.37469413682286246,inside-original-collision-label,1.0,1.0,26.516611581275075,25.702,0.8146115812750745
I-91477-06-08,91477,validation,tidal,large-collision,7523,4,27863.0,6,8,9180.757336557768,3154.7540511865777,163.36734623368523,16.786076760672003,12.0,0.37469413682286246,inside-original-collision-label,1.0,1.0,26.786719974093913,25.702,1.0847199740939102
I-91477-07-01,91477,validation,tidal,large-collision,7523,4,27863.0,7,1,9182.423558425766,3160.076553694341,163.36739636765262,16.786070749590472,7.5,0.23418383551428903,inside-original-collision-label,1.0,1.0,25.316611581275072,24.502,0.8146115812750745
I-91477-07-02,91477,validation,tidal,large-collision,7523,4,27863.0,7,2,9182.423558425766,3160.076553694341,163.36739636765262,16.786070749590472,7.5,0.23418383551428903,inside-original-collision-label,1.0,1.0,25.58671997409391,24.502,1.0847199740939102
I-91477-07-03,91477,validation,tidal,large-collision,7523,4,27863.0,7,3,9182.423558425766,3160.076553694341,163.36739636765262,16.786070749590472,7.5,0.23418383551428903,inside-original-collision-label,1.0,1.0,25.716611581275075,24.902,0.8146115812750745
I-91477-07-04,91477,validation,tidal,large-collision,7523,4,27863.0,7,4,9182.423558425766,3160.076553694341,163.36739636765262,16.786070749590472,7.5,0.23418383551428903,inside-original-collision-label,1.0,1.0,25.986719974093912,24.902,1.0847199740939102
I-91477-07-05,91477,validation,tidal,large-collision,7523,4,27863.0,7,5,9182.423558425766,3160.076553694341,163.36739636765262,16.786070749590472,7.5,0.23418383551428903,inside-original-collision-label,1.0,1.0,26.116611581275073,25.302,0.8146115812750745
I-91477-07-06,91477,validation,tidal,large-collision,7523,4,27863.0,7,6,9182.423558425766,3160.076553694341,163.36739636765262,16.786070749590472,7.5,0.23418383551428903,inside-original-collision-label,1.0,1.0,26.38671997409391,25.302,1.0847199740939102
I-91477-07-07,91477,validation,tidal,large-collision,7523,4,27863.0,7,7,9182.423558425766,3160.076553694341,163.36739636765262,16.786070749590472,7.5,0.23418383551428903,inside-original-collision-label,1.0,1.0,26.516611581275075,25.702,0.8146115812750745
I-91477-07-08,91477,validation,tidal,large-collision,7523,4,27863.0,7,8,9182.423558425766,3160.076553694341,163.36739636765262,16.786070749590472,7.5,0.23418383551428903,inside-original-collision-label,1.0,1.0,26.786719974093913,25.702,1.0847199740939102
I-91477-08-01,91477,validation,tidal,large-collision,7523,4,27863.0,8,1,9187.866091743193,3158.8582929064855,163.36740678975613,16.78611808198222,12.0,0.37469413682286246,inside-original-collision-label,1.0,1.0,25.316611581275072,24.502,0.8146115812750745
I-91477-08-02,91477,validation,tidal,large-collision,7523,4,27863.0,8,2,9187.866091743193,3158.8582929064855,163.36740678975613,16.78611808198222,12.0,0.37469413682286246,inside-original-collision-label,1.0,1.0,25.58671997409391,24.502,1.0847199740939102
I-91477-08-03,91477,validation,tidal,large-collision,7523,4,27863.0,8,3,9187.866091743193,3158.8582929064855,163.36740678975613,16.78611808198222,12.0,0.37469413682286246,inside-original-collision-label,1.0,1.0,25.716611581275075,24.902,0.8146115812750745
I-91477-08-04,91477,validation,tidal,large-collision,7523,4,27863.0,8,4,9187.866091743193,3158.8582929064855,163.36740678975613,16.78611808198222,12.0,0.37469413682286246,inside-original-collision-label,1.0,1.0,25.986719974093912,24.902,1.0847199740939102
I-91477-08-05,91477,validation,tidal,large-collision,7523,4,27863.0,8,5,9187.866091743193,3158.8582929064855,163.36740678975613,16.78611808198222,12.0,0.37469413682286246,inside-original-collision-label,1.0,1.0,26.116611581275073,25.302,0.8146115812750745
I-91477-08-06,91477,validation,tidal,large-collision,7523,4,27863.0,8,6,9187.866091743193,3158.8582929064855,163.36740678975613,16.78611808198222,12.0,0.37469413682286246,inside-original-collision-label,1.0,1.0,26.38671997409391,25.302,1.0847199740939102
I-91477-08-07,91477,validation,tidal,large-collision,7523,4,27863.0,8,7,9187.866091743193,3158.8582929064855,163.36740678975613,16.78611808198222,12.0,0.37469413682286246,inside-original-collision-label,1.0,1.0,26.516611581275075,25.702,0.8146115812750745
I-91477-08-08,91477,validation,tidal,large-collision,7523,4,27863.0,8,8,9187.866091743193,3158.8582929064855,163.36740678975613,16.78611808198222,12.0,0.37469413682286246,inside-original-collision-label,1.0,1.0,26.786719974093913,25.702,1.0847199740939102
I-117715-01-01,117715,validation,tidal,large-collision,9953,2,33044.0,1,1,9179.200083020822,3726.0466897528063,163.3720490410221,16.784007955277346,7.5,0.23418383551428903,inside-original-collision-label,0.64,0.64,24.64961158127507,23.834999999999997,0.8146115812750745
I-117715-01-02,117715,validation,tidal,large-collision,9953,2,33044.0,1,2,9179.200083020822,3726.0466897528063,163.3720490410221,16.784007955277346,7.5,0.23418383551428903,inside-original-collision-label,0.64,0.64,24.91971997409391,23.834999999999997,1.0847199740939102
I-117715-01-03,117715,validation,tidal,large-collision,9953,2,33044.0,1,3,9179.200083020822,3726.0466897528063,163.3720490410221,16.784007955277346,7.5,0.23418383551428903,inside-original-collision-label,0.64,0.64,25.049611581275073,24.235,0.8146115812750745
I-117715-01-04,117715,validation,tidal,large-collision,9953,2,33044.0,1,4,9179.200083020822,3726.0466897528063,163.3720490410221,16.784007955277346,7.5,0.23418383551428903,inside-original-collision-label,0.64,0.64,25.31971997409391,24.235,1.0847199740939102
I-117715-01-05,117715,validation,tidal,large-collision,9953,2,33044.0,1,5,9179.200083020822,3726.0466897528063,163.3720490410221,16.784007955277346,7.5,0.23418383551428903,inside-original-collision-label,0.64,0.64,25.44961158127507,24.634999999999998,0.8146115812750745
I-117715-01-06,117715,validation,tidal,large-collision,9953,2,33044.0,1,6,9179.200083020822,3726.0466897528063,163.3720490410221,16.784007955277346,7.5,0.23418383551428903,inside-original-collision-label,0.64,0.64,25.71971997409391,24.634999999999998,1.0847199740939102
I-117715-01-07,117715,validation,tidal,large-collision,9953,2,33044.0,1,7,9179.200083020822,3726.0466897528063,163.3720490410221,16.784007955277346,7.5,0.23418383551428903,inside-original-collision-label,0.64,0.64,25.849611581275074,25.035,0.8146115812750745
I-117715-01-08,117715,validation,tidal,large-collision,9953,2,33044.0,1,8,9179.200083020822,3726.0466897528063,163.3720490410221,16.784007955277346,7.5,0.23418383551428903,inside-original-collision-label,0.64,0.64,26.11971997409391,25.035,1.0847199740939102
I-117715-02-01,117715,validation,tidal,large-collision,9953,2,33044.0,2,1,9180.765150419522,3731.4976044259324,163.37209985232514,16.784000682591714,11.5,0.35908188112190986,inside-original-collision-label,0.68,0.68,24.64961158127507,23.834999999999997,0.8146115812750745
I-117715-02-02,117715,validation,tidal,large-collision,9953,2,33044.0,2,2,9180.765150419522,3731.4976044259324,163.37209985232514,16.784000682591714,11.5,0.35908188112190986,inside-original-collision-label,0.68,0.68,24.91971997409391,23.834999999999997,1.0847199740939102
I-117715-02-03,117715,validation,tidal,large-collision,9953,2,33044.0,2,3,9180.765150419522,3731.4976044259324,163.37209985232514,16.784000682591714,11.5,0.35908188112190986,inside-original-collision-label,0.68,0.68,25.049611581275073,24.235,0.8146115812750745
I-117715-02-04,117715,validation,tidal,large-collision,9953,2,33044.0,2,4,9180.765150419522,3731.4976044259324,163.37209985232514,16.784000682591714,11.5,0.35908188112190986,inside-original-collision-label,0.68,0.68,25.31971997409391,24.235,1.0847199740939102
I-117715-02-05,117715,validation,tidal,large-collision,9953,2,33044.0,2,5,9180.765150419522,3731.4976044259324,163.37209985232514,16.784000682591714,11.5,0.35908188112190986,inside-original-collision-label,0.68,0.68,25.44961158127507,24.634999999999998,0.8146115812750745
I-117715-02-06,117715,validation,tidal,large-collision,9953,2,33044.0,2,6,9180.765150419522,3731.4976044259324,163.37209985232514,16.784000682591714,11.5,0.35908188112190986,inside-original-collision-label,0.68,0.68,25.71971997409391,24.634999999999998,1.0847199740939102
I-117715-02-07,117715,validation,tidal,large-collision,9953,2,33044.0,2,7,9180.765150419522,3731.4976044259324,163.37209985232514,16.784000682591714,11.5,0.35908188112190986,inside-original-collision-label,0.68,0.68,25.849611581275074,25.035,0.8146115812750745
I-117715-02-08,117715,validation,tidal,large-collision,9953,2,33044.0,2,8,9180.765150419522,3731.4976044259324,163.37209985232514,16.784000682591714,11.5,0.35908188112190986,inside-original-collision-label,0.68,0.68,26.11971997409391,25.035,1.0847199740939102
I-117715-03-01,117715,validation,tidal,large-collision,9953,2,33044.0,3,1,9174.24994506906,3727.382155091693,163.37204143530394,16.7839640866521,4.0,0.12489804560762081,inside-original-collision-label,0.88,0.88,24.64961158127507,23.834999999999997,0.8146115812750745
I-117715-03-02,117715,validation,tidal,large-collision,9953,2,33044.0,3,2,9174.24994506906,3727.382155091693,163.37204143530394,16.7839640866521,4.0,0.12489804560762081,inside-original-collision-label,0.88,0.88,24.91971997409391,23.834999999999997,1.0847199740939102
I-117715-03-03,117715,validation,tidal,large-collision,9953,2,33044.0,3,3,9174.24994506906,3727.382155091693,163.37204143530394,16.7839640866521,4.0,0.12489804560762081,inside-original-collision-label,0.88,0.88,25.049611581275073,24.235,0.8146115812750745
I-117715-03-04,117715,validation,tidal,large-collision,9953,2,33044.0,3,4,9174.24994506906,3727.382155091693,163.37204143530394,16.7839640866521,4.0,0.12489804560762081,inside-original-collision-label,0.88,0.88,25.31971997409391,24.235,1.0847199740939102
I-117715-03-05,117715,validation,tidal,large-collision,9953,2,33044.0,3,5,9174.24994506906,3727.382155091693,163.37204143530394,16.7839640866521,4.0,0.12489804560762081,inside-original-collision-label,0.88,0.88,25.44961158127507,24.634999999999998,0.8146115812750745
I-117715-03-06,117715,validation,tidal,large-collision,9953,2,33044.0,3,6,9174.24994506906,3727.382155091693,163.37204143530394,16.7839640866521,4.0,0.12489804560762081,inside-original-collision-label,0.88,0.88,25.71971997409391,24.634999999999998,1.0847199740939102
I-117715-03-07,117715,validation,tidal,large-collision,9953,2,33044.0,3,7,9174.24994506906,3727.382155091693,163.37204143530394,16.7839640866521,4.0,0.12489804560762081,inside-original-collision-label,0.88,0.88,25.849611581275074,25.035,0.8146115812750745
I-117715-03-08,117715,validation,tidal,large-collision,9953,2,33044.0,3,8,9174.24994506906,3727.382155091693,163.37204143530394,16.7839640866521,4.0,0.12489804560762081,inside-original-collision-label,0.88,0.88,26.11971997409391,25.035,1.0847199740939102
I-117715-04-01,117715,validation,tidal,large-collision,9953,2,33044.0,4,1,9171.955639323654,3732.105546914537,163.37207173897443,16.78392897894255,8.0,0.24979609121524163,inside-original-collision-label,0.76,0.76,24.64961158127507,23.834999999999997,0.8146115812750745
I-117715-04-02,117715,validation,tidal,large-collision,9953,2,33044.0,4,2,9171.955639323654,3732.105546914537,163.37207173897443,16.78392897894255,8.0,0.24979609121524163,inside-original-collision-label,0.76,0.76,24.91971997409391,23.834999999999997,1.0847199740939102
I-117715-04-03,117715,validation,tidal,large-collision,9953,2,33044.0,4,3,9171.955639323654,3732.105546914537,163.37207173897443,16.78392897894255,8.0,0.24979609121524163,inside-original-collision-label,0.76,0.76,25.049611581275073,24.235,0.8146115812750745
I-117715-04-04,117715,validation,tidal,large-collision,9953,2,33044.0,4,4,9171.955639323654,3732.105546914537,163.37207173897443,16.78392897894255,8.0,0.24979609121524163,inside-original-collision-label,0.76,0.76,25.31971997409391,24.235,1.0847199740939102
I-117715-04-05,117715,validation,tidal,large-collision,9953,2,33044.0,4,5,9171.955639323654,3732.105546914537,163.37207173897443,16.78392897894255,8.0,0.24979609121524163,inside-original-collision-label,0.76,0.76,25.44961158127507,24.634999999999998,0.8146115812750745
I-117715-04-06,117715,validation,tidal,large-collision,9953,2,33044.0,4,6,9171.955639323654,3732.105546914537,163.37207173897443,16.78392897894255,8.0,0.24979609121524163,inside-original-collision-label,0.76,0.76,25.71971997409391,24.634999999999998,1.0847199740939102
I-117715-04-07,117715,validation,tidal,large-collision,9953,2,33044.0,4,7,9171.955639323654,3732.105546914537,163.37207173897443,16.78392897894255,8.0,0.24979609121524163,inside-original-collision-label,0.76,0.76,25.849611581275074,25.035,0.8146115812750745
I-117715-04-08,117715,validation,tidal,large-collision,9953,2,33044.0,4,8,9171.955639323654,3732.105546914537,163.37207173897443,16.78392897894255,8.0,0.24979609121524163,inside-original-collision-label,0.76,0.76,26.11971997409391,25.035,1.0847199740939102
I-117715-05-01,117715,validation,tidal,large-collision,9953,2,33044.0,5,1,9167.851397603747,3735.381858363968,163.37208331034958,16.783884798451304,12.0,0.37469413682286246,inside-original-collision-label,1.0,1.0,24.64961158127507,23.834999999999997,0.8146115812750745
I-117715-05-02,117715,validation,tidal,large-collision,9953,2,33044.0,5,2,9167.851397603747,3735.381858363968,163.37208331034958,16.783884798451304,12.0,0.37469413682286246,inside-original-collision-label,1.0,1.0,24.91971997409391,23.834999999999997,1.0847199740939102
I-117715-05-03,117715,validation,tidal,large-collision,9953,2,33044.0,5,3,9167.851397603747,3735.381858363968,163.37208331034958,16.783884798451304,12.0,0.37469413682286246,inside-original-collision-label,1.0,1.0,25.049611581275073,24.235,0.8146115812750745
I-117715-05-04,117715,validation,tidal,large-collision,9953,2,33044.0,5,4,9167.851397603747,3735.381858363968,163.37208331034958,16.783884798451304,12.0,0.37469413682286246,inside-original-collision-label,1.0,1.0,25.31971997409391,24.235,1.0847199740939102
I-117715-05-05,117715,validation,tidal,large-collision,9953,2,33044.0,5,5,9167.851397603747,3735.381858363968,163.37208331034958,16.783884798451304,12.0,0.37469413682286246,inside-original-collision-label,1.0,1.0,25.44961158127507,24.634999999999998,0.8146115812750745
I-117715-05-06,117715,validation,tidal,large-collision,9953,2,33044.0,5,6,9167.851397603747,3735.381858363968,163.37208331034958,16.783884798451304,12.0,0.37469413682286246,inside-original-collision-label,1.0,1.0,25.71971997409391,24.634999999999998,1.0847199740939102
I-117715-05-07,117715,validation,tidal,large-collision,9953,2,33044.0,5,7,9167.851397603747,3735.381858363968,163.37208331034958,16.783884798451304,12.0,0.37469413682286246,inside-original-collision-label,1.0,1.0,25.849611581275074,25.035,0.8146115812750745
I-117715-05-08,117715,validation,tidal,large-collision,9953,2,33044.0,5,8,9167.851397603747,3735.381858363968,163.37208331034958,16.783884798451304,12.0,0.37469413682286246,inside-original-collision-label,1.0,1.0,26.11971997409391,25.035,1.0847199740939102
I-117715-06-01,117715,validation,tidal,large-collision,9953,2,33044.0,6,1,9162.763106006227,3731.818998230776,163.37203481305335,16.78385747292957,12.0,0.37469413682286246,inside-original-collision-label,0.76,0.76,24.64961158127507,23.834999999999997,0.8146115812750745
I-117715-06-02,117715,validation,tidal,large-collision,9953,2,33044.0,6,2,9162.763106006227,3731.818998230776,163.37203481305335,16.78385747292957,12.0,0.37469413682286246,inside-original-collision-label,0.76,0.76,24.91971997409391,23.834999999999997,1.0847199740939102
I-117715-06-03,117715,validation,tidal,large-collision,9953,2,33044.0,6,3,9162.763106006227,3731.818998230776,163.37203481305335,16.78385747292957,12.0,0.37469413682286246,inside-original-collision-label,0.76,0.76,25.049611581275073,24.235,0.8146115812750745
I-117715-06-04,117715,validation,tidal,large-collision,9953,2,33044.0,6,4,9162.763106006227,3731.818998230776,163.37203481305335,16.78385747292957,12.0,0.37469413682286246,inside-original-collision-label,0.76,0.76,25.31971997409391,24.235,1.0847199740939102
I-117715-06-05,117715,validation,tidal,large-collision,9953,2,33044.0,6,5,9162.763106006227,3731.818998230776,163.37203481305335,16.78385747292957,12.0,0.37469413682286246,inside-original-collision-label,0.76,0.76,25.44961158127507,24.634999999999998,0.8146115812750745
I-117715-06-06,117715,validation,tidal,large-collision,9953,2,33044.0,6,6,9162.763106006227,3731.818998230776,163.37203481305335,16.78385747292957,12.0,0.37469413682286246,inside-original-collision-label,0.76,0.76,25.71971997409391,24.634999999999998,1.0847199740939102
I-117715-06-07,117715,validation,tidal,large-collision,9953,2,33044.0,6,7,9162.763106006227,3731.818998230776,163.37203481305335,16.78385747292957,12.0,0.37469413682286246,inside-original-collision-label,0.76,0.76,25.849611581275074,25.035,0.8146115812750745
I-117715-06-08,117715,validation,tidal,large-collision,9953,2,33044.0,6,8,9162.763106006227,3731.818998230776,163.37203481305335,16.78385747292957,12.0,0.37469413682286246,inside-original-collision-label,0.76,0.76,26.11971997409391,25.035,1.0847199740939102
I-117715-07-01,117715,validation,tidal,large-collision,9953,2,33044.0,7,1,9168.6790311465,3726.399852659941,163.37201239234975,16.783923663157637,4.0,0.12489804560762081,inside-original-collision-label,0.64,0.64,24.64961158127507,23.834999999999997,0.8146115812750745
I-117715-07-02,117715,validation,tidal,large-collision,9953,2,33044.0,7,2,9168.6790311465,3726.399852659941,163.37201239234975,16.783923663157637,4.0,0.12489804560762081,inside-original-collision-label,0.64,0.64,24.91971997409391,23.834999999999997,1.0847199740939102
I-117715-07-03,117715,validation,tidal,large-collision,9953,2,33044.0,7,3,9168.6790311465,3726.399852659941,163.37201239234975,16.783923663157637,4.0,0.12489804560762081,inside-original-collision-label,0.64,0.64,25.049611581275073,24.235,0.8146115812750745
I-117715-07-04,117715,validation,tidal,large-collision,9953,2,33044.0,7,4,9168.6790311465,3726.399852659941,163.37201239234975,16.783923663157637,4.0,0.12489804560762081,inside-original-collision-label,0.64,0.64,25.31971997409391,24.235,1.0847199740939102
I-117715-07-05,117715,validation,tidal,large-collision,9953,2,33044.0,7,5,9168.6790311465,3726.399852659941,163.37201239234975,16.783923663157637,4.0,0.12489804560762081,inside-original-collision-label,0.64,0.64,25.44961158127507,24.634999999999998,0.8146115812750745
I-117715-07-06,117715,validation,tidal,large-collision,9953,2,33044.0,7,6,9168.6790311465,3726.399852659941,163.37201239234975,16.783923663157637,4.0,0.12489804560762081,inside-original-collision-label,0.64,0.64,25.71971997409391,24.634999999999998,1.0847199740939102
I-117715-07-07,117715,validation,tidal,large-collision,9953,2,33044.0,7,7,9168.6790311465,3726.399852659941,163.37201239234975,16.783923663157637,4.0,0.12489804560762081,inside-original-collision-label,0.64,0.64,25.849611581275074,25.035,0.8146115812750745
I-117715-07-08,117715,validation,tidal,large-collision,9953,2,33044.0,7,8,9168.6790311465,3726.399852659941,163.37201239234975,16.783923663157637,4.0,0.12489804560762081,inside-original-collision-label,0.64,0.64,26.11971997409391,25.035,1.0847199740939102
I-117715-08-01,117715,validation,tidal,large-collision,9953,2,33044.0,8,1,9183.546749239124,3720.999718373307,163.37202378731735,16.784060422836443,12.0,0.37469413682286246,inside-original-collision-label,0.68,0.68,24.64961158127507,23.834999999999997,0.8146115812750745
I-117715-08-02,117715,validation,tidal,large-collision,9953,2,33044.0,8,2,9183.546749239124,3720.999718373307,163.37202378731735,16.784060422836443,12.0,0.37469413682286246,inside-original-collision-label,0.68,0.68,24.91971997409391,23.834999999999997,1.0847199740939102
I-117715-08-03,117715,validation,tidal,large-collision,9953,2,33044.0,8,3,9183.546749239124,3720.999718373307,163.37202378731735,16.784060422836443,12.0,0.37469413682286246,inside-original-collision-label,0.68,0.68,25.049611581275073,24.235,0.8146115812750745
I-117715-08-04,117715,validation,tidal,large-collision,9953,2,33044.0,8,4,9183.546749239124,3720.999718373307,163.37202378731735,16.784060422836443,12.0,0.37469413682286246,inside-original-collision-label,0.68,0.68,25.31971997409391,24.235,1.0847199740939102
I-117715-08-05,117715,validation,tidal,large-collision,9953,2,33044.0,8,5,9183.546749239124,3720.999718373307,163.37202378731735,16.784060422836443,12.0,0.37469413682286246,inside-original-collision-label,0.68,0.68,25.44961158127507,24.634999999999998,0.8146115812750745
I-117715-08-06,117715,validation,tidal,large-collision,9953,2,33044.0,8,6,9183.546749239124,3720.999718373307,163.37202378731735,16.784060422836443,12.0,0.37469413682286246,inside-original-collision-label,0.68,0.68,25.71971997409391,24.634999999999998,1.0847199740939102
I-117715-08-07,117715,validation,tidal,large-collision,9953,2,33044.0,8,7,9183.546749239124,3720.999718373307,163.37202378731735,16.784060422836443,12.0,0.37469413682286246,inside-original-collision-label,0.68,0.68,25.849611581275074,25.035,0.8146115812750745
I-117715-08-08,117715,validation,tidal,large-collision,9953,2,33044.0,8,8,9183.546749239124,3720.999718373307,163.37202378731735,16.784060422836443,12.0,0.37469413682286246,inside-original-collision-label,0.68,0.68,26.11971997409391,25.035,1.0847199740939102
