1 1 9691.664369 1788.283091 25.061612 24.247000
1 1 9691.664369 1788.283091 25.331720 24.247000
1 1 9691.664369 1788.283091 25.461612 24.647000
1 1 9691.664369 1788.283091 25.731720 24.647000
1 1 9691.664369 1788.283091 25.861612 25.047000
1 1 9691.664369 1788.283091 26.131720 25.047000
1 1 9691.664369 1788.283091 26.261612 25.447000
1 1 9691.664369 1788.283091 26.531720 25.447000
1 1 9682.080591 1800.100784 25.061612 24.247000
1 1 9682.080591 1800.100784 25.331720 24.247000
1 1 9682.080591 1800.100784 25.461612 24.647000
1 1 9682.080591 1800.100784 25.731720 24.647000
1 1 9682.080591 1800.100784 25.861612 25.047000
1 1 9682.080591 1800.100784 26.131720 25.047000
1 1 9682.080591 1800.100784 26.261612 25.447000
1 1 9682.080591 1800.100784 26.531720 25.447000
1 1 9681.100191 1790.854241 25.061612 24.247000
1 1 9681.100191 1790.854241 25.331720 24.247000
1 1 9681.100191 1790.854241 25.461612 24.647000
1 1 9681.100191 1790.854241 25.731720 24.647000
1 1 9681.100191 1790.854241 25.861612 25.047000
1 1 9681.100191 1790.854241 26.131720 25.047000
1 1 9681.100191 1790.854241 26.261612 25.447000
1 1 9681.100191 1790.854241 26.531720 25.447000
1 1 9674.971836 1795.996542 25.061612 24.247000
1 1 9674.971836 1795.996542 25.331720 24.247000
1 1 9674.971836 1795.996542 25.461612 24.647000
1 1 9674.971836 1795.996542 25.731720 24.647000
1 1 9674.971836 1795.996542 25.861612 25.047000
1 1 9674.971836 1795.996542 26.131720 25.047000
1 1 9674.971836 1795.996542 26.261612 25.447000
1 1 9674.971836 1795.996542 26.531720 25.447000
1 1 9672.164369 1788.283091 25.061612 24.247000
1 1 9672.164369 1788.283091 25.331720 24.247000
1 1 9672.164369 1788.283091 25.461612 24.647000
1 1 9672.164369 1788.283091 25.731720 24.647000
1 1 9672.164369 1788.283091 25.861612 25.047000
1 1 9672.164369 1788.283091 26.131720 25.047000
1 1 9672.164369 1788.283091 26.261612 25.447000
1 1 9672.164369 1788.283091 26.531720 25.447000
1 1 9674.971836 1780.569639 25.061612 24.247000
1 1 9674.971836 1780.569639 25.331720 24.247000
1 1 9674.971836 1780.569639 25.461612 24.647000
1 1 9674.971836 1780.569639 25.731720 24.647000
1 1 9674.971836 1780.569639 25.861612 25.047000
1 1 9674.971836 1780.569639 26.131720 25.047000
1 1 9674.971836 1780.569639 26.261612 25.447000
1 1 9674.971836 1780.569639 26.531720 25.447000
1 1 9682.080591 1776.465398 25.061612 24.247000
1 1 9682.080591 1776.465398 25.331720 24.247000
1 1 9682.080591 1776.465398 25.461612 24.647000
1 1 9682.080591 1776.465398 25.731720 24.647000
1 1 9682.080591 1776.465398 25.861612 25.047000
1 1 9682.080591 1776.465398 26.131720 25.047000
1 1 9682.080591 1776.465398 26.261612 25.447000
1 1 9682.080591 1776.465398 26.531720 25.447000
1 1 9684.945786 1783.851456 25.061612 24.247000
1 1 9684.945786 1783.851456 25.331720 24.247000
1 1 9684.945786 1783.851456 25.461612 24.647000
1 1 9684.945786 1783.851456 25.731720 24.647000
1 1 9684.945786 1783.851456 25.861612 25.047000
1 1 9684.945786 1783.851456 26.131720 25.047000
1 1 9684.945786 1783.851456 26.261612 25.447000
1 1 9684.945786 1783.851456 26.531720 25.447000
1 1 8484.896882 3237.748385 25.584612 24.770000
1 1 8484.896882 3237.748385 25.854720 24.770000
1 1 8484.896882 3237.748385 25.984612 25.170000
1 1 8484.896882 3237.748385 26.254720 25.170000
1 1 8484.896882 3237.748385 26.384612 25.570000
1 1 8484.896882 3237.748385 26.654720 25.570000
1 1 8484.896882 3237.748385 26.784612 25.970000
1 1 8484.896882 3237.748385 27.054720 25.970000
1 1 8485.110333 3246.940919 25.584612 24.770000
1 1 8485.110333 3246.940919 25.854720 24.770000
1 1 8485.110333 3246.940919 25.984612 25.170000
1 1 8485.110333 3246.940919 26.254720 25.170000
1 1 8485.110333 3246.940919 26.384612 25.570000
1 1 8485.110333 3246.940919 26.654720 25.570000
1 1 8485.110333 3246.940919 26.784612 25.970000
1 1 8485.110333 3246.940919 27.054720 25.970000
1 1 8475.313103 3249.566079 25.584612 24.770000
1 1 8475.313103 3249.566079 25.854720 24.770000
1 1 8475.313103 3249.566079 25.984612 25.170000
1 1 8475.313103 3249.566079 26.254720 25.170000
1 1 8475.313103 3249.566079 26.384612 25.570000
1 1 8475.313103 3249.566079 26.654720 25.570000
1 1 8475.313103 3249.566079 26.784612 25.970000
1 1 8475.313103 3249.566079 27.054720 25.970000
1 1 8474.332704 3240.319536 25.584612 24.770000
1 1 8474.332704 3240.319536 25.854720 24.770000
1 1 8474.332704 3240.319536 25.984612 25.170000
1 1 8474.332704 3240.319536 26.254720 25.170000
1 1 8474.332704 3240.319536 26.384612 25.570000
1 1 8474.332704 3240.319536 26.654720 25.570000
1 1 8474.332704 3240.319536 26.784612 25.970000
1 1 8474.332704 3240.319536 27.054720 25.970000
1 1 8465.396882 3237.748385 25.584612 24.770000
1 1 8465.396882 3237.748385 25.854720 24.770000
1 1 8465.396882 3237.748385 25.984612 25.170000
1 1 8465.396882 3237.748385 26.254720 25.170000
1 1 8465.396882 3237.748385 26.384612 25.570000
1 1 8465.396882 3237.748385 26.654720 25.570000
1 1 8465.396882 3237.748385 26.784612 25.970000
1 1 8465.396882 3237.748385 27.054720 25.970000
1 1 8468.204348 3230.034934 25.584612 24.770000
1 1 8468.204348 3230.034934 25.854720 24.770000
1 1 8468.204348 3230.034934 25.984612 25.170000
1 1 8468.204348 3230.034934 26.254720 25.170000
1 1 8468.204348 3230.034934 26.384612 25.570000
1 1 8468.204348 3230.034934 26.654720 25.570000
1 1 8468.204348 3230.034934 26.784612 25.970000
1 1 8468.204348 3230.034934 27.054720 25.970000
1 1 8475.313103 3225.930692 25.584612 24.770000
1 1 8475.313103 3225.930692 25.854720 24.770000
1 1 8475.313103 3225.930692 25.984612 25.170000
1 1 8475.313103 3225.930692 26.254720 25.170000
1 1 8475.313103 3225.930692 26.384612 25.570000
1 1 8475.313103 3225.930692 26.654720 25.570000
1 1 8475.313103 3225.930692 26.784612 25.970000
1 1 8475.313103 3225.930692 27.054720 25.970000
1 1 8485.110333 3228.555852 25.584612 24.770000
1 1 8485.110333 3228.555852 25.854720 24.770000
1 1 8485.110333 3228.555852 25.984612 25.170000
1 1 8485.110333 3228.555852 26.254720 25.170000
1 1 8485.110333 3228.555852 26.384612 25.570000
1 1 8485.110333 3228.555852 26.654720 25.570000
1 1 8485.110333 3228.555852 26.784612 25.970000
1 1 8485.110333 3228.555852 27.054720 25.970000
1 1 7969.103747 3304.380935 25.176612 24.362000
1 1 7969.103747 3304.380935 25.446720 24.362000
1 1 7969.103747 3304.380935 25.576612 24.762000
1 1 7969.103747 3304.380935 25.846720 24.762000
1 1 7969.103747 3304.380935 25.976612 25.162000
1 1 7969.103747 3304.380935 26.246720 25.162000
1 1 7969.103747 3304.380935 26.376612 25.562000
1 1 7969.103747 3304.380935 26.646720 25.562000
1 1 7969.317199 3313.573468 25.176612 24.362000
1 1 7969.317199 3313.573468 25.446720 24.362000
1 1 7969.317199 3313.573468 25.576612 24.762000
1 1 7969.317199 3313.573468 25.846720 24.762000
1 1 7969.317199 3313.573468 25.976612 25.162000
1 1 7969.317199 3313.573468 26.246720 25.162000
1 1 7969.317199 3313.573468 26.376612 25.562000
1 1 7969.317199 3313.573468 26.646720 25.562000
1 1 7959.519969 3316.198628 25.176612 24.362000
1 1 7959.519969 3316.198628 25.446720 24.362000
1 1 7959.519969 3316.198628 25.576612 24.762000
1 1 7959.519969 3316.198628 25.846720 24.762000
1 1 7959.519969 3316.198628 25.976612 25.162000
1 1 7959.519969 3316.198628 26.246720 25.162000
1 1 7959.519969 3316.198628 26.376612 25.562000
1 1 7959.519969 3316.198628 26.646720 25.562000
1 1 7958.539570 3306.952085 25.176612 24.362000
1 1 7958.539570 3306.952085 25.446720 24.362000
1 1 7958.539570 3306.952085 25.576612 24.762000
1 1 7958.539570 3306.952085 25.846720 24.762000
1 1 7958.539570 3306.952085 25.976612 25.162000
1 1 7958.539570 3306.952085 26.246720 25.162000
1 1 7958.539570 3306.952085 26.376612 25.562000
1 1 7958.539570 3306.952085 26.646720 25.562000
1 1 7949.603747 3304.380935 25.176612 24.362000
1 1 7949.603747 3304.380935 25.446720 24.362000
1 1 7949.603747 3304.380935 25.576612 24.762000
1 1 7949.603747 3304.380935 25.846720 24.762000
1 1 7949.603747 3304.380935 25.976612 25.162000
1 1 7949.603747 3304.380935 26.246720 25.162000
1 1 7949.603747 3304.380935 26.376612 25.562000
1 1 7949.603747 3304.380935 26.646720 25.562000
1 1 7952.411214 3296.667484 25.176612 24.362000
1 1 7952.411214 3296.667484 25.446720 24.362000
1 1 7952.411214 3296.667484 25.576612 24.762000
1 1 7952.411214 3296.667484 25.846720 24.762000
1 1 7952.411214 3296.667484 25.976612 25.162000
1 1 7952.411214 3296.667484 26.246720 25.162000
1 1 7952.411214 3296.667484 26.376612 25.562000
1 1 7952.411214 3296.667484 26.646720 25.562000
1 1 7959.519969 3292.563242 25.176612 24.362000
1 1 7959.519969 3292.563242 25.446720 24.362000
1 1 7959.519969 3292.563242 25.576612 24.762000
1 1 7959.519969 3292.563242 25.846720 24.762000
1 1 7959.519969 3292.563242 25.976612 25.162000
1 1 7959.519969 3292.563242 26.246720 25.162000
1 1 7959.519969 3292.563242 26.376612 25.562000
1 1 7959.519969 3292.563242 26.646720 25.562000
1 1 7969.317199 3295.188402 25.176612 24.362000
1 1 7969.317199 3295.188402 25.446720 24.362000
1 1 7969.317199 3295.188402 25.576612 24.762000
1 1 7969.317199 3295.188402 25.846720 24.762000
1 1 7969.317199 3295.188402 25.976612 25.162000
1 1 7969.317199 3295.188402 26.246720 25.162000
1 1 7969.317199 3295.188402 26.376612 25.562000
1 1 7969.317199 3295.188402 26.646720 25.562000
1 1 6109.840772 4256.844741 25.173612 24.359000
1 1 6109.840772 4256.844741 25.443720 24.359000
1 1 6109.840772 4256.844741 25.573612 24.759000
1 1 6109.840772 4256.844741 25.843720 24.759000
1 1 6109.840772 4256.844741 25.973612 25.159000
1 1 6109.840772 4256.844741 26.243720 25.159000
1 1 6109.840772 4256.844741 26.373612 25.559000
1 1 6109.840772 4256.844741 26.643720 25.559000
1 1 6110.054224 4266.037275 25.173612 24.359000
1 1 6110.054224 4266.037275 25.443720 24.359000
1 1 6110.054224 4266.037275 25.573612 24.759000
1 1 6110.054224 4266.037275 25.843720 24.759000
1 1 6110.054224 4266.037275 25.973612 25.159000
1 1 6110.054224 4266.037275 26.243720 25.159000
1 1 6110.054224 4266.037275 26.373612 25.559000
1 1 6110.054224 4266.037275 26.643720 25.559000
1 1 6100.256994 4268.662434 25.173612 24.359000
1 1 6100.256994 4268.662434 25.443720 24.359000
1 1 6100.256994 4268.662434 25.573612 24.759000
1 1 6100.256994 4268.662434 25.843720 24.759000
1 1 6100.256994 4268.662434 25.973612 25.159000
1 1 6100.256994 4268.662434 26.243720 25.159000
1 1 6100.256994 4268.662434 26.373612 25.559000
1 1 6100.256994 4268.662434 26.643720 25.559000
1 1 6099.276594 4259.415892 25.173612 24.359000
1 1 6099.276594 4259.415892 25.443720 24.359000
1 1 6099.276594 4259.415892 25.573612 24.759000
1 1 6099.276594 4259.415892 25.843720 24.759000
1 1 6099.276594 4259.415892 25.973612 25.159000
1 1 6099.276594 4259.415892 26.243720 25.159000
1 1 6099.276594 4259.415892 26.373612 25.559000
1 1 6099.276594 4259.415892 26.643720 25.559000
1 1 6093.148239 4264.558193 25.173612 24.359000
1 1 6093.148239 4264.558193 25.443720 24.359000
1 1 6093.148239 4264.558193 25.573612 24.759000
1 1 6093.148239 4264.558193 25.843720 24.759000
1 1 6093.148239 4264.558193 25.973612 25.159000
1 1 6093.148239 4264.558193 26.243720 25.159000
1 1 6093.148239 4264.558193 26.373612 25.559000
1 1 6093.148239 4264.558193 26.643720 25.559000
1 1 6090.340772 4256.844741 25.173612 24.359000
1 1 6090.340772 4256.844741 25.443720 24.359000
1 1 6090.340772 4256.844741 25.573612 24.759000
1 1 6090.340772 4256.844741 25.843720 24.759000
1 1 6090.340772 4256.844741 25.973612 25.159000
1 1 6090.340772 4256.844741 26.243720 25.159000
1 1 6090.340772 4256.844741 26.373612 25.559000
1 1 6090.340772 4256.844741 26.643720 25.559000
1 1 6097.269353 4245.969048 25.173612 24.359000
1 1 6097.269353 4245.969048 25.443720 24.359000
1 1 6097.269353 4245.969048 25.573612 24.759000
1 1 6097.269353 4245.969048 25.843720 24.759000
1 1 6097.269353 4245.969048 25.973612 25.159000
1 1 6097.269353 4245.969048 26.243720 25.159000
1 1 6097.269353 4245.969048 26.373612 25.559000
1 1 6097.269353 4245.969048 26.643720 25.559000
1 1 6108.340772 4246.452436 25.173612 24.359000
1 1 6108.340772 4246.452436 25.443720 24.359000
1 1 6108.340772 4246.452436 25.573612 24.759000
1 1 6108.340772 4246.452436 25.843720 24.759000
1 1 6108.340772 4246.452436 25.973612 25.159000
1 1 6108.340772 4246.452436 26.243720 25.159000
1 1 6108.340772 4246.452436 26.373612 25.559000
1 1 6108.340772 4246.452436 26.643720 25.559000
1 1 8166.900208 3318.500396 25.525612 24.711000
1 1 8166.900208 3318.500396 25.795720 24.711000
1 1 8166.900208 3318.500396 25.925612 25.111000
1 1 8166.900208 3318.500396 26.195720 25.111000
1 1 8166.900208 3318.500396 26.325612 25.511000
1 1 8166.900208 3318.500396 26.595720 25.511000
1 1 8166.900208 3318.500396 26.725612 25.911000
1 1 8166.900208 3318.500396 26.995720 25.911000
1 1 8167.113659 3327.692930 25.525612 24.711000
1 1 8167.113659 3327.692930 25.795720 24.711000
1 1 8167.113659 3327.692930 25.925612 25.111000
1 1 8167.113659 3327.692930 26.195720 25.111000
1 1 8167.113659 3327.692930 26.325612 25.511000
1 1 8167.113659 3327.692930 26.595720 25.511000
1 1 8167.113659 3327.692930 26.725612 25.911000
1 1 8167.113659 3327.692930 26.995720 25.911000
1 1 8157.316430 3330.318089 25.525612 24.711000
1 1 8157.316430 3330.318089 25.795720 24.711000
1 1 8157.316430 3330.318089 25.925612 25.111000
1 1 8157.316430 3330.318089 26.195720 25.111000
1 1 8157.316430 3330.318089 26.325612 25.511000
1 1 8157.316430 3330.318089 26.595720 25.511000
1 1 8157.316430 3330.318089 26.725612 25.911000
1 1 8157.316430 3330.318089 26.995720 25.911000
1 1 8156.336030 3321.071547 25.525612 24.711000
1 1 8156.336030 3321.071547 25.795720 24.711000
1 1 8156.336030 3321.071547 25.925612 25.111000
1 1 8156.336030 3321.071547 26.195720 25.111000
1 1 8156.336030 3321.071547 26.325612 25.511000
1 1 8156.336030 3321.071547 26.595720 25.511000
1 1 8156.336030 3321.071547 26.725612 25.911000
1 1 8156.336030 3321.071547 26.995720 25.911000
1 1 8147.400208 3318.500396 25.525612 24.711000
1 1 8147.400208 3318.500396 25.795720 24.711000
1 1 8147.400208 3318.500396 25.925612 25.111000
1 1 8147.400208 3318.500396 26.195720 25.111000
1 1 8147.400208 3318.500396 26.325612 25.511000
1 1 8147.400208 3318.500396 26.595720 25.511000
1 1 8147.400208 3318.500396 26.725612 25.911000
1 1 8147.400208 3318.500396 26.995720 25.911000
1 1 8150.207675 3310.786945 25.525612 24.711000
1 1 8150.207675 3310.786945 25.795720 24.711000
1 1 8150.207675 3310.786945 25.925612 25.111000
1 1 8150.207675 3310.786945 26.195720 25.111000
1 1 8150.207675 3310.786945 26.325612 25.511000
1 1 8150.207675 3310.786945 26.595720 25.511000
1 1 8150.207675 3310.786945 26.725612 25.911000
1 1 8150.207675 3310.786945 26.995720 25.911000
1 1 8157.316430 3306.682703 25.525612 24.711000
1 1 8157.316430 3306.682703 25.795720 24.711000
1 1 8157.316430 3306.682703 25.925612 25.111000
1 1 8157.316430 3306.682703 26.195720 25.111000
1 1 8157.316430 3306.682703 26.325612 25.511000
1 1 8157.316430 3306.682703 26.595720 25.511000
1 1 8157.316430 3306.682703 26.725612 25.911000
1 1 8157.316430 3306.682703 26.995720 25.911000
1 1 8167.113659 3309.307863 25.525612 24.711000
1 1 8167.113659 3309.307863 25.795720 24.711000
1 1 8167.113659 3309.307863 25.925612 25.111000
1 1 8167.113659 3309.307863 26.195720 25.111000
1 1 8167.113659 3309.307863 26.325612 25.511000
1 1 8167.113659 3309.307863 26.595720 25.511000
1 1 8167.113659 3309.307863 26.725612 25.911000
1 1 8167.113659 3309.307863 26.995720 25.911000
1 1 6435.738841 3912.823754 25.133612 24.319000
1 1 6435.738841 3912.823754 25.403720 24.319000
1 1 6435.738841 3912.823754 25.533612 24.719000
1 1 6435.738841 3912.823754 25.803720 24.719000
1 1 6435.738841 3912.823754 25.933612 25.119000
1 1 6435.738841 3912.823754 26.203720 25.119000
1 1 6435.738841 3912.823754 26.333612 25.519000
1 1 6435.738841 3912.823754 26.603720 25.519000
1 1 6433.310260 3923.699447 25.133612 24.319000
1 1 6433.310260 3923.699447 25.403720 24.319000
1 1 6433.310260 3923.699447 25.533612 24.719000
1 1 6433.310260 3923.699447 25.803720 24.719000
1 1 6433.310260 3923.699447 25.933612 25.119000
1 1 6433.310260 3923.699447 26.203720 25.119000
1 1 6433.310260 3923.699447 26.333612 25.519000
1 1 6433.310260 3923.699447 26.603720 25.519000
1 1 6425.944535 3916.100362 25.133612 24.319000
1 1 6425.944535 3916.100362 25.403720 24.319000
1 1 6425.944535 3916.100362 25.533612 24.719000
1 1 6425.944535 3916.100362 25.803720 24.719000
1 1 6425.944535 3916.100362 25.933612 25.119000
1 1 6425.944535 3916.100362 26.203720 25.119000
1 1 6425.944535 3916.100362 26.333612 25.519000
1 1 6425.944535 3916.100362 26.603720 25.519000
1 1 6416.238841 3912.823754 25.133612 24.319000
1 1 6416.238841 3912.823754 25.403720 24.319000
1 1 6416.238841 3912.823754 25.533612 24.719000
1 1 6416.238841 3912.823754 25.803720 24.719000
1 1 6416.238841 3912.823754 25.933612 25.119000
1 1 6416.238841 3912.823754 26.203720 25.119000
1 1 6416.238841 3912.823754 26.333612 25.519000
1 1 6416.238841 3912.823754 26.603720 25.519000
1 1 6419.046307 3905.110303 25.133612 24.319000
1 1 6419.046307 3905.110303 25.403720 24.319000
1 1 6419.046307 3905.110303 25.533612 24.719000
1 1 6419.046307 3905.110303 25.803720 24.719000
1 1 6419.046307 3905.110303 25.933612 25.119000
1 1 6419.046307 3905.110303 26.203720 25.119000
1 1 6419.046307 3905.110303 26.333612 25.519000
1 1 6419.046307 3905.110303 26.603720 25.519000
1 1 6426.155063 3901.006061 25.133612 24.319000
1 1 6426.155063 3901.006061 25.403720 24.319000
1 1 6426.155063 3901.006061 25.533612 24.719000
1 1 6426.155063 3901.006061 25.803720 24.719000
1 1 6426.155063 3901.006061 25.933612 25.119000
1 1 6426.155063 3901.006061 26.203720 25.119000
1 1 6426.155063 3901.006061 26.333612 25.519000
1 1 6426.155063 3901.006061 26.603720 25.519000
1 1 6429.020258 3908.392119 25.133612 24.319000
1 1 6429.020258 3908.392119 25.403720 24.319000
1 1 6429.020258 3908.392119 25.533612 24.719000
1 1 6429.020258 3908.392119 25.803720 24.719000
1 1 6429.020258 3908.392119 25.933612 25.119000
1 1 6429.020258 3908.392119 26.203720 25.119000
1 1 6429.020258 3908.392119 26.333612 25.519000
1 1 6429.020258 3908.392119 26.603720 25.519000
1 1 6435.952292 3903.631221 25.133612 24.319000
1 1 6435.952292 3903.631221 25.403720 24.319000
1 1 6435.952292 3903.631221 25.533612 24.719000
1 1 6435.952292 3903.631221 25.803720 24.719000
1 1 6435.952292 3903.631221 25.933612 25.119000
1 1 6435.952292 3903.631221 26.203720 25.119000
1 1 6435.952292 3903.631221 26.333612 25.519000
1 1 6435.952292 3903.631221 26.603720 25.519000
1 1 6051.044151 3962.036666 25.860612 25.046000
1 1 6051.044151 3962.036666 26.130720 25.046000
1 1 6051.044151 3962.036666 26.260612 25.446000
1 1 6051.044151 3962.036666 26.530720 25.446000
1 1 6051.044151 3962.036666 26.660612 25.846000
1 1 6051.044151 3962.036666 26.930720 25.846000
1 1 6051.044151 3962.036666 27.060612 26.246000
1 1 6051.044151 3962.036666 27.330720 26.246000
1 1 6048.100698 3970.747827 25.860612 25.046000
1 1 6048.100698 3970.747827 26.130720 25.046000
1 1 6048.100698 3970.747827 26.260612 25.446000
1 1 6048.100698 3970.747827 26.530720 25.446000
1 1 6048.100698 3970.747827 26.660612 25.846000
1 1 6048.100698 3970.747827 26.930720 25.846000
1 1 6048.100698 3970.747827 27.060612 26.246000
1 1 6048.100698 3970.747827 27.330720 26.246000
1 1 6038.925037 3970.347209 25.860612 25.046000
1 1 6038.925037 3970.347209 26.130720 25.046000
1 1 6038.925037 3970.347209 26.260612 25.446000
1 1 6038.925037 3970.347209 26.530720 25.446000
1 1 6038.925037 3970.347209 26.660612 25.846000
1 1 6038.925037 3970.347209 26.930720 25.846000
1 1 6038.925037 3970.347209 27.060612 26.246000
1 1 6038.925037 3970.347209 27.330720 26.246000
1 1 6040.371225 3961.161988 25.860612 25.046000
1 1 6040.371225 3961.161988 26.130720 25.046000
1 1 6040.371225 3961.161988 26.260612 25.446000
1 1 6040.371225 3961.161988 26.530720 25.446000
1 1 6040.371225 3961.161988 26.660612 25.846000
1 1 6040.371225 3961.161988 26.930720 25.846000
1 1 6040.371225 3961.161988 27.060612 26.246000
1 1 6040.371225 3961.161988 27.330720 26.246000
1 1 6032.405347 3956.365687 25.860612 25.046000
1 1 6032.405347 3956.365687 26.130720 25.046000
1 1 6032.405347 3956.365687 26.260612 25.446000
1 1 6032.405347 3956.365687 26.530720 25.446000
1 1 6032.405347 3956.365687 26.660612 25.846000
1 1 6032.405347 3956.365687 26.930720 25.846000
1 1 6032.405347 3956.365687 27.060612 26.246000
1 1 6032.405347 3956.365687 27.330720 26.246000
1 1 6045.042325 3947.517179 25.860612 25.046000
1 1 6045.042325 3947.517179 26.130720 25.046000
1 1 6045.042325 3947.517179 26.260612 25.446000
1 1 6045.042325 3947.517179 26.530720 25.446000
1 1 6045.042325 3947.517179 26.660612 25.846000
1 1 6045.042325 3947.517179 26.930720 25.846000
1 1 6045.042325 3947.517179 27.060612 26.246000
1 1 6045.042325 3947.517179 27.330720 26.246000
1 1 6045.161142 3955.124849 25.860612 25.046000
1 1 6045.161142 3955.124849 26.130720 25.046000
1 1 6045.161142 3955.124849 26.260612 25.446000
1 1 6045.161142 3955.124849 26.530720 25.446000
1 1 6045.161142 3955.124849 26.660612 25.846000
1 1 6045.161142 3955.124849 26.930720 25.846000
1 1 6045.161142 3955.124849 27.060612 26.246000
1 1 6045.161142 3955.124849 27.330720 26.246000
1 1 6052.422945 3952.400851 25.860612 25.046000
1 1 6052.422945 3952.400851 26.130720 25.046000
1 1 6052.422945 3952.400851 26.260612 25.446000
1 1 6052.422945 3952.400851 26.530720 25.446000
1 1 6052.422945 3952.400851 26.660612 25.846000
1 1 6052.422945 3952.400851 26.930720 25.846000
1 1 6052.422945 3952.400851 27.060612 26.246000
1 1 6052.422945 3952.400851 27.330720 26.246000
1 1 6190.009801 4240.903395 25.299612 24.485000
1 1 6190.009801 4240.903395 25.569720 24.485000
1 1 6190.009801 4240.903395 25.699612 24.885000
1 1 6190.009801 4240.903395 25.969720 24.885000
1 1 6190.009801 4240.903395 26.099612 25.285000
1 1 6190.009801 4240.903395 26.369720 25.285000
1 1 6190.009801 4240.903395 26.499612 25.685000
1 1 6190.009801 4240.903395 26.769720 25.685000
1 1 6180.426023 4252.721088 25.299612 24.485000
1 1 6180.426023 4252.721088 25.569720 24.485000
1 1 6180.426023 4252.721088 25.699612 24.885000
1 1 6180.426023 4252.721088 25.969720 24.885000
1 1 6180.426023 4252.721088 26.099612 25.285000
1 1 6180.426023 4252.721088 26.369720 25.285000
1 1 6180.426023 4252.721088 26.499612 25.685000
1 1 6180.426023 4252.721088 26.769720 25.685000
1 1 6179.445623 4243.474546 25.299612 24.485000
1 1 6179.445623 4243.474546 25.569720 24.485000
1 1 6179.445623 4243.474546 25.699612 24.885000
1 1 6179.445623 4243.474546 25.969720 24.885000
1 1 6179.445623 4243.474546 26.099612 25.285000
1 1 6179.445623 4243.474546 26.369720 25.285000
1 1 6179.445623 4243.474546 26.499612 25.685000
1 1 6179.445623 4243.474546 26.769720 25.685000
1 1 6173.317268 4248.616846 25.299612 24.485000
1 1 6173.317268 4248.616846 25.569720 24.485000
1 1 6173.317268 4248.616846 25.699612 24.885000
1 1 6173.317268 4248.616846 25.969720 24.885000
1 1 6173.317268 4248.616846 26.099612 25.285000
1 1 6173.317268 4248.616846 26.369720 25.285000
1 1 6173.317268 4248.616846 26.499612 25.685000
1 1 6173.317268 4248.616846 26.769720 25.685000
1 1 6170.509801 4240.903395 25.299612 24.485000
1 1 6170.509801 4240.903395 25.569720 24.485000
1 1 6170.509801 4240.903395 25.699612 24.885000
1 1 6170.509801 4240.903395 25.969720 24.885000
1 1 6170.509801 4240.903395 26.099612 25.285000
1 1 6170.509801 4240.903395 26.369720 25.285000
1 1 6170.509801 4240.903395 26.499612 25.685000
1 1 6170.509801 4240.903395 26.769720 25.685000
1 1 6173.317268 4233.189944 25.299612 24.485000
1 1 6173.317268 4233.189944 25.569720 24.485000
1 1 6173.317268 4233.189944 25.699612 24.885000
1 1 6173.317268 4233.189944 25.969720 24.885000
1 1 6173.317268 4233.189944 26.099612 25.285000
1 1 6173.317268 4233.189944 26.369720 25.285000
1 1 6173.317268 4233.189944 26.499612 25.685000
1 1 6173.317268 4233.189944 26.769720 25.685000
1 1 6180.426023 4229.085702 25.299612 24.485000
1 1 6180.426023 4229.085702 25.569720 24.485000
1 1 6180.426023 4229.085702 25.699612 24.885000
1 1 6180.426023 4229.085702 25.969720 24.885000
1 1 6180.426023 4229.085702 26.099612 25.285000
1 1 6180.426023 4229.085702 26.369720 25.285000
1 1 6180.426023 4229.085702 26.499612 25.685000
1 1 6180.426023 4229.085702 26.769720 25.685000
1 1 6183.291218 4236.471760 25.299612 24.485000
1 1 6183.291218 4236.471760 25.569720 24.485000
1 1 6183.291218 4236.471760 25.699612 24.885000
1 1 6183.291218 4236.471760 25.969720 24.885000
1 1 6183.291218 4236.471760 26.099612 25.285000
1 1 6183.291218 4236.471760 26.369720 25.285000
1 1 6183.291218 4236.471760 26.499612 25.685000
1 1 6183.291218 4236.471760 26.769720 25.685000
1 1 9776.371737 3268.590291 25.813612 24.999000
1 1 9776.371737 3268.590291 26.083720 24.999000
1 1 9776.371737 3268.590291 26.213612 25.399000
1 1 9776.371737 3268.590291 26.483720 25.399000
1 1 9776.371737 3268.590291 26.613612 25.799000
1 1 9776.371737 3268.590291 26.883720 25.799000
1 1 9776.371737 3268.590291 27.013612 26.199000
1 1 9776.371737 3268.590291 27.283720 26.199000
1 1 9776.585188 3277.782825 25.813612 24.999000
1 1 9776.585188 3277.782825 26.083720 24.999000
1 1 9776.585188 3277.782825 26.213612 25.399000
1 1 9776.585188 3277.782825 26.483720 25.399000
1 1 9776.585188 3277.782825 26.613612 25.799000
1 1 9776.585188 3277.782825 26.883720 25.799000
1 1 9776.585188 3277.782825 27.013612 26.199000
1 1 9776.585188 3277.782825 27.283720 26.199000
1 1 9766.787959 3280.407984 25.813612 24.999000
1 1 9766.787959 3280.407984 26.083720 24.999000
1 1 9766.787959 3280.407984 26.213612 25.399000
1 1 9766.787959 3280.407984 26.483720 25.399000
1 1 9766.787959 3280.407984 26.613612 25.799000
1 1 9766.787959 3280.407984 26.883720 25.799000
1 1 9766.787959 3280.407984 27.013612 26.199000
1 1 9766.787959 3280.407984 27.283720 26.199000
1 1 9765.807559 3271.161442 25.813612 24.999000
1 1 9765.807559 3271.161442 26.083720 24.999000
1 1 9765.807559 3271.161442 26.213612 25.399000
1 1 9765.807559 3271.161442 26.483720 25.399000
1 1 9765.807559 3271.161442 26.613612 25.799000
1 1 9765.807559 3271.161442 26.883720 25.799000
1 1 9765.807559 3271.161442 27.013612 26.199000
1 1 9765.807559 3271.161442 27.283720 26.199000
1 1 9756.871737 3268.590291 25.813612 24.999000
1 1 9756.871737 3268.590291 26.083720 24.999000
1 1 9756.871737 3268.590291 26.213612 25.399000
1 1 9756.871737 3268.590291 26.483720 25.399000
1 1 9756.871737 3268.590291 26.613612 25.799000
1 1 9756.871737 3268.590291 26.883720 25.799000
1 1 9756.871737 3268.590291 27.013612 26.199000
1 1 9756.871737 3268.590291 27.283720 26.199000
1 1 9759.679204 3260.876840 25.813612 24.999000
1 1 9759.679204 3260.876840 26.083720 24.999000
1 1 9759.679204 3260.876840 26.213612 25.399000
1 1 9759.679204 3260.876840 26.483720 25.399000
1 1 9759.679204 3260.876840 26.613612 25.799000
1 1 9759.679204 3260.876840 26.883720 25.799000
1 1 9759.679204 3260.876840 27.013612 26.199000
1 1 9759.679204 3260.876840 27.283720 26.199000
1 1 9766.787959 3256.772598 25.813612 24.999000
1 1 9766.787959 3256.772598 26.083720 24.999000
1 1 9766.787959 3256.772598 26.213612 25.399000
1 1 9766.787959 3256.772598 26.483720 25.399000
1 1 9766.787959 3256.772598 26.613612 25.799000
1 1 9766.787959 3256.772598 26.883720 25.799000
1 1 9766.787959 3256.772598 27.013612 26.199000
1 1 9766.787959 3256.772598 27.283720 26.199000
1 1 9776.585188 3259.397758 25.813612 24.999000
1 1 9776.585188 3259.397758 26.083720 24.999000
1 1 9776.585188 3259.397758 26.213612 25.399000
1 1 9776.585188 3259.397758 26.483720 25.399000
1 1 9776.585188 3259.397758 26.613612 25.799000
1 1 9776.585188 3259.397758 26.883720 25.799000
1 1 9776.585188 3259.397758 27.013612 26.199000
1 1 9776.585188 3259.397758 27.283720 26.199000
1 1 9441.867436 3140.924951 25.260612 24.446000
1 1 9441.867436 3140.924951 25.530720 24.446000
1 1 9441.867436 3140.924951 25.660612 24.846000
1 1 9441.867436 3140.924951 25.930720 24.846000
1 1 9441.867436 3140.924951 26.060612 25.246000
1 1 9441.867436 3140.924951 26.330720 25.246000
1 1 9441.867436 3140.924951 26.460612 25.646000
1 1 9441.867436 3140.924951 26.730720 25.646000
1 1 9442.080888 3150.117484 25.260612 24.446000
1 1 9442.080888 3150.117484 25.530720 24.446000
1 1 9442.080888 3150.117484 25.660612 24.846000
1 1 9442.080888 3150.117484 25.930720 24.846000
1 1 9442.080888 3150.117484 26.060612 25.246000
1 1 9442.080888 3150.117484 26.330720 25.246000
1 1 9442.080888 3150.117484 26.460612 25.646000
1 1 9442.080888 3150.117484 26.730720 25.646000
1 1 9432.283658 3152.742644 25.260612 24.446000
1 1 9432.283658 3152.742644 25.530720 24.446000
1 1 9432.283658 3152.742644 25.660612 24.846000
1 1 9432.283658 3152.742644 25.930720 24.846000
1 1 9432.283658 3152.742644 26.060612 25.246000
1 1 9432.283658 3152.742644 26.330720 25.246000
1 1 9432.283658 3152.742644 26.460612 25.646000
1 1 9432.283658 3152.742644 26.730720 25.646000
1 1 9431.303258 3143.496102 25.260612 24.446000
1 1 9431.303258 3143.496102 25.530720 24.446000
1 1 9431.303258 3143.496102 25.660612 24.846000
1 1 9431.303258 3143.496102 25.930720 24.846000
1 1 9431.303258 3143.496102 26.060612 25.246000
1 1 9431.303258 3143.496102 26.330720 25.246000
1 1 9431.303258 3143.496102 26.460612 25.646000
1 1 9431.303258 3143.496102 26.730720 25.646000
1 1 9422.367436 3140.924951 25.260612 24.446000
1 1 9422.367436 3140.924951 25.530720 24.446000
1 1 9422.367436 3140.924951 25.660612 24.846000
1 1 9422.367436 3140.924951 25.930720 24.846000
1 1 9422.367436 3140.924951 26.060612 25.246000
1 1 9422.367436 3140.924951 26.330720 25.246000
1 1 9422.367436 3140.924951 26.460612 25.646000
1 1 9422.367436 3140.924951 26.730720 25.646000
1 1 9425.174903 3133.211500 25.260612 24.446000
1 1 9425.174903 3133.211500 25.530720 24.446000
1 1 9425.174903 3133.211500 25.660612 24.846000
1 1 9425.174903 3133.211500 25.930720 24.846000
1 1 9425.174903 3133.211500 26.060612 25.246000
1 1 9425.174903 3133.211500 26.330720 25.246000
1 1 9425.174903 3133.211500 26.460612 25.646000
1 1 9425.174903 3133.211500 26.730720 25.646000
1 1 9432.283658 3129.107258 25.260612 24.446000
1 1 9432.283658 3129.107258 25.530720 24.446000
1 1 9432.283658 3129.107258 25.660612 24.846000
1 1 9432.283658 3129.107258 25.930720 24.846000
1 1 9432.283658 3129.107258 26.060612 25.246000
1 1 9432.283658 3129.107258 26.330720 25.246000
1 1 9432.283658 3129.107258 26.460612 25.646000
1 1 9432.283658 3129.107258 26.730720 25.646000
1 1 9442.080888 3131.732418 25.260612 24.446000
1 1 9442.080888 3131.732418 25.530720 24.446000
1 1 9442.080888 3131.732418 25.660612 24.846000
1 1 9442.080888 3131.732418 25.930720 24.846000
1 1 9442.080888 3131.732418 26.060612 25.246000
1 1 9442.080888 3131.732418 26.330720 25.246000
1 1 9442.080888 3131.732418 26.460612 25.646000
1 1 9442.080888 3131.732418 26.730720 25.646000
1 1 9046.365093 3379.582071 24.689612 23.875000
1 1 9046.365093 3379.582071 24.959720 23.875000
1 1 9046.365093 3379.582071 25.089612 24.275000
1 1 9046.365093 3379.582071 25.359720 24.275000
1 1 9046.365093 3379.582071 25.489612 24.675000
1 1 9046.365093 3379.582071 25.759720 24.675000
1 1 9046.365093 3379.582071 25.889612 25.075000
1 1 9046.365093 3379.582071 26.159720 25.075000
1 1 9046.578545 3388.774605 24.689612 23.875000
1 1 9046.578545 3388.774605 24.959720 23.875000
1 1 9046.578545 3388.774605 25.089612 24.275000
1 1 9046.578545 3388.774605 25.359720 24.275000
1 1 9046.578545 3388.774605 25.489612 24.675000
1 1 9046.578545 3388.774605 25.759720 24.675000
1 1 9046.578545 3388.774605 25.889612 25.075000
1 1 9046.578545 3388.774605 26.159720 25.075000
1 1 9036.781315 3391.399764 24.689612 23.875000
1 1 9036.781315 3391.399764 24.959720 23.875000
1 1 9036.781315 3391.399764 25.089612 24.275000
1 1 9036.781315 3391.399764 25.359720 24.275000
1 1 9036.781315 3391.399764 25.489612 24.675000
1 1 9036.781315 3391.399764 25.759720 24.675000
1 1 9036.781315 3391.399764 25.889612 25.075000
1 1 9036.781315 3391.399764 26.159720 25.075000
1 1 9035.800915 3382.153222 24.689612 23.875000
1 1 9035.800915 3382.153222 24.959720 23.875000
1 1 9035.800915 3382.153222 25.089612 24.275000
1 1 9035.800915 3382.153222 25.359720 24.275000
1 1 9035.800915 3382.153222 25.489612 24.675000
1 1 9035.800915 3382.153222 25.759720 24.675000
1 1 9035.800915 3382.153222 25.889612 25.075000
1 1 9035.800915 3382.153222 26.159720 25.075000
1 1 9026.865093 3379.582071 24.689612 23.875000
1 1 9026.865093 3379.582071 24.959720 23.875000
1 1 9026.865093 3379.582071 25.089612 24.275000
1 1 9026.865093 3379.582071 25.359720 24.275000
1 1 9026.865093 3379.582071 25.489612 24.675000
1 1 9026.865093 3379.582071 25.759720 24.675000
1 1 9026.865093 3379.582071 25.889612 25.075000
1 1 9026.865093 3379.582071 26.159720 25.075000
1 1 9029.672560 3371.868620 24.689612 23.875000
1 1 9029.672560 3371.868620 24.959720 23.875000
1 1 9029.672560 3371.868620 25.089612 24.275000
1 1 9029.672560 3371.868620 25.359720 24.275000
1 1 9029.672560 3371.868620 25.489612 24.675000
1 1 9029.672560 3371.868620 25.759720 24.675000
1 1 9029.672560 3371.868620 25.889612 25.075000
1 1 9029.672560 3371.868620 26.159720 25.075000
1 1 9036.781315 3367.764378 24.689612 23.875000
1 1 9036.781315 3367.764378 24.959720 23.875000
1 1 9036.781315 3367.764378 25.089612 24.275000
1 1 9036.781315 3367.764378 25.359720 24.275000
1 1 9036.781315 3367.764378 25.489612 24.675000
1 1 9036.781315 3367.764378 25.759720 24.675000
1 1 9036.781315 3367.764378 25.889612 25.075000
1 1 9036.781315 3367.764378 26.159720 25.075000
1 1 9046.578545 3370.389538 24.689612 23.875000
1 1 9046.578545 3370.389538 24.959720 23.875000
1 1 9046.578545 3370.389538 25.089612 24.275000
1 1 9046.578545 3370.389538 25.359720 24.275000
1 1 9046.578545 3370.389538 25.489612 24.675000
1 1 9046.578545 3370.389538 25.759720 24.675000
1 1 9046.578545 3370.389538 25.889612 25.075000
1 1 9046.578545 3370.389538 26.159720 25.075000
1 1 9265.265838 4226.090905 25.436612 24.622000
1 1 9265.265838 4226.090905 25.706720 24.622000
1 1 9265.265838 4226.090905 25.836612 25.022000
1 1 9265.265838 4226.090905 26.106720 25.022000
1 1 9265.265838 4226.090905 26.236612 25.422000
1 1 9265.265838 4226.090905 26.506720 25.422000
1 1 9265.265838 4226.090905 26.636612 25.822000
1 1 9265.265838 4226.090905 26.906720 25.822000
1 1 9263.765838 4236.483210 25.436612 24.622000
1 1 9263.765838 4236.483210 25.706720 24.622000
1 1 9263.765838 4236.483210 25.836612 25.022000
1 1 9263.765838 4236.483210 26.106720 25.022000
1 1 9263.765838 4236.483210 26.236612 25.422000
1 1 9263.765838 4236.483210 26.506720 25.422000
1 1 9263.765838 4236.483210 26.636612 25.822000
1 1 9263.765838 4236.483210 26.906720 25.822000
1 1 9252.694419 4236.966599 25.436612 24.622000
1 1 9252.694419 4236.966599 25.706720 24.622000
1 1 9252.694419 4236.966599 25.836612 25.022000
1 1 9252.694419 4236.966599 26.106720 25.022000
1 1 9252.694419 4236.966599 26.236612 25.422000
1 1 9252.694419 4236.966599 26.506720 25.422000
1 1 9252.694419 4236.966599 26.636612 25.822000
1 1 9252.694419 4236.966599 26.906720 25.822000
1 1 9254.489230 4228.385211 25.436612 24.622000
1 1 9254.489230 4228.385211 25.706720 24.622000
1 1 9254.489230 4228.385211 25.836612 25.022000
1 1 9254.489230 4228.385211 26.106720 25.022000
1 1 9254.489230 4228.385211 26.236612 25.422000
1 1 9254.489230 4228.385211 26.506720 25.422000
1 1 9254.489230 4228.385211 26.636612 25.822000
1 1 9254.489230 4228.385211 26.906720 25.822000
1 1 9245.765838 4226.090905 25.436612 24.622000
1 1 9245.765838 4226.090905 25.706720 24.622000
1 1 9245.765838 4226.090905 25.836612 25.022000
1 1 9245.765838 4226.090905 26.106720 25.022000
1 1 9245.765838 4226.090905 26.236612 25.422000
1 1 9245.765838 4226.090905 26.506720 25.422000
1 1 9245.765838 4226.090905 26.636612 25.822000
1 1 9245.765838 4226.090905 26.906720 25.822000
1 1 9248.573305 4218.377454 25.436612 24.622000
1 1 9248.573305 4218.377454 25.706720 24.622000
1 1 9248.573305 4218.377454 25.836612 25.022000
1 1 9248.573305 4218.377454 26.106720 25.022000
1 1 9248.573305 4218.377454 26.236612 25.422000
1 1 9248.573305 4218.377454 26.506720 25.422000
1 1 9248.573305 4218.377454 26.636612 25.822000
1 1 9248.573305 4218.377454 26.906720 25.822000
1 1 9255.942532 4215.750424 25.436612 24.622000
1 1 9255.942532 4215.750424 25.706720 24.622000
1 1 9255.942532 4215.750424 25.836612 25.022000
1 1 9255.942532 4215.750424 26.106720 25.022000
1 1 9255.942532 4215.750424 26.236612 25.422000
1 1 9255.942532 4215.750424 26.506720 25.422000
1 1 9255.942532 4215.750424 26.636612 25.822000
1 1 9255.942532 4215.750424 26.906720 25.822000
1 1 9259.133919 4222.332135 25.436612 24.622000
1 1 9259.133919 4222.332135 25.706720 24.622000
1 1 9259.133919 4222.332135 25.836612 25.022000
1 1 9259.133919 4222.332135 26.106720 25.022000
1 1 9259.133919 4222.332135 26.236612 25.422000
1 1 9259.133919 4222.332135 26.506720 25.422000
1 1 9259.133919 4222.332135 26.636612 25.822000
1 1 9259.133919 4222.332135 26.906720 25.822000
1 1 9026.232437 3296.556783 24.774612 23.960000
1 1 9026.232437 3296.556783 25.044720 23.960000
1 1 9026.232437 3296.556783 25.174612 24.360000
1 1 9026.232437 3296.556783 25.444720 24.360000
1 1 9026.232437 3296.556783 25.574612 24.760000
1 1 9026.232437 3296.556783 25.844720 24.760000
1 1 9026.232437 3296.556783 25.974612 25.160000
1 1 9026.232437 3296.556783 26.244720 25.160000
1 1 9026.445888 3305.749317 24.774612 23.960000
1 1 9026.445888 3305.749317 25.044720 23.960000
1 1 9026.445888 3305.749317 25.174612 24.360000
1 1 9026.445888 3305.749317 25.444720 24.360000
1 1 9026.445888 3305.749317 25.574612 24.760000
1 1 9026.445888 3305.749317 25.844720 24.760000
1 1 9026.445888 3305.749317 25.974612 25.160000
1 1 9026.445888 3305.749317 26.244720 25.160000
1 1 9016.648659 3308.374476 24.774612 23.960000
1 1 9016.648659 3308.374476 25.044720 23.960000
1 1 9016.648659 3308.374476 25.174612 24.360000
1 1 9016.648659 3308.374476 25.444720 24.360000
1 1 9016.648659 3308.374476 25.574612 24.760000
1 1 9016.648659 3308.374476 25.844720 24.760000
1 1 9016.648659 3308.374476 25.974612 25.160000
1 1 9016.648659 3308.374476 26.244720 25.160000
1 1 9015.668259 3299.127934 24.774612 23.960000
1 1 9015.668259 3299.127934 25.044720 23.960000
1 1 9015.668259 3299.127934 25.174612 24.360000
1 1 9015.668259 3299.127934 25.444720 24.360000
1 1 9015.668259 3299.127934 25.574612 24.760000
1 1 9015.668259 3299.127934 25.844720 24.760000
1 1 9015.668259 3299.127934 25.974612 25.160000
1 1 9015.668259 3299.127934 26.244720 25.160000
1 1 9006.732437 3296.556783 24.774612 23.960000
1 1 9006.732437 3296.556783 25.044720 23.960000
1 1 9006.732437 3296.556783 25.174612 24.360000
1 1 9006.732437 3296.556783 25.444720 24.360000
1 1 9006.732437 3296.556783 25.574612 24.760000
1 1 9006.732437 3296.556783 25.844720 24.760000
1 1 9006.732437 3296.556783 25.974612 25.160000
1 1 9006.732437 3296.556783 26.244720 25.160000
1 1 9009.539903 3288.843332 24.774612 23.960000
1 1 9009.539903 3288.843332 25.044720 23.960000
1 1 9009.539903 3288.843332 25.174612 24.360000
1 1 9009.539903 3288.843332 25.444720 24.360000
1 1 9009.539903 3288.843332 25.574612 24.760000
1 1 9009.539903 3288.843332 25.844720 24.760000
1 1 9009.539903 3288.843332 25.974612 25.160000
1 1 9009.539903 3288.843332 26.244720 25.160000
1 1 9016.648659 3284.739090 24.774612 23.960000
1 1 9016.648659 3284.739090 25.044720 23.960000
1 1 9016.648659 3284.739090 25.174612 24.360000
1 1 9016.648659 3284.739090 25.444720 24.360000
1 1 9016.648659 3284.739090 25.574612 24.760000
1 1 9016.648659 3284.739090 25.844720 24.760000
1 1 9016.648659 3284.739090 25.974612 25.160000
1 1 9016.648659 3284.739090 26.244720 25.160000
1 1 9026.445888 3287.364250 24.774612 23.960000
1 1 9026.445888 3287.364250 25.044720 23.960000
1 1 9026.445888 3287.364250 25.174612 24.360000
1 1 9026.445888 3287.364250 25.444720 24.360000
1 1 9026.445888 3287.364250 25.574612 24.760000
1 1 9026.445888 3287.364250 25.844720 24.760000
1 1 9026.445888 3287.364250 25.974612 25.160000
1 1 9026.445888 3287.364250 26.244720 25.160000
1 1 9227.308679 4026.225478 25.393612 24.579000
1 1 9227.308679 4026.225478 25.663720 24.579000
1 1 9227.308679 4026.225478 25.793612 24.979000
1 1 9227.308679 4026.225478 26.063720 24.979000
1 1 9227.308679 4026.225478 26.193612 25.379000
1 1 9227.308679 4026.225478 26.463720 25.379000
1 1 9227.308679 4026.225478 26.593612 25.779000
1 1 9227.308679 4026.225478 26.863720 25.779000
1 1 9227.522130 4035.418011 25.393612 24.579000
1 1 9227.522130 4035.418011 25.663720 24.579000
1 1 9227.522130 4035.418011 25.793612 24.979000
1 1 9227.522130 4035.418011 26.063720 24.979000
1 1 9227.522130 4035.418011 26.193612 25.379000
1 1 9227.522130 4035.418011 26.463720 25.379000
1 1 9227.522130 4035.418011 26.593612 25.779000
1 1 9227.522130 4035.418011 26.863720 25.779000
1 1 9217.724901 4038.043171 25.393612 24.579000
1 1 9217.724901 4038.043171 25.663720 24.579000
1 1 9217.724901 4038.043171 25.793612 24.979000
1 1 9217.724901 4038.043171 26.063720 24.979000
1 1 9217.724901 4038.043171 26.193612 25.379000
1 1 9217.724901 4038.043171 26.463720 25.379000
1 1 9217.724901 4038.043171 26.593612 25.779000
1 1 9217.724901 4038.043171 26.863720 25.779000
1 1 9216.744501 4028.796628 25.393612 24.579000
1 1 9216.744501 4028.796628 25.663720 24.579000
1 1 9216.744501 4028.796628 25.793612 24.979000
1 1 9216.744501 4028.796628 26.063720 24.979000
1 1 9216.744501 4028.796628 26.193612 25.379000
1 1 9216.744501 4028.796628 26.463720 25.379000
1 1 9216.744501 4028.796628 26.593612 25.779000
1 1 9216.744501 4028.796628 26.863720 25.779000
1 1 9210.616146 4033.938929 25.393612 24.579000
1 1 9210.616146 4033.938929 25.663720 24.579000
1 1 9210.616146 4033.938929 25.793612 24.979000
1 1 9210.616146 4033.938929 26.063720 24.979000
1 1 9210.616146 4033.938929 26.193612 25.379000
1 1 9210.616146 4033.938929 26.463720 25.379000
1 1 9210.616146 4033.938929 26.593612 25.779000
1 1 9210.616146 4033.938929 26.863720 25.779000
1 1 9207.808679 4026.225478 25.393612 24.579000
1 1 9207.808679 4026.225478 25.663720 24.579000
1 1 9207.808679 4026.225478 25.793612 24.979000
1 1 9207.808679 4026.225478 26.063720 24.979000
1 1 9207.808679 4026.225478 26.193612 25.379000
1 1 9207.808679 4026.225478 26.463720 25.379000
1 1 9207.808679 4026.225478 26.593612 25.779000
1 1 9207.808679 4026.225478 26.863720 25.779000
1 1 9218.806388 4014.769239 25.393612 24.579000
1 1 9218.806388 4014.769239 25.663720 24.579000
1 1 9218.806388 4014.769239 25.793612 24.979000
1 1 9218.806388 4014.769239 26.063720 24.979000
1 1 9218.806388 4014.769239 26.193612 25.379000
1 1 9218.806388 4014.769239 26.463720 25.379000
1 1 9218.806388 4014.769239 26.593612 25.779000
1 1 9218.806388 4014.769239 26.863720 25.779000
1 1 9220.843955 4022.361775 25.393612 24.579000
1 1 9220.843955 4022.361775 25.663720 24.579000
1 1 9220.843955 4022.361775 25.793612 24.979000
1 1 9220.843955 4022.361775 26.063720 24.979000
1 1 9220.843955 4022.361775 26.193612 25.379000
1 1 9220.843955 4022.361775 26.463720 25.379000
1 1 9220.843955 4022.361775 26.593612 25.779000
1 1 9220.843955 4022.361775 26.863720 25.779000
1 1 9076.863591 4028.794936 25.591612 24.777000
1 1 9076.863591 4028.794936 25.861720 24.777000
1 1 9076.863591 4028.794936 25.991612 25.177000
1 1 9076.863591 4028.794936 26.261720 25.177000
1 1 9076.863591 4028.794936 26.391612 25.577000
1 1 9076.863591 4028.794936 26.661720 25.577000
1 1 9076.863591 4028.794936 26.791612 25.977000
1 1 9076.863591 4028.794936 27.061720 25.977000
1 1 9067.033766 4029.412018 25.591612 24.777000
1 1 9067.033766 4029.412018 25.861720 24.777000
1 1 9067.033766 4029.412018 25.991612 25.177000
1 1 9067.033766 4029.412018 26.261720 25.177000
1 1 9067.033766 4029.412018 26.391612 25.577000
1 1 9067.033766 4029.412018 26.661720 25.577000
1 1 9067.033766 4029.412018 26.791612 25.977000
1 1 9067.033766 4029.412018 27.061720 25.977000
1 1 9055.216073 4019.828240 25.591612 24.777000
1 1 9055.216073 4019.828240 25.861720 24.777000
1 1 9055.216073 4019.828240 25.991612 25.177000
1 1 9055.216073 4019.828240 26.261720 25.177000
1 1 9055.216073 4019.828240 26.391612 25.577000
1 1 9055.216073 4019.828240 26.661720 25.577000
1 1 9055.216073 4019.828240 26.791612 25.977000
1 1 9055.216073 4019.828240 27.061720 25.977000
1 1 9064.462616 4018.847841 25.591612 24.777000
1 1 9064.462616 4018.847841 25.861720 24.777000
1 1 9064.462616 4018.847841 25.991612 25.177000
1 1 9064.462616 4018.847841 26.261720 25.177000
1 1 9064.462616 4018.847841 26.391612 25.577000
1 1 9064.462616 4018.847841 26.661720 25.577000
1 1 9064.462616 4018.847841 26.791612 25.977000
1 1 9064.462616 4018.847841 27.061720 25.977000
1 1 9059.320315 4012.719485 25.591612 24.777000
1 1 9059.320315 4012.719485 25.861720 24.777000
1 1 9059.320315 4012.719485 25.991612 25.177000
1 1 9059.320315 4012.719485 26.261720 25.177000
1 1 9059.320315 4012.719485 26.391612 25.577000
1 1 9059.320315 4012.719485 26.661720 25.577000
1 1 9059.320315 4012.719485 26.791612 25.977000
1 1 9059.320315 4012.719485 27.061720 25.977000
1 1 9067.033766 4009.912018 25.591612 24.777000
1 1 9067.033766 4009.912018 25.861720 24.777000
1 1 9067.033766 4009.912018 25.991612 25.177000
1 1 9067.033766 4009.912018 26.261720 25.177000
1 1 9067.033766 4009.912018 26.391612 25.577000
1 1 9067.033766 4009.912018 26.661720 25.577000
1 1 9067.033766 4009.912018 26.791612 25.977000
1 1 9067.033766 4009.912018 27.061720 25.977000
1 1 9076.863591 4015.029101 25.591612 24.777000
1 1 9076.863591 4015.029101 25.861720 24.777000
1 1 9076.863591 4015.029101 25.991612 25.177000
1 1 9076.863591 4015.029101 26.261720 25.177000
1 1 9076.863591 4015.029101 26.391612 25.577000
1 1 9076.863591 4015.029101 26.661720 25.577000
1 1 9076.863591 4015.029101 26.791612 25.977000
1 1 9076.863591 4015.029101 27.061720 25.977000
1 1 9071.363893 4019.412018 25.591612 24.777000
1 1 9071.363893 4019.412018 25.861720 24.777000
1 1 9071.363893 4019.412018 25.991612 25.177000
1 1 9071.363893 4019.412018 26.261720 25.177000
1 1 9071.363893 4019.412018 26.391612 25.577000
1 1 9071.363893 4019.412018 26.661720 25.577000
1 1 9071.363893 4019.412018 26.791612 25.977000
1 1 9071.363893 4019.412018 27.061720 25.977000
1 1 9106.739300 4195.283024 25.383612 24.569000
1 1 9106.739300 4195.283024 25.653720 24.569000
1 1 9106.739300 4195.283024 25.783612 24.969000
1 1 9106.739300 4195.283024 26.053720 24.969000
1 1 9106.739300 4195.283024 26.183612 25.369000
1 1 9106.739300 4195.283024 26.453720 25.369000
1 1 9106.739300 4195.283024 26.583612 25.769000
1 1 9106.739300 4195.283024 26.853720 25.769000
1 1 9106.952752 4204.475557 25.383612 24.569000
1 1 9106.952752 4204.475557 25.653720 24.569000
1 1 9106.952752 4204.475557 25.783612 24.969000
1 1 9106.952752 4204.475557 26.053720 24.969000
1 1 9106.952752 4204.475557 26.183612 25.369000
1 1 9106.952752 4204.475557 26.453720 25.369000
1 1 9106.952752 4204.475557 26.583612 25.769000
1 1 9106.952752 4204.475557 26.853720 25.769000
1 1 9097.155522 4207.100717 25.383612 24.569000
1 1 9097.155522 4207.100717 25.653720 24.569000
1 1 9097.155522 4207.100717 25.783612 24.969000
1 1 9097.155522 4207.100717 26.053720 24.969000
1 1 9097.155522 4207.100717 26.183612 25.369000
1 1 9097.155522 4207.100717 26.453720 25.369000
1 1 9097.155522 4207.100717 26.583612 25.769000
1 1 9097.155522 4207.100717 26.853720 25.769000
1 1 9096.175123 4197.854174 25.383612 24.569000
1 1 9096.175123 4197.854174 25.653720 24.569000
1 1 9096.175123 4197.854174 25.783612 24.969000
1 1 9096.175123 4197.854174 26.053720 24.969000
1 1 9096.175123 4197.854174 26.183612 25.369000
1 1 9096.175123 4197.854174 26.453720 25.369000
1 1 9096.175123 4197.854174 26.583612 25.769000
1 1 9096.175123 4197.854174 26.853720 25.769000
1 1 9087.239300 4195.283024 25.383612 24.569000
1 1 9087.239300 4195.283024 25.653720 24.569000
1 1 9087.239300 4195.283024 25.783612 24.969000
1 1 9087.239300 4195.283024 26.053720 24.969000
1 1 9087.239300 4195.283024 26.183612 25.369000
1 1 9087.239300 4195.283024 26.453720 25.369000
1 1 9087.239300 4195.283024 26.583612 25.769000
1 1 9087.239300 4195.283024 26.853720 25.769000
1 1 9090.046767 4187.569573 25.383612 24.569000
1 1 9090.046767 4187.569573 25.653720 24.569000
1 1 9090.046767 4187.569573 25.783612 24.969000
1 1 9090.046767 4187.569573 26.053720 24.969000
1 1 9090.046767 4187.569573 26.183612 25.369000
1 1 9090.046767 4187.569573 26.453720 25.369000
1 1 9090.046767 4187.569573 26.583612 25.769000
1 1 9090.046767 4187.569573 26.853720 25.769000
1 1 9097.155522 4183.465331 25.383612 24.569000
1 1 9097.155522 4183.465331 25.653720 24.569000
1 1 9097.155522 4183.465331 25.783612 24.969000
1 1 9097.155522 4183.465331 26.053720 24.969000
1 1 9097.155522 4183.465331 26.183612 25.369000
1 1 9097.155522 4183.465331 26.453720 25.369000
1 1 9097.155522 4183.465331 26.583612 25.769000
1 1 9097.155522 4183.465331 26.853720 25.769000
1 1 9106.952752 4186.090491 25.383612 24.569000
1 1 9106.952752 4186.090491 25.653720 24.569000
1 1 9106.952752 4186.090491 25.783612 24.969000
1 1 9106.952752 4186.090491 26.053720 24.969000
1 1 9106.952752 4186.090491 26.183612 25.369000
1 1 9106.952752 4186.090491 26.453720 25.369000
1 1 9106.952752 4186.090491 26.583612 25.769000
1 1 9106.952752 4186.090491 26.853720 25.769000
1 1 8895.324191 431.199382 24.757612 23.943000
1 1 8895.324191 431.199382 25.027720 23.943000
1 1 8895.324191 431.199382 25.157612 24.343000
1 1 8895.324191 431.199382 25.427720 24.343000
1 1 8895.324191 431.199382 25.557612 24.743000
1 1 8895.324191 431.199382 25.827720 24.743000
1 1 8895.324191 431.199382 25.957612 25.143000
1 1 8895.324191 431.199382 26.227720 25.143000
1 1 8893.824191 441.591687 24.757612 23.943000
1 1 8893.824191 441.591687 25.027720 23.943000
1 1 8893.824191 441.591687 25.157612 24.343000
1 1 8893.824191 441.591687 25.427720 24.343000
1 1 8893.824191 441.591687 25.557612 24.743000
1 1 8893.824191 441.591687 25.827720 24.743000
1 1 8893.824191 441.591687 25.957612 25.143000
1 1 8893.824191 441.591687 26.227720 25.143000
1 1 8885.740413 443.017075 24.757612 23.943000
1 1 8885.740413 443.017075 25.027720 23.943000
1 1 8885.740413 443.017075 25.157612 24.343000
1 1 8885.740413 443.017075 25.427720 24.343000
1 1 8885.740413 443.017075 25.557612 24.743000
1 1 8885.740413 443.017075 25.827720 24.743000
1 1 8885.740413 443.017075 25.957612 25.143000
1 1 8885.740413 443.017075 26.227720 25.143000
1 1 8883.227924 435.056108 24.757612 23.943000
1 1 8883.227924 435.056108 25.027720 23.943000
1 1 8883.227924 435.056108 25.157612 24.343000
1 1 8883.227924 435.056108 25.427720 24.343000
1 1 8883.227924 435.056108 25.557612 24.743000
1 1 8883.227924 435.056108 25.827720 24.743000
1 1 8883.227924 435.056108 25.957612 25.143000
1 1 8883.227924 435.056108 26.227720 25.143000
1 1 8875.824191 431.199382 24.757612 23.943000
1 1 8875.824191 431.199382 25.027720 23.943000
1 1 8875.824191 431.199382 25.157612 24.343000
1 1 8875.824191 431.199382 25.427720 24.343000
1 1 8875.824191 431.199382 25.557612 24.743000
1 1 8875.824191 431.199382 25.827720 24.743000
1 1 8875.824191 431.199382 25.957612 25.143000
1 1 8875.824191 431.199382 26.227720 25.143000
1 1 8879.338910 422.714101 24.757612 23.943000
1 1 8879.338910 422.714101 25.027720 23.943000
1 1 8879.338910 422.714101 25.157612 24.343000
1 1 8879.338910 422.714101 25.427720 24.343000
1 1 8879.338910 422.714101 25.557612 24.743000
1 1 8879.338910 422.714101 25.827720 24.743000
1 1 8879.338910 422.714101 25.957612 25.143000
1 1 8879.338910 422.714101 26.227720 25.143000
1 1 8887.824191 419.199382 24.757612 23.943000
1 1 8887.824191 419.199382 25.027720 23.943000
1 1 8887.824191 419.199382 25.157612 24.343000
1 1 8887.824191 419.199382 25.427720 24.343000
1 1 8887.824191 419.199382 25.557612 24.743000
1 1 8887.824191 419.199382 25.827720 24.743000
1 1 8887.824191 419.199382 25.957612 25.143000
1 1 8887.824191 419.199382 26.227720 25.143000
1 1 8896.309472 422.714101 24.757612 23.943000
1 1 8896.309472 422.714101 25.027720 23.943000
1 1 8896.309472 422.714101 25.157612 24.343000
1 1 8896.309472 422.714101 25.427720 24.343000
1 1 8896.309472 422.714101 25.557612 24.743000
1 1 8896.309472 422.714101 25.827720 24.743000
1 1 8896.309472 422.714101 25.957612 25.143000
1 1 8896.309472 422.714101 26.227720 25.143000
1 1 7278.813902 593.301729 25.255612 24.441000
1 1 7278.813902 593.301729 25.525720 24.441000
1 1 7278.813902 593.301729 25.655612 24.841000
1 1 7278.813902 593.301729 25.925720 24.841000
1 1 7278.813902 593.301729 26.055612 25.241000
1 1 7278.813902 593.301729 26.325720 25.241000
1 1 7278.813902 593.301729 26.455612 25.641000
1 1 7278.813902 593.301729 26.725720 25.641000
1 1 7282.590213 597.405971 25.255612 24.441000
1 1 7282.590213 597.405971 25.525720 24.441000
1 1 7282.590213 597.405971 25.655612 24.841000
1 1 7282.590213 597.405971 25.925720 24.841000
1 1 7282.590213 597.405971 26.055612 25.241000
1 1 7282.590213 597.405971 26.325720 25.241000
1 1 7282.590213 597.405971 26.455612 25.641000
1 1 7282.590213 597.405971 26.725720 25.641000
1 1 7275.042148 598.626217 25.255612 24.441000
1 1 7275.042148 598.626217 25.525720 24.441000
1 1 7275.042148 598.626217 25.655612 24.841000
1 1 7275.042148 598.626217 25.925720 24.841000
1 1 7275.042148 598.626217 26.055612 25.241000
1 1 7275.042148 598.626217 26.325720 25.241000
1 1 7275.042148 598.626217 26.455612 25.641000
1 1 7275.042148 598.626217 26.725720 25.641000
1 1 7274.419730 604.892839 25.255612 24.441000
1 1 7274.419730 604.892839 25.525720 24.441000
1 1 7274.419730 604.892839 25.655612 24.841000
1 1 7274.419730 604.892839 25.925720 24.841000
1 1 7274.419730 604.892839 26.055612 25.241000
1 1 7274.419730 604.892839 26.325720 25.241000
1 1 7274.419730 604.892839 26.455612 25.641000
1 1 7274.419730 604.892839 26.725720 25.641000
1 1 7270.616656 601.271287 25.255612 24.441000
1 1 7270.616656 601.271287 25.525720 24.441000
1 1 7270.616656 601.271287 25.655612 24.841000
1 1 7270.616656 601.271287 25.925720 24.841000
1 1 7270.616656 601.271287 26.055612 25.241000
1 1 7270.616656 601.271287 26.325720 25.241000
1 1 7270.616656 601.271287 26.455612 25.641000
1 1 7270.616656 601.271287 26.725720 25.641000
1 1 7260.438208 598.373148 25.255612 24.441000
1 1 7260.438208 598.373148 25.525720 24.441000
1 1 7260.438208 598.373148 25.655612 24.841000
1 1 7260.438208 598.373148 25.925720 24.841000
1 1 7260.438208 598.373148 26.055612 25.241000
1 1 7260.438208 598.373148 26.325720 25.241000
1 1 7260.438208 598.373148 26.455612 25.641000
1 1 7260.438208 598.373148 26.725720 25.641000
1 1 7269.230123 581.484036 25.255612 24.441000
1 1 7269.230123 581.484036 25.525720 24.441000
1 1 7269.230123 581.484036 25.655612 24.841000
1 1 7269.230123 581.484036 25.925720 24.841000
1 1 7269.230123 581.484036 26.055612 25.241000
1 1 7269.230123 581.484036 26.325720 25.241000
1 1 7269.230123 581.484036 26.455612 25.641000
1 1 7269.230123 581.484036 26.725720 25.641000
1 1 7272.182142 588.377690 25.255612 24.441000
1 1 7272.182142 588.377690 25.525720 24.441000
1 1 7272.182142 588.377690 25.655612 24.841000
1 1 7272.182142 588.377690 25.925720 24.841000
1 1 7272.182142 588.377690 26.055612 25.241000
1 1 7272.182142 588.377690 26.325720 25.241000
1 1 7272.182142 588.377690 26.455612 25.641000
1 1 7272.182142 588.377690 26.725720 25.641000
1 1 9219.505051 1881.108453 24.179612 23.365000
1 1 9219.505051 1881.108453 24.449720 23.365000
1 1 9219.505051 1881.108453 24.579612 23.765000
1 1 9219.505051 1881.108453 24.849720 23.765000
1 1 9219.505051 1881.108453 24.979612 24.165000
1 1 9219.505051 1881.108453 25.249720 24.165000
1 1 9219.505051 1881.108453 25.379612 24.565000
1 1 9219.505051 1881.108453 25.649720 24.565000
1 1 9218.887968 1890.938277 24.179612 23.365000
1 1 9218.887968 1890.938277 24.449720 23.365000
1 1 9218.887968 1890.938277 24.579612 23.765000
1 1 9218.887968 1890.938277 24.849720 23.765000
1 1 9218.887968 1890.938277 24.979612 24.165000
1 1 9218.887968 1890.938277 25.249720 24.165000
1 1 9218.887968 1890.938277 25.379612 24.565000
1 1 9218.887968 1890.938277 25.649720 24.565000
1 1 9209.921273 1892.926146 24.179612 23.365000
1 1 9209.921273 1892.926146 24.449720 23.365000
1 1 9209.921273 1892.926146 24.579612 23.765000
1 1 9209.921273 1892.926146 24.849720 23.765000
1 1 9209.921273 1892.926146 24.979612 24.165000
1 1 9209.921273 1892.926146 25.249720 24.165000
1 1 9209.921273 1892.926146 25.379612 24.565000
1 1 9209.921273 1892.926146 25.649720 24.565000
1 1 9202.812518 1888.821904 24.179612 23.365000
1 1 9202.812518 1888.821904 24.449720 23.365000
1 1 9202.812518 1888.821904 24.579612 23.765000
1 1 9202.812518 1888.821904 24.849720 23.765000
1 1 9202.812518 1888.821904 24.979612 24.165000
1 1 9202.812518 1888.821904 25.249720 24.165000
1 1 9202.812518 1888.821904 25.379612 24.565000
1 1 9202.812518 1888.821904 25.649720 24.565000
1 1 9200.005051 1881.108453 24.179612 23.365000
1 1 9200.005051 1881.108453 24.449720 23.365000
1 1 9200.005051 1881.108453 24.579612 23.765000
1 1 9200.005051 1881.108453 24.849720 23.765000
1 1 9200.005051 1881.108453 24.979612 24.165000
1 1 9200.005051 1881.108453 25.249720 24.165000
1 1 9200.005051 1881.108453 25.379612 24.565000
1 1 9200.005051 1881.108453 25.649720 24.565000
1 1 9208.557851 1878.215909 24.179612 23.365000
1 1 9208.557851 1878.215909 24.449720 23.365000
1 1 9208.557851 1878.215909 24.579612 23.765000
1 1 9208.557851 1878.215909 24.849720 23.765000
1 1 9208.557851 1878.215909 24.979612 24.165000
1 1 9208.557851 1878.215909 25.249720 24.165000
1 1 9208.557851 1878.215909 25.379612 24.565000
1 1 9208.557851 1878.215909 25.649720 24.565000
1 1 9209.921273 1869.290760 24.179612 23.365000
1 1 9209.921273 1869.290760 24.449720 23.365000
1 1 9209.921273 1869.290760 24.579612 23.765000
1 1 9209.921273 1869.290760 24.849720 23.765000
1 1 9209.921273 1869.290760 24.979612 24.165000
1 1 9209.921273 1869.290760 25.249720 24.165000
1 1 9209.921273 1869.290760 25.379612 24.565000
1 1 9209.921273 1869.290760 25.649720 24.565000
1 1 9219.718503 1871.915920 24.179612 23.365000
1 1 9219.718503 1871.915920 24.449720 23.365000
1 1 9219.718503 1871.915920 24.579612 23.765000
1 1 9219.718503 1871.915920 24.849720 23.765000
1 1 9219.718503 1871.915920 24.979612 24.165000
1 1 9219.718503 1871.915920 25.249720 24.165000
1 1 9219.718503 1871.915920 25.379612 24.565000
1 1 9219.718503 1871.915920 25.649720 24.565000
1 1 6979.946418 3294.506625 25.856612 25.042000
1 1 6979.946418 3294.506625 26.126720 25.042000
1 1 6979.946418 3294.506625 26.256612 25.442000
1 1 6979.946418 3294.506625 26.526720 25.442000
1 1 6979.946418 3294.506625 26.656612 25.842000
1 1 6979.946418 3294.506625 26.926720 25.842000
1 1 6979.946418 3294.506625 27.056612 26.242000
1 1 6979.946418 3294.506625 27.326720 26.242000
1 1 6979.329336 3304.336449 25.856612 25.042000
1 1 6979.329336 3304.336449 26.126720 25.042000
1 1 6979.329336 3304.336449 26.256612 25.442000
1 1 6979.329336 3304.336449 26.526720 25.442000
1 1 6979.329336 3304.336449 26.656612 25.842000
1 1 6979.329336 3304.336449 26.926720 25.842000
1 1 6979.329336 3304.336449 27.056612 26.242000
1 1 6979.329336 3304.336449 27.326720 26.242000
1 1 6969.340590 3306.097735 25.856612 25.042000
1 1 6969.340590 3306.097735 26.126720 25.042000
1 1 6969.340590 3306.097735 26.256612 25.442000
1 1 6969.340590 3306.097735 26.526720 25.442000
1 1 6969.340590 3306.097735 26.656612 25.842000
1 1 6969.340590 3306.097735 26.926720 25.842000
1 1 6969.340590 3306.097735 27.056612 26.242000
1 1 6969.340590 3306.097735 27.326720 26.242000
1 1 6967.941082 3297.661295 25.856612 25.042000
1 1 6967.941082 3297.661295 26.126720 25.042000
1 1 6967.941082 3297.661295 26.256612 25.442000
1 1 6967.941082 3297.661295 26.526720 25.442000
1 1 6967.941082 3297.661295 26.656612 25.842000
1 1 6967.941082 3297.661295 26.926720 25.842000
1 1 6967.941082 3297.661295 27.056612 26.242000
1 1 6967.941082 3297.661295 27.326720 26.242000
1 1 6960.628725 3292.422847 25.856612 25.042000
1 1 6960.628725 3292.422847 26.126720 25.042000
1 1 6960.628725 3292.422847 26.256612 25.442000
1 1 6960.628725 3292.422847 26.526720 25.442000
1 1 6960.628725 3292.422847 26.656612 25.842000
1 1 6960.628725 3292.422847 26.926720 25.842000
1 1 6960.628725 3292.422847 27.056612 26.242000
1 1 6960.628725 3292.422847 27.326720 26.242000
1 1 6971.400550 3282.552288 25.856612 25.042000
1 1 6971.400550 3282.552288 26.126720 25.042000
1 1 6971.400550 3282.552288 26.256612 25.442000
1 1 6971.400550 3282.552288 26.526720 25.442000
1 1 6971.400550 3282.552288 26.656612 25.842000
1 1 6971.400550 3282.552288 26.926720 25.842000
1 1 6971.400550 3282.552288 27.056612 26.242000
1 1 6971.400550 3282.552288 27.326720 26.242000
1 1 6972.795041 3290.521846 25.856612 25.042000
1 1 6972.795041 3290.521846 26.126720 25.042000
1 1 6972.795041 3290.521846 26.256612 25.442000
1 1 6972.795041 3290.521846 26.526720 25.442000
1 1 6972.795041 3290.521846 26.656612 25.842000
1 1 6972.795041 3290.521846 26.926720 25.842000
1 1 6972.795041 3290.521846 27.056612 26.242000
1 1 6972.795041 3290.521846 27.326720 26.242000
1 1 6980.159870 3285.314091 25.856612 25.042000
1 1 6980.159870 3285.314091 26.126720 25.042000
1 1 6980.159870 3285.314091 26.256612 25.442000
1 1 6980.159870 3285.314091 26.526720 25.442000
1 1 6980.159870 3285.314091 26.656612 25.842000
1 1 6980.159870 3285.314091 26.926720 25.842000
1 1 6980.159870 3285.314091 27.056612 26.242000
1 1 6980.159870 3285.314091 27.326720 26.242000
1 1 9740.231825 908.425653 24.216612 23.402000
1 1 9740.231825 908.425653 24.486720 23.402000
1 1 9740.231825 908.425653 24.616612 23.802000
1 1 9740.231825 908.425653 24.886720 23.802000
1 1 9740.231825 908.425653 25.016612 24.202000
1 1 9740.231825 908.425653 25.286720 24.202000
1 1 9740.231825 908.425653 25.416612 24.602000
1 1 9740.231825 908.425653 25.686720 24.602000
1 1 9738.731825 918.817958 24.216612 23.402000
1 1 9738.731825 918.817958 24.486720 23.402000
1 1 9738.731825 918.817958 24.616612 23.802000
1 1 9738.731825 918.817958 24.886720 23.802000
1 1 9738.731825 918.817958 25.016612 24.202000
1 1 9738.731825 918.817958 25.286720 24.202000
1 1 9738.731825 918.817958 25.416612 24.602000
1 1 9738.731825 918.817958 25.686720 24.602000
1 1 9730.648047 920.243346 24.216612 23.402000
1 1 9730.648047 920.243346 24.486720 23.402000
1 1 9730.648047 920.243346 24.616612 23.802000
1 1 9730.648047 920.243346 24.886720 23.802000
1 1 9730.648047 920.243346 25.016612 24.202000
1 1 9730.648047 920.243346 25.286720 24.202000
1 1 9730.648047 920.243346 25.416612 24.602000
1 1 9730.648047 920.243346 25.686720 24.602000
1 1 9728.901603 911.639591 24.216612 23.402000
1 1 9728.901603 911.639591 24.486720 23.402000
1 1 9728.901603 911.639591 24.616612 23.802000
1 1 9728.901603 911.639591 24.886720 23.802000
1 1 9728.901603 911.639591 25.016612 24.202000
1 1 9728.901603 911.639591 25.286720 24.202000
1 1 9728.901603 911.639591 25.416612 24.602000
1 1 9728.901603 911.639591 25.686720 24.602000
1 1 9720.731825 908.425653 24.216612 23.402000
1 1 9720.731825 908.425653 24.486720 23.402000
1 1 9720.731825 908.425653 24.616612 23.802000
1 1 9720.731825 908.425653 24.886720 23.802000
1 1 9720.731825 908.425653 25.016612 24.202000
1 1 9720.731825 908.425653 25.286720 24.202000
1 1 9720.731825 908.425653 25.416612 24.602000
1 1 9720.731825 908.425653 25.686720 24.602000
1 1 9723.539292 900.712201 24.216612 23.402000
1 1 9723.539292 900.712201 24.486720 23.402000
1 1 9723.539292 900.712201 24.616612 23.802000
1 1 9723.539292 900.712201 24.886720 23.802000
1 1 9723.539292 900.712201 25.016612 24.202000
1 1 9723.539292 900.712201 25.286720 24.202000
1 1 9723.539292 900.712201 25.416612 24.602000
1 1 9723.539292 900.712201 25.686720 24.602000
1 1 9731.685956 896.471316 24.216612 23.402000
1 1 9731.685956 896.471316 24.486720 23.402000
1 1 9731.685956 896.471316 24.616612 23.802000
1 1 9731.685956 896.471316 24.886720 23.802000
1 1 9731.685956 896.471316 25.016612 24.202000
1 1 9731.685956 896.471316 25.286720 24.202000
1 1 9731.685956 896.471316 25.416612 24.602000
1 1 9731.685956 896.471316 25.686720 24.602000
1 1 9740.445277 899.233119 24.216612 23.402000
1 1 9740.445277 899.233119 24.486720 23.402000
1 1 9740.445277 899.233119 24.616612 23.802000
1 1 9740.445277 899.233119 24.886720 23.802000
1 1 9740.445277 899.233119 25.016612 24.202000
1 1 9740.445277 899.233119 25.286720 24.202000
1 1 9740.445277 899.233119 25.416612 24.602000
1 1 9740.445277 899.233119 25.686720 24.602000
1 1 9535.525701 937.489568 25.791612 24.977000
1 1 9535.525701 937.489568 26.061720 24.977000
1 1 9535.525701 937.489568 26.191612 25.377000
1 1 9535.525701 937.489568 26.461720 25.377000
1 1 9535.525701 937.489568 26.591612 25.777000
1 1 9535.525701 937.489568 26.861720 25.777000
1 1 9535.525701 937.489568 26.991612 26.177000
1 1 9535.525701 937.489568 27.261720 26.177000
1 1 9537.855526 944.372485 25.791612 24.977000
1 1 9537.855526 944.372485 26.061720 24.977000
1 1 9537.855526 944.372485 26.191612 25.377000
1 1 9537.855526 944.372485 26.461720 25.377000
1 1 9537.855526 944.372485 26.591612 25.777000
1 1 9537.855526 944.372485 26.861720 25.777000
1 1 9537.855526 944.372485 26.991612 26.177000
1 1 9537.855526 944.372485 27.261720 26.177000
1 1 9532.621896 942.085762 25.791612 24.977000
1 1 9532.621896 942.085762 26.061720 24.977000
1 1 9532.621896 942.085762 26.191612 25.377000
1 1 9532.621896 942.085762 26.461720 25.377000
1 1 9532.621896 942.085762 26.591612 25.777000
1 1 9532.621896 942.085762 26.861720 25.777000
1 1 9532.621896 942.085762 26.991612 26.177000
1 1 9532.621896 942.085762 27.261720 26.177000
1 1 9532.129943 948.765879 25.791612 24.977000
1 1 9532.129943 948.765879 26.061720 24.977000
1 1 9532.129943 948.765879 26.191612 25.377000
1 1 9532.129943 948.765879 26.461720 25.377000
1 1 9532.129943 948.765879 26.591612 25.777000
1 1 9532.129943 948.765879 26.861720 25.777000
1 1 9532.129943 948.765879 26.991612 26.177000
1 1 9532.129943 948.765879 27.261720 26.177000
1 1 9526.123919 933.411183 25.791612 24.977000
1 1 9526.123919 933.411183 26.061720 24.977000
1 1 9526.123919 933.411183 26.191612 25.377000
1 1 9526.123919 933.411183 26.461720 25.377000
1 1 9526.123919 933.411183 26.591612 25.777000
1 1 9526.123919 933.411183 26.861720 25.777000
1 1 9526.123919 933.411183 26.991612 26.177000
1 1 9526.123919 933.411183 27.261720 26.177000
1 1 9528.025701 925.489568 25.791612 24.977000
1 1 9528.025701 925.489568 26.061720 24.977000
1 1 9528.025701 925.489568 26.191612 25.377000
1 1 9528.025701 925.489568 26.461720 25.377000
1 1 9528.025701 925.489568 26.591612 25.777000
1 1 9528.025701 925.489568 26.861720 25.777000
1 1 9528.025701 925.489568 26.991612 26.177000
1 1 9528.025701 925.489568 27.261720 26.177000
1 1 9531.882427 932.893301 25.791612 24.977000
1 1 9531.882427 932.893301 26.061720 24.977000
1 1 9531.882427 932.893301 26.191612 25.377000
1 1 9531.882427 932.893301 26.461720 25.377000
1 1 9531.882427 932.893301 26.591612 25.777000
1 1 9531.882427 932.893301 26.861720 25.777000
1 1 9531.882427 932.893301 26.991612 26.177000
1 1 9531.882427 932.893301 27.261720 26.177000
1 1 9536.510983 929.004287 25.791612 24.977000
1 1 9536.510983 929.004287 26.061720 24.977000
1 1 9536.510983 929.004287 26.191612 25.377000
1 1 9536.510983 929.004287 26.461720 25.377000
1 1 9536.510983 929.004287 26.591612 25.777000
1 1 9536.510983 929.004287 26.861720 25.777000
1 1 9536.510983 929.004287 26.991612 26.177000
1 1 9536.510983 929.004287 27.261720 26.177000
1 1 9506.517902 998.643596 25.197612 24.383000
1 1 9506.517902 998.643596 25.467720 24.383000
1 1 9506.517902 998.643596 25.597612 24.783000
1 1 9506.517902 998.643596 25.867720 24.783000
1 1 9506.517902 998.643596 25.997612 25.183000
1 1 9506.517902 998.643596 26.267720 25.183000
1 1 9506.517902 998.643596 26.397612 25.583000
1 1 9506.517902 998.643596 26.667720 25.583000
1 1 9504.344878 1007.578147 25.197612 24.383000
1 1 9504.344878 1007.578147 25.467720 24.383000
1 1 9504.344878 1007.578147 25.597612 24.783000
1 1 9504.344878 1007.578147 25.867720 24.783000
1 1 9504.344878 1007.578147 25.997612 25.183000
1 1 9504.344878 1007.578147 26.267720 25.183000
1 1 9504.344878 1007.578147 26.397612 25.583000
1 1 9504.344878 1007.578147 26.667720 25.583000
1 1 9494.202040 1007.578147 25.197612 24.383000
1 1 9494.202040 1007.578147 25.467720 24.383000
1 1 9494.202040 1007.578147 25.597612 24.783000
1 1 9494.202040 1007.578147 25.867720 24.783000
1 1 9494.202040 1007.578147 25.997612 25.183000
1 1 9494.202040 1007.578147 26.267720 25.183000
1 1 9494.202040 1007.578147 26.397612 25.583000
1 1 9494.202040 1007.578147 26.667720 25.583000
1 1 9488.850919 1001.562563 25.197612 24.383000
1 1 9488.850919 1001.562563 25.467720 24.383000
1 1 9488.850919 1001.562563 25.597612 24.783000
1 1 9488.850919 1001.562563 25.867720 24.783000
1 1 9488.850919 1001.562563 25.997612 25.183000
1 1 9488.850919 1001.562563 26.267720 25.183000
1 1 9488.850919 1001.562563 26.397612 25.583000
1 1 9488.850919 1001.562563 26.667720 25.583000
1 1 9487.682349 993.596625 25.197612 24.383000
1 1 9487.682349 993.596625 25.467720 24.383000
1 1 9487.682349 993.596625 25.597612 24.783000
1 1 9487.682349 993.596625 25.867720 24.783000
1 1 9487.682349 993.596625 25.997612 25.183000
1 1 9487.682349 993.596625 26.267720 25.183000
1 1 9487.682349 993.596625 26.397612 25.583000
1 1 9487.682349 993.596625 26.667720 25.583000
1 1 9496.979153 993.425845 25.197612 24.383000
1 1 9496.979153 993.425845 25.467720 24.383000
1 1 9496.979153 993.425845 25.597612 24.783000
1 1 9496.979153 993.425845 25.867720 24.783000
1 1 9496.979153 993.425845 25.997612 25.183000
1 1 9496.979153 993.425845 26.267720 25.183000
1 1 9496.979153 993.425845 26.397612 25.583000
1 1 9496.979153 993.425845 26.667720 25.583000
1 1 9500.319328 984.748117 25.197612 24.383000
1 1 9500.319328 984.748117 25.467720 24.383000
1 1 9500.319328 984.748117 25.597612 24.783000
1 1 9500.319328 984.748117 25.867720 24.783000
1 1 9500.319328 984.748117 25.997612 25.183000
1 1 9500.319328 984.748117 26.267720 25.183000
1 1 9500.319328 984.748117 26.397612 25.583000
1 1 9500.319328 984.748117 26.667720 25.583000
1 1 9509.103283 989.819536 25.197612 24.383000
1 1 9509.103283 989.819536 25.467720 24.383000
1 1 9509.103283 989.819536 25.597612 24.783000
1 1 9509.103283 989.819536 25.867720 24.783000
1 1 9509.103283 989.819536 25.997612 25.183000
1 1 9509.103283 989.819536 26.267720 25.183000
1 1 9509.103283 989.819536 26.397612 25.583000
1 1 9509.103283 989.819536 26.667720 25.583000
1 1 5950.565667 3146.412384 25.505612 24.691000
1 1 5950.565667 3146.412384 25.775720 24.691000
1 1 5950.565667 3146.412384 25.905612 25.091000
1 1 5950.565667 3146.412384 26.175720 25.091000
1 1 5950.565667 3146.412384 26.305612 25.491000
1 1 5950.565667 3146.412384 26.575720 25.491000
1 1 5950.565667 3146.412384 26.705612 25.891000
1 1 5950.565667 3146.412384 26.975720 25.891000
1 1 5949.814937 3154.455851 25.505612 24.691000
1 1 5949.814937 3154.455851 25.775720 24.691000
1 1 5949.814937 3154.455851 25.905612 25.091000
1 1 5949.814937 3154.455851 26.175720 25.091000
1 1 5949.814937 3154.455851 26.305612 25.491000
1 1 5949.814937 3154.455851 26.575720 25.491000
1 1 5949.814937 3154.455851 26.705612 25.891000
1 1 5949.814937 3154.455851 26.975720 25.891000
1 1 5940.981889 3158.230078 25.505612 24.691000
1 1 5940.981889 3158.230078 25.775720 24.691000
1 1 5940.981889 3158.230078 25.905612 25.091000
1 1 5940.981889 3158.230078 26.175720 25.091000
1 1 5940.981889 3158.230078 26.305612 25.491000
1 1 5940.981889 3158.230078 26.575720 25.491000
1 1 5940.981889 3158.230078 26.705612 25.891000
1 1 5940.981889 3158.230078 26.975720 25.891000
1 1 5937.320334 3151.233292 25.505612 24.691000
1 1 5937.320334 3151.233292 25.775720 24.691000
1 1 5937.320334 3151.233292 25.905612 25.091000
1 1 5937.320334 3151.233292 26.175720 25.091000
1 1 5937.320334 3151.233292 26.305612 25.491000
1 1 5937.320334 3151.233292 26.575720 25.491000
1 1 5937.320334 3151.233292 26.705612 25.891000
1 1 5937.320334 3151.233292 26.975720 25.891000
1 1 5931.065667 3146.412384 25.505612 24.691000
1 1 5931.065667 3146.412384 25.775720 24.691000
1 1 5931.065667 3146.412384 25.905612 25.091000
1 1 5931.065667 3146.412384 26.175720 25.091000
1 1 5931.065667 3146.412384 26.305612 25.491000
1 1 5931.065667 3146.412384 26.575720 25.491000
1 1 5931.065667 3146.412384 26.705612 25.891000
1 1 5931.065667 3146.412384 26.975720 25.891000
1 1 5940.001489 3143.841234 25.505612 24.691000
1 1 5940.001489 3143.841234 25.775720 24.691000
1 1 5940.001489 3143.841234 25.905612 25.091000
1 1 5940.001489 3143.841234 26.175720 25.091000
1 1 5940.001489 3143.841234 26.305612 25.491000
1 1 5940.001489 3143.841234 26.575720 25.491000
1 1 5940.001489 3143.841234 26.705612 25.891000
1 1 5940.001489 3143.841234 26.975720 25.891000
1 1 5940.981889 3134.594691 25.505612 24.691000
1 1 5940.981889 3134.594691 25.775720 24.691000
1 1 5940.981889 3134.594691 25.905612 25.091000
1 1 5940.981889 3134.594691 26.175720 25.091000
1 1 5940.981889 3134.594691 26.305612 25.491000
1 1 5940.981889 3134.594691 26.575720 25.491000
1 1 5940.981889 3134.594691 26.705612 25.891000
1 1 5940.981889 3134.594691 26.975720 25.891000
1 1 5950.779118 3137.219851 25.505612 24.691000
1 1 5950.779118 3137.219851 25.775720 24.691000
1 1 5950.779118 3137.219851 25.905612 25.091000
1 1 5950.779118 3137.219851 26.175720 25.091000
1 1 5950.779118 3137.219851 26.305612 25.491000
1 1 5950.779118 3137.219851 26.575720 25.491000
1 1 5950.779118 3137.219851 26.705612 25.891000
1 1 5950.779118 3137.219851 26.975720 25.891000
1 1 9395.958148 3001.116145 24.718612 23.904000
1 1 9395.958148 3001.116145 24.988720 23.904000
1 1 9395.958148 3001.116145 25.118612 24.304000
1 1 9395.958148 3001.116145 25.388720 24.304000
1 1 9395.958148 3001.116145 25.518612 24.704000
1 1 9395.958148 3001.116145 25.788720 24.704000
1 1 9395.958148 3001.116145 25.918612 25.104000
1 1 9395.958148 3001.116145 26.188720 25.104000
1 1 9393.785124 3010.050696 24.718612 23.904000
1 1 9393.785124 3010.050696 24.988720 23.904000
1 1 9393.785124 3010.050696 25.118612 24.304000
1 1 9393.785124 3010.050696 25.388720 24.304000
1 1 9393.785124 3010.050696 25.518612 24.704000
1 1 9393.785124 3010.050696 25.788720 24.704000
1 1 9393.785124 3010.050696 25.918612 25.104000
1 1 9393.785124 3010.050696 26.188720 25.104000
1 1 9384.609463 3010.451314 24.718612 23.904000
1 1 9384.609463 3010.451314 24.988720 23.904000
1 1 9384.609463 3010.451314 25.118612 24.304000
1 1 9384.609463 3010.451314 25.388720 24.304000
1 1 9384.609463 3010.451314 25.518612 24.704000
1 1 9384.609463 3010.451314 25.788720 24.704000
1 1 9384.609463 3010.451314 25.918612 25.104000
1 1 9384.609463 3010.451314 26.188720 25.104000
1 1 9377.838011 3004.246422 24.718612 23.904000
1 1 9377.838011 3004.246422 24.988720 23.904000
1 1 9377.838011 3004.246422 25.118612 24.304000
1 1 9377.838011 3004.246422 25.388720 24.304000
1 1 9377.838011 3004.246422 25.518612 24.704000
1 1 9377.838011 3004.246422 25.788720 24.704000
1 1 9377.838011 3004.246422 25.918612 25.104000
1 1 9377.838011 3004.246422 26.188720 25.104000
1 1 9377.122595 2996.069174 24.718612 23.904000
1 1 9377.122595 2996.069174 24.988720 23.904000
1 1 9377.122595 2996.069174 25.118612 24.304000
1 1 9377.122595 2996.069174 25.388720 24.304000
1 1 9377.122595 2996.069174 25.518612 24.704000
1 1 9377.122595 2996.069174 25.788720 24.704000
1 1 9377.122595 2996.069174 25.918612 25.104000
1 1 9377.122595 2996.069174 26.188720 25.104000
1 1 9386.132611 2995.488818 24.718612 23.904000
1 1 9386.132611 2995.488818 24.988720 23.904000
1 1 9386.132611 2995.488818 25.118612 24.304000
1 1 9386.132611 2995.488818 25.388720 24.304000
1 1 9386.132611 2995.488818 25.518612 24.704000
1 1 9386.132611 2995.488818 25.788720 24.704000
1 1 9386.132611 2995.488818 25.918612 25.104000
1 1 9386.132611 2995.488818 26.188720 25.104000
1 1 9381.830787 2989.345178 24.718612 23.904000
1 1 9381.830787 2989.345178 24.988720 23.904000
1 1 9381.830787 2989.345178 25.118612 24.304000
1 1 9381.830787 2989.345178 25.388720 24.304000
1 1 9381.830787 2989.345178 25.518612 24.704000
1 1 9381.830787 2989.345178 25.788720 24.704000
1 1 9381.830787 2989.345178 25.918612 25.104000
1 1 9381.830787 2989.345178 26.188720 25.104000
1 1 9389.759573 2987.220666 24.718612 23.904000
1 1 9389.759573 2987.220666 24.988720 23.904000
1 1 9389.759573 2987.220666 25.118612 24.304000
1 1 9389.759573 2987.220666 25.388720 24.304000
1 1 9389.759573 2987.220666 25.518612 24.704000
1 1 9389.759573 2987.220666 25.788720 24.704000
1 1 9389.759573 2987.220666 25.918612 25.104000
1 1 9389.759573 2987.220666 26.188720 25.104000
1 1 9369.977518 3197.636639 24.905612 24.091000
1 1 9369.977518 3197.636639 25.175720 24.091000
1 1 9369.977518 3197.636639 25.305612 24.491000
1 1 9369.977518 3197.636639 25.575720 24.491000
1 1 9369.977518 3197.636639 25.705612 24.891000
1 1 9369.977518 3197.636639 25.975720 24.891000
1 1 9369.977518 3197.636639 26.105612 25.291000
1 1 9369.977518 3197.636639 26.375720 25.291000
1 1 9362.436459 3205.840975 24.905612 24.091000
1 1 9362.436459 3205.840975 25.175720 24.091000
1 1 9362.436459 3205.840975 25.305612 24.491000
1 1 9362.436459 3205.840975 25.575720 24.491000
1 1 9362.436459 3205.840975 25.705612 24.891000
1 1 9362.436459 3205.840975 25.975720 24.891000
1 1 9362.436459 3205.840975 26.105612 25.291000
1 1 9362.436459 3205.840975 26.375720 25.291000
1 1 9362.614087 3198.810678 24.905612 24.091000
1 1 9362.614087 3198.810678 25.175720 24.091000
1 1 9362.614087 3198.810678 25.305612 24.491000
1 1 9362.614087 3198.810678 25.575720 24.491000
1 1 9362.614087 3198.810678 25.705612 24.891000
1 1 9362.614087 3198.810678 25.975720 24.891000
1 1 9362.614087 3198.810678 26.105612 25.291000
1 1 9362.614087 3198.810678 26.375720 25.291000
1 1 9352.606634 3198.958058 24.905612 24.091000
1 1 9352.606634 3198.958058 25.175720 24.091000
1 1 9352.606634 3198.958058 25.305612 24.491000
1 1 9352.606634 3198.958058 25.575720 24.491000
1 1 9352.606634 3198.958058 25.705612 24.891000
1 1 9352.606634 3198.958058 25.975720 24.891000
1 1 9352.606634 3198.958058 26.105612 25.291000
1 1 9352.606634 3198.958058 26.375720 25.291000
1 1 9359.857096 3192.196166 24.905612 24.091000
1 1 9359.857096 3192.196166 25.175720 24.091000
1 1 9359.857096 3192.196166 25.305612 24.491000
1 1 9359.857096 3192.196166 25.575720 24.491000
1 1 9359.857096 3192.196166 25.705612 24.891000
1 1 9359.857096 3192.196166 25.975720 24.891000
1 1 9359.857096 3192.196166 26.105612 25.291000
1 1 9359.857096 3192.196166 26.375720 25.291000
1 1 9359.378086 3182.610327 24.905612 24.091000
1 1 9359.378086 3182.610327 25.175720 24.091000
1 1 9359.378086 3182.610327 25.305612 24.491000
1 1 9359.378086 3182.610327 25.575720 24.491000
1 1 9359.378086 3182.610327 25.705612 24.891000
1 1 9359.378086 3182.610327 25.975720 24.891000
1 1 9359.378086 3182.610327 26.105612 25.291000
1 1 9359.378086 3182.610327 26.375720 25.291000
1 1 9369.482328 3183.494334 24.905612 24.091000
1 1 9369.482328 3183.494334 25.175720 24.091000
1 1 9369.482328 3183.494334 25.305612 24.491000
1 1 9369.482328 3183.494334 25.575720 24.491000
1 1 9369.482328 3183.494334 25.705612 24.891000
1 1 9369.482328 3183.494334 25.975720 24.891000
1 1 9369.482328 3183.494334 26.105612 25.291000
1 1 9369.482328 3183.494334 26.375720 25.291000
1 1 9366.350210 3189.790879 24.905612 24.091000
1 1 9366.350210 3189.790879 25.175720 24.091000
1 1 9366.350210 3189.790879 25.305612 24.491000
1 1 9366.350210 3189.790879 25.575720 24.491000
1 1 9366.350210 3189.790879 25.705612 24.891000
1 1 9366.350210 3189.790879 25.975720 24.891000
1 1 9366.350210 3189.790879 26.105612 25.291000
1 1 9366.350210 3189.790879 26.375720 25.291000
1 1 9538.112964 3293.567104 23.212612 22.398000
1 1 9538.112964 3293.567104 23.482720 22.398000
1 1 9538.112964 3293.567104 23.612612 22.798000
1 1 9538.112964 3293.567104 23.882720 22.798000
1 1 9538.112964 3293.567104 24.012612 23.198000
1 1 9538.112964 3293.567104 24.282720 23.198000
1 1 9538.112964 3293.567104 24.412612 23.598000
1 1 9538.112964 3293.567104 24.682720 23.598000
1 1 9538.326415 3302.759637 23.212612 22.398000
1 1 9538.326415 3302.759637 23.482720 22.398000
1 1 9538.326415 3302.759637 23.612612 22.798000
1 1 9538.326415 3302.759637 23.882720 22.798000
1 1 9538.326415 3302.759637 24.012612 23.198000
1 1 9538.326415 3302.759637 24.282720 23.198000
1 1 9538.326415 3302.759637 24.412612 23.598000
1 1 9538.326415 3302.759637 24.682720 23.598000
1 1 9528.529186 3305.384797 23.212612 22.398000
1 1 9528.529186 3305.384797 23.482720 22.398000
1 1 9528.529186 3305.384797 23.612612 22.798000
1 1 9528.529186 3305.384797 23.882720 22.798000
1 1 9528.529186 3305.384797 24.012612 23.198000
1 1 9528.529186 3305.384797 24.282720 23.198000
1 1 9528.529186 3305.384797 24.412612 23.598000
1 1 9528.529186 3305.384797 24.682720 23.598000
1 1 9521.420431 3301.280555 23.212612 22.398000
1 1 9521.420431 3301.280555 23.482720 22.398000
1 1 9521.420431 3301.280555 23.612612 22.798000
1 1 9521.420431 3301.280555 23.882720 22.798000
1 1 9521.420431 3301.280555 24.012612 23.198000
1 1 9521.420431 3301.280555 24.282720 23.198000
1 1 9521.420431 3301.280555 24.412612 23.598000
1 1 9521.420431 3301.280555 24.682720 23.598000
1 1 9518.612964 3293.567104 23.212612 22.398000
1 1 9518.612964 3293.567104 23.482720 22.398000
1 1 9518.612964 3293.567104 23.612612 22.798000
1 1 9518.612964 3293.567104 23.882720 22.798000
1 1 9518.612964 3293.567104 24.012612 23.198000
1 1 9518.612964 3293.567104 24.282720 23.198000
1 1 9518.612964 3293.567104 24.412612 23.598000
1 1 9518.612964 3293.567104 24.682720 23.598000
1 1 9528.529186 3281.749411 23.212612 22.398000
1 1 9528.529186 3281.749411 23.482720 22.398000
1 1 9528.529186 3281.749411 23.612612 22.798000
1 1 9528.529186 3281.749411 23.882720 22.798000
1 1 9528.529186 3281.749411 24.012612 23.198000
1 1 9528.529186 3281.749411 24.282720 23.198000
1 1 9528.529186 3281.749411 24.412612 23.598000
1 1 9528.529186 3281.749411 24.682720 23.598000
1 1 9531.394381 3289.135469 23.212612 22.398000
1 1 9531.394381 3289.135469 23.482720 22.398000
1 1 9531.394381 3289.135469 23.612612 22.798000
1 1 9531.394381 3289.135469 23.882720 22.798000
1 1 9531.394381 3289.135469 24.012612 23.198000
1 1 9531.394381 3289.135469 24.282720 23.198000
1 1 9531.394381 3289.135469 24.412612 23.598000
1 1 9531.394381 3289.135469 24.682720 23.598000
1 1 9538.326415 3284.374571 23.212612 22.398000
1 1 9538.326415 3284.374571 23.482720 22.398000
1 1 9538.326415 3284.374571 23.612612 22.798000
1 1 9538.326415 3284.374571 23.882720 22.798000
1 1 9538.326415 3284.374571 24.012612 23.198000
1 1 9538.326415 3284.374571 24.282720 23.198000
1 1 9538.326415 3284.374571 24.412612 23.598000
1 1 9538.326415 3284.374571 24.682720 23.598000
1 1 9564.201474 3389.645995 25.820612 25.006000
1 1 9564.201474 3389.645995 26.090720 25.006000
1 1 9564.201474 3389.645995 26.220612 25.406000
1 1 9564.201474 3389.645995 26.490720 25.406000
1 1 9564.201474 3389.645995 26.620612 25.806000
1 1 9564.201474 3389.645995 26.890720 25.806000
1 1 9564.201474 3389.645995 27.020612 26.206000
1 1 9564.201474 3389.645995 27.290720 26.206000
1 1 9564.414926 3398.838528 25.820612 25.006000
1 1 9564.414926 3398.838528 26.090720 25.006000
1 1 9564.414926 3398.838528 26.220612 25.406000
1 1 9564.414926 3398.838528 26.490720 25.406000
1 1 9564.414926 3398.838528 26.620612 25.806000
1 1 9564.414926 3398.838528 26.890720 25.806000
1 1 9564.414926 3398.838528 27.020612 26.206000
1 1 9564.414926 3398.838528 27.290720 26.206000
1 1 9554.617696 3401.463688 25.820612 25.006000
1 1 9554.617696 3401.463688 26.090720 25.006000
1 1 9554.617696 3401.463688 26.220612 25.406000
1 1 9554.617696 3401.463688 26.490720 25.406000
1 1 9554.617696 3401.463688 26.620612 25.806000
1 1 9554.617696 3401.463688 26.890720 25.806000
1 1 9554.617696 3401.463688 27.020612 26.206000
1 1 9554.617696 3401.463688 27.290720 26.206000
1 1 9547.508941 3397.359446 25.820612 25.006000
1 1 9547.508941 3397.359446 26.090720 25.006000
1 1 9547.508941 3397.359446 26.220612 25.406000
1 1 9547.508941 3397.359446 26.490720 25.406000
1 1 9547.508941 3397.359446 26.620612 25.806000
1 1 9547.508941 3397.359446 26.890720 25.806000
1 1 9547.508941 3397.359446 27.020612 26.206000
1 1 9547.508941 3397.359446 27.290720 26.206000
1 1 9544.701474 3389.645995 25.820612 25.006000
1 1 9544.701474 3389.645995 26.090720 25.006000
1 1 9544.701474 3389.645995 26.220612 25.406000
1 1 9544.701474 3389.645995 26.490720 25.406000
1 1 9544.701474 3389.645995 26.620612 25.806000
1 1 9544.701474 3389.645995 26.890720 25.806000
1 1 9544.701474 3389.645995 27.020612 26.206000
1 1 9544.701474 3389.645995 27.290720 26.206000
1 1 9553.637297 3387.074844 25.820612 25.006000
1 1 9553.637297 3387.074844 26.090720 25.006000
1 1 9553.637297 3387.074844 26.220612 25.406000
1 1 9553.637297 3387.074844 26.490720 25.406000
1 1 9553.637297 3387.074844 26.620612 25.806000
1 1 9553.637297 3387.074844 26.890720 25.806000
1 1 9553.637297 3387.074844 27.020612 26.206000
1 1 9553.637297 3387.074844 27.290720 26.206000
1 1 9554.617696 3377.828302 25.820612 25.006000
1 1 9554.617696 3377.828302 26.090720 25.006000
1 1 9554.617696 3377.828302 26.220612 25.406000
1 1 9554.617696 3377.828302 26.490720 25.406000
1 1 9554.617696 3377.828302 26.620612 25.806000
1 1 9554.617696 3377.828302 26.890720 25.806000
1 1 9554.617696 3377.828302 27.020612 26.206000
1 1 9554.617696 3377.828302 27.290720 26.206000
1 1 9564.414926 3380.453461 25.820612 25.006000
1 1 9564.414926 3380.453461 26.090720 25.006000
1 1 9564.414926 3380.453461 26.220612 25.406000
1 1 9564.414926 3380.453461 26.490720 25.406000
1 1 9564.414926 3380.453461 26.620612 25.806000
1 1 9564.414926 3380.453461 26.890720 25.806000
1 1 9564.414926 3380.453461 27.020612 26.206000
1 1 9564.414926 3380.453461 27.290720 26.206000
1 1 9614.981522 2904.646261 24.147612 23.333000
1 1 9614.981522 2904.646261 24.417720 23.333000
1 1 9614.981522 2904.646261 24.547612 23.733000
1 1 9614.981522 2904.646261 24.817720 23.733000
1 1 9614.981522 2904.646261 24.947612 24.133000
1 1 9614.981522 2904.646261 25.217720 24.133000
1 1 9614.981522 2904.646261 25.347612 24.533000
1 1 9614.981522 2904.646261 25.617720 24.533000
1 1 9607.465652 2908.706124 24.147612 23.333000
1 1 9607.465652 2908.706124 24.417720 23.333000
1 1 9607.465652 2908.706124 24.547612 23.733000
1 1 9607.465652 2908.706124 24.817720 23.733000
1 1 9607.465652 2908.706124 24.947612 24.133000
1 1 9607.465652 2908.706124 25.217720 24.133000
1 1 9607.465652 2908.706124 25.347612 24.533000
1 1 9607.465652 2908.706124 25.617720 24.533000
1 1 9600.058001 2914.153593 24.147612 23.333000
1 1 9600.058001 2914.153593 24.417720 23.333000
1 1 9600.058001 2914.153593 24.547612 23.733000
1 1 9600.058001 2914.153593 24.817720 23.733000
1 1 9600.058001 2914.153593 24.947612 24.133000
1 1 9600.058001 2914.153593 25.217720 24.133000
1 1 9600.058001 2914.153593 25.347612 24.533000
1 1 9600.058001 2914.153593 25.617720 24.533000
1 1 9592.771524 2908.562483 24.147612 23.333000
1 1 9592.771524 2908.562483 24.417720 23.333000
1 1 9592.771524 2908.562483 24.547612 23.733000
1 1 9592.771524 2908.562483 24.817720 23.733000
1 1 9592.771524 2908.562483 24.947612 24.133000
1 1 9592.771524 2908.562483 25.217720 24.133000
1 1 9592.771524 2908.562483 25.347612 24.533000
1 1 9592.771524 2908.562483 25.617720 24.533000
1 1 9598.817163 2901.397798 24.147612 23.333000
1 1 9598.817163 2901.397798 24.417720 23.333000
1 1 9598.817163 2901.397798 24.547612 23.733000
1 1 9598.817163 2901.397798 24.817720 23.733000
1 1 9598.817163 2901.397798 24.947612 24.133000
1 1 9598.817163 2901.397798 25.217720 24.133000
1 1 9598.817163 2901.397798 25.347612 24.533000
1 1 9598.817163 2901.397798 25.617720 24.533000
1 1 9596.280912 2892.732659 24.147612 23.333000
1 1 9596.280912 2892.732659 24.417720 23.333000
1 1 9596.280912 2892.732659 24.547612 23.733000
1 1 9596.280912 2892.732659 24.817720 23.733000
1 1 9596.280912 2892.732659 24.947612 24.133000
1 1 9596.280912 2892.732659 25.217720 24.133000
1 1 9596.280912 2892.732659 25.347612 24.533000
1 1 9596.280912 2892.732659 25.617720 24.533000
1 1 9604.209698 2890.608147 24.147612 23.333000
1 1 9604.209698 2890.608147 24.417720 23.333000
1 1 9604.209698 2890.608147 24.547612 23.733000
1 1 9604.209698 2890.608147 24.817720 23.733000
1 1 9604.209698 2890.608147 24.947612 24.133000
1 1 9604.209698 2890.608147 25.217720 24.133000
1 1 9604.209698 2890.608147 25.347612 24.533000
1 1 9604.209698 2890.608147 25.617720 24.533000
1 1 9611.649111 2894.077202 24.147612 23.333000
1 1 9611.649111 2894.077202 24.417720 23.333000
1 1 9611.649111 2894.077202 24.547612 23.733000
1 1 9611.649111 2894.077202 24.817720 23.733000
1 1 9611.649111 2894.077202 24.947612 24.133000
1 1 9611.649111 2894.077202 25.217720 24.133000
1 1 9611.649111 2894.077202 25.347612 24.533000
1 1 9611.649111 2894.077202 25.617720 24.533000
1 1 9198.928392 3205.644230 24.523612 23.709000
1 1 9198.928392 3205.644230 24.793720 23.709000
1 1 9198.928392 3205.644230 24.923612 24.109000
1 1 9198.928392 3205.644230 25.193720 24.109000
1 1 9198.928392 3205.644230 25.323612 24.509000
1 1 9198.928392 3205.644230 25.593720 24.509000
1 1 9198.928392 3205.644230 25.723612 24.909000
1 1 9198.928392 3205.644230 25.993720 24.909000
1 1 9201.258217 3212.527147 24.523612 23.709000
1 1 9201.258217 3212.527147 24.793720 23.709000
1 1 9201.258217 3212.527147 24.923612 24.109000
1 1 9201.258217 3212.527147 25.193720 24.109000
1 1 9201.258217 3212.527147 25.323612 24.509000
1 1 9201.258217 3212.527147 25.593720 24.509000
1 1 9201.258217 3212.527147 25.723612 24.909000
1 1 9201.258217 3212.527147 25.993720 24.909000
1 1 9195.532634 3216.920541 24.523612 23.709000
1 1 9195.532634 3216.920541 24.793720 23.709000
1 1 9195.532634 3216.920541 24.923612 24.109000
1 1 9195.532634 3216.920541 25.193720 24.109000
1 1 9195.532634 3216.920541 25.323612 24.509000
1 1 9195.532634 3216.920541 25.593720 24.509000
1 1 9195.532634 3216.920541 25.723612 24.909000
1 1 9195.532634 3216.920541 25.993720 24.909000
1 1 9189.103992 3210.628923 24.523612 23.709000
1 1 9189.103992 3210.628923 24.793720 23.709000
1 1 9189.103992 3210.628923 24.923612 24.109000
1 1 9189.103992 3210.628923 25.193720 24.109000
1 1 9189.103992 3210.628923 25.323612 24.509000
1 1 9189.103992 3210.628923 25.593720 24.509000
1 1 9189.103992 3210.628923 25.723612 24.909000
1 1 9189.103992 3210.628923 25.993720 24.909000
1 1 9180.552699 3210.715649 24.523612 23.709000
1 1 9180.552699 3210.715649 24.793720 23.709000
1 1 9180.552699 3210.715649 24.923612 24.109000
1 1 9180.552699 3210.715649 25.193720 24.109000
1 1 9180.552699 3210.715649 25.323612 24.509000
1 1 9180.552699 3210.715649 25.593720 24.509000
1 1 9180.552699 3210.715649 25.723612 24.909000
1 1 9180.552699 3210.715649 25.993720 24.909000
1 1 9184.183948 3203.703087 24.523612 23.709000
1 1 9184.183948 3203.703087 24.793720 23.709000
1 1 9184.183948 3203.703087 24.923612 24.109000
1 1 9184.183948 3203.703087 25.193720 24.109000
1 1 9184.183948 3203.703087 25.323612 24.509000
1 1 9184.183948 3203.703087 25.593720 24.509000
1 1 9184.183948 3203.703087 25.723612 24.909000
1 1 9184.183948 3203.703087 25.993720 24.909000
1 1 9187.324150 3194.367919 24.523612 23.709000
1 1 9187.324150 3194.367919 24.793720 23.709000
1 1 9187.324150 3194.367919 24.923612 24.109000
1 1 9187.324150 3194.367919 25.193720 24.109000
1 1 9187.324150 3194.367919 25.323612 24.509000
1 1 9187.324150 3194.367919 25.593720 24.509000
1 1 9187.324150 3194.367919 25.723612 24.909000
1 1 9187.324150 3194.367919 25.993720 24.909000
1 1 9197.428392 3195.251925 24.523612 23.709000
1 1 9197.428392 3195.251925 24.793720 23.709000
1 1 9197.428392 3195.251925 24.923612 24.109000
1 1 9197.428392 3195.251925 25.193720 24.109000
1 1 9197.428392 3195.251925 25.323612 24.509000
1 1 9197.428392 3195.251925 25.593720 24.509000
1 1 9197.428392 3195.251925 25.723612 24.909000
1 1 9197.428392 3195.251925 25.993720 24.909000
1 1 9182.877618 3714.662649 25.610612 24.796000
1 1 9182.877618 3714.662649 25.880720 24.796000
1 1 9182.877618 3714.662649 26.010612 25.196000
1 1 9182.877618 3714.662649 26.280720 25.196000
1 1 9182.877618 3714.662649 26.410612 25.596000
1 1 9182.877618 3714.662649 26.680720 25.596000
1 1 9182.877618 3714.662649 26.810612 25.996000
1 1 9182.877618 3714.662649 27.080720 25.996000
1 1 9180.493284 3723.144045 25.610612 24.796000
1 1 9180.493284 3723.144045 25.880720 24.796000
1 1 9180.493284 3723.144045 26.010612 25.196000
1 1 9180.493284 3723.144045 26.280720 25.196000
1 1 9180.493284 3723.144045 26.410612 25.596000
1 1 9180.493284 3723.144045 26.680720 25.596000
1 1 9180.493284 3723.144045 26.810612 25.996000
1 1 9180.493284 3723.144045 27.080720 25.996000
1 1 9171.383174 3720.082722 25.610612 24.796000
1 1 9171.383174 3720.082722 25.880720 24.796000
1 1 9171.383174 3720.082722 26.010612 25.196000
1 1 9171.383174 3720.082722 26.280720 25.196000
1 1 9171.383174 3720.082722 26.410612 25.596000
1 1 9171.383174 3720.082722 26.680720 25.596000
1 1 9171.383174 3720.082722 26.810612 25.996000
1 1 9171.383174 3720.082722 27.080720 25.996000
1 1 9169.231924 3713.850219 25.610612 24.796000
1 1 9169.231924 3713.850219 25.880720 24.796000
1 1 9169.231924 3713.850219 26.010612 25.196000
1 1 9169.231924 3713.850219 26.280720 25.196000
1 1 9169.231924 3713.850219 26.410612 25.596000
1 1 9169.231924 3713.850219 26.680720 25.596000
1 1 9169.231924 3713.850219 26.810612 25.996000
1 1 9169.231924 3713.850219 27.080720 25.996000
1 1 9164.042065 3709.615677 25.610612 24.796000
1 1 9164.042065 3709.615677 25.880720 24.796000
1 1 9164.042065 3709.615677 26.010612 25.196000
1 1 9164.042065 3709.615677 26.280720 25.196000
1 1 9164.042065 3709.615677 26.410612 25.596000
1 1 9164.042065 3709.615677 26.680720 25.596000
1 1 9164.042065 3709.615677 26.810612 25.996000
1 1 9164.042065 3709.615677 27.080720 25.996000
1 1 9168.750257 3702.891681 25.610612 24.796000
1 1 9168.750257 3702.891681 25.880720 24.796000
1 1 9168.750257 3702.891681 26.010612 25.196000
1 1 9168.750257 3702.891681 26.280720 25.196000
1 1 9168.750257 3702.891681 26.410612 25.596000
1 1 9168.750257 3702.891681 26.680720 25.596000
1 1 9168.750257 3702.891681 26.810612 25.996000
1 1 9168.750257 3702.891681 27.080720 25.996000
1 1 9176.679043 3700.767169 25.610612 24.796000
1 1 9176.679043 3700.767169 25.880720 24.796000
1 1 9176.679043 3700.767169 26.010612 25.196000
1 1 9176.679043 3700.767169 26.280720 25.196000
1 1 9176.679043 3700.767169 26.410612 25.596000
1 1 9176.679043 3700.767169 26.680720 25.596000
1 1 9176.679043 3700.767169 26.810612 25.996000
1 1 9176.679043 3700.767169 27.080720 25.996000
1 1 9180.221786 3706.168289 25.610612 24.796000
1 1 9180.221786 3706.168289 25.880720 24.796000
1 1 9180.221786 3706.168289 26.010612 25.196000
1 1 9180.221786 3706.168289 26.280720 25.196000
1 1 9180.221786 3706.168289 26.410612 25.596000
1 1 9180.221786 3706.168289 26.680720 25.596000
1 1 9180.221786 3706.168289 26.810612 25.996000
1 1 9180.221786 3706.168289 27.080720 25.996000
1 1 9144.976894 3952.094572 24.976612 24.162000
1 1 9144.976894 3952.094572 25.246720 24.162000
1 1 9144.976894 3952.094572 25.376612 24.562000
1 1 9144.976894 3952.094572 25.646720 24.562000
1 1 9144.976894 3952.094572 25.776612 24.962000
1 1 9144.976894 3952.094572 26.046720 24.962000
1 1 9144.976894 3952.094572 26.176612 25.362000
1 1 9144.976894 3952.094572 26.446720 25.362000
1 1 9142.033441 3960.805733 24.976612 24.162000
1 1 9142.033441 3960.805733 25.246720 24.162000
1 1 9142.033441 3960.805733 25.376612 24.562000
1 1 9142.033441 3960.805733 25.646720 24.562000
1 1 9142.033441 3960.805733 25.776612 24.962000
1 1 9142.033441 3960.805733 26.046720 24.962000
1 1 9142.033441 3960.805733 26.176612 25.362000
1 1 9142.033441 3960.805733 26.446720 25.362000
1 1 9137.929199 3955.529421 24.976612 24.162000
1 1 9137.929199 3955.529421 25.246720 24.162000
1 1 9137.929199 3955.529421 25.376612 24.562000
1 1 9137.929199 3955.529421 25.646720 24.562000
1 1 9137.929199 3955.529421 25.776612 24.962000
1 1 9137.929199 3955.529421 26.046720 24.962000
1 1 9137.929199 3955.529421 26.176612 25.362000
1 1 9137.929199 3955.529421 26.446720 25.362000
1 1 9131.929199 3959.921726 24.976612 24.162000
1 1 9131.929199 3959.921726 25.246720 24.162000
1 1 9131.929199 3959.921726 25.376612 24.562000
1 1 9131.929199 3959.921726 25.646720 24.562000
1 1 9131.929199 3959.921726 25.776612 24.962000
1 1 9131.929199 3959.921726 26.046720 24.962000
1 1 9131.929199 3959.921726 26.176612 25.362000
1 1 9131.929199 3959.921726 26.446720 25.362000
1 1 9126.652888 3953.633663 24.976612 24.162000
1 1 9126.652888 3953.633663 25.246720 24.162000
1 1 9126.652888 3953.633663 25.376612 24.562000
1 1 9126.652888 3953.633663 25.646720 24.562000
1 1 9126.652888 3953.633663 25.776612 24.962000
1 1 9126.652888 3953.633663 26.046720 24.962000
1 1 9126.652888 3953.633663 26.176612 25.362000
1 1 9126.652888 3953.633663 26.446720 25.362000
1 1 9126.652888 3945.425179 24.976612 24.162000
1 1 9126.652888 3945.425179 25.246720 24.162000
1 1 9126.652888 3945.425179 25.376612 24.562000
1 1 9126.652888 3945.425179 25.646720 24.562000
1 1 9126.652888 3945.425179 25.776612 24.962000
1 1 9126.652888 3945.425179 26.046720 24.962000
1 1 9126.652888 3945.425179 26.176612 25.362000
1 1 9126.652888 3945.425179 26.446720 25.362000
1 1 9134.487740 3944.614509 24.976612 24.162000
1 1 9134.487740 3944.614509 25.246720 24.162000
1 1 9134.487740 3944.614509 25.376612 24.562000
1 1 9134.487740 3944.614509 25.646720 24.562000
1 1 9134.487740 3944.614509 25.776612 24.962000
1 1 9134.487740 3944.614509 26.046720 24.962000
1 1 9134.487740 3944.614509 26.176612 25.362000
1 1 9134.487740 3944.614509 26.446720 25.362000
1 1 9137.929199 3937.529421 24.976612 24.162000
1 1 9137.929199 3937.529421 25.246720 24.162000
1 1 9137.929199 3937.529421 25.376612 24.562000
1 1 9137.929199 3937.529421 25.646720 24.562000
1 1 9137.929199 3937.529421 25.776612 24.962000
1 1 9137.929199 3937.529421 26.046720 24.962000
1 1 9137.929199 3937.529421 26.176612 25.362000
1 1 9137.929199 3937.529421 26.446720 25.362000
1 1 6276.265072 1551.557206 25.048612 24.234000
1 1 6276.265072 1551.557206 25.318720 24.234000
1 1 6276.265072 1551.557206 25.448612 24.634000
1 1 6276.265072 1551.557206 25.718720 24.634000
1 1 6276.265072 1551.557206 25.848612 25.034000
1 1 6276.265072 1551.557206 26.118720 25.034000
1 1 6276.265072 1551.557206 26.248612 25.434000
1 1 6276.265072 1551.557206 26.518720 25.434000
1 1 6276.478524 1560.749740 25.048612 24.234000
1 1 6276.478524 1560.749740 25.318720 24.234000
1 1 6276.478524 1560.749740 25.448612 24.634000
1 1 6276.478524 1560.749740 25.718720 24.634000
1 1 6276.478524 1560.749740 25.848612 25.034000
1 1 6276.478524 1560.749740 26.118720 25.034000
1 1 6276.478524 1560.749740 26.248612 25.434000
1 1 6276.478524 1560.749740 26.518720 25.434000
1 1 6266.681294 1563.374899 25.048612 24.234000
1 1 6266.681294 1563.374899 25.318720 24.234000
1 1 6266.681294 1563.374899 25.448612 24.634000
1 1 6266.681294 1563.374899 25.718720 24.634000
1 1 6266.681294 1563.374899 25.848612 25.034000
1 1 6266.681294 1563.374899 26.118720 25.034000
1 1 6266.681294 1563.374899 26.248612 25.434000
1 1 6266.681294 1563.374899 26.518720 25.434000
1 1 6265.700895 1554.128357 25.048612 24.234000
1 1 6265.700895 1554.128357 25.318720 24.234000
1 1 6265.700895 1554.128357 25.448612 24.634000
1 1 6265.700895 1554.128357 25.718720 24.634000
1 1 6265.700895 1554.128357 25.848612 25.034000
1 1 6265.700895 1554.128357 26.118720 25.034000
1 1 6265.700895 1554.128357 26.248612 25.434000
1 1 6265.700895 1554.128357 26.518720 25.434000
1 1 6256.765072 1551.557206 25.048612 24.234000
1 1 6256.765072 1551.557206 25.318720 24.234000
1 1 6256.765072 1551.557206 25.448612 24.634000
1 1 6256.765072 1551.557206 25.718720 24.634000
1 1 6256.765072 1551.557206 25.848612 25.034000
1 1 6256.765072 1551.557206 26.118720 25.034000
1 1 6256.765072 1551.557206 26.248612 25.434000
1 1 6256.765072 1551.557206 26.518720 25.434000
1 1 6259.572539 1543.843755 25.048612 24.234000
1 1 6259.572539 1543.843755 25.318720 24.234000
1 1 6259.572539 1543.843755 25.448612 24.634000
1 1 6259.572539 1543.843755 25.718720 24.634000
1 1 6259.572539 1543.843755 25.848612 25.034000
1 1 6259.572539 1543.843755 26.118720 25.034000
1 1 6259.572539 1543.843755 26.248612 25.434000
1 1 6259.572539 1543.843755 26.518720 25.434000
1 1 6266.681294 1539.739513 25.048612 24.234000
1 1 6266.681294 1539.739513 25.318720 24.234000
1 1 6266.681294 1539.739513 25.448612 24.634000
1 1 6266.681294 1539.739513 25.718720 24.634000
1 1 6266.681294 1539.739513 25.848612 25.034000
1 1 6266.681294 1539.739513 26.118720 25.034000
1 1 6266.681294 1539.739513 26.248612 25.434000
1 1 6266.681294 1539.739513 26.518720 25.434000
1 1 6276.478524 1542.364673 25.048612 24.234000
1 1 6276.478524 1542.364673 25.318720 24.234000
1 1 6276.478524 1542.364673 25.448612 24.634000
1 1 6276.478524 1542.364673 25.718720 24.634000
1 1 6276.478524 1542.364673 25.848612 25.034000
1 1 6276.478524 1542.364673 26.118720 25.034000
1 1 6276.478524 1542.364673 26.248612 25.434000
1 1 6276.478524 1542.364673 26.518720 25.434000
1 1 5928.262641 1513.696724 24.619612 23.805000
1 1 5928.262641 1513.696724 24.889720 23.805000
1 1 5928.262641 1513.696724 25.019612 24.205000
1 1 5928.262641 1513.696724 25.289720 24.205000
1 1 5928.262641 1513.696724 25.419612 24.605000
1 1 5928.262641 1513.696724 25.689720 24.605000
1 1 5928.262641 1513.696724 25.819612 25.005000
1 1 5928.262641 1513.696724 26.089720 25.005000
1 1 5928.476092 1522.889258 24.619612 23.805000
1 1 5928.476092 1522.889258 24.889720 23.805000
1 1 5928.476092 1522.889258 25.019612 24.205000
1 1 5928.476092 1522.889258 25.289720 24.205000
1 1 5928.476092 1522.889258 25.419612 24.605000
1 1 5928.476092 1522.889258 25.689720 24.605000
1 1 5928.476092 1522.889258 25.819612 25.005000
1 1 5928.476092 1522.889258 26.089720 25.005000
1 1 5918.678863 1525.514417 24.619612 23.805000
1 1 5918.678863 1525.514417 24.889720 23.805000
1 1 5918.678863 1525.514417 25.019612 24.205000
1 1 5918.678863 1525.514417 25.289720 24.205000
1 1 5918.678863 1525.514417 25.419612 24.605000
1 1 5918.678863 1525.514417 25.689720 24.605000
1 1 5918.678863 1525.514417 25.819612 25.005000
1 1 5918.678863 1525.514417 26.089720 25.005000
1 1 5917.698463 1516.267875 24.619612 23.805000
1 1 5917.698463 1516.267875 24.889720 23.805000
1 1 5917.698463 1516.267875 25.019612 24.205000
1 1 5917.698463 1516.267875 25.289720 24.205000
1 1 5917.698463 1516.267875 25.419612 24.605000
1 1 5917.698463 1516.267875 25.689720 24.605000
1 1 5917.698463 1516.267875 25.819612 25.005000
1 1 5917.698463 1516.267875 26.089720 25.005000
1 1 5908.762641 1513.696724 24.619612 23.805000
1 1 5908.762641 1513.696724 24.889720 23.805000
1 1 5908.762641 1513.696724 25.019612 24.205000
1 1 5908.762641 1513.696724 25.289720 24.205000
1 1 5908.762641 1513.696724 25.419612 24.605000
1 1 5908.762641 1513.696724 25.689720 24.605000
1 1 5908.762641 1513.696724 25.819612 25.005000
1 1 5908.762641 1513.696724 26.089720 25.005000
1 1 5911.570107 1505.983273 24.619612 23.805000
1 1 5911.570107 1505.983273 24.889720 23.805000
1 1 5911.570107 1505.983273 25.019612 24.205000
1 1 5911.570107 1505.983273 25.289720 24.205000
1 1 5911.570107 1505.983273 25.419612 24.605000
1 1 5911.570107 1505.983273 25.689720 24.605000
1 1 5911.570107 1505.983273 25.819612 25.005000
1 1 5911.570107 1505.983273 26.089720 25.005000
1 1 5918.678863 1501.879031 24.619612 23.805000
1 1 5918.678863 1501.879031 24.889720 23.805000
1 1 5918.678863 1501.879031 25.019612 24.205000
1 1 5918.678863 1501.879031 25.289720 24.205000
1 1 5918.678863 1501.879031 25.419612 24.605000
1 1 5918.678863 1501.879031 25.689720 24.605000
1 1 5918.678863 1501.879031 25.819612 25.005000
1 1 5918.678863 1501.879031 26.089720 25.005000
1 1 5928.476092 1504.504191 24.619612 23.805000
1 1 5928.476092 1504.504191 24.889720 23.805000
1 1 5928.476092 1504.504191 25.019612 24.205000
1 1 5928.476092 1504.504191 25.289720 24.205000
1 1 5928.476092 1504.504191 25.419612 24.605000
1 1 5928.476092 1504.504191 25.689720 24.605000
1 1 5928.476092 1504.504191 25.819612 25.005000
1 1 5928.476092 1504.504191 26.089720 25.005000
1 1 7140.168110 2565.009777 25.742612 24.928000
1 1 7140.168110 2565.009777 26.012720 24.928000
1 1 7140.168110 2565.009777 26.142612 25.328000
1 1 7140.168110 2565.009777 26.412720 25.328000
1 1 7140.168110 2565.009777 26.542612 25.728000
1 1 7140.168110 2565.009777 26.812720 25.728000
1 1 7140.168110 2565.009777 26.942612 26.128000
1 1 7140.168110 2565.009777 27.212720 26.128000
1 1 7140.381561 2574.202311 25.742612 24.928000
1 1 7140.381561 2574.202311 26.012720 24.928000
1 1 7140.381561 2574.202311 26.142612 25.328000
1 1 7140.381561 2574.202311 26.412720 25.328000
1 1 7140.381561 2574.202311 26.542612 25.728000
1 1 7140.381561 2574.202311 26.812720 25.728000
1 1 7140.381561 2574.202311 26.942612 26.128000
1 1 7140.381561 2574.202311 27.212720 26.128000
1 1 7130.584332 2576.827470 25.742612 24.928000
1 1 7130.584332 2576.827470 26.012720 24.928000
1 1 7130.584332 2576.827470 26.142612 25.328000
1 1 7130.584332 2576.827470 26.412720 25.328000
1 1 7130.584332 2576.827470 26.542612 25.728000
1 1 7130.584332 2576.827470 26.812720 25.728000
1 1 7130.584332 2576.827470 26.942612 26.128000
1 1 7130.584332 2576.827470 27.212720 26.128000
1 1 7129.603932 2567.580928 25.742612 24.928000
1 1 7129.603932 2567.580928 26.012720 24.928000
1 1 7129.603932 2567.580928 26.142612 25.328000
1 1 7129.603932 2567.580928 26.412720 25.328000
1 1 7129.603932 2567.580928 26.542612 25.728000
1 1 7129.603932 2567.580928 26.812720 25.728000
1 1 7129.603932 2567.580928 26.942612 26.128000
1 1 7129.603932 2567.580928 27.212720 26.128000
1 1 7120.668110 2565.009777 25.742612 24.928000
1 1 7120.668110 2565.009777 26.012720 24.928000
1 1 7120.668110 2565.009777 26.142612 25.328000
1 1 7120.668110 2565.009777 26.412720 25.328000
1 1 7120.668110 2565.009777 26.542612 25.728000
1 1 7120.668110 2565.009777 26.812720 25.728000
1 1 7120.668110 2565.009777 26.942612 26.128000
1 1 7120.668110 2565.009777 27.212720 26.128000
1 1 7123.475577 2557.296326 25.742612 24.928000
1 1 7123.475577 2557.296326 26.012720 24.928000
1 1 7123.475577 2557.296326 26.142612 25.328000
1 1 7123.475577 2557.296326 26.412720 25.328000
1 1 7123.475577 2557.296326 26.542612 25.728000
1 1 7123.475577 2557.296326 26.812720 25.728000
1 1 7123.475577 2557.296326 26.942612 26.128000
1 1 7123.475577 2557.296326 27.212720 26.128000
1 1 7130.584332 2553.192084 25.742612 24.928000
1 1 7130.584332 2553.192084 26.012720 24.928000
1 1 7130.584332 2553.192084 26.142612 25.328000
1 1 7130.584332 2553.192084 26.412720 25.328000
1 1 7130.584332 2553.192084 26.542612 25.728000
1 1 7130.584332 2553.192084 26.812720 25.728000
1 1 7130.584332 2553.192084 26.942612 26.128000
1 1 7130.584332 2553.192084 27.212720 26.128000
1 1 7140.381561 2555.817244 25.742612 24.928000
1 1 7140.381561 2555.817244 26.012720 24.928000
1 1 7140.381561 2555.817244 26.142612 25.328000
1 1 7140.381561 2555.817244 26.412720 25.328000
1 1 7140.381561 2555.817244 26.542612 25.728000
1 1 7140.381561 2555.817244 26.812720 25.728000
1 1 7140.381561 2555.817244 26.942612 26.128000
1 1 7140.381561 2555.817244 27.212720 26.128000
1 1 5860.418963 2515.312690 23.582612 22.768000
1 1 5860.418963 2515.312690 23.852720 22.768000
1 1 5860.418963 2515.312690 23.982612 23.168000
1 1 5860.418963 2515.312690 24.252720 23.168000
1 1 5860.418963 2515.312690 24.382612 23.568000
1 1 5860.418963 2515.312690 24.652720 23.568000
1 1 5860.418963 2515.312690 24.782612 23.968000
1 1 5860.418963 2515.312690 25.052720 23.968000
1 1 5860.632414 2524.505223 23.582612 22.768000
1 1 5860.632414 2524.505223 23.852720 22.768000
1 1 5860.632414 2524.505223 23.982612 23.168000
1 1 5860.632414 2524.505223 24.252720 23.168000
1 1 5860.632414 2524.505223 24.382612 23.568000
1 1 5860.632414 2524.505223 24.652720 23.568000
1 1 5860.632414 2524.505223 24.782612 23.968000
1 1 5860.632414 2524.505223 25.052720 23.968000
1 1 5850.835185 2527.130383 23.582612 22.768000
1 1 5850.835185 2527.130383 23.852720 22.768000
1 1 5850.835185 2527.130383 23.982612 23.168000
1 1 5850.835185 2527.130383 24.252720 23.168000
1 1 5850.835185 2527.130383 24.382612 23.568000
1 1 5850.835185 2527.130383 24.652720 23.568000
1 1 5850.835185 2527.130383 24.782612 23.968000
1 1 5850.835185 2527.130383 25.052720 23.968000
1 1 5849.854785 2517.883840 23.582612 22.768000
1 1 5849.854785 2517.883840 23.852720 22.768000
1 1 5849.854785 2517.883840 23.982612 23.168000
1 1 5849.854785 2517.883840 24.252720 23.168000
1 1 5849.854785 2517.883840 24.382612 23.568000
1 1 5849.854785 2517.883840 24.652720 23.568000
1 1 5849.854785 2517.883840 24.782612 23.968000
1 1 5849.854785 2517.883840 25.052720 23.968000
1 1 5840.918963 2515.312690 23.582612 22.768000
1 1 5840.918963 2515.312690 23.852720 22.768000
1 1 5840.918963 2515.312690 23.982612 23.168000
1 1 5840.918963 2515.312690 24.252720 23.168000
1 1 5840.918963 2515.312690 24.382612 23.568000
1 1 5840.918963 2515.312690 24.652720 23.568000
1 1 5840.918963 2515.312690 24.782612 23.968000
1 1 5840.918963 2515.312690 25.052720 23.968000
1 1 5843.726430 2507.599238 23.582612 22.768000
1 1 5843.726430 2507.599238 23.852720 22.768000
1 1 5843.726430 2507.599238 23.982612 23.168000
1 1 5843.726430 2507.599238 24.252720 23.168000
1 1 5843.726430 2507.599238 24.382612 23.568000
1 1 5843.726430 2507.599238 24.652720 23.568000
1 1 5843.726430 2507.599238 24.782612 23.968000
1 1 5843.726430 2507.599238 25.052720 23.968000
1 1 5850.835185 2503.494997 23.582612 22.768000
1 1 5850.835185 2503.494997 23.852720 22.768000
1 1 5850.835185 2503.494997 23.982612 23.168000
1 1 5850.835185 2503.494997 24.252720 23.168000
1 1 5850.835185 2503.494997 24.382612 23.568000
1 1 5850.835185 2503.494997 24.652720 23.568000
1 1 5850.835185 2503.494997 24.782612 23.968000
1 1 5850.835185 2503.494997 25.052720 23.968000
1 1 5860.632414 2506.120156 23.582612 22.768000
1 1 5860.632414 2506.120156 23.852720 22.768000
1 1 5860.632414 2506.120156 23.982612 23.168000
1 1 5860.632414 2506.120156 24.252720 23.168000
1 1 5860.632414 2506.120156 24.382612 23.568000
1 1 5860.632414 2506.120156 24.652720 23.568000
1 1 5860.632414 2506.120156 24.782612 23.968000
1 1 5860.632414 2506.120156 25.052720 23.968000
1 1 8824.349223 1270.328252 25.821612 25.007000
1 1 8824.349223 1270.328252 26.091720 25.007000
1 1 8824.349223 1270.328252 26.221612 25.407000
1 1 8824.349223 1270.328252 26.491720 25.407000
1 1 8824.349223 1270.328252 26.621612 25.807000
1 1 8824.349223 1270.328252 26.891720 25.807000
1 1 8824.349223 1270.328252 27.021612 26.207000
1 1 8824.349223 1270.328252 27.291720 26.207000
1 1 8825.334505 1278.813533 25.821612 25.007000
1 1 8825.334505 1278.813533 26.091720 25.007000
1 1 8825.334505 1278.813533 26.221612 25.407000
1 1 8825.334505 1278.813533 26.491720 25.407000
1 1 8825.334505 1278.813533 26.621612 25.807000
1 1 8825.334505 1278.813533 26.891720 25.807000
1 1 8825.334505 1278.813533 27.021612 26.207000
1 1 8825.334505 1278.813533 27.291720 26.207000
1 1 8819.599223 1275.091391 25.821612 25.007000
1 1 8819.599223 1275.091391 26.091720 25.007000
1 1 8819.599223 1275.091391 26.221612 25.407000
1 1 8819.599223 1275.091391 26.491720 25.407000
1 1 8819.599223 1275.091391 26.621612 25.807000
1 1 8819.599223 1275.091391 26.891720 25.807000
1 1 8819.599223 1275.091391 27.021612 26.207000
1 1 8819.599223 1275.091391 27.291720 26.207000
1 1 8816.849223 1282.328252 25.821612 25.007000
1 1 8816.849223 1282.328252 26.091720 25.007000
1 1 8816.849223 1282.328252 26.221612 25.407000
1 1 8816.849223 1282.328252 26.491720 25.407000
1 1 8816.849223 1282.328252 26.621612 25.807000
1 1 8816.849223 1282.328252 26.891720 25.807000
1 1 8816.849223 1282.328252 27.021612 26.207000
1 1 8816.849223 1282.328252 27.291720 26.207000
1 1 8813.385122 1272.328252 25.821612 25.007000
1 1 8813.385122 1272.328252 26.091720 25.007000
1 1 8813.385122 1272.328252 26.221612 25.407000
1 1 8813.385122 1272.328252 26.491720 25.407000
1 1 8813.385122 1272.328252 26.621612 25.807000
1 1 8813.385122 1272.328252 26.891720 25.807000
1 1 8813.385122 1272.328252 27.021612 26.207000
1 1 8813.385122 1272.328252 27.291720 26.207000
1 1 8806.456918 1264.328252 25.821612 25.007000
1 1 8806.456918 1264.328252 26.091720 25.007000
1 1 8806.456918 1264.328252 26.221612 25.407000
1 1 8806.456918 1264.328252 26.491720 25.407000
1 1 8806.456918 1264.328252 26.621612 25.807000
1 1 8806.456918 1264.328252 26.891720 25.807000
1 1 8806.456918 1264.328252 27.021612 26.207000
1 1 8806.456918 1264.328252 27.291720 26.207000
1 1 8814.102204 1264.437251 25.821612 25.007000
1 1 8814.102204 1264.437251 26.091720 25.007000
1 1 8814.102204 1264.437251 26.221612 25.407000
1 1 8814.102204 1264.437251 26.491720 25.407000
1 1 8814.102204 1264.437251 26.621612 25.807000
1 1 8814.102204 1264.437251 26.891720 25.807000
1 1 8814.102204 1264.437251 27.021612 26.207000
1 1 8814.102204 1264.437251 27.291720 26.207000
1 1 8818.933001 1258.510559 25.821612 25.007000
1 1 8818.933001 1258.510559 26.091720 25.007000
1 1 8818.933001 1258.510559 26.221612 25.407000
1 1 8818.933001 1258.510559 26.491720 25.407000
1 1 8818.933001 1258.510559 26.621612 25.807000
1 1 8818.933001 1258.510559 26.891720 25.807000
1 1 8818.933001 1258.510559 27.021612 26.207000
1 1 8818.933001 1258.510559 27.291720 26.207000
1 1 8306.131335 1956.782903 24.379612 23.565000
1 1 8306.131335 1956.782903 24.649720 23.565000
1 1 8306.131335 1956.782903 24.779612 23.965000
1 1 8306.131335 1956.782903 25.049720 23.965000
1 1 8306.131335 1956.782903 25.179612 24.365000
1 1 8306.131335 1956.782903 25.449720 24.365000
1 1 8306.131335 1956.782903 25.579612 24.765000
1 1 8306.131335 1956.782903 25.849720 24.765000
1 1 8306.344786 1965.975437 24.379612 23.565000
1 1 8306.344786 1965.975437 24.649720 23.565000
1 1 8306.344786 1965.975437 24.779612 23.965000
1 1 8306.344786 1965.975437 25.049720 23.965000
1 1 8306.344786 1965.975437 25.179612 24.365000
1 1 8306.344786 1965.975437 25.449720 24.365000
1 1 8306.344786 1965.975437 25.579612 24.765000
1 1 8306.344786 1965.975437 25.849720 24.765000
1 1 8296.547557 1968.600596 24.379612 23.565000
1 1 8296.547557 1968.600596 24.649720 23.565000
1 1 8296.547557 1968.600596 24.779612 23.965000
1 1 8296.547557 1968.600596 25.049720 23.965000
1 1 8296.547557 1968.600596 25.179612 24.365000
1 1 8296.547557 1968.600596 25.449720 24.365000
1 1 8296.547557 1968.600596 25.579612 24.765000
1 1 8296.547557 1968.600596 25.849720 24.765000
1 1 8295.567157 1959.354054 24.379612 23.565000
1 1 8295.567157 1959.354054 24.649720 23.565000
1 1 8295.567157 1959.354054 24.779612 23.965000
1 1 8295.567157 1959.354054 25.049720 23.965000
1 1 8295.567157 1959.354054 25.179612 24.365000
1 1 8295.567157 1959.354054 25.449720 24.365000
1 1 8295.567157 1959.354054 25.579612 24.765000
1 1 8295.567157 1959.354054 25.849720 24.765000
1 1 8286.631335 1956.782903 24.379612 23.565000
1 1 8286.631335 1956.782903 24.649720 23.565000
1 1 8286.631335 1956.782903 24.779612 23.965000
1 1 8286.631335 1956.782903 25.049720 23.965000
1 1 8286.631335 1956.782903 25.179612 24.365000
1 1 8286.631335 1956.782903 25.449720 24.365000
1 1 8286.631335 1956.782903 25.579612 24.765000
1 1 8286.631335 1956.782903 25.849720 24.765000
1 1 8289.438802 1949.069452 24.379612 23.565000
1 1 8289.438802 1949.069452 24.649720 23.565000
1 1 8289.438802 1949.069452 24.779612 23.965000
1 1 8289.438802 1949.069452 25.049720 23.965000
1 1 8289.438802 1949.069452 25.179612 24.365000
1 1 8289.438802 1949.069452 25.449720 24.365000
1 1 8289.438802 1949.069452 25.579612 24.765000
1 1 8289.438802 1949.069452 25.849720 24.765000
1 1 8296.547557 1944.965210 24.379612 23.565000
1 1 8296.547557 1944.965210 24.649720 23.565000
1 1 8296.547557 1944.965210 24.779612 23.965000
1 1 8296.547557 1944.965210 25.049720 23.965000
1 1 8296.547557 1944.965210 25.179612 24.365000
1 1 8296.547557 1944.965210 25.449720 24.365000
1 1 8296.547557 1944.965210 25.579612 24.765000
1 1 8296.547557 1944.965210 25.849720 24.765000
1 1 8306.344786 1947.590370 24.379612 23.565000
1 1 8306.344786 1947.590370 24.649720 23.565000
1 1 8306.344786 1947.590370 24.779612 23.965000
1 1 8306.344786 1947.590370 25.049720 23.965000
1 1 8306.344786 1947.590370 25.179612 24.365000
1 1 8306.344786 1947.590370 25.449720 24.365000
1 1 8306.344786 1947.590370 25.579612 24.765000
1 1 8306.344786 1947.590370 25.849720 24.765000
1 1 7096.567824 2586.109057 23.391612 22.577000
1 1 7096.567824 2586.109057 23.661720 22.577000
1 1 7096.567824 2586.109057 23.791612 22.977000
1 1 7096.567824 2586.109057 24.061720 22.977000
1 1 7096.567824 2586.109057 24.191612 23.377000
1 1 7096.567824 2586.109057 24.461720 23.377000
1 1 7096.567824 2586.109057 24.591612 23.777000
1 1 7096.567824 2586.109057 24.861720 23.777000
1 1 7096.781275 2595.301590 23.391612 22.577000
1 1 7096.781275 2595.301590 23.661720 22.577000
1 1 7096.781275 2595.301590 23.791612 22.977000
1 1 7096.781275 2595.301590 24.061720 22.977000
1 1 7096.781275 2595.301590 24.191612 23.377000
1 1 7096.781275 2595.301590 24.461720 23.377000
1 1 7096.781275 2595.301590 24.591612 23.777000
1 1 7096.781275 2595.301590 24.861720 23.777000
1 1 7086.984046 2597.926750 23.391612 22.577000
1 1 7086.984046 2597.926750 23.661720 22.577000
1 1 7086.984046 2597.926750 23.791612 22.977000
1 1 7086.984046 2597.926750 24.061720 22.977000
1 1 7086.984046 2597.926750 24.191612 23.377000
1 1 7086.984046 2597.926750 24.461720 23.377000
1 1 7086.984046 2597.926750 24.591612 23.777000
1 1 7086.984046 2597.926750 24.861720 23.777000
1 1 7086.003646 2588.680207 23.391612 22.577000
1 1 7086.003646 2588.680207 23.661720 22.577000
1 1 7086.003646 2588.680207 23.791612 22.977000
1 1 7086.003646 2588.680207 24.061720 22.977000
1 1 7086.003646 2588.680207 24.191612 23.377000
1 1 7086.003646 2588.680207 24.461720 23.377000
1 1 7086.003646 2588.680207 24.591612 23.777000
1 1 7086.003646 2588.680207 24.861720 23.777000
1 1 7077.067824 2586.109057 23.391612 22.577000
1 1 7077.067824 2586.109057 23.661720 22.577000
1 1 7077.067824 2586.109057 23.791612 22.977000
1 1 7077.067824 2586.109057 24.061720 22.977000
1 1 7077.067824 2586.109057 24.191612 23.377000
1 1 7077.067824 2586.109057 24.461720 23.377000
1 1 7077.067824 2586.109057 24.591612 23.777000
1 1 7077.067824 2586.109057 24.861720 23.777000
1 1 7079.875290 2578.395605 23.391612 22.577000
1 1 7079.875290 2578.395605 23.661720 22.577000
1 1 7079.875290 2578.395605 23.791612 22.977000
1 1 7079.875290 2578.395605 24.061720 22.977000
1 1 7079.875290 2578.395605 24.191612 23.377000
1 1 7079.875290 2578.395605 24.461720 23.377000
1 1 7079.875290 2578.395605 24.591612 23.777000
1 1 7079.875290 2578.395605 24.861720 23.777000
1 1 7086.984046 2574.291364 23.391612 22.577000
1 1 7086.984046 2574.291364 23.661720 22.577000
1 1 7086.984046 2574.291364 23.791612 22.977000
1 1 7086.984046 2574.291364 24.061720 22.977000
1 1 7086.984046 2574.291364 24.191612 23.377000
1 1 7086.984046 2574.291364 24.461720 23.377000
1 1 7086.984046 2574.291364 24.591612 23.777000
1 1 7086.984046 2574.291364 24.861720 23.777000
1 1 7096.781275 2576.916523 23.391612 22.577000
1 1 7096.781275 2576.916523 23.661720 22.577000
1 1 7096.781275 2576.916523 23.791612 22.977000
1 1 7096.781275 2576.916523 24.061720 22.977000
1 1 7096.781275 2576.916523 24.191612 23.377000
1 1 7096.781275 2576.916523 24.461720 23.377000
1 1 7096.781275 2576.916523 24.591612 23.777000
1 1 7096.781275 2576.916523 24.861720 23.777000
1 1 5857.432056 2475.420362 24.760612 23.946000
1 1 5857.432056 2475.420362 25.030720 23.946000
1 1 5857.432056 2475.420362 25.160612 24.346000
1 1 5857.432056 2475.420362 25.430720 24.346000
1 1 5857.432056 2475.420362 25.560612 24.746000
1 1 5857.432056 2475.420362 25.830720 24.746000
1 1 5857.432056 2475.420362 25.960612 25.146000
1 1 5857.432056 2475.420362 26.230720 25.146000
1 1 5857.645507 2484.612895 24.760612 23.946000
1 1 5857.645507 2484.612895 25.030720 23.946000
1 1 5857.645507 2484.612895 25.160612 24.346000
1 1 5857.645507 2484.612895 25.430720 24.346000
1 1 5857.645507 2484.612895 25.560612 24.746000
1 1 5857.645507 2484.612895 25.830720 24.746000
1 1 5857.645507 2484.612895 25.960612 25.146000
1 1 5857.645507 2484.612895 26.230720 25.146000
1 1 5847.848277 2487.238055 24.760612 23.946000
1 1 5847.848277 2487.238055 25.030720 23.946000
1 1 5847.848277 2487.238055 25.160612 24.346000
1 1 5847.848277 2487.238055 25.430720 24.346000
1 1 5847.848277 2487.238055 25.560612 24.746000
1 1 5847.848277 2487.238055 25.830720 24.746000
1 1 5847.848277 2487.238055 25.960612 25.146000
1 1 5847.848277 2487.238055 26.230720 25.146000
1 1 5846.867878 2477.991513 24.760612 23.946000
1 1 5846.867878 2477.991513 25.030720 23.946000
1 1 5846.867878 2477.991513 25.160612 24.346000
1 1 5846.867878 2477.991513 25.430720 24.346000
1 1 5846.867878 2477.991513 25.560612 24.746000
1 1 5846.867878 2477.991513 25.830720 24.746000
1 1 5846.867878 2477.991513 25.960612 25.146000
1 1 5846.867878 2477.991513 26.230720 25.146000
1 1 5837.932056 2475.420362 24.760612 23.946000
1 1 5837.932056 2475.420362 25.030720 23.946000
1 1 5837.932056 2475.420362 25.160612 24.346000
1 1 5837.932056 2475.420362 25.430720 24.346000
1 1 5837.932056 2475.420362 25.560612 24.746000
1 1 5837.932056 2475.420362 25.830720 24.746000
1 1 5837.932056 2475.420362 25.960612 25.146000
1 1 5837.932056 2475.420362 26.230720 25.146000
1 1 5840.739522 2467.706911 24.760612 23.946000
1 1 5840.739522 2467.706911 25.030720 23.946000
1 1 5840.739522 2467.706911 25.160612 24.346000
1 1 5840.739522 2467.706911 25.430720 24.346000
1 1 5840.739522 2467.706911 25.560612 24.746000
1 1 5840.739522 2467.706911 25.830720 24.746000
1 1 5840.739522 2467.706911 25.960612 25.146000
1 1 5840.739522 2467.706911 26.230720 25.146000
1 1 5847.848277 2463.602669 24.760612 23.946000
1 1 5847.848277 2463.602669 25.030720 23.946000
1 1 5847.848277 2463.602669 25.160612 24.346000
1 1 5847.848277 2463.602669 25.430720 24.346000
1 1 5847.848277 2463.602669 25.560612 24.746000
1 1 5847.848277 2463.602669 25.830720 24.746000
1 1 5847.848277 2463.602669 25.960612 25.146000
1 1 5847.848277 2463.602669 26.230720 25.146000
1 1 5857.645507 2466.227829 24.760612 23.946000
1 1 5857.645507 2466.227829 25.030720 23.946000
1 1 5857.645507 2466.227829 25.160612 24.346000
1 1 5857.645507 2466.227829 25.430720 24.346000
1 1 5857.645507 2466.227829 25.560612 24.746000
1 1 5857.645507 2466.227829 25.830720 24.746000
1 1 5857.645507 2466.227829 25.960612 25.146000
1 1 5857.645507 2466.227829 26.230720 25.146000
1 1 9351.107227 3022.688909 24.489612 23.675000
1 1 9351.107227 3022.688909 24.759720 23.675000
1 1 9351.107227 3022.688909 24.889612 24.075000
1 1 9351.107227 3022.688909 25.159720 24.075000
1 1 9351.107227 3022.688909 25.289612 24.475000
1 1 9351.107227 3022.688909 25.559720 24.475000
1 1 9351.107227 3022.688909 25.689612 24.875000
1 1 9351.107227 3022.688909 25.959720 24.875000
1 1 9342.656065 3021.444466 24.489612 23.675000
1 1 9342.656065 3021.444466 24.759720 23.675000
1 1 9342.656065 3021.444466 24.889612 24.075000
1 1 9342.656065 3021.444466 25.159720 24.075000
1 1 9342.656065 3021.444466 25.289612 24.475000
1 1 9342.656065 3021.444466 25.559720 24.475000
1 1 9342.656065 3021.444466 25.689612 24.875000
1 1 9342.656065 3021.444466 25.959720 24.875000
1 1 9341.230677 3013.360687 24.489612 23.675000
1 1 9341.230677 3013.360687 24.759720 23.675000
1 1 9341.230677 3013.360687 24.889612 24.075000
1 1 9341.230677 3013.360687 25.159720 24.075000
1 1 9341.230677 3013.360687 25.289612 24.475000
1 1 9341.230677 3013.360687 25.559720 24.475000
1 1 9341.230677 3013.360687 25.689612 24.875000
1 1 9341.230677 3013.360687 25.959720 24.875000
1 1 9350.219943 3012.616038 24.489612 23.675000
1 1 9350.219943 3012.616038 24.759720 23.675000
1 1 9350.219943 3012.616038 24.889612 24.075000
1 1 9350.219943 3012.616038 25.159720 24.075000
1 1 9350.219943 3012.616038 25.289612 24.475000
1 1 9350.219943 3012.616038 25.559720 24.475000
1 1 9350.219943 3012.616038 25.689612 24.875000
1 1 9350.219943 3012.616038 25.959720 24.875000
1 1 9344.563089 3006.959184 24.489612 23.675000
1 1 9344.563089 3006.959184 24.759720 23.675000
1 1 9344.563089 3006.959184 24.889612 24.075000
1 1 9344.563089 3006.959184 25.159720 24.075000
1 1 9344.563089 3006.959184 25.289612 24.475000
1 1 9344.563089 3006.959184 25.559720 24.475000
1 1 9344.563089 3006.959184 25.689612 24.875000
1 1 9344.563089 3006.959184 25.959720 24.875000
1 1 9350.964592 3003.626772 24.489612 23.675000
1 1 9350.964592 3003.626772 24.759720 23.675000
1 1 9350.964592 3003.626772 24.889612 24.075000
1 1 9350.964592 3003.626772 25.159720 24.075000
1 1 9350.964592 3003.626772 25.289612 24.475000
1 1 9350.964592 3003.626772 25.559720 24.475000
1 1 9350.964592 3003.626772 25.689612 24.875000
1 1 9350.964592 3003.626772 25.959720 24.875000
1 1 9356.218007 3008.647157 24.489612 23.675000
1 1 9356.218007 3008.647157 24.759720 23.675000
1 1 9356.218007 3008.647157 24.889612 24.075000
1 1 9356.218007 3008.647157 25.159720 24.075000
1 1 9356.218007 3008.647157 25.289612 24.475000
1 1 9356.218007 3008.647157 25.559720 24.475000
1 1 9356.218007 3008.647157 25.689612 24.875000
1 1 9356.218007 3008.647157 25.959720 24.875000
1 1 9363.384989 3011.682244 24.489612 23.675000
1 1 9363.384989 3011.682244 24.759720 23.675000
1 1 9363.384989 3011.682244 24.889612 24.075000
1 1 9363.384989 3011.682244 25.159720 24.075000
1 1 9363.384989 3011.682244 25.289612 24.475000
1 1 9363.384989 3011.682244 25.559720 24.475000
1 1 9363.384989 3011.682244 25.689612 24.875000
1 1 9363.384989 3011.682244 25.959720 24.875000
1 1 9427.751228 3825.627021 25.772612 24.958000
1 1 9427.751228 3825.627021 26.042720 24.958000
1 1 9427.751228 3825.627021 26.172612 25.358000
1 1 9427.751228 3825.627021 26.442720 25.358000
1 1 9427.751228 3825.627021 26.572612 25.758000
1 1 9427.751228 3825.627021 26.842720 25.758000
1 1 9427.751228 3825.627021 26.972612 26.158000
1 1 9427.751228 3825.627021 27.242720 26.158000
1 1 9420.561719 3833.279535 25.772612 24.958000
1 1 9420.561719 3833.279535 26.042720 24.958000
1 1 9420.561719 3833.279535 26.172612 25.358000
1 1 9420.561719 3833.279535 26.442720 25.358000
1 1 9420.561719 3833.279535 26.572612 25.758000
1 1 9420.561719 3833.279535 26.842720 25.758000
1 1 9420.561719 3833.279535 26.972612 26.158000
1 1 9420.561719 3833.279535 27.242720 26.158000
1 1 9411.215283 3827.325198 25.772612 24.958000
1 1 9411.215283 3827.325198 26.042720 24.958000
1 1 9411.215283 3827.325198 26.172612 25.358000
1 1 9411.215283 3827.325198 26.442720 25.358000
1 1 9411.215283 3827.325198 26.572612 25.758000
1 1 9411.215283 3827.325198 26.842720 25.758000
1 1 9411.215283 3827.325198 26.972612 26.158000
1 1 9411.215283 3827.325198 27.242720 26.158000
1 1 9409.789895 3819.241420 25.772612 24.958000
1 1 9409.789895 3819.241420 26.042720 24.958000
1 1 9409.789895 3819.241420 26.172612 25.358000
1 1 9409.789895 3819.241420 26.442720 25.358000
1 1 9409.789895 3819.241420 26.572612 25.758000
1 1 9409.789895 3819.241420 26.842720 25.758000
1 1 9409.789895 3819.241420 26.972612 26.158000
1 1 9409.789895 3819.241420 27.242720 26.158000
1 1 9417.743885 3820.289922 25.772612 24.958000
1 1 9417.743885 3820.289922 26.042720 24.958000
1 1 9417.743885 3820.289922 26.172612 25.358000
1 1 9417.743885 3820.289922 26.442720 25.358000
1 1 9417.743885 3820.289922 26.572612 25.758000
1 1 9417.743885 3820.289922 26.842720 25.758000
1 1 9417.743885 3820.289922 26.972612 26.158000
1 1 9417.743885 3820.289922 27.242720 26.158000
1 1 9414.724671 3811.495374 25.772612 24.958000
1 1 9414.724671 3811.495374 26.042720 24.958000
1 1 9414.724671 3811.495374 26.172612 25.358000
1 1 9414.724671 3811.495374 26.442720 25.358000
1 1 9414.724671 3811.495374 26.572612 25.758000
1 1 9414.724671 3811.495374 26.842720 25.758000
1 1 9414.724671 3811.495374 26.972612 26.158000
1 1 9414.724671 3811.495374 27.242720 26.158000
1 1 9428.490505 3811.495374 25.772612 24.958000
1 1 9428.490505 3811.495374 26.042720 24.958000
1 1 9428.490505 3811.495374 26.172612 25.358000
1 1 9428.490505 3811.495374 26.442720 25.358000
1 1 9428.490505 3811.495374 26.572612 25.758000
1 1 9428.490505 3811.495374 26.842720 25.758000
1 1 9428.490505 3811.495374 26.972612 26.158000
1 1 9428.490505 3811.495374 27.242720 26.158000
1 1 9425.054788 3818.432654 25.772612 24.958000
1 1 9425.054788 3818.432654 26.042720 24.958000
1 1 9425.054788 3818.432654 26.172612 25.358000
1 1 9425.054788 3818.432654 26.442720 25.358000
1 1 9425.054788 3818.432654 26.572612 25.758000
1 1 9425.054788 3818.432654 26.842720 25.758000
1 1 9425.054788 3818.432654 26.972612 26.158000
1 1 9425.054788 3818.432654 27.242720 26.158000
1 1 9315.751248 3819.773879 25.514612 24.700000
1 1 9315.751248 3819.773879 25.784720 24.700000
1 1 9315.751248 3819.773879 25.914612 25.100000
1 1 9315.751248 3819.773879 26.184720 25.100000
1 1 9315.751248 3819.773879 26.314612 25.500000
1 1 9315.751248 3819.773879 26.584720 25.500000
1 1 9315.751248 3819.773879 26.714612 25.900000
1 1 9315.751248 3819.773879 26.984720 25.900000
1 1 9313.686417 3822.168051 25.514612 24.700000
1 1 9313.686417 3822.168051 25.784720 24.700000
1 1 9313.686417 3822.168051 25.914612 25.100000
1 1 9313.686417 3822.168051 26.184720 25.100000
1 1 9313.686417 3822.168051 26.314612 25.500000
1 1 9313.686417 3822.168051 26.584720 25.500000
1 1 9313.686417 3822.168051 26.714612 25.900000
1 1 9313.686417 3822.168051 26.984720 25.900000
1 1 9310.303778 3820.969874 25.514612 24.700000
1 1 9310.303778 3820.969874 25.784720 24.700000
1 1 9310.303778 3820.969874 25.914612 25.100000
1 1 9310.303778 3820.969874 26.184720 25.100000
1 1 9310.303778 3820.969874 26.314612 25.500000
1 1 9310.303778 3820.969874 26.584720 25.500000
1 1 9310.303778 3820.969874 26.714612 25.900000
1 1 9310.303778 3820.969874 26.984720 25.900000
1 1 9310.877652 3823.385565 25.514612 24.700000
1 1 9310.877652 3823.385565 25.784720 24.700000
1 1 9310.877652 3823.385565 25.914612 25.100000
1 1 9310.877652 3823.385565 26.184720 25.100000
1 1 9310.877652 3823.385565 26.314612 25.500000
1 1 9310.877652 3823.385565 26.584720 25.500000
1 1 9310.877652 3823.385565 26.714612 25.900000
1 1 9310.877652 3823.385565 26.984720 25.900000
1 1 9311.873589 3825.860584 25.514612 24.700000
1 1 9311.873589 3825.860584 25.784720 24.700000
1 1 9311.873589 3825.860584 25.914612 25.100000
1 1 9311.873589 3825.860584 26.184720 25.100000
1 1 9311.873589 3825.860584 26.314612 25.500000
1 1 9311.873589 3825.860584 26.584720 25.500000
1 1 9311.873589 3825.860584 26.714612 25.900000
1 1 9311.873589 3825.860584 26.984720 25.900000
1 1 9309.160138 3825.328305 25.514612 24.700000
1 1 9309.160138 3825.328305 25.784720 24.700000
1 1 9309.160138 3825.328305 25.914612 25.100000
1 1 9309.160138 3825.328305 26.184720 25.100000
1 1 9309.160138 3825.328305 26.314612 25.500000
1 1 9309.160138 3825.328305 26.584720 25.500000
1 1 9309.160138 3825.328305 26.714612 25.900000
1 1 9309.160138 3825.328305 26.984720 25.900000
1 1 9306.725289 3823.715745 25.514612 24.700000
1 1 9306.725289 3823.715745 25.784720 24.700000
1 1 9306.725289 3823.715745 25.914612 25.100000
1 1 9306.725289 3823.715745 26.184720 25.100000
1 1 9306.725289 3823.715745 26.314612 25.500000
1 1 9306.725289 3823.715745 26.584720 25.500000
1 1 9306.725289 3823.715745 26.714612 25.900000
1 1 9306.725289 3823.715745 26.984720 25.900000
1 1 9307.265966 3828.259160 25.514612 24.700000
1 1 9307.265966 3828.259160 25.784720 24.700000
1 1 9307.265966 3828.259160 25.914612 25.100000
1 1 9307.265966 3828.259160 26.184720 25.100000
1 1 9307.265966 3828.259160 26.314612 25.500000
1 1 9307.265966 3828.259160 26.584720 25.500000
1 1 9307.265966 3828.259160 26.714612 25.900000
1 1 9307.265966 3828.259160 26.984720 25.900000
1 1 9123.775631 3779.839292 25.176612 24.362000
1 1 9123.775631 3779.839292 25.446720 24.362000
1 1 9123.775631 3779.839292 25.576612 24.762000
1 1 9123.775631 3779.839292 25.846720 24.762000
1 1 9123.775631 3779.839292 25.976612 25.162000
1 1 9123.775631 3779.839292 26.246720 25.162000
1 1 9123.775631 3779.839292 26.376612 25.562000
1 1 9123.775631 3779.839292 26.646720 25.562000
1 1 9123.989082 3789.031826 25.176612 24.362000
1 1 9123.989082 3789.031826 25.446720 24.362000
1 1 9123.989082 3789.031826 25.576612 24.762000
1 1 9123.989082 3789.031826 25.846720 24.762000
1 1 9123.989082 3789.031826 25.976612 25.162000
1 1 9123.989082 3789.031826 26.246720 25.162000
1 1 9123.989082 3789.031826 26.376612 25.562000
1 1 9123.989082 3789.031826 26.646720 25.562000
1 1 9114.191853 3791.656985 25.176612 24.362000
1 1 9114.191853 3791.656985 25.446720 24.362000
1 1 9114.191853 3791.656985 25.576612 24.762000
1 1 9114.191853 3791.656985 25.846720 24.762000
1 1 9114.191853 3791.656985 25.976612 25.162000
1 1 9114.191853 3791.656985 26.246720 25.162000
1 1 9114.191853 3791.656985 26.376612 25.562000
1 1 9114.191853 3791.656985 26.646720 25.562000
1 1 9113.211453 3782.410443 25.176612 24.362000
1 1 9113.211453 3782.410443 25.446720 24.362000
1 1 9113.211453 3782.410443 25.576612 24.762000
1 1 9113.211453 3782.410443 25.846720 24.762000
1 1 9113.211453 3782.410443 25.976612 25.162000
1 1 9113.211453 3782.410443 26.246720 25.162000
1 1 9113.211453 3782.410443 26.376612 25.562000
1 1 9113.211453 3782.410443 26.646720 25.562000
1 1 9104.275631 3779.839292 25.176612 24.362000
1 1 9104.275631 3779.839292 25.446720 24.362000
1 1 9104.275631 3779.839292 25.576612 24.762000
1 1 9104.275631 3779.839292 25.846720 24.762000
1 1 9104.275631 3779.839292 25.976612 25.162000
1 1 9104.275631 3779.839292 26.246720 25.162000
1 1 9104.275631 3779.839292 26.376612 25.562000
1 1 9104.275631 3779.839292 26.646720 25.562000
1 1 9107.083097 3772.125841 25.176612 24.362000
1 1 9107.083097 3772.125841 25.446720 24.362000
1 1 9107.083097 3772.125841 25.576612 24.762000
1 1 9107.083097 3772.125841 25.846720 24.762000
1 1 9107.083097 3772.125841 25.976612 25.162000
1 1 9107.083097 3772.125841 26.246720 25.162000
1 1 9107.083097 3772.125841 26.376612 25.562000
1 1 9107.083097 3772.125841 26.646720 25.562000
1 1 9114.278677 3768.514003 25.176612 24.362000
1 1 9114.278677 3768.514003 25.446720 24.362000
1 1 9114.278677 3768.514003 25.576612 24.762000
1 1 9114.278677 3768.514003 25.846720 24.762000
1 1 9114.278677 3768.514003 25.976612 25.162000
1 1 9114.278677 3768.514003 26.246720 25.162000
1 1 9114.278677 3768.514003 26.376612 25.562000
1 1 9114.278677 3768.514003 26.646720 25.562000
1 1 9123.989082 3770.646759 25.176612 24.362000
1 1 9123.989082 3770.646759 25.446720 24.362000
1 1 9123.989082 3770.646759 25.576612 24.762000
1 1 9123.989082 3770.646759 25.846720 24.762000
1 1 9123.989082 3770.646759 25.976612 25.162000
1 1 9123.989082 3770.646759 26.246720 25.162000
1 1 9123.989082 3770.646759 26.376612 25.562000
1 1 9123.989082 3770.646759 26.646720 25.562000
1 1 9250.424222 3064.503685 25.020612 24.206000
1 1 9250.424222 3064.503685 25.290720 24.206000
1 1 9250.424222 3064.503685 25.420612 24.606000
1 1 9250.424222 3064.503685 25.690720 24.606000
1 1 9250.424222 3064.503685 25.820612 25.006000
1 1 9250.424222 3064.503685 26.090720 25.006000
1 1 9250.424222 3064.503685 26.220612 25.406000
1 1 9250.424222 3064.503685 26.490720 25.406000
1 1 9249.038164 3073.593629 25.020612 24.206000
1 1 9249.038164 3073.593629 25.290720 24.206000
1 1 9249.038164 3073.593629 25.420612 24.606000
1 1 9249.038164 3073.593629 25.690720 24.606000
1 1 9249.038164 3073.593629 25.820612 25.006000
1 1 9249.038164 3073.593629 26.090720 25.006000
1 1 9249.038164 3073.593629 26.220612 25.406000
1 1 9249.038164 3073.593629 26.490720 25.406000
1 1 9238.933922 3074.477635 25.020612 24.206000
1 1 9238.933922 3074.477635 25.290720 24.206000
1 1 9238.933922 3074.477635 25.420612 24.606000
1 1 9238.933922 3074.477635 25.690720 24.606000
1 1 9238.933922 3074.477635 25.820612 25.006000
1 1 9238.933922 3074.477635 26.090720 25.006000
1 1 9238.933922 3074.477635 26.220612 25.406000
1 1 9238.933922 3074.477635 26.490720 25.406000
1 1 9232.645859 3069.201324 25.020612 24.206000
1 1 9232.645859 3069.201324 25.290720 24.206000
1 1 9232.645859 3069.201324 25.420612 24.606000
1 1 9232.645859 3069.201324 25.690720 24.606000
1 1 9232.645859 3069.201324 25.820612 25.006000
1 1 9232.645859 3069.201324 26.090720 25.006000
1 1 9232.645859 3069.201324 26.220612 25.406000
1 1 9232.645859 3069.201324 26.490720 25.406000
1 1 9231.220471 3061.117546 25.020612 24.206000
1 1 9231.220471 3061.117546 25.290720 24.206000
1 1 9231.220471 3061.117546 25.420612 24.606000
1 1 9231.220471 3061.117546 25.690720 24.606000
1 1 9231.220471 3061.117546 25.820612 25.006000
1 1 9231.220471 3061.117546 26.090720 25.006000
1 1 9231.220471 3061.117546 26.220612 25.406000
1 1 9231.220471 3061.117546 26.490720 25.406000
1 1 9240.467013 3060.137146 25.020612 24.206000
1 1 9240.467013 3060.137146 25.290720 24.206000
1 1 9240.467013 3060.137146 25.420612 24.606000
1 1 9240.467013 3060.137146 25.690720 24.606000
1 1 9240.467013 3060.137146 25.820612 25.006000
1 1 9240.467013 3060.137146 26.090720 25.006000
1 1 9240.467013 3060.137146 26.220612 25.406000
1 1 9240.467013 3060.137146 26.490720 25.406000
1 1 9243.038164 3051.201324 25.020612 24.206000
1 1 9243.038164 3051.201324 25.290720 24.206000
1 1 9243.038164 3051.201324 25.420612 24.606000
1 1 9243.038164 3051.201324 25.690720 24.606000
1 1 9243.038164 3051.201324 25.820612 25.006000
1 1 9243.038164 3051.201324 26.090720 25.006000
1 1 9243.038164 3051.201324 26.220612 25.406000
1 1 9243.038164 3051.201324 26.490720 25.406000
1 1 9252.230697 3055.487872 25.020612 24.206000
1 1 9252.230697 3055.487872 25.290720 24.206000
1 1 9252.230697 3055.487872 25.420612 24.606000
1 1 9252.230697 3055.487872 25.690720 24.606000
1 1 9252.230697 3055.487872 25.820612 25.006000
1 1 9252.230697 3055.487872 26.090720 25.006000
1 1 9252.230697 3055.487872 26.220612 25.406000
1 1 9252.230697 3055.487872 26.490720 25.406000
1 1 9240.990225 3096.435658 25.100612 24.286000
1 1 9240.990225 3096.435658 25.370720 24.286000
1 1 9240.990225 3096.435658 25.500612 24.686000
1 1 9240.990225 3096.435658 25.770720 24.686000
1 1 9240.990225 3096.435658 25.900612 25.086000
1 1 9240.990225 3096.435658 26.170720 25.086000
1 1 9240.990225 3096.435658 26.300612 25.486000
1 1 9240.990225 3096.435658 26.570720 25.486000
1 1 9233.161114 3095.223961 25.100612 24.286000
1 1 9233.161114 3095.223961 25.370720 24.286000
1 1 9233.161114 3095.223961 25.500612 24.686000
1 1 9233.161114 3095.223961 25.770720 24.686000
1 1 9233.161114 3095.223961 25.900612 25.086000
1 1 9233.161114 3095.223961 26.170720 25.086000
1 1 9233.161114 3095.223961 26.300612 25.486000
1 1 9233.161114 3095.223961 26.570720 25.486000
1 1 9225.963914 3098.826607 25.100612 24.286000
1 1 9225.963914 3098.826607 25.370720 24.286000
1 1 9225.963914 3098.826607 25.500612 24.686000
1 1 9225.963914 3098.826607 25.770720 24.686000
1 1 9225.963914 3098.826607 25.900612 25.086000
1 1 9225.963914 3098.826607 26.170720 25.086000
1 1 9225.963914 3098.826607 26.300612 25.486000
1 1 9225.963914 3098.826607 26.570720 25.486000
1 1 9217.896221 3094.415195 25.100612 24.286000
1 1 9217.896221 3094.415195 25.370720 24.286000
1 1 9217.896221 3094.415195 25.500612 24.686000
1 1 9217.896221 3094.415195 25.770720 24.686000
1 1 9217.896221 3094.415195 25.900612 25.086000
1 1 9217.896221 3094.415195 26.170720 25.086000
1 1 9217.896221 3094.415195 26.300612 25.486000
1 1 9217.896221 3094.415195 26.570720 25.486000
1 1 9220.521380 3084.617965 25.100612 24.286000
1 1 9220.521380 3084.617965 25.370720 24.286000
1 1 9220.521380 3084.617965 25.500612 24.686000
1 1 9220.521380 3084.617965 25.770720 24.686000
1 1 9220.521380 3084.617965 25.900612 25.086000
1 1 9220.521380 3084.617965 26.170720 25.086000
1 1 9220.521380 3084.617965 26.300612 25.486000
1 1 9220.521380 3084.617965 26.570720 25.486000
1 1 9229.019321 3088.392186 25.100612 24.286000
1 1 9229.019321 3088.392186 25.370720 24.286000
1 1 9229.019321 3088.392186 25.500612 24.686000
1 1 9229.019321 3088.392186 25.770720 24.686000
1 1 9229.019321 3088.392186 25.900612 25.086000
1 1 9229.019321 3088.392186 26.170720 25.086000
1 1 9229.019321 3088.392186 26.300612 25.486000
1 1 9229.019321 3088.392186 26.570720 25.486000
1 1 9227.630135 3080.513724 25.100612 24.286000
1 1 9227.630135 3080.513724 25.370720 24.286000
1 1 9227.630135 3080.513724 25.500612 24.686000
1 1 9227.630135 3080.513724 25.770720 24.686000
1 1 9227.630135 3080.513724 25.900612 25.086000
1 1 9227.630135 3080.513724 26.170720 25.086000
1 1 9227.630135 3080.513724 26.300612 25.486000
1 1 9227.630135 3080.513724 26.570720 25.486000
1 1 9235.713914 3081.939112 25.100612 24.286000
1 1 9235.713914 3081.939112 25.370720 24.286000
1 1 9235.713914 3081.939112 25.500612 24.686000
1 1 9235.713914 3081.939112 25.770720 24.686000
1 1 9235.713914 3081.939112 25.900612 25.086000
1 1 9235.713914 3081.939112 26.170720 25.086000
1 1 9235.713914 3081.939112 26.300612 25.486000
1 1 9235.713914 3081.939112 26.570720 25.486000
1 1 9186.173558 3166.571744 25.316612 24.502000
1 1 9186.173558 3166.571744 25.586720 24.502000
1 1 9186.173558 3166.571744 25.716612 24.902000
1 1 9186.173558 3166.571744 25.986720 24.902000
1 1 9186.173558 3166.571744 26.116612 25.302000
1 1 9186.173558 3166.571744 26.386720 25.302000
1 1 9186.173558 3166.571744 26.516612 25.702000
1 1 9186.173558 3166.571744 26.786720 25.702000
1 1 9188.093807 3173.167873 25.316612 24.502000
1 1 9188.093807 3173.167873 25.586720 24.502000
1 1 9188.093807 3173.167873 25.716612 24.902000
1 1 9188.093807 3173.167873 25.986720 24.902000
1 1 9188.093807 3173.167873 26.116612 25.302000
1 1 9188.093807 3173.167873 26.386720 25.302000
1 1 9188.093807 3173.167873 26.516612 25.702000
1 1 9188.093807 3173.167873 26.786720 25.702000
1 1 9168.281254 3160.571744 25.316612 24.502000
1 1 9168.281254 3160.571744 25.586720 24.502000
1 1 9168.281254 3160.571744 25.716612 24.902000
1 1 9168.281254 3160.571744 25.986720 24.902000
1 1 9168.281254 3160.571744 26.116612 25.302000
1 1 9168.281254 3160.571744 26.386720 25.302000
1 1 9168.281254 3160.571744 26.516612 25.702000
1 1 9168.281254 3160.571744 26.786720 25.702000
1 1 9172.673558 3156.179439 25.316612 24.502000
1 1 9172.673558 3156.179439 25.586720 24.502000
1 1 9172.673558 3156.179439 25.716612 24.902000
1 1 9172.673558 3156.179439 25.986720 24.902000
1 1 9172.673558 3156.179439 26.116612 25.302000
1 1 9172.673558 3156.179439 26.386720 25.302000
1 1 9172.673558 3156.179439 26.516612 25.702000
1 1 9172.673558 3156.179439 26.786720 25.702000
1 1 9177.638282 3162.708041 25.316612 24.502000
1 1 9177.638282 3162.708041 25.586720 24.502000
1 1 9177.638282 3162.708041 25.716612 24.902000
1 1 9177.638282 3162.708041 25.986720 24.902000
1 1 9177.638282 3162.708041 26.116612 25.302000
1 1 9177.638282 3162.708041 26.386720 25.302000
1 1 9177.638282 3162.708041 26.516612 25.702000
1 1 9177.638282 3162.708041 26.786720 25.702000
1 1 9180.757337 3154.754051 25.316612 24.502000
1 1 9180.757337 3154.754051 25.586720 24.502000
1 1 9180.757337 3154.754051 25.716612 24.902000
1 1 9180.757337 3154.754051 25.986720 24.902000
1 1 9180.757337 3154.754051 26.116612 25.302000
1 1 9180.757337 3154.754051 26.386720 25.302000
1 1 9180.757337 3154.754051 26.516612 25.702000
1 1 9180.757337 3154.754051 26.786720 25.702000
1 1 9182.423558 3160.076554 25.316612 24.502000
1 1 9182.423558 3160.076554 25.586720 24.502000
1 1 9182.423558 3160.076554 25.716612 24.902000
1 1 9182.423558 3160.076554 25.986720 24.902000
1 1 9182.423558 3160.076554 26.116612 25.302000
1 1 9182.423558 3160.076554 26.386720 25.302000
1 1 9182.423558 3160.076554 26.516612 25.702000
1 1 9182.423558 3160.076554 26.786720 25.702000
1 1 9187.866092 3158.858293 25.316612 24.502000
1 1 9187.866092 3158.858293 25.586720 24.502000
1 1 9187.866092 3158.858293 25.716612 24.902000
1 1 9187.866092 3158.858293 25.986720 24.902000
1 1 9187.866092 3158.858293 26.116612 25.302000
1 1 9187.866092 3158.858293 26.386720 25.302000
1 1 9187.866092 3158.858293 26.516612 25.702000
1 1 9187.866092 3158.858293 26.786720 25.702000
1 1 9179.200083 3726.046690 24.649612 23.835000
1 1 9179.200083 3726.046690 24.919720 23.835000
1 1 9179.200083 3726.046690 25.049612 24.235000
1 1 9179.200083 3726.046690 25.319720 24.235000
1 1 9179.200083 3726.046690 25.449612 24.635000
1 1 9179.200083 3726.046690 25.719720 24.635000
1 1 9179.200083 3726.046690 25.849612 25.035000
1 1 9179.200083 3726.046690 26.119720 25.035000
1 1 9180.765150 3731.497604 24.649612 23.835000
1 1 9180.765150 3731.497604 24.919720 23.835000
1 1 9180.765150 3731.497604 25.049612 24.235000
1 1 9180.765150 3731.497604 25.319720 24.235000
1 1 9180.765150 3731.497604 25.449612 24.635000
1 1 9180.765150 3731.497604 25.719720 24.635000
1 1 9180.765150 3731.497604 25.849612 25.035000
1 1 9180.765150 3731.497604 26.119720 25.035000
1 1 9174.249945 3727.382155 24.649612 23.835000
1 1 9174.249945 3727.382155 24.919720 23.835000
1 1 9174.249945 3727.382155 25.049612 24.235000
1 1 9174.249945 3727.382155 25.319720 24.235000
1 1 9174.249945 3727.382155 25.449612 24.635000
1 1 9174.249945 3727.382155 25.719720 24.635000
1 1 9174.249945 3727.382155 25.849612 25.035000
1 1 9174.249945 3727.382155 26.119720 25.035000
1 1 9171.955639 3732.105547 24.649612 23.835000
1 1 9171.955639 3732.105547 24.919720 23.835000
1 1 9171.955639 3732.105547 25.049612 24.235000
1 1 9171.955639 3732.105547 25.319720 24.235000
1 1 9171.955639 3732.105547 25.449612 24.635000
1 1 9171.955639 3732.105547 25.719720 24.635000
1 1 9171.955639 3732.105547 25.849612 25.035000
1 1 9171.955639 3732.105547 26.119720 25.035000
1 1 9167.851398 3735.381858 24.649612 23.835000
1 1 9167.851398 3735.381858 24.919720 23.835000
1 1 9167.851398 3735.381858 25.049612 24.235000
1 1 9167.851398 3735.381858 25.319720 24.235000
1 1 9167.851398 3735.381858 25.449612 24.635000
1 1 9167.851398 3735.381858 25.719720 24.635000
1 1 9167.851398 3735.381858 25.849612 25.035000
1 1 9167.851398 3735.381858 26.119720 25.035000
1 1 9162.763106 3731.818998 24.649612 23.835000
1 1 9162.763106 3731.818998 24.919720 23.835000
1 1 9162.763106 3731.818998 25.049612 24.235000
1 1 9162.763106 3731.818998 25.319720 24.235000
1 1 9162.763106 3731.818998 25.449612 24.635000
1 1 9162.763106 3731.818998 25.719720 24.635000
1 1 9162.763106 3731.818998 25.849612 25.035000
1 1 9162.763106 3731.818998 26.119720 25.035000
1 1 9168.679031 3726.399853 24.649612 23.835000
1 1 9168.679031 3726.399853 24.919720 23.835000
1 1 9168.679031 3726.399853 25.049612 24.235000
1 1 9168.679031 3726.399853 25.319720 24.235000
1 1 9168.679031 3726.399853 25.449612 24.635000
1 1 9168.679031 3726.399853 25.719720 24.635000
1 1 9168.679031 3726.399853 25.849612 25.035000
1 1 9168.679031 3726.399853 26.119720 25.035000
1 1 9183.546749 3720.999718 24.649612 23.835000
1 1 9183.546749 3720.999718 24.919720 23.835000
1 1 9183.546749 3720.999718 25.049612 24.235000
1 1 9183.546749 3720.999718 25.319720 24.235000
1 1 9183.546749 3720.999718 25.449612 24.635000
1 1 9183.546749 3720.999718 25.719720 24.635000
1 1 9183.546749 3720.999718 25.849612 25.035000
1 1 9183.546749 3720.999718 26.119720 25.035000
