21 1 1 8661.47 3364.32 -5.403 -0.003  0.015 -0.032  0.016  0.136  0.010  60.96
25 1 1 8661.47 3364.32 -5.429  0.002  0.015 -0.026  0.016  0.136  0.010  61.31
21 1 1 9086.14 3338.04 -5.106  0.004  0.016 -0.005  0.017  0.136  0.010  58.90
25 1 1 9086.14 3338.04 -5.097  0.004  0.016 -0.005  0.017  0.136  0.010  58.41
 5 1 1 8661.47 3364.32 -4.222 -0.010  0.020 -0.085  0.021  0.118  0.010  46.38
21 1 1 8797.47 3702.61 -4.848  0.005  0.017 -0.006  0.017  0.132  0.010  56.82
21 1 1 8601.93 3397.94 -4.526  0.004  0.018  0.002  0.019  0.135  0.010  50.66
29 1 1 8661.47 3364.32 -5.416  0.002  0.015 -0.028  0.016  0.135  0.010  61.17
21 1 1 8787.23 3689.27 -4.485  0.002  0.018 -0.046  0.019  0.132  0.010  50.61
25 1 1 8797.47 3702.61 -4.858  0.006  0.017 -0.004  0.017  0.132  0.010  56.87
13 1 1 8661.47 3364.32 -4.225 -0.007  0.020 -0.107  0.021  0.118  0.010  46.55
13 1 1 9086.14 3338.04 -3.916 -0.007  0.021 -0.049  0.023  0.118  0.010  43.13
 1 1 1 8661.47 3364.32 -4.235 -0.010  0.020 -0.075  0.021  0.118  0.010  46.51
 1 1 1 9086.14 3338.04 -3.903 -0.007  0.021 -0.063  0.023  0.119  0.010  43.42
17 1 1 8661.47 3364.32 -5.408  0.000  0.015 -0.025  0.016  0.136  0.010  60.86
17 1 1 9086.14 3338.04 -5.096  0.004  0.016 -0.006  0.017  0.136  0.010  58.68
13 1 1 8797.47 3702.61 -3.482 -0.006  0.023 -0.131  0.026  0.115  0.010  37.71
 1 1 1 8797.47 3702.61 -3.428 -0.009  0.024 -0.070  0.027  0.115  0.010  36.06
25 1 1 8601.93 3397.94 -4.514  0.006  0.018  0.006  0.020  0.136  0.010  50.34
29 1 1 9086.14 3338.04 -5.098  0.004  0.016 -0.013  0.017  0.135  0.010  58.68
 1 1 1 8601.93 3397.94 -3.426 -0.004  0.025 -0.074  0.029  0.118  0.010  34.21
17 1 1 8797.47 3702.61 -4.810  0.002  0.017 -0.035  0.017  0.131  0.010  56.54
13 1 1 8601.93 3397.94 -3.417 -0.001  0.025 -0.078  0.029  0.118  0.010  33.81
 1 1 1 8787.23 3689.27 -3.175 -0.010  0.026 -0.185  0.031  0.115  0.010  31.56
 9 1 1 8661.47 3364.32 -4.231 -0.010  0.020 -0.103  0.021  0.118  0.010  46.77
13 1 1 8787.23 3689.27 -3.146 -0.018  0.026 -0.234  0.031  0.115  0.010  32.05
 9 1 1 9086.14 3338.04 -3.909 -0.003  0.021 -0.047  0.023  0.118  0.010  42.87
13 1 1 9097.94 3433.77 -3.389 -0.009  0.024 -0.063  0.030  0.117  0.010  32.74
17 1 1 8601.93 3397.94 -4.506  0.007  0.018 -0.003  0.019  0.135  0.010  50.48
 9 1 1 8797.47 3702.61 -3.512 -0.003  0.023 -0.081  0.026  0.114  0.010  37.39
29 1 1 8797.47 3702.61 -4.838  0.006  0.017  0.001  0.017  0.131  0.010  56.58
17 1 1 8787.23 3689.27 -4.499  0.002  0.018 -0.050  0.019  0.132  0.010  50.91
 5 1 1 9086.14 3338.04 -3.908 -0.003  0.021 -0.050  0.023  0.119  0.010  43.30
25 1 1 8787.23 3689.27 -4.527  0.003  0.018 -0.033  0.019  0.132  0.010  51.09
21 1 1 9097.94 3433.77 -4.421  0.002  0.018 -0.020  0.021  0.135  0.010  46.93
 5 1 1 8797.47 3702.61 -3.499 -0.004  0.023 -0.096  0.026  0.115  0.010  37.48
 1 1 1 9097.94 3433.77 -3.414 -0.006  0.024 -0.077  0.030  0.118  0.010  33.28
 5 1 1 8601.93 3397.94 -3.416  0.001  0.025 -0.054  0.029  0.118  0.010  33.67
 1 1 1 8772.38 3242.14 -3.443 -0.001  0.024 -0.048  0.029  0.120  0.010  34.38
25 1 1 9097.94 3433.77 -4.418  0.004  0.018 -0.011  0.021  0.135  0.010  46.51
21 1 1 8772.38 3242.14 -4.383  0.002  0.018 -0.012  0.022  0.137  0.010  44.41
 1 1 1 8788.52 3664.18 -3.654  0.001  0.022 -0.037  0.025  0.115  0.010  39.54
21 1 1 8788.52 3664.18 -4.085 -0.000  0.019 -0.056  0.021  0.132  0.010  46.16
25 1 1 8772.38 3242.14 -4.410  0.004  0.018 -0.014  0.022  0.137  0.010  45.05
 5 1 1 8787.23 3689.27 -3.139 -0.018  0.026 -0.242  0.031  0.115  0.010  31.97
 9 1 1 8601.93 3397.94 -3.446 -0.009  0.024 -0.069  0.028  0.118  0.010  34.58
25 1 1 8788.52 3664.18 -4.086 -0.001  0.019 -0.066  0.021  0.132  0.010  46.25
29 1 1 8601.93 3397.94 -4.505  0.006  0.018  0.018  0.020  0.135  0.010  50.01
13 1 1 8772.38 3242.14 -3.462 -0.004  0.024 -0.094  0.028  0.119  0.010  35.16
21 1 1 8653.00 3415.49 -4.211  0.004  0.019  0.041  0.021  0.135  0.010  46.74
17 1 1 9097.94 3433.77 -4.418  0.003  0.018 -0.010  0.021  0.134  0.010  46.68
 9 1 1 8787.23 3689.27 -3.189 -0.011  0.026 -0.225  0.030  0.115  0.010  32.34
 5 1 1 9097.94 3433.77 -3.406 -0.007  0.024 -0.063  0.030  0.118  0.010  32.90
17 1 1 8772.38 3242.14 -4.393  0.003  0.018  0.004  0.022  0.137  0.010  44.40
21 1 1 8640.18 3390.69 -4.165 -0.001  0.019 -0.073  0.023  0.135  0.010  42.34
17 1 1 8788.52 3664.18 -4.071  0.000  0.020 -0.070  0.021  0.132  0.010  46.01
21 1 1 9097.23 3263.46 -4.140  0.001  0.019 -0.001  0.021  0.137  0.010  46.68
 5 1 1 8772.38 3242.14 -3.450 -0.006  0.024 -0.091  0.028  0.119  0.010  35.18
21 1 1 8799.58 3650.25 -4.185 -0.000  0.019 -0.044  0.021  0.132  0.010  47.26
 5 1 1 8788.52 3664.18 -3.647 -0.002  0.022 -0.036  0.025  0.115  0.010  39.41
21 1 1 8697.83 3565.71 -4.137 -0.012  0.019 -0.153  0.021  0.133  0.010  46.35
 5 1 1 8653.00 3415.49 -2.961 -0.009  0.028 -0.016  0.035  0.118  0.010  28.32
17 1 1 8653.00 3415.49 -4.229  0.005  0.019  0.010  0.021  0.135  0.010  47.50
17 1 1 8640.18 3390.69 -4.157 -0.000  0.019 -0.071  0.023  0.135  0.010  42.08
13 1 1 8788.52 3664.18 -3.683  0.000  0.022 -0.043  0.025  0.115  0.010  40.11
 9 1 1 9097.94 3433.77 -3.391 -0.008  0.024 -0.076  0.030  0.117  0.010  32.94
 1 1 1 8653.00 3415.49 -2.951 -0.001  0.028  0.085  0.037  0.118  0.010  26.72
 1 1 1 8640.18 3390.69 -3.052 -0.012  0.027 -0.181  0.038  0.118  0.010  25.83
25 1 1 8653.00 3415.49 -4.226  0.005  0.019  0.031  0.021  0.135  0.010  47.04
 1 1 1 9097.23 3263.46 -3.050  0.000  0.027  0.004  0.033  0.119  0.010  30.08
21 1 1 8763.90 3727.47 -4.146  0.004  0.019 -0.004  0.021  0.131  0.010  46.96
 9 1 1 8772.38 3242.14 -3.486 -0.003  0.023 -0.017  0.029  0.119  0.010  34.31
 9 1 1 8788.52 3664.18 -3.671 -0.006  0.022 -0.044  0.025  0.115  0.010  39.90
29 1 1 8787.23 3689.27 -4.489  0.003  0.018 -0.047  0.019  0.131  0.010  50.67
13 1 1 8653.00 3415.49 -2.984 -0.001  0.028  0.020  0.035  0.118  0.010  27.97
 9 1 1 8653.00 3415.49 -2.955  0.008  0.028  0.054  0.037  0.118  0.010  26.87
13 1 1 8640.18 3390.69 -3.055 -0.007  0.027 -0.092  0.042  0.118  0.010  23.25
21 1 1 8981.26 3451.95 -4.071  0.003  0.019 -0.002  0.021  0.134  0.010  45.93
 9 1 1 8640.18 3390.69 -3.034 -0.008  0.027 -0.117  0.041  0.118  0.010  24.07
29 1 1 9097.94 3433.77 -4.416  0.003  0.018 -0.026  0.021  0.134  0.010  46.81
 9 1 1 9097.23 3263.46 -3.070 -0.000  0.027  0.002  0.033  0.119  0.010  30.18
 5 1 1 8640.18 3390.69 -3.041 -0.011  0.027 -0.148  0.040  0.118  0.010  24.85
 9 1 1 8799.58 3650.25 -2.878 -0.013  0.029 -0.092  0.035  0.115  0.010  27.97
29 1 1 8772.38 3242.14 -4.388  0.002  0.018 -0.027  0.022  0.137  0.010  44.89
13 1 1 9097.23 3263.46 -3.046 -0.002  0.027 -0.001  0.033  0.119  0.010  30.00
 5 1 1 9097.23 3263.46 -3.040  0.002  0.027 -0.013  0.033  0.119  0.010  30.10
13 1 1 8799.58 3650.25 -2.878 -0.012  0.028 -0.137  0.034  0.115  0.010  28.55
 5 1 1 8799.58 3650.25 -2.874 -0.009  0.029 -0.110  0.035  0.115  0.010  28.10
21 1 1 8736.51 3647.80 -4.026  0.001  0.020 -0.044  0.022  0.132  0.010  44.80
13 1 1 8697.83 3565.71 -3.006 -0.061  0.028 -0.451  0.031  0.116  0.010  31.92
 9 1 1 8697.83 3565.71 -2.979 -0.066  0.028 -0.463  0.031  0.116  0.010  31.57
17 1 1 9097.23 3263.46 -4.139  0.003  0.019 -0.009  0.021  0.136  0.010  46.68
 1 1 1 8799.58 3650.25 -2.848 -0.011  0.029 -0.105  0.036  0.115  0.010  27.72
 9 1 1 8763.90 3727.47 -2.939 -0.004  0.028 -0.026  0.034  0.114  0.010  28.85
21 1 1 9109.54 3207.37 -3.882  0.003  0.020 -0.013  0.023  0.137  0.010  42.44
 5 1 1 8697.83 3565.71 -3.010 -0.071  0.028 -0.441  0.031  0.116  0.010  31.86
21 1 1 9158.28 3447.36 -3.895  0.001  0.020 -0.081  0.026  0.134  0.010  37.76
 9 1 1 8981.26 3451.95 -2.950  0.001  0.028  0.022  0.035  0.117  0.010  28.39
 5 1 1 8763.90 3727.47 -2.933 -0.004  0.028 -0.009  0.035  0.114  0.010  28.57
21 1 1 8658.60 3151.41 -3.902  0.004  0.020 -0.021  0.023  0.138  0.010  42.87
 5 1 1 8981.26 3451.95 -2.902  0.001  0.028  0.026  0.036  0.117  0.010  27.74
21 1 1 8831.96 3725.92 -3.848  0.004  0.021 -0.010  0.024  0.131  0.010  41.89
 9 1 1 8736.51 3647.80 -3.006 -0.010  0.027 -0.208  0.032  0.115  0.010  31.23
 5 1 1 8736.51 3647.80 -2.981 -0.008  0.028 -0.141  0.033  0.115  0.010  30.04
21 1 1 9144.22 3233.16 -3.862  0.007  0.021 -0.023  0.026  0.137  0.010  37.92
 5 1 1 9109.54 3207.37 -2.833 -0.005  0.029  0.009  0.037  0.120  0.010  26.47
21 1 1 9145.48 3344.33 -3.836  0.002  0.021 -0.012  0.029  0.136  0.010  33.58
 5 1 1 9158.28 3447.36 -2.782 -0.005  0.029 -0.164  0.039  0.118  0.010  25.36
21 1 1 8670.34 3518.40 -3.526  0.003  0.023 -0.025  0.027  0.134  0.010  36.33
 5 1 1 8658.60 3151.41 -2.638 -0.010  0.031 -0.077  0.039  0.120  0.010  25.10
21 1 1 8910.61 3364.40 -3.757 -0.000  0.021 -0.017  0.024  0.136  0.010  40.73
 9 1 1 9158.28 3447.36 -2.763 -0.004  0.030 -0.224  0.038  0.117  0.010  25.65
 5 1 1 8831.96 3725.92 -2.649 -0.015  0.031 -0.082  0.039  0.114  0.010  25.16
21 1 1 9192.22 3003.88 -3.771  0.016  0.021  0.215  0.029  0.139  0.010  34.07
 5 1 1 9144.22 3233.16 -2.711 -0.005  0.031 -0.159  0.040  0.120  0.010  24.78
21 1 1 8612.45 3095.74 -3.679 -0.021  0.022 -0.053  0.025  0.139  0.010  40.18
 9 1 1 8658.60 3151.41 -2.678 -0.003  0.031  0.002  0.040  0.120  0.010  24.42
 5 1 1 9145.48 3344.33 -2.705 -0.003  0.030  0.008  0.047  0.119  0.010  21.08
 9 1 1 8831.96 3725.92 -2.698 -0.009  0.030 -0.053  0.039  0.114  0.010  25.42
21 1 1 9135.93 3745.05 -3.704  0.004  0.022  0.002  0.026  0.131  0.010  38.33
 9 1 1 9144.22 3233.16 -2.695 -0.005  0.031 -0.079  0.042  0.119  0.010  23.59
 5 1 1 8670.34 3518.40 -3.316 -0.008  0.025 -0.044  0.028  0.117  0.010  34.58
21 1 1 8741.75 3491.18 -3.709  0.000  0.021 -0.037  0.027  0.134  0.010  36.15
 9 1 1 9145.48 3344.33 -2.678 -0.009  0.031 -0.021  0.047  0.118  0.010  20.92
 5 1 1 8910.61 3364.40 -2.724 -0.002  0.030 -0.001  0.039  0.118  0.010  25.49
21 1 1 8904.93 3270.16 -3.674  0.006  0.022  0.033  0.026  0.136  0.010  38.51
 5 1 1 9192.22 3003.88 -2.625  0.018  0.032  0.227  0.052  0.122  0.010  18.85
21 1 1 8549.71 3341.50 -3.672  0.002  0.022 -0.001  0.025  0.136  0.010  38.81
 5 1 1 8612.45 3095.74 -2.634 -0.054  0.031 -0.079  0.038  0.121  0.010  25.80
21 1 1 8675.74 3437.80 -3.665  0.006  0.022  0.032  0.026  0.135  0.010  38.06
 9 1 1 8670.34 3518.40 -3.307 -0.005  0.025 -0.085  0.028  0.116  0.010  34.72
25 1 1 8640.18 3390.69 -4.148 -0.002  0.019 -0.078  0.023  0.136  0.010  42.13
21 1 1 9131.95 3626.89 -3.567  0.002  0.022  0.011  0.027  0.132  0.010  36.98
 5 1 1 9135.93 3745.05 -2.466 -0.008  0.033 -0.155  0.044  0.115  0.010  22.56
17 1 1 8799.58 3650.25 -4.174  0.001  0.019 -0.062  0.021  0.132  0.010  47.34
21 1 1 9040.95 3459.67 -3.639  0.003  0.022 -0.008  0.028  0.134  0.010  35.80
17 1 1 8697.83 3565.71 -4.125 -0.012  0.019 -0.178  0.021  0.133  0.010  46.45
25 1 1 9097.23 3263.46 -4.168  0.003  0.019  0.022  0.021  0.137  0.010  46.60
17 1 1 8763.90 3727.47 -4.157  0.007  0.019  0.032  0.021  0.131  0.010  46.60
21 1 1 9160.16 3304.19 -3.566  0.002  0.022 -0.041  0.028  0.136  0.010  34.67
17 1 1 8981.26 3451.95 -4.063  0.002  0.020  0.014  0.022  0.134  0.010  45.48
21 1 1 8567.24 3322.60 -3.581 -0.007  0.022 -0.069  0.026  0.136  0.010  37.77
 9 1 1 8910.61 3364.40 -2.693  0.000  0.030  0.010  0.040  0.118  0.010  24.70
25 1 1 8799.58 3650.25 -4.191  0.001  0.019 -0.035  0.021  0.132  0.010  47.09
 5 1 1 8741.75 3491.18 -2.460 -0.007  0.033 -0.123  0.045  0.117  0.010  21.71
29 1 1 8788.52 3664.18 -4.073  0.001  0.019 -0.052  0.021  0.132  0.010  45.87
 1 1 1 8697.83 3565.71 -2.995 -0.069  0.028 -0.487  0.030  0.116  0.010  32.28
29 1 1 8653.00 3415.49 -4.219  0.003  0.019 -0.027  0.021  0.135  0.010  47.80
 9 1 1 9192.22 3003.88 -2.651  0.020  0.031  0.340  0.055  0.122  0.010  17.83
29 1 1 8640.18 3390.69 -4.157  0.001  0.019 -0.053  0.024  0.135  0.010  41.64
 9 1 1 8612.45 3095.74 -2.595 -0.037  0.031 -0.040  0.040  0.121  0.010  24.44
 1 1 1 8763.90 3727.47 -2.943  0.008  0.028  0.086  0.036  0.115  0.010  27.39
17 1 1 8736.51 3647.80 -4.026 -0.002  0.020 -0.052  0.022  0.132  0.010  44.98
 1 1 1 8981.26 3451.95 -2.924 -0.007  0.028 -0.012  0.034  0.117  0.010  28.80
 9 1 1 9135.93 3745.05 -2.438 -0.004  0.034 -0.118  0.046  0.114  0.010  21.65
29 1 1 9097.23 3263.46 -4.143  0.002  0.019 -0.038  0.021  0.136  0.010  47.08
 9 1 1 8741.75 3491.18 -2.455 -0.007  0.033 -0.074  0.047  0.117  0.010  20.92
17 1 1 9109.54 3207.37 -3.870  0.004  0.020  0.004  0.024  0.137  0.010  41.78
 5 1 1 8904.93 3270.16 -2.625 -0.001  0.031  0.031  0.042  0.119  0.010  23.58
 1 1 1 8736.51 3647.80 -2.937 -0.021  0.028 -0.167  0.033  0.115  0.010  29.96
 9 1 1 8904.93 3270.16 -2.557  0.003  0.032  0.043  0.044  0.119  0.010  22.30
25 1 1 8697.83 3565.71 -4.104 -0.012  0.020 -0.181  0.021  0.134  0.010  46.05
17 1 1 9158.28 3447.36 -3.869  0.003  0.021 -0.046  0.027  0.134  0.010  36.65
 5 1 1 8549.71 3341.50 -2.471  0.000  0.033  0.096  0.048  0.119  0.010  20.57
13 1 1 8763.90 3727.47 -2.938  0.002  0.028  0.069  0.036  0.114  0.010  27.50
25 1 1 8763.90 3727.47 -4.167  0.004  0.019  0.005  0.021  0.132  0.010  47.15
13 1 1 8981.26 3451.95 -2.934  0.000  0.028 -0.001  0.035  0.117  0.010  28.44
 1 1 1 9109.54 3207.37 -2.836  0.010  0.029  0.115  0.039  0.120  0.010  25.04
 9 1 1 8549.71 3341.50 -2.469 -0.005  0.033 -0.018  0.045  0.118  0.010  21.81
21 1 1 8565.61 3421.07 -3.509 -0.008  0.023 -0.097  0.029  0.135  0.010  33.73
 5 1 1 8675.74 3437.80 -2.528  0.008  0.032  0.174  0.049  0.118  0.010  20.17
21 1 1 8759.37 3544.09 -3.542  0.003  0.022  0.032  0.029  0.134  0.010  34.27
29 1 1 8799.58 3650.25 -4.186  0.001  0.019 -0.044  0.021  0.132  0.010  47.33
 5 1 1 9131.95 3626.89 -2.793 -0.001  0.029  0.001  0.037  0.116  0.010  26.38
21 1 1 8720.95 3588.05 -3.556  0.004  0.022  0.032  0.027  0.133  0.010  35.91
13 1 1 8736.51 3647.80 -2.960 -0.016  0.028 -0.152  0.033  0.115  0.010  30.07
21 1 1 8709.78 3298.82 -3.474  0.008  0.023  0.037  0.028  0.136  0.010  34.73
29 1 1 8697.83 3565.71 -4.126 -0.011  0.019 -0.178  0.021  0.133  0.010  46.32
21 1 1 8688.61 3553.65 -3.508 -0.010  0.023 -0.191  0.026  0.134  0.010  37.49
 5 1 1 9040.95 3459.67 -2.462  0.007  0.033  0.032  0.049  0.117  0.010  20.29
21 1 1 8767.12 3649.98 -3.464  0.005  0.023 -0.031  0.028  0.132  0.010  35.32
13 1 1 9109.54 3207.37 -2.809 -0.001  0.029  0.055  0.039  0.119  0.010  25.53
21 1 1 9116.04 3379.69 -3.353 -0.004  0.024 -0.004  0.030  0.135  0.010  33.39
13 1 1 9158.28 3447.36 -2.809  0.002  0.029 -0.196  0.038  0.117  0.010  26.03
21 1 1 8644.47 3429.86 -3.115  0.004  0.026 -0.018  0.039  0.135  0.010  25.15
29 1 1 8763.90 3727.47 -4.161  0.006  0.019  0.011  0.021  0.131  0.010  46.93
 5 1 1 9160.16 3304.19 -2.507 -0.014  0.032 -0.123  0.047  0.119  0.010  20.93
29 1 1 8981.26 3451.95 -4.067  0.005  0.019  0.008  0.022  0.134  0.010  45.61
21 1 1 8920.16 3694.56 -3.409  0.011  0.024  0.144  0.033  0.132  0.010  30.27
 5 1 1 8567.24 3322.60 -2.309 -0.023  0.035 -0.255  0.045  0.119  0.010  21.75
29 1 1 8736.51 3647.80 -4.026 -0.002  0.020 -0.040  0.022  0.132  0.010  44.80
21 1 1 8737.41 3605.08 -3.370 -0.011  0.024 -0.236  0.028  0.133  0.010  35.56
13 1 1 8658.60 3151.41 -2.635 -0.001  0.031 -0.089  0.039  0.120  0.010  25.04
29 1 1 9109.54 3207.37 -3.883  0.003  0.020  0.003  0.023  0.137  0.010  42.12
13 1 1 8831.96 3725.92 -2.695 -0.001  0.030  0.062  0.041  0.114  0.010  23.76
 5 1 1 8565.61 3421.07 -2.486 -0.024  0.033 -0.121  0.046  0.118  0.010  21.19
 1 1 1 9158.28 3447.36 -2.760 -0.010  0.030 -0.100  0.041  0.118  0.010  24.32
 5 1 1 8759.37 3544.09 -2.248 -0.000  0.036  0.002  0.054  0.116  0.010  18.35
 1 1 1 8658.60 3151.41 -2.629 -0.006  0.031 -0.065  0.040  0.121  0.010  24.74
17 1 1 8658.60 3151.41 -3.883  0.000  0.020 -0.032  0.023  0.138  0.010  42.77
 9 1 1 8675.74 3437.80 -2.539  0.003  0.032  0.164  0.049  0.117  0.010  20.31
17 1 1 9144.22 3233.16 -3.856  0.005  0.021 -0.001  0.026  0.137  0.010  37.26
 9 1 1 9131.95 3626.89 -2.800 -0.001  0.029  0.021  0.038  0.115  0.010  26.08
17 1 1 9145.48 3344.33 -3.834  0.006  0.021  0.045  0.030  0.135  0.010  32.50
 9 1 1 9040.95 3459.67 -2.460  0.004  0.033  0.003  0.048  0.117  0.010  20.38
17 1 1 8670.34 3518.40 -3.540  0.002  0.023 -0.068  0.027  0.134  0.010  37.15
21 1 1 8707.49 3388.78 -3.355 -0.006  0.024 -0.039  0.032  0.135  0.010  31.09
29 1 1 9158.28 3447.36 -3.884  0.005  0.020 -0.051  0.027  0.134  0.010  36.94
21 1 1 8561.84 3016.47 -3.013  0.003  0.027 -0.056  0.035  0.140  0.010  28.54
17 1 1 8910.61 3364.40 -3.744  0.001  0.021 -0.045  0.024  0.135  0.010  40.87
25 1 1 8981.26 3451.95 -4.064  0.004  0.020  0.003  0.022  0.135  0.010  45.34
17 1 1 9192.22 3003.88 -3.751  0.018  0.021  0.264  0.030  0.139  0.010  32.78
25 1 1 8736.51 3647.80 -4.036  0.002  0.020 -0.065  0.022  0.133  0.010  45.16
21 1 1 8733.10 3014.38 -3.364  0.001  0.024 -0.014  0.029  0.139  0.010  33.81
17 1 1 8612.45 3095.74 -3.681 -0.021  0.022 -0.076  0.024  0.138  0.010  40.47
21 1 1 9164.91 3097.24 -3.313  0.008  0.024  0.121  0.034  0.138  0.010  29.00
17 1 1 9135.93 3745.05 -3.706  0.001  0.021  0.028  0.026  0.131  0.010  38.05
29 1 1 8658.60 3151.41 -3.884  0.005  0.021 -0.030  0.023  0.138  0.010  42.62
17 1 1 8741.75 3491.18 -3.700  0.000  0.022 -0.037  0.028  0.134  0.010  35.53
 1 1 1 9144.22 3233.16 -2.667 -0.012  0.031 -0.156  0.041  0.120  0.010  24.32
 9 1 1 9160.16 3304.19 -2.561 -0.008  0.032 -0.099  0.046  0.119  0.010  21.28
 1 1 1 9145.48 3344.33 -2.690 -0.008  0.030  0.009  0.047  0.119  0.010  20.87
 5 1 1 8720.95 3588.05 -2.192  0.012  0.037  0.190  0.063  0.116  0.010  15.64
13 1 1 9144.22 3233.16 -2.706  0.003  0.031 -0.104  0.041  0.119  0.010  24.04
29 1 1 8831.96 3725.92 -3.856  0.005  0.021  0.011  0.024  0.131  0.010  41.76
13 1 1 9145.48 3344.33 -2.689 -0.009  0.030 -0.027  0.046  0.118  0.010  21.30
25 1 1 9158.28 3447.36 -3.882 -0.001  0.021 -0.102  0.026  0.135  0.010  37.70
13 1 1 8670.34 3518.40 -3.320  0.000  0.025 -0.065  0.028  0.116  0.010  34.72
25 1 1 8658.60 3151.41 -3.912  0.000  0.020  0.002  0.023  0.138  0.010  42.65
29 1 1 9144.22 3233.16 -3.842  0.002  0.021 -0.002  0.027  0.136  0.010  37.02
25 1 1 8831.96 3725.92 -3.847  0.002  0.021 -0.032  0.023  0.132  0.010  42.13
13 1 1 8910.61 3364.40 -2.713 -0.002  0.030  0.014  0.039  0.118  0.010  25.00
21 1 1 8769.09 3493.49 -3.276 -0.002  0.024 -0.015  0.030  0.134  0.010  32.46
29 1 1 9145.48 3344.33 -3.844  0.003  0.021  0.015  0.030  0.135  0.010  33.26
25 1 1 9144.22 3233.16 -3.845  0.006  0.021 -0.020  0.026  0.137  0.010  37.26
21 1 1 9102.17 3523.08 -3.275  0.007  0.024  0.041  0.032  0.134  0.010  31.07
13 1 1 9192.22 3003.88 -2.585  0.020  0.032  0.386  0.059  0.121  0.010  16.60
21 1 1 8996.43 3634.73 -3.222  0.004  0.025 -0.009  0.034  0.132  0.010  29.02
25 1 1 9145.48 3344.33 -3.820  0.001  0.021 -0.008  0.030  0.136  0.010  33.12
21 1 1 9042.09 3670.46 -3.225  0.002  0.025 -0.089  0.033  0.132  0.010  29.59
25 1 1 8670.34 3518.40 -3.517 -0.007  0.023 -0.119  0.026  0.134  0.010  37.59
13 1 1 8612.45 3095.74 -2.578 -0.043  0.032 -0.055  0.040  0.121  0.010  24.51
21 1 1 9086.40 3372.79 -3.189  0.005  0.025  0.015  0.033  0.135  0.010  30.25
13 1 1 9135.93 3745.05 -2.421  0.000  0.034 -0.092  0.047  0.114  0.010  20.98
21 1 1 8989.48 3405.19 -3.174  0.002  0.025 -0.040  0.032  0.135  0.010  31.29
13 1 1 8741.75 3491.18 -2.459 -0.005  0.033 -0.043  0.048  0.117  0.010  20.66
25 1 1 8910.61 3364.40 -3.763  0.004  0.021 -0.009  0.024  0.136  0.010  40.38
13 1 1 8904.93 3270.16 -2.600  0.003  0.031  0.124  0.045  0.119  0.010  21.95
21 1 1 9157.76 3741.10 -3.194  0.003  0.025 -0.008  0.035  0.131  0.010  27.90
13 1 1 8549.71 3341.50 -2.429 -0.006  0.033  0.040  0.048  0.118  0.010  20.60
21 1 1 9017.05 3671.13 -3.137 -0.012  0.026 -0.023  0.036  0.132  0.010  27.52
29 1 1 8670.34 3518.40 -3.558  0.003  0.022 -0.002  0.027  0.134  0.010  36.54
21 1 1 9121.93 3336.06 -3.143  0.003  0.025  0.000  0.034  0.136  0.010  28.84
25 1 1 9192.22 3003.88 -3.760  0.016  0.021  0.213  0.029  0.140  0.010  33.73
29 1 1 8910.61 3364.40 -3.749  0.005  0.021  0.045  0.025  0.135  0.010  39.48
21 1 1 8469.70 3297.64 -3.127 -0.002  0.025 -0.008  0.033  0.137  0.010  29.94
13 1 1 8675.74 3437.80 -2.520  0.001  0.032  0.165  0.049  0.117  0.010  20.12
29 1 1 9192.22 3003.88 -3.752  0.018  0.021  0.247  0.030  0.139  0.010  33.11
13 1 1 9131.95 3626.89 -2.777  0.003  0.029  0.007  0.038  0.115  0.010  25.83
29 1 1 8612.45 3095.74 -3.683 -0.025  0.022 -0.020  0.025  0.138  0.010  39.69
 9 1 1 8567.24 3322.60 -2.321 -0.018  0.035 -0.257  0.045  0.118  0.010  21.86
25 1 1 8612.45 3095.74 -3.695 -0.030  0.021 -0.063  0.024  0.139  0.010  40.74
 5 1 1 8709.78 3298.82 -2.375  0.005  0.034  0.069  0.050  0.119  0.010  19.57
21 1 1 9187.79 3378.91 -3.133  0.005  0.026  0.028  0.034  0.135  0.010  28.93
 1 1 1 8670.34 3518.40 -3.351 -0.001  0.025 -0.053  0.028  0.117  0.010  35.07
13 1 1 9040.95 3459.67 -2.440  0.000  0.034  0.001  0.049  0.117  0.010  20.24
25 1 1 9135.93 3745.05 -3.704  0.001  0.021 -0.005  0.026  0.131  0.010  38.31
29 1 1 9135.93 3745.05 -3.713  0.002  0.021 -0.004  0.025  0.131  0.010  38.64
17 1 1 8904.93 3270.16 -3.662  0.004  0.022  0.021  0.026  0.136  0.010  38.49
 1 1 1 8910.61 3364.40 -2.679 -0.002  0.030 -0.006  0.040  0.118  0.010  24.94
 9 1 1 8565.61 3421.07 -2.532 -0.022  0.033 -0.243  0.042  0.118  0.010  23.26
 1 1 1 9192.22 3003.88 -2.595  0.012  0.032  0.194  0.052  0.122  0.010  18.93
17 1 1 8549.71 3341.50 -3.682  0.005  0.021  0.025  0.026  0.136  0.010  38.53
 9 1 1 8759.37 3544.09 -2.244  0.002  0.036  0.054  0.056  0.116  0.010  17.47
 1 1 1 8612.45 3095.74 -2.622 -0.056  0.031 -0.145  0.037  0.121  0.010  26.40
 9 1 1 8720.95 3588.05 -2.214  0.006  0.037  0.109  0.059  0.116  0.010  16.59
17 1 1 8675.74 3437.80 -3.645  0.007  0.022  0.076  0.027  0.135  0.010  37.01
 9 1 1 8709.78 3298.82 -2.366 -0.002  0.034  0.046  0.050  0.118  0.010  19.77
17 1 1 9131.95 3626.89 -3.559 -0.001  0.022  0.019  0.027  0.132  0.010  36.84
 9 1 1 8688.61 3553.65 -2.183 -0.042  0.037 -0.545  0.043  0.116  0.010  22.66
17 1 1 9040.95 3459.67 -3.610  0.007  0.022 -0.032  0.028  0.134  0.010  35.45
 1 1 1 9135.93 3745.05 -2.409  0.001  0.034 -0.047  0.048  0.114  0.010  20.40
 9 1 1 8767.12 3649.98 -2.174 -0.002  0.037 -0.108  0.053  0.115  0.010  18.72
 1 1 1 8741.75 3491.18 -2.425 -0.002  0.034 -0.095  0.047  0.117  0.010  20.93
17 1 1 9160.16 3304.19 -3.538  0.002  0.023 -0.040  0.029  0.136  0.010  34.08
 1 1 1 8904.93 3270.16 -2.622 -0.000  0.031  0.006  0.041  0.119  0.010  24.00
17 1 1 8567.24 3322.60 -3.611  0.002  0.022 -0.048  0.026  0.136  0.010  37.74
 1 1 1 8549.71 3341.50 -2.478 -0.003  0.033  0.064  0.047  0.119  0.010  21.05
 9 1 1 9116.04 3379.69 -2.414 -0.065  0.033 -0.054  0.045  0.118  0.010  21.85
17 1 1 8565.61 3421.07 -3.523 -0.011  0.023 -0.120  0.029  0.135  0.010  34.47
 1 1 1 8675.74 3437.80 -2.508  0.012  0.033  0.236  0.052  0.118  0.010  19.13
 9 1 1 8644.47 3429.86 -2.920  0.000  0.028  0.013  0.039  0.118  0.010  25.21
17 1 1 8759.37 3544.09 -3.577  0.005  0.022  0.058  0.029  0.133  0.010  34.46
 9 1 1 8920.16 3694.56 -2.130  0.015  0.039  0.434  0.083  0.115  0.010  11.93
17 1 1 8720.95 3588.05 -3.536  0.003  0.023 -0.009  0.027  0.133  0.010  36.06
 1 1 1 9131.95 3626.89 -2.797 -0.002  0.029 -0.011  0.037  0.116  0.010  26.47
17 1 1 8709.78 3298.82 -3.467  0.002  0.023 -0.031  0.028  0.136  0.010  35.76
 9 1 1 8737.41 3605.08 -2.189 -0.019  0.037 -0.361  0.048  0.115  0.010  20.51
17 1 1 8688.61 3553.65 -3.522 -0.007  0.023 -0.171  0.026  0.133  0.010  37.36
 1 1 1 9040.95 3459.67 -2.463 -0.002  0.033 -0.074  0.046  0.117  0.010  21.66
 9 1 1 8707.49 3388.78 -2.162  0.006  0.037  0.226  0.067  0.118  0.010  14.65
17 1 1 8767.12 3649.98 -3.474  0.004  0.023 -0.027  0.028  0.132  0.010  35.33
 9 1 1 8561.84 3016.47 -2.902 -0.004  0.028 -0.021  0.035  0.121  0.010  27.96
17 1 1 9116.04 3379.69 -3.367 -0.006  0.024 -0.004  0.029  0.135  0.010  33.54
 9 1 1 8733.10 3014.38 -2.099 -0.004  0.038  0.047  0.059  0.121  0.010  16.60
17 1 1 8920.16 3694.56 -3.409  0.008  0.024  0.122  0.032  0.132  0.010  30.67
 9 1 1 9164.91 3097.24 -2.289  0.015  0.036  0.352  0.069  0.121  0.010  14.18
21 1 1 8843.69 3670.73 -3.085 -0.001  0.026  0.042  0.035  0.132  0.010  27.99
17 1 1 8737.41 3605.08 -3.352 -0.009  0.024 -0.225  0.028  0.133  0.010  34.95
21 1 1 8828.31 3698.99 -3.090  0.001  0.026 -0.041  0.034  0.132  0.010  29.16
17 1 1 8707.49 3388.78 -3.353 -0.001  0.024  0.013  0.033  0.135  0.010  30.19
 9 1 1 8769.09 3493.49 -2.052  0.006  0.039  0.142  0.066  0.116  0.010  14.90
17 1 1 8561.84 3016.47 -3.018  0.003  0.027  0.007  0.036  0.139  0.010  27.46
 9 1 1 9102.17 3523.08 -2.034 -0.005  0.039 -0.101  0.058  0.116  0.010  17.04
21 1 1 8739.22 3460.91 -3.056 -0.003  0.026 -0.068  0.033  0.134  0.010  29.49
17 1 1 8733.10 3014.38 -3.356 -0.001  0.024 -0.000  0.030  0.139  0.010  33.34
 9 1 1 8996.43 3634.73 -2.096  0.006  0.039  0.026  0.064  0.115  0.010  15.40
21 1 1 8676.41 3335.75 -2.832  0.004  0.028  0.036  0.041  0.136  0.010  24.32
 9 1 1 9042.09 3670.46 -2.086 -0.025  0.039 -0.317  0.053  0.115  0.010  18.60
 1 1 1 9160.16 3304.19 -2.540  0.001  0.032 -0.094  0.048  0.119  0.010  20.69
21 1 1 8754.04 3662.80 -3.036 -0.013  0.027 -0.061  0.034  0.132  0.010  28.60
17 1 1 9164.91 3097.24 -3.303  0.013  0.024  0.166  0.035  0.138  0.010  28.02
21 1 1 8623.84 3212.80 -2.995  0.003  0.027  0.014  0.036  0.137  0.010  27.36
 5 1 1 8688.61 3553.65 -2.120 -0.029  0.039 -0.536  0.045  0.116  0.010  21.65
21 1 1 8833.77 3614.49 -2.932  0.005  0.027  0.052  0.038  0.133  0.010  25.74
13 1 1 9160.16 3304.19 -2.515 -0.004  0.032 -0.138  0.047  0.119  0.010  20.98
25 1 1 8741.75 3491.18 -3.702 -0.002  0.022 -0.011  0.028  0.134  0.010  35.48
13 1 1 8567.24 3322.60 -2.297 -0.014  0.035 -0.191  0.047  0.119  0.010  20.78
 5 1 1 8767.12 3649.98 -2.177  0.001  0.037 -0.077  0.054  0.115  0.010  18.39
21 1 1 8667.69 3467.31 -2.936 -0.002  0.027 -0.028  0.037  0.135  0.010  26.88
 5 1 1 9116.04 3379.69 -2.406 -0.056  0.034 -0.047  0.045  0.118  0.010  21.81
17 1 1 8769.09 3493.49 -3.282  0.005  0.024 -0.011  0.031  0.134  0.010  32.17
 1 1 1 8567.24 3322.60 -2.337 -0.026  0.035 -0.229  0.045  0.119  0.010  21.89
17 1 1 9102.17 3523.08 -3.300  0.007  0.024  0.080  0.032  0.133  0.010  30.85
 1 1 1 8565.61 3421.07 -2.527 -0.015  0.033 -0.128  0.045  0.118  0.010  21.73
17 1 1 8996.43 3634.73 -3.212  0.005  0.025  0.050  0.035  0.132  0.010  27.88
 1 1 1 8759.37 3544.09 -2.298  0.000  0.035  0.100  0.055  0.117  0.010  17.84
17 1 1 9042.09 3670.46 -3.238 -0.005  0.025 -0.107  0.033  0.132  0.010  30.24
 5 1 1 8644.47 3429.86 -2.932 -0.007  0.028 -0.046  0.037  0.118  0.010  26.52
 9 1 1 9086.40 3372.79 -2.091 -0.003  0.039  0.010  0.060  0.118  0.010  16.41
17 1 1 9086.40 3372.79 -3.199  0.003  0.025 -0.014  0.032  0.135  0.010  30.74
 1 1 1 8720.95 3588.05 -2.166  0.010  0.038  0.030  0.058  0.116  0.010  16.96
17 1 1 8989.48 3405.19 -3.196  0.002  0.025 -0.008  0.032  0.135  0.010  31.00
 5 1 1 8920.16 3694.56 -2.155  0.014  0.038  0.356  0.076  0.115  0.010  12.98
 1 1 1 8709.78 3298.82 -2.389  0.004  0.034  0.019  0.048  0.119  0.010  20.45
 9 1 1 8989.48 3405.19 -2.010 -0.008  0.040 -0.008  0.061  0.118  0.010  16.23
25 1 1 8904.93 3270.16 -3.652  0.002  0.022 -0.001  0.026  0.137  0.010  38.32
17 1 1 9157.76 3741.10 -3.189  0.005  0.025  0.030  0.036  0.131  0.010  27.25
 5 1 1 8737.41 3605.08 -2.283 -0.021  0.036 -0.310  0.046  0.116  0.010  21.35
 1 1 1 8688.61 3553.65 -2.181 -0.036  0.037 -0.571  0.043  0.116  0.010  22.93
25 1 1 8549.71 3341.50 -3.662  0.005  0.022  0.033  0.026  0.136  0.010  37.90
 5 1 1 8707.49 3388.78 -2.170 -0.018  0.037 -0.023  0.056  0.118  0.010  17.69
25 1 1 8675.74 3437.80 -3.661  0.004  0.022  0.040  0.026  0.135  0.010  37.66
17 1 1 9017.05 3671.13 -3.144 -0.010  0.025  0.025  0.037  0.132  0.010  26.84
25 1 1 9131.95 3626.89 -3.570  0.001  0.022 -0.012  0.026  0.133  0.010  37.29
 1 1 1 8767.12 3649.98 -2.161  0.006  0.037 -0.085  0.054  0.115  0.010  18.28
25 1 1 9040.95 3459.67 -3.635  0.001  0.022 -0.020  0.028  0.135  0.010  35.50
17 1 1 9121.93 3336.06 -3.127  0.005  0.026  0.040  0.035  0.135  0.010  27.91
 5 1 1 8561.84 3016.47 -2.936 -0.001  0.028 -0.044  0.034  0.122  0.010  28.68
17 1 1 8469.70 3297.64 -3.135 -0.001  0.025 -0.070  0.032  0.137  0.010  30.93
 1 1 1 9116.04 3379.69 -2.422 -0.056  0.033 -0.017  0.046  0.118  0.010  21.61
 5 1 1 8733.10 3014.38 -2.107 -0.011  0.038 -0.081  0.055  0.122  0.010  18.09
17 1 1 9187.79 3378.91 -3.106  0.012  0.026  0.078  0.036  0.135  0.010  27.46
 5 1 1 9164.91 3097.24 -2.246  0.015  0.037  0.542  0.082  0.121  0.010  11.96
17 1 1 8843.69 3670.73 -3.095  0.006  0.026  0.053  0.035  0.132  0.010  27.85
25 1 1 9160.16 3304.19 -3.568  0.004  0.022  0.001  0.029  0.136  0.010  33.68
17 1 1 8828.31 3698.99 -3.102 -0.006  0.026 -0.139  0.032  0.131  0.010  30.85
25 1 1 8567.24 3322.60 -3.629 -0.003  0.022 -0.058  0.026  0.137  0.010  38.24
17 1 1 8739.22 3460.91 -3.046  0.001  0.026  0.014  0.035  0.134  0.010  28.02
25 1 1 8565.61 3421.07 -3.541 -0.005  0.023 -0.103  0.029  0.136  0.010  34.38
17 1 1 8676.41 3335.75 -2.822 -0.001  0.028 -0.052  0.039  0.136  0.010  25.39
 5 1 1 8769.09 3493.49 -2.083 -0.006  0.039 -0.050  0.057  0.117  0.010  17.45
 9 1 1 9157.76 3741.10 -1.968 -0.013  0.041 -0.047  0.066  0.114  0.010  14.85
 1 1 1 8920.16 3694.56 -2.113  0.031  0.039  0.627  0.098  0.115  0.010  10.08
29 1 1 8741.75 3491.18 -3.728  0.002  0.021 -0.012  0.027  0.134  0.010  35.95
 5 1 1 8996.43 3634.73 -2.103 -0.017  0.038 -0.182  0.055  0.116  0.010  18.03
29 1 1 8904.93 3270.16 -3.641  0.004  0.022  0.020  0.026  0.136  0.010  38.08
 9 1 1 9017.05 3671.13 -2.123 -0.023  0.038 -0.123  0.058  0.115  0.010  17.09
 5 1 1 9042.09 3670.46 -2.143 -0.007  0.038 -0.163  0.056  0.115  0.010  17.54
29 1 1 8549.71 3341.50 -3.679  0.004  0.022  0.029  0.026  0.136  0.010  38.43
17 1 1 8754.04 3662.80 -3.051 -0.019  0.026 -0.061  0.034  0.132  0.010  28.89
 9 1 1 9121.93 3336.06 -1.898  0.025  0.043  0.151  0.080  0.118  0.010  12.32
17 1 1 8623.84 3212.80 -2.999  0.005  0.027  0.008  0.036  0.137  0.010  27.34
 5 1 1 9086.40 3372.79 -2.113  0.002  0.038  0.181  0.065  0.118  0.010  15.10
17 1 1 8833.77 3614.49 -2.929  0.001  0.027 -0.018  0.037  0.132  0.010  26.68
 1 1 1 8737.41 3605.08 -2.228 -0.016  0.037 -0.267  0.049  0.116  0.010  20.12
 5 1 1 8989.48 3405.19 -2.021  0.000  0.040 -0.059  0.058  0.118  0.010  16.91
17 1 1 8667.69 3467.31 -2.955 -0.002  0.027 -0.031  0.036  0.134  0.010  27.07
25 1 1 8759.37 3544.09 -3.556  0.001  0.022  0.045  0.029  0.134  0.010  34.33
21 1 1 8744.54 3446.68 -2.893 -0.005  0.028 -0.089  0.036  0.135  0.010  27.40
29 1 1 8675.74 3437.80 -3.656  0.006  0.022  0.064  0.026  0.135  0.010  37.36
 1 1 1 8707.49 3388.78 -2.155 -0.006  0.037 -0.036  0.057  0.118  0.010  17.42
 5 1 1 9157.76 3741.10 -1.959 -0.008  0.041 -0.090  0.065  0.115  0.010  15.11
 9 1 1 8469.70 3297.64 -1.924 -0.015  0.041 -0.064  0.062  0.119  0.010  15.92
17 1 1 8744.54 3446.68 -2.915  0.005  0.027  0.079  0.039  0.134  0.010  25.17
29 1 1 9131.95 3626.89 -3.568  0.003  0.022  0.031  0.027  0.132  0.010  36.81
 5 1 1 9017.05 3671.13 -2.109 -0.013  0.038 -0.022  0.062  0.115  0.010  15.91
25 1 1 8720.95 3588.05 -3.565  0.005  0.022  0.015  0.027  0.133  0.010  36.24
29 1 1 9040.95 3459.67 -3.627  0.003  0.022 -0.010  0.028  0.134  0.010  35.42
 5 1 1 9121.93 3336.06 -1.848  0.008  0.043 -0.094  0.069  0.119  0.010  14.32
29 1 1 9160.16 3304.19 -3.569  0.004  0.022 -0.022  0.029  0.136  0.010  34.19
25 1 1 8709.78 3298.82 -3.504  0.004  0.023  0.016  0.028  0.137  0.010  35.60
29 1 1 8567.24 3322.60 -3.597 -0.002  0.022 -0.094  0.026  0.136  0.010  38.15
 5 1 1 8469.70 3297.64 -1.924 -0.009  0.041  0.024  0.066  0.119  0.010  15.03
25 1 1 8688.61 3553.65 -3.502 -0.009  0.023 -0.247  0.026  0.134  0.010  37.92
 5 1 1 9187.79 3378.91 -1.958  0.007  0.041  0.302  0.081  0.118  0.010  12.22
25 1 1 8767.12 3649.98 -3.455  0.009  0.023  0.005  0.029  0.133  0.010  34.43
29 1 1 8565.61 3421.07 -3.540 -0.009  0.023 -0.104  0.029  0.135  0.010  34.33
25 1 1 9116.04 3379.69 -3.359 -0.008  0.024  0.002  0.030  0.136  0.010  33.09
29 1 1 8759.37 3544.09 -3.541  0.004  0.022 -0.052  0.028  0.133  0.010  35.46
 5 1 1 8843.69 3670.73 -1.882  0.022  0.043  0.163  0.080  0.115  0.010  12.32
25 1 1 8644.47 3429.86 -3.143  0.011  0.026  0.050  0.040  0.135  0.010  24.44
 5 1 1 8828.31 3698.99 -1.767  0.007  0.045 -0.083  0.072  0.115  0.010  13.66
25 1 1 8920.16 3694.56 -3.402  0.015  0.024  0.182  0.034  0.132  0.010  29.30
 5 1 1 8739.22 3460.91 -1.890 -0.012  0.042 -0.114  0.062  0.117  0.010  15.85
25 1 1 8737.41 3605.08 -3.334 -0.009  0.024 -0.247  0.028  0.133  0.010  34.99
 5 1 1 8676.41 3335.75 -2.401 -0.005  0.034 -0.040  0.047  0.119  0.010  21.00
29 1 1 8720.95 3588.05 -3.571  0.003  0.022  0.006  0.027  0.133  0.010  36.51
25 1 1 8707.49 3388.78 -3.362 -0.001  0.024 -0.016  0.032  0.136  0.010  30.63
29 1 1 8709.78 3298.82 -3.474  0.004  0.023  0.032  0.028  0.136  0.010  34.87
25 1 1 8561.84 3016.47 -3.015  0.008  0.027  0.041  0.037  0.140  0.010  26.97
 5 1 1 8754.04 3662.80 -1.463 -0.072  0.051 -0.110  0.083  0.115  0.010  11.81
29 1 1 8688.61 3553.65 -3.504 -0.013  0.023 -0.208  0.026  0.133  0.010  37.52
25 1 1 8733.10 3014.38 -3.360 -0.003  0.024 -0.019  0.029  0.140  0.010  33.78
29 1 1 8767.12 3649.98 -3.481  0.001  0.023 -0.037  0.028  0.132  0.010  35.72
 5 1 1 8623.84 3212.80 -1.674 -0.009  0.046 -0.098  0.073  0.120  0.010  13.54
29 1 1 9116.04 3379.69 -3.347 -0.004  0.024 -0.010  0.030  0.135  0.010  33.24
 5 1 1 8833.77 3614.49 -1.857 -0.010  0.043  0.156  0.076  0.116  0.010  13.01
25 1 1 9164.91 3097.24 -3.324  0.012  0.024  0.129  0.034  0.139  0.010  28.89
29 1 1 8644.47 3429.86 -3.125  0.011  0.026  0.057  0.041  0.135  0.010  24.06
25 1 1 8769.09 3493.49 -3.275  0.011  0.024  0.092  0.032  0.134  0.010  30.47
29 1 1 8920.16 3694.56 -3.415  0.007  0.024  0.135  0.032  0.131  0.010  30.41
25 1 1 9102.17 3523.08 -3.269  0.003  0.024 -0.004  0.031  0.134  0.010  31.43
 5 1 1 8667.69 3467.31 -1.769 -0.003  0.044  0.047  0.076  0.117  0.010  12.94
25 1 1 8996.43 3634.73 -3.247  0.002  0.025 -0.031  0.033  0.133  0.010  29.58
 5 1 1 8744.54 3446.68 -1.695  0.024  0.046  0.310  0.097  0.117  0.010  10.14
29 1 1 8737.41 3605.08 -3.354 -0.006  0.024 -0.155  0.029  0.132  0.010  34.01
 5 1 1 9123.34 3419.40 -1.641 -0.038  0.047 -0.283  0.068  0.118  0.010  14.54
25 1 1 9042.09 3670.46 -3.237 -0.005  0.025 -0.115  0.033  0.132  0.010  30.26
 5 1 1 9092.76 3509.08 -1.840 -0.033  0.043 -0.210  0.062  0.117  0.010  15.83
25 1 1 9086.40 3372.79 -3.176  0.003  0.025  0.006  0.033  0.136  0.010  29.91
29 1 1 8707.49 3388.78 -3.368  0.003  0.024  0.008  0.032  0.135  0.010  30.35
 5 1 1 8699.92 3148.28 -1.726  0.005  0.045  0.125  0.084  0.120  0.010  11.75
25 1 1 8989.48 3405.19 -3.173 -0.001  0.025 -0.035  0.032  0.135  0.010  30.85
 5 1 1 8708.65 3474.48 -1.669 -0.005  0.047  0.065  0.083  0.117  0.010  11.88
25 1 1 9157.76 3741.10 -3.190  0.001  0.025 -0.007  0.036  0.132  0.010  27.60
29 1 1 8561.84 3016.47 -3.023  0.009  0.027 -0.000  0.036  0.139  0.010  27.70
25 1 1 9017.05 3671.13 -3.141 -0.012  0.026 -0.073  0.035  0.132  0.010  28.11
29 1 1 8733.10 3014.38 -3.338  0.005  0.024  0.007  0.030  0.139  0.010  32.91
 5 1 1 8628.25 3324.40 -1.711 -0.026  0.046 -0.186  0.067  0.119  0.010  14.67
25 1 1 9121.93 3336.06 -3.121  0.000  0.026 -0.001  0.035  0.136  0.010  28.23
29 1 1 9164.91 3097.24 -3.309  0.012  0.024  0.180  0.035  0.138  0.010  27.92
 1 1 1 8561.84 3016.47 -2.895 -0.005  0.028 -0.033  0.035  0.122  0.010  28.04
17 1 1 9123.34 3419.40 -2.920 -0.002  0.027 -0.159  0.035  0.135  0.010  28.23
25 1 1 8469.70 3297.64 -3.137  0.001  0.026 -0.030  0.033  0.137  0.010  30.25
 5 1 1 8568.44 3483.74 -1.713  0.012  0.046  0.010  0.081  0.117  0.010  12.12
17 1 1 9092.76 3509.08 -2.822 -0.004  0.028  0.019  0.042  0.134  0.010  23.30
25 1 1 9187.79 3378.91 -3.101  0.004  0.026  0.041  0.035  0.136  0.010  27.93
17 1 1 8699.92 3148.28 -2.861  0.006  0.028  0.116  0.042  0.138  0.010  23.50
 5 1 1 8759.62 3397.68 -1.739 -0.017  0.045 -0.064  0.070  0.118  0.010  14.07
17 1 1 8708.65 3474.48 -2.820 -0.006  0.028 -0.008  0.040  0.134  0.010  24.87
 5 1 1 9084.25 3528.14 -1.607  0.004  0.048  0.036  0.087  0.117  0.010  11.37
17 1 1 8628.25 3324.40 -2.834 -0.009  0.028  0.006  0.040  0.136  0.010  24.85
25 1 1 8843.69 3670.73 -3.111  0.001  0.026  0.007  0.034  0.132  0.010  28.75
 5 1 1 9126.50 3532.95 -1.657 -0.010  0.047 -0.056  0.075  0.117  0.010  13.13
25 1 1 8828.31 3698.99 -3.105  0.004  0.026 -0.027  0.034  0.132  0.010  28.99
 5 1 1 9107.64 3191.93 -1.934 -0.005  0.041  0.102  0.071  0.120  0.010  13.90
25 1 1 8739.22 3460.91 -3.045  0.005  0.026 -0.036  0.035  0.135  0.010  28.52
 5 1 1 9078.25 3423.14 -1.690 -0.055  0.046 -0.412  0.062  0.118  0.010  15.94
25 1 1 8676.41 3335.75 -2.817 -0.007  0.028 -0.072  0.039  0.136  0.010  25.60
 5 1 1 9191.95 3223.71 -1.483 -0.009  0.051  0.034  0.097  0.120  0.010  10.20
17 1 1 8568.44 3483.74 -2.830 -0.010  0.028 -0.220  0.037  0.134  0.010  26.66
25 1 1 8754.04 3662.80 -3.017 -0.019  0.027 -0.054  0.035  0.132  0.010  28.25
17 1 1 8759.62 3397.68 -2.838  0.003  0.028  0.031  0.040  0.135  0.010  24.74
 5 1 1 9153.12 3322.65 -1.518  0.017  0.051 -0.169  0.083  0.119  0.010  11.91
29 1 1 8769.09 3493.49 -3.286  0.003  0.024  0.012  0.031  0.134  0.010  32.04
 1 1 1 8733.10 3014.38 -2.130 -0.015  0.038 -0.095  0.053  0.122  0.010  18.68
 5 1 1 9101.32 3472.92 -2.124  0.007  0.038  0.053  0.060  0.117  0.010  16.37
29 1 1 9102.17 3523.08 -3.265  0.006  0.024  0.092  0.033  0.133  0.010  30.17
25 1 1 8623.84 3212.80 -3.012  0.003  0.027  0.030  0.036  0.138  0.010  27.16
29 1 1 8996.43 3634.73 -3.263  0.008  0.025  0.026  0.034  0.132  0.010  28.97
25 1 1 8833.77 3614.49 -2.935 -0.008  0.027 -0.055  0.036  0.133  0.010  27.20
17 1 1 9084.25 3528.14 -2.838  0.001  0.028 -0.030  0.040  0.133  0.010  24.60
25 1 1 8667.69 3467.31 -2.945 -0.000  0.027 -0.045  0.037  0.135  0.010  26.99
17 1 1 9126.50 3532.95 -2.793  0.005  0.029 -0.021  0.040  0.133  0.010  24.64
29 1 1 9042.09 3670.46 -3.203 -0.003  0.025 -0.081  0.034  0.132  0.010  29.23
25 1 1 8744.54 3446.68 -2.911 -0.005  0.028  0.004  0.038  0.135  0.010  26.16
29 1 1 9086.40 3372.79 -3.205  0.007  0.025 -0.001  0.032  0.135  0.010  30.61
13 1 1 8565.61 3421.07 -2.516 -0.020  0.033 -0.047  0.048  0.118  0.010  20.59
17 1 1 9107.64 3191.93 -2.710 -0.002  0.030  0.042  0.045  0.137  0.010  22.03
 5 1 1 8836.73 3627.93 -1.464 -0.009  0.051 -0.097  0.087  0.116  0.010  11.28
 9 1 1 9187.79 3378.91 -1.922  0.021  0.042  0.195  0.079  0.118  0.010  12.50
25 1 1 9123.34 3419.40 -2.909 -0.010  0.028 -0.113  0.036  0.135  0.010  27.29
13 1 1 8759.37 3544.09 -2.262  0.001  0.036 -0.010  0.053  0.116  0.010  18.56
 9 1 1 8843.69 3670.73 -1.881  0.021  0.043  0.174  0.081  0.115  0.010  12.25
25 1 1 9092.76 3509.08 -2.825  0.003  0.028  0.022  0.043  0.134  0.010  23.04
13 1 1 8720.95 3588.05 -2.199  0.023  0.037  0.165  0.062  0.116  0.010  15.82
25 1 1 8699.92 3148.28 -2.869  0.005  0.028  0.140  0.042  0.138  0.010  23.25
 9 1 1 8828.31 3698.99 -1.778 -0.017  0.045 -0.171  0.067  0.114  0.010  14.72
13 1 1 8709.78 3298.82 -2.352  0.009  0.035  0.029  0.050  0.119  0.010  19.70
21 1 1 9123.34 3419.40 -2.918 -0.001  0.027 -0.035  0.037  0.135  0.010  26.69
25 1 1 8708.65 3474.48 -2.839 -0.002  0.028 -0.005  0.040  0.135  0.010  24.91
21 1 1 9092.76 3509.08 -2.801 -0.007  0.029 -0.027  0.042  0.134  0.010  23.74
 5 1 1 9103.62 3540.44 -1.579 -0.006  0.048 -0.018  0.082  0.117  0.010  11.97
 1 1 1 9164.91 3097.24 -2.245  0.019  0.036  0.566  0.084  0.121  0.010  11.74
25 1 1 8628.25 3324.40 -2.828 -0.002  0.028  0.029  0.041  0.137  0.010  24.29
21 1 1 8699.92 3148.28 -2.855  0.008  0.028  0.124  0.042  0.138  0.010  23.35
17 1 1 9078.25 3423.14 -2.717 -0.007  0.030 -0.169  0.041  0.135  0.010  23.93
 5 1 1 9174.68 3540.46 -1.575  0.001  0.049  0.072  0.088  0.117  0.010  11.26
17 1 1 9191.95 3223.71 -2.704  0.006  0.030  0.095  0.048  0.137  0.010  20.63
 5 1 1 9183.45 3699.39 -1.985 -0.006  0.041 -0.067  0.062  0.115  0.010  16.04
13 1 1 8688.61 3553.65 -2.163 -0.032  0.038 -0.540  0.044  0.116  0.010  22.19
 1 1 1 8769.09 3493.49 -2.127  0.007  0.038  0.043  0.059  0.117  0.010  16.85
13 1 1 8767.12 3649.98 -2.127 -0.003  0.038 -0.069  0.055  0.115  0.010  17.78
 1 1 1 9102.17 3523.08 -2.062 -0.008  0.039  0.063  0.062  0.117  0.010  15.89
29 1 1 8989.48 3405.19 -3.187  0.001  0.025  0.002  0.032  0.135  0.010  30.84
 1 1 1 8996.43 3634.73 -2.108 -0.016  0.038 -0.146  0.056  0.116  0.010  17.56
13 1 1 9116.04 3379.69 -2.393 -0.079  0.034 -0.131  0.044  0.118  0.010  22.66
 9 1 1 8739.22 3460.91 -1.892 -0.004  0.042  0.069  0.071  0.117  0.010  13.93
29 1 1 9157.76 3741.10 -3.182  0.001  0.025  0.058  0.037  0.131  0.010  26.68
 9 1 1 8676.41 3335.75 -2.386 -0.010  0.034 -0.055  0.047  0.118  0.010  20.98
 1 1 1 9042.09 3670.46 -2.122 -0.017  0.038 -0.232  0.055  0.115  0.010  18.07
17 1 1 9153.12 3322.65 -2.695 -0.000  0.030 -0.032  0.044  0.136  0.010  22.54
 9 1 1 8754.04 3662.80 -1.490 -0.102  0.050 -0.127  0.079  0.115  0.010  12.42
13 1 1 8644.47 3429.86 -2.923  0.003  0.028  0.015  0.039  0.118  0.010  25.22
 1 1 1 9086.40 3372.79 -2.075 -0.006  0.039  0.036  0.061  0.118  0.010  16.23
 5 1 1 8846.69 3703.65 -1.362  0.020  0.055  0.631  0.168  0.115  0.010   5.85
 1 1 1 8989.48 3405.19 -2.034 -0.009  0.039 -0.201  0.053  0.118  0.010  18.61
21 1 1 8708.65 3474.48 -2.836  0.002  0.028  0.068  0.041  0.134  0.010  24.09
17 1 1 9101.32 3472.92 -2.464  0.002  0.033  0.026  0.051  0.134  0.010  19.36
 9 1 1 8623.84 3212.80 -1.742  0.014  0.045  0.012  0.076  0.120  0.010  13.01
17 1 1 8836.73 3627.93 -2.686  0.009  0.030  0.079  0.048  0.132  0.010  20.65
 5 1 1 8503.78 3382.80 -1.490 -0.022  0.050  0.126  0.096  0.118  0.010  10.23
 1 1 1 9157.76 3741.10 -1.891 -0.012  0.042 -0.093  0.068  0.115  0.010  14.46
 5 1 1 8833.37 3314.97 -1.460 -0.007  0.051 -0.002  0.092  0.119  0.010  10.69
 1 1 1 9017.05 3671.13 -2.082 -0.020  0.039 -0.136  0.059  0.115  0.010  16.75
29 1 1 9017.05 3671.13 -3.146 -0.009  0.025 -0.073  0.035  0.132  0.010  28.34
 1 1 1 9121.93 3336.06 -1.928  0.004  0.041 -0.091  0.065  0.119  0.010  15.22
17 1 1 9103.62 3540.44 -2.667 -0.002  0.030 -0.037  0.043  0.133  0.010  23.08
29 1 1 9121.93 3336.06 -3.157 -0.002  0.025 -0.098  0.032  0.135  0.010  30.45
 1 1 1 8469.70 3297.64 -1.899  0.007  0.042  0.145  0.073  0.119  0.010  13.55
29 1 1 8469.70 3297.64 -3.118 -0.001  0.026 -0.004  0.033  0.136  0.010  29.62
 9 1 1 8833.77 3614.49 -1.825 -0.023  0.043 -0.086  0.066  0.115  0.010  14.87
17 1 1 9174.68 3540.46 -2.670  0.000  0.030 -0.046  0.042  0.133  0.010  23.26
25 1 1 8568.44 3483.74 -2.810 -0.005  0.029 -0.126  0.040  0.135  0.010  24.91
 5 1 1 9116.05 3360.73 -1.435 -0.021  0.052  0.081  0.099  0.118  0.010   9.96
 9 1 1 8667.69 3467.31 -1.737  0.005  0.045 -0.153  0.069  0.117  0.010  14.21
 5 1 1 8818.31 3251.74 -1.414 -0.005  0.053  0.122  0.103  0.119  0.010   9.61
13 1 1 8920.16 3694.56 -2.161  0.011  0.038  0.360  0.076  0.115  0.010  12.96
29 1 1 9187.79 3378.91 -3.104  0.007  0.026  0.072  0.036  0.135  0.010  27.67
 1 1 1 9187.79 3378.91 -1.924  0.024  0.042  0.216  0.079  0.118  0.010  12.47
21 1 1 8628.25 3324.40 -2.856 -0.003  0.028 -0.054  0.038  0.136  0.010  25.95
25 1 1 8759.62 3397.68 -2.837  0.003  0.028 -0.000  0.039  0.135  0.010  25.04
 9 1 1 8744.54 3446.68 -1.763  0.009  0.045  0.065  0.077  0.117  0.010  12.74
 5 1 1 8580.43 3392.39 -1.572 -0.027  0.049  0.164  0.096  0.118  0.010  10.29
25 1 1 9084.25 3528.14 -2.800 -0.003  0.029 -0.087  0.040  0.134  0.010  24.67
 5 1 1 8596.12 3371.64 -1.466  0.013  0.052  0.479  0.135  0.118  0.010   7.30
21 1 1 8568.44 3483.74 -2.817 -0.007  0.029 -0.186  0.038  0.135  0.010  26.06
 1 1 1 8843.69 3670.73 -1.862 -0.005  0.043  0.126  0.078  0.115  0.010  12.68
21 1 1 8759.62 3397.68 -2.794 -0.002  0.029 -0.024  0.040  0.135  0.010  24.97
 1 1 1 8828.31 3698.99 -1.785 -0.007  0.044 -0.026  0.073  0.115  0.010  13.42
25 1 1 9126.50 3532.95 -2.817  0.003  0.029 -0.010  0.040  0.134  0.010  24.74
 1 1 1 8739.22 3460.91 -1.848 -0.004  0.043  0.069  0.073  0.117  0.010  13.57
17 1 1 9183.45 3699.39 -2.531  0.000  0.032 -0.005  0.050  0.131  0.010  19.83
29 1 1 8843.69 3670.73 -3.112  0.005  0.026  0.038  0.035  0.132  0.010  28.38
17 1 1 8503.78 3382.80 -2.622  0.007  0.031  0.066  0.047  0.136  0.010  20.91
 9 1 1 9123.34 3419.40 -1.646 -0.041  0.047 -0.336  0.066  0.118  0.010  14.96
17 1 1 8833.37 3314.97 -2.591 -0.007  0.031 -0.078  0.045  0.136  0.010  22.06
29 1 1 8828.31 3698.99 -3.079  0.001  0.026 -0.093  0.033  0.131  0.010  29.65
17 1 1 9116.05 3360.73 -2.596 -0.003  0.031 -0.118  0.043  0.135  0.010  22.89
 9 1 1 9092.76 3509.08 -1.907 -0.010  0.042 -0.085  0.065  0.117  0.010  15.07
25 1 1 9107.64 3191.93 -2.746  0.008  0.029  0.040  0.044  0.138  0.010  22.37
 1 1 1 8676.41 3335.75 -2.365 -0.015  0.034 -0.087  0.046  0.119  0.010  21.25
21 1 1 9084.25 3528.14 -2.842  0.001  0.028 -0.039  0.040  0.134  0.010  24.88
29 1 1 8739.22 3460.91 -3.083  0.001  0.026 -0.058  0.033  0.134  0.010  29.64
17 1 1 8818.31 3251.74 -2.596 -0.006  0.031 -0.077  0.043  0.136  0.010  22.73
29 1 1 8676.41 3335.75 -2.800 -0.003  0.029 -0.031  0.040  0.136  0.010  24.72
17 1 1 8580.43 3392.39 -2.545 -0.001  0.032  0.052  0.050  0.135  0.010  19.77
21 1 1 9126.50 3532.95 -2.825  0.002  0.028  0.010  0.040  0.133  0.010  24.96
29 1 1 8754.04 3662.80 -3.039 -0.013  0.026 -0.054  0.035  0.132  0.010  28.54
21 1 1 9107.64 3191.93 -2.725 -0.003  0.029  0.055  0.044  0.137  0.010  22.28
17 1 1 8596.12 3371.64 -2.558  0.005  0.032  0.150  0.053  0.136  0.010  18.73
21 1 1 9078.25 3423.14 -2.741 -0.001  0.029 -0.066  0.043  0.135  0.010  23.05
29 1 1 8623.84 3212.80 -3.004  0.003  0.027 -0.041  0.035  0.137  0.010  28.14
21 1 1 9191.95 3223.71 -2.755  0.005  0.029  0.093  0.046  0.137  0.010  21.34
17 1 1 8892.05 3307.31 -2.544  0.002  0.032  0.038  0.049  0.136  0.010  20.09
29 1 1 8833.77 3614.49 -2.928  0.001  0.027  0.013  0.038  0.132  0.010  26.30
17 1 1 8695.14 3636.00 -2.592  0.002  0.031  0.025  0.047  0.132  0.010  21.11
21 1 1 9153.12 3322.65 -2.699  0.002  0.030 -0.004  0.044  0.136  0.010  22.21
17 1 1 8965.18 3363.23 -2.547 -0.003  0.032 -0.015  0.047  0.135  0.010  21.00
21 1 1 9101.32 3472.92 -2.474  0.018  0.033  0.203  0.057  0.134  0.010  17.30
17 1 1 9004.03 3147.65 -2.496 -0.000  0.032  0.020  0.050  0.138  0.010  19.85
21 1 1 8836.73 3627.93 -2.700  0.007  0.030  0.011  0.046  0.132  0.010  21.64
17 1 1 8659.13 3429.58 -2.516  0.016  0.032  0.299  0.060  0.135  0.010  16.36
29 1 1 8667.69 3467.31 -2.942  0.006  0.027 -0.014  0.037  0.134  0.010  26.53
17 1 1 8459.72 3366.98 -2.224  0.014  0.036 -0.035  0.059  0.136  0.010  16.81
29 1 1 8744.54 3446.68 -2.920 -0.002  0.027  0.011  0.038  0.134  0.010  26.29
21 1 1 9103.62 3540.44 -2.643 -0.000  0.030 -0.058  0.043  0.133  0.010  23.05
17 1 1 8642.91 3090.56 -2.527 -0.005  0.032 -0.048  0.046  0.138  0.010  21.34
29 1 1 9123.34 3419.40 -2.884 -0.005  0.028 -0.057  0.037  0.134  0.010  26.38
21 1 1 9174.68 3540.46 -2.663 -0.002  0.030 -0.073  0.042  0.133  0.010  23.67
17 1 1 8681.08 3496.29 -2.509 -0.000  0.032 -0.048  0.047  0.134  0.010  20.85
29 1 1 9092.76 3509.08 -2.856  0.009  0.028  0.051  0.042  0.133  0.010  23.30
17 1 1 8716.95 3125.26 -2.492  0.003  0.032  0.102  0.053  0.138  0.010  18.47
29 1 1 8699.92 3148.28 -2.849  0.010  0.028  0.147  0.043  0.138  0.010  22.79
21 1 1 9183.45 3699.39 -2.509  0.004  0.032  0.023  0.052  0.132  0.010  19.14
17 1 1 8613.75 3325.12 -2.526  0.001  0.032  0.141  0.052  0.136  0.010  18.79
21 1 1 8846.69 3703.65 -2.631  0.005  0.031  0.095  0.048  0.132  0.010  20.66
29 1 1 8708.65 3474.48 -2.839 -0.002  0.028 -0.061  0.038  0.134  0.010  25.78
 5 1 1 8852.75 3339.77 -1.997 -0.009  0.040 -0.063  0.059  0.119  0.010  16.82
17 1 1 8669.94 3244.74 -2.508  0.001  0.032 -0.048  0.047  0.137  0.010  20.98
29 1 1 8568.44 3483.74 -2.818 -0.012  0.029 -0.183  0.038  0.134  0.010  25.98
 1 1 1 8754.04 3662.80 -1.441 -0.118  0.051 -0.240  0.075  0.115  0.010  13.09
17 1 1 9171.24 3272.10 -2.452 -0.040  0.033 -0.111  0.048  0.136  0.010  20.61
29 1 1 8759.62 3397.68 -2.807  0.002  0.028  0.042  0.041  0.135  0.010  24.20
17 1 1 8958.99 3708.80 -2.507 -0.008  0.032 -0.059  0.051  0.131  0.010  19.15
 5 1 1 8892.05 3307.31 -1.460 -0.009  0.051 -0.059  0.088  0.119  0.010  11.23
17 1 1 9190.49 3679.01 -2.441 -0.010  0.034 -0.009  0.052  0.132  0.010  18.82
29 1 1 9084.25 3528.14 -2.853  0.008  0.028  0.061  0.042  0.133  0.010  23.52
13 1 1 8737.41 3605.08 -2.239 -0.023  0.037 -0.380  0.046  0.115  0.010  21.53
 5 1 1 8695.14 3636.00 -1.189 -0.006  0.060 -0.256  0.096  0.115  0.010  10.30
13 1 1 8707.49 3388.78 -2.133  0.007  0.038  0.085  0.063  0.118  0.010  15.68
17 1 1 8656.16 3248.27 -2.495 -0.006  0.032 -0.091  0.046  0.137  0.010  21.45
 5 1 1 8965.18 3363.23 -1.427  0.006  0.053 -0.025  0.093  0.118  0.010  10.59
21 1 1 8503.78 3382.80 -2.619  0.001  0.031  0.010  0.045  0.136  0.010  21.78
 1 1 1 8623.84 3212.80 -1.737 -0.007  0.045 -0.139  0.068  0.120  0.010  14.58
21 1 1 8833.37 3314.97 -2.621 -0.004  0.031 -0.069  0.044  0.136  0.010  22.39
 1 1 1 8833.77 3614.49 -1.867 -0.019  0.043 -0.063  0.065  0.116  0.010  15.14
21 1 1 9116.05 3360.73 -2.592 -0.001  0.031 -0.043  0.045  0.135  0.010  21.95
17 1 1 9182.31 3300.48 -2.468  0.005  0.033 -0.001  0.051  0.136  0.010  19.36
 1 1 1 8667.69 3467.31 -1.707 -0.023  0.045 -0.055  0.074  0.117  0.010  13.41
21 1 1 8818.31 3251.74 -2.603  0.002  0.031  0.059  0.047  0.137  0.010  21.18
13 1 1 8561.84 3016.47 -2.936 -0.002  0.028 -0.085  0.034  0.121  0.010  29.28
 1 1 1 8744.54 3446.68 -1.728  0.028  0.045  0.675  0.126  0.117  0.010   7.83
17 1 1 8696.44 3374.62 -2.442 -0.012  0.033 -0.159  0.047  0.135  0.010  21.14
25 1 1 9078.25 3423.14 -2.728 -0.001  0.030 -0.126  0.042  0.135  0.010  23.26
17 1 1 8805.81 3664.75 -2.482 -0.007  0.033 -0.054  0.049  0.132  0.010  20.20
29 1 1 9126.50 3532.95 -2.805  0.008  0.028  0.092  0.042  0.133  0.010  23.46
25 1 1 9191.95 3223.71 -2.743  0.001  0.029  0.057  0.046  0.137  0.010  21.53
 9 1 1 8699.92 3148.28 -1.767  0.006  0.045  0.122  0.082  0.120  0.010  11.97
29 1 1 9107.64 3191.93 -2.740  0.012  0.029  0.065  0.045  0.137  0.010  22.05
 9 1 1 8708.65 3474.48 -1.715 -0.013  0.045 -0.164  0.069  0.117  0.010  14.25
17 1 1 9014.99 3648.77 -2.444 -0.029  0.033 -0.173  0.048  0.132  0.010  20.32
13 1 1 8733.10 3014.38 -2.131 -0.008  0.038 -0.004  0.056  0.121  0.010  17.55
 5 1 1 9004.03 3147.65 -1.511  0.001  0.050  0.164  0.100  0.120  0.010   9.86
13 1 1 9164.91 3097.24 -2.269  0.027  0.036  0.447  0.076  0.121  0.010  12.99
17 1 1 8966.34 3513.24 -2.443  0.006  0.033  0.032  0.051  0.134  0.010  19.25
 1 1 1 9123.34 3419.40 -1.643 -0.015  0.047 -0.301  0.068  0.118  0.010  14.52
17 1 1 8768.64 3677.77 -2.500 -0.012  0.032 -0.227  0.043  0.132  0.010  22.75
 5 1 1 8659.13 3429.58 -1.359 -0.008  0.055  0.258  0.124  0.118  0.010   7.97
17 1 1 8853.27 3159.19 -2.424  0.008  0.033  0.083  0.054  0.137  0.010  18.21
 1 1 1 9092.76 3509.08 -1.879 -0.011  0.042 -0.035  0.069  0.117  0.010  14.38
25 1 1 9153.12 3322.65 -2.716  0.005  0.030  0.014  0.045  0.136  0.010  21.93
21 1 1 8580.43 3392.39 -2.547 -0.002  0.032  0.020  0.049  0.136  0.010  20.31
 5 1 1 8459.72 3366.98 -2.100  0.004  0.038  0.049  0.061  0.119  0.010  16.08
21 1 1 8596.12 3371.64 -2.571  0.007  0.031  0.074  0.050  0.136  0.010  19.88
13 1 1 8769.09 3493.49 -2.128  0.001  0.038 -0.095  0.054  0.117  0.010  18.33
17 1 1 9189.95 3484.12 -2.390  0.016  0.034  0.301  0.068  0.134  0.010  14.60
13 1 1 9102.17 3523.08 -2.110 -0.006  0.038 -0.140  0.054  0.116  0.010  18.33
21 1 1 8852.75 3339.77 -2.348  0.003  0.034  0.088  0.056  0.136  0.010  17.49
17 1 1 8639.40 3032.20 -2.434 -0.005  0.034 -0.279  0.046  0.139  0.010  21.54
13 1 1 8996.43 3634.73 -2.132 -0.014  0.038 -0.011  0.060  0.115  0.010  16.33
 5 1 1 8642.91 3090.56 -1.310  0.002  0.056 -0.093  0.096  0.121  0.010  10.25
13 1 1 9042.09 3670.46 -2.072 -0.018  0.039 -0.183  0.058  0.115  0.010  16.96
25 1 1 9101.32 3472.92 -2.492  0.013  0.033  0.149  0.055  0.134  0.010  17.93
29 1 1 9078.25 3423.14 -2.725 -0.001  0.030 -0.104  0.042  0.134  0.010  23.21
 1 1 1 8699.92 3148.28 -1.738  0.000  0.045  0.211  0.088  0.121  0.010  11.15
29 1 1 9191.95 3223.71 -2.715  0.002  0.029  0.071  0.047  0.137  0.010  21.12
 9 1 1 8628.25 3324.40 -1.699 -0.018  0.046  0.040  0.079  0.118  0.010  12.45
25 1 1 8836.73 3627.93 -2.682  0.004  0.030 -0.048  0.045  0.133  0.010  22.05
 1 1 1 8708.65 3474.48 -1.717  0.005  0.046 -0.013  0.077  0.117  0.010  12.86
 9 1 1 8568.44 3483.74 -1.711 -0.043  0.046 -0.366  0.062  0.117  0.010  15.95
 5 1 1 8681.08 3496.29 -1.378  0.005  0.054  0.177  0.112  0.117  0.010   8.79
 9 1 1 8759.62 3397.68 -1.752  0.002  0.045 -0.047  0.072  0.117  0.010  13.75
 5 1 1 8716.95 3125.26 -1.406  0.028  0.054  0.543  0.150  0.121  0.010   6.57
17 1 1 8571.77 3610.44 -2.421 -0.007  0.033 -0.139  0.047  0.133  0.010  21.12
 1 1 1 8628.25 3324.40 -1.684 -0.030  0.046 -0.124  0.071  0.119  0.010  13.88
13 1 1 9086.40 3372.79 -2.056 -0.016  0.039 -0.072  0.058  0.118  0.010  17.00
 1 1 1 8568.44 3483.74 -1.751 -0.031  0.045 -0.243  0.065  0.117  0.010  15.16
13 1 1 8989.48 3405.19 -2.028 -0.014  0.039 -0.112  0.056  0.118  0.010  17.54
 5 1 1 8613.75 3325.12 -1.262  0.016  0.058 -0.132  0.100  0.119  0.010   9.87
13 1 1 9157.76 3741.10 -1.936 -0.022  0.041 -0.069  0.067  0.114  0.010  14.74
 9 1 1 9084.25 3528.14 -1.600 -0.019  0.048 -0.136  0.077  0.116  0.010  12.81
21 1 1 8892.05 3307.31 -2.591 -0.007  0.031 -0.051  0.045  0.136  0.010  22.04
 5 1 1 8669.94 3244.74 -1.310 -0.015  0.056  0.029  0.104  0.119  0.010   9.51
 9 1 1 9126.50 3532.95 -1.694  0.010  0.046  0.034  0.080  0.116  0.010  12.36
 5 1 1 9171.24 3272.10 -1.402 -0.090  0.052 -0.092  0.087  0.119  0.010  11.33
13 1 1 9017.05 3671.13 -2.098 -0.018  0.039 -0.052  0.061  0.115  0.010  16.07
 5 1 1 8958.99 3708.80 -1.288 -0.015  0.057  0.132  0.126  0.115  0.010   7.82
 9 1 1 9107.64 3191.93 -1.919  0.008  0.042 -0.092  0.064  0.120  0.010  15.39
 1 1 1 8759.62 3397.68 -1.733 -0.007  0.045 -0.103  0.069  0.118  0.010  14.28
21 1 1 8695.14 3636.00 -2.617 -0.009  0.031 -0.146  0.041  0.133  0.010  23.78
 9 1 1 9078.25 3423.14 -1.737 -0.009  0.046 -0.354  0.064  0.117  0.010  15.34
 5 1 1 9190.49 3679.01 -1.453 -0.001  0.053 -0.029  0.094  0.115  0.010  10.47
 1 1 1 9084.25 3528.14 -1.593 -0.021  0.048 -0.078  0.080  0.117  0.010  12.38
13 1 1 9121.93 3336.06 -1.917 -0.004  0.042 -0.044  0.067  0.118  0.010  14.62
 9 1 1 9191.95 3223.71 -1.468 -0.012  0.051  0.122  0.104  0.119  0.010   9.47
 5 1 1 8656.16 3248.27 -1.297  0.027  0.057  0.453  0.150  0.120  0.010   6.59
13 1 1 8469.70 3297.64 -1.926  0.006  0.041  0.138  0.071  0.119  0.010  13.87
 5 1 1 9182.31 3300.48 -1.377 -0.005  0.054  0.076  0.105  0.119  0.010   9.43
13 1 1 9187.79 3378.91 -1.961  0.009  0.041  0.196  0.076  0.118  0.010  13.03
 9 1 1 9153.12 3322.65 -1.554 -0.005  0.050 -0.088  0.084  0.118  0.010  11.67
 5 1 1 8696.44 3374.62 -1.211 -0.020  0.059 -0.208  0.097  0.118  0.010  10.12
13 1 1 8843.69 3670.73 -1.880 -0.001  0.042  0.179  0.080  0.115  0.010  12.40
25 1 1 9103.62 3540.44 -2.657  0.007  0.030 -0.025  0.044  0.134  0.010  22.52
 1 1 1 9126.50 3532.95 -1.672  0.004  0.046 -0.005  0.078  0.117  0.010  12.65
25 1 1 9174.68 3540.46 -2.648  0.002  0.030 -0.014  0.044  0.134  0.010  22.34
 1 1 1 9107.64 3191.93 -1.909 -0.001  0.042 -0.001  0.067  0.120  0.010  14.63
25 1 1 9183.45 3699.39 -2.546  0.002  0.032  0.047  0.051  0.132  0.010  19.26
 9 1 1 9101.32 3472.92 -2.094  0.005  0.039  0.127  0.065  0.117  0.010  15.23
 1 1 1 9078.25 3423.14 -1.698 -0.037  0.046 -0.392  0.063  0.118  0.010  15.71
 5 1 1 8805.81 3664.75 -1.159 -0.017  0.061 -0.076  0.114  0.115  0.010   8.66
 1 1 1 9191.95 3223.71 -1.482 -0.022  0.051 -0.100  0.086  0.120  0.010  11.45
25 1 1 8846.69 3703.65 -2.622  0.003  0.031  0.065  0.047  0.132  0.010  20.78
 9 1 1 8836.73 3627.93 -1.443 -0.020  0.052  0.074  0.100  0.115  0.010   9.86
 5 1 1 9014.99 3648.77 -1.387 -0.081  0.053 -0.460  0.073  0.115  0.010  13.45
 9 1 1 9103.62 3540.44 -1.585 -0.003  0.049 -0.164  0.075  0.116  0.010  13.07
25 1 1 8503.78 3382.80 -2.599  0.001  0.031  0.003  0.046  0.136  0.010  21.33
 5 1 1 8966.34 3513.24 -1.415  0.026  0.053  0.205  0.110  0.117  0.010   8.95
 9 1 1 9174.68 3540.46 -1.544 -0.010  0.049 -0.084  0.081  0.116  0.010  12.19
 1 1 1 9153.12 3322.65 -1.587  0.006  0.049 -0.131  0.080  0.119  0.010  12.36
 5 1 1 8768.64 3677.77 -0.932 -0.010  0.069 -0.202  0.122  0.115  0.010   8.05
 9 1 1 9183.45 3699.39 -1.979 -0.007  0.041 -0.102  0.061  0.115  0.010  16.23
 1 1 1 9101.32 3472.92 -2.082 -0.002  0.039  0.139  0.065  0.117  0.010  15.17
13 1 1 8828.31 3698.99 -1.810 -0.023  0.044 -0.238  0.063  0.114  0.010  15.72
 1 1 1 8836.73 3627.93 -1.476 -0.013  0.051 -0.037  0.091  0.116  0.010  10.89
 9 1 1 8846.69 3703.65 -1.385  0.012  0.054  0.353  0.132  0.114  0.010   7.49
 1 1 1 9103.62 3540.44 -1.612  0.002  0.048 -0.101  0.077  0.117  0.010  12.86
25 1 1 8833.37 3314.97 -2.640  0.003  0.030  0.015  0.046  0.136  0.010  21.30
13 1 1 8739.22 3460.91 -1.918 -0.023  0.041 -0.168  0.059  0.117  0.010  16.73
 1 1 1 9174.68 3540.46 -1.536  0.003  0.050 -0.126  0.080  0.117  0.010  12.37
13 1 1 8676.41 3335.75 -2.306 -0.015  0.035 -0.120  0.048  0.118  0.010  20.75
 9 1 1 8503.78 3382.80 -1.494  0.010  0.051  0.124  0.100  0.118  0.010   9.90
13 1 1 8754.04 3662.80 -1.510 -0.085  0.050 -0.266  0.072  0.115  0.010  13.67
 5 1 1 9189.95 3484.12 -1.378  0.031  0.055  0.055  0.110  0.117  0.010   8.99
25 1 1 9116.05 3360.73 -2.622 -0.007  0.031  0.008  0.046  0.136  0.010  21.59
13 1 1 8623.84 3212.80 -1.763 -0.017  0.044 -0.107  0.068  0.120  0.010  14.61
17 1 1 9031.54 3095.23 -2.408  0.002  0.033 -0.041  0.051  0.138  0.010  19.40
29 1 1 9153.12 3322.65 -2.718  0.003  0.029  0.013  0.044  0.136  0.010  22.23
17 1 1 8862.56 3626.47 -2.363  0.014  0.034  0.030  0.055  0.132  0.010  18.02
29 1 1 9101.32 3472.92 -2.490 -0.003  0.032 -0.104  0.046  0.134  0.010  21.32
 5 1 1 8639.40 3032.20 -1.235 -0.041  0.058 -0.505  0.079  0.122  0.010  12.42
 9 1 1 8833.37 3314.97 -1.405 -0.007  0.053 -0.080  0.092  0.118  0.010  10.73
 5 1 1 8571.77 3610.44 -1.296 -0.053  0.055 -0.068  0.094  0.116  0.010  10.48
 9 1 1 9116.05 3360.73 -1.530  0.007  0.050  0.236  0.107  0.118  0.010   9.22
 5 1 1 9031.54 3095.23 -1.328  0.002  0.055  0.087  0.110  0.121  0.010   9.01
29 1 1 8836.73 3627.93 -2.700  0.002  0.030 -0.006  0.045  0.132  0.010  22.02
 5 1 1 8862.56 3626.47 -1.254  0.008  0.058 -0.309  0.088  0.115  0.010  11.15
 9 1 1 8818.31 3251.74 -1.460 -0.004  0.051  0.085  0.097  0.119  0.010  10.15
29 1 1 9103.62 3540.44 -2.668  0.001  0.030 -0.063  0.042  0.133  0.010  23.46
13 1 1 8833.77 3614.49 -1.848 -0.030  0.043 -0.153  0.062  0.115  0.010  15.82
 9 1 1 8580.43 3392.39 -1.572 -0.026  0.049  0.245  0.103  0.118  0.010   9.58
17 1 1 8707.42 3413.97 -2.385 -0.003  0.034 -0.047  0.051  0.135  0.010  19.28
13 1 1 8667.69 3467.31 -1.694 -0.013  0.046 -0.065  0.075  0.117  0.010  13.22
 5 1 1 8707.42 3413.97 -1.194 -0.015  0.059 -0.188  0.100  0.118  0.010   9.89
17 1 1 8729.27 2957.99 -2.357  0.021  0.034  0.261  0.065  0.140  0.010  15.23
13 1 1 8744.54 3446.68 -1.728  0.011  0.045  0.138  0.083  0.117  0.010  11.85
25 1 1 8818.31 3251.74 -2.578  0.002  0.031 -0.074  0.045  0.137  0.010  22.18
17 1 1 8520.02 3487.51 -2.338 -0.002  0.035 -0.108  0.051  0.134  0.010  19.31
13 1 1 9123.34 3419.40 -1.612 -0.038  0.048 -0.305  0.069  0.118  0.010  14.38
17 1 1 8908.92 3633.16 -2.320  0.021  0.035  0.229  0.067  0.132  0.010  14.62
25 1 1 8580.43 3392.39 -2.569  0.005  0.031  0.062  0.050  0.136  0.010  19.76
17 1 1 9151.07 3431.10 -2.365  0.003  0.034  0.068  0.057  0.134  0.010  17.44
13 1 1 9092.76 3509.08 -1.915 -0.010  0.042 -0.195  0.061  0.116  0.010  16.20
17 1 1 8764.50 3701.00 -2.389 -0.012  0.034 -0.140  0.048  0.131  0.010  20.37
25 1 1 8596.12 3371.64 -2.567 -0.006  0.032 -0.008  0.047  0.136  0.010  20.84
13 1 1 8699.92 3148.28 -1.716  0.000  0.046  0.022  0.079  0.120  0.010  12.45
25 1 1 8852.75 3339.77 -2.367  0.005  0.034 -0.005  0.053  0.136  0.010  18.54
13 1 1 8708.65 3474.48 -1.686 -0.009  0.046  0.079  0.083  0.117  0.010  11.90
17 1 1 8957.63 3187.63 -2.307  0.001  0.035 -0.048  0.053  0.137  0.010  18.46
13 1 1 8568.44 3483.74 -1.776 -0.018  0.045  0.120  0.082  0.117  0.010  11.97
 1 1 1 9183.45 3699.39 -1.979 -0.009  0.041 -0.073  0.062  0.115  0.010  15.96
21 1 1 8965.18 3363.23 -2.552 -0.000  0.031 -0.114  0.044  0.135  0.010  22.39
 1 1 1 8503.78 3382.80 -1.505 -0.007  0.050  0.342  0.114  0.118  0.010   8.68
25 1 1 8892.05 3307.31 -2.569 -0.003  0.031  0.024  0.048  0.136  0.010  20.43
 5 1 1 8729.27 2957.99 -1.231 -0.007  0.058  0.208  0.129  0.122  0.010   7.65
 1 1 1 8833.37 3314.97 -1.446 -0.004  0.052 -0.040  0.091  0.119  0.010  10.86
 5 1 1 8520.02 3487.51 -1.172 -0.022  0.060 -0.081  0.107  0.117  0.010   9.25
17 1 1 8665.39 2985.07 -2.320 -0.001  0.035 -0.031  0.054  0.140  0.010  18.34
 5 1 1 8908.92 3633.16 -1.244 -0.024  0.058 -0.034  0.109  0.116  0.010   9.09
21 1 1 9004.03 3147.65 -2.472  0.004  0.032  0.020  0.050  0.138  0.010  19.58
 5 1 1 9151.07 3431.10 -1.205  0.012  0.060  0.051  0.123  0.118  0.010   8.03
17 1 1 8417.47 3273.47 -2.280 -0.009  0.035 -0.071  0.054  0.137  0.010  18.41
21 1 1 8659.13 3429.58 -2.524  0.008  0.032  0.211  0.056  0.135  0.010  17.59
 1 1 1 9116.05 3360.73 -1.457 -0.016  0.051  0.129  0.101  0.118  0.010   9.73
21 1 1 8459.72 3366.98 -2.216 -0.000  0.036  0.001  0.060  0.136  0.010  16.52
 5 1 1 8764.50 3701.00 -1.044 -0.016  0.064  0.070  0.135  0.115  0.010   7.30
 9 1 1 8596.12 3371.64 -1.489 -0.004  0.051  0.239  0.110  0.118  0.010   8.97
 5 1 1 8957.63 3187.63 -1.181  0.004  0.060  0.209  0.134  0.120  0.010   7.39
17 1 1 9073.10 3608.19 -2.252 -0.003  0.036  0.011  0.059  0.132  0.010  16.77
13 1 1 8759.62 3397.68 -1.744 -0.010  0.045 -0.113  0.069  0.118  0.010  14.37
 1 1 1 8818.31 3251.74 -1.470  0.009  0.051  0.003  0.091  0.119  0.010  10.86
13 1 1 9084.25 3528.14 -1.575 -0.014  0.049 -0.087  0.082  0.116  0.010  12.08
 5 1 1 8665.39 2985.07 -1.129 -0.016  0.061  0.087  0.125  0.122  0.010   7.90
21 1 1 8642.91 3090.56 -2.513  0.003  0.032  0.032  0.049  0.139  0.010  20.07
13 1 1 9126.50 3532.95 -1.667  0.022  0.047  0.314  0.101  0.116  0.010   9.81
21 1 1 8681.08 3496.29 -2.519  0.006  0.032  0.036  0.049  0.134  0.010  20.01
 1 1 1 8580.43 3392.39 -1.584 -0.017  0.049  0.206  0.099  0.118  0.010   9.97
13 1 1 9107.64 3191.93 -1.896  0.000  0.042 -0.048  0.066  0.120  0.010  14.86
 5 1 1 8417.47 3273.47 -1.151 -0.055  0.060 -0.410  0.084  0.120  0.010  11.76
21 1 1 8716.95 3125.26 -2.520  0.013  0.032  0.237  0.057  0.138  0.010  17.20
 1 1 1 8596.12 3371.64 -1.487  0.023  0.051  0.596  0.147  0.119  0.010   6.69
 5 1 1 9073.10 3608.19 -1.168 -0.008  0.060  0.219  0.136  0.116  0.010   7.27
13 1 1 9078.25 3423.14 -1.691 -0.017  0.046 -0.221  0.071  0.117  0.010  13.81
 9 1 1 8852.75 3339.77 -2.026  0.002  0.040  0.002  0.061  0.118  0.010  16.18
 1 1 1 8892.05 3307.31 -1.445  0.012  0.052  0.186  0.107  0.119  0.010   9.21
21 1 1 8613.75 3325.12 -2.520 -0.010  0.032 -0.043  0.047  0.136  0.010  21.13
 5 1 1 8965.08 3308.95 -1.288 -0.008  0.056 -0.153  0.093  0.119  0.010  10.58
21 1 1 8669.94 3244.74 -2.512  0.004  0.032 -0.005  0.048  0.137  0.010  20.57
 9 1 1 8892.05 3307.31 -1.486 -0.013  0.051  0.037  0.093  0.118  0.010  10.66
 1 1 1 8695.14 3636.00 -1.111 -0.027  0.062 -0.107  0.111  0.115  0.010   8.91
21 1 1 9171.24 3272.10 -2.484 -0.041  0.032 -0.116  0.046  0.136  0.010  21.22
 9 1 1 8695.14 3636.00 -1.113 -0.006  0.062  0.096  0.131  0.115  0.010   7.53
21 1 1 8958.99 3708.80 -2.453 -0.010  0.033 -0.018  0.055  0.132  0.010  17.98
 9 1 1 8965.18 3363.23 -1.433 -0.008  0.052 -0.184  0.084  0.118  0.010  11.81
 5 1 1 9054.16 3422.83 -1.158  0.004  0.061 -0.165  0.104  0.118  0.010   9.45
 9 1 1 9004.03 3147.65 -1.450 -0.015  0.052 -0.056  0.089  0.120  0.010  11.08
21 1 1 9190.49 3679.01 -2.431  0.002  0.034  0.044  0.055  0.132  0.010  17.94
25 1 1 8695.14 3636.00 -2.601 -0.006  0.031 -0.029  0.045  0.133  0.010  22.01
21 1 1 8656.16 3248.27 -2.471 -0.009  0.032  0.033  0.050  0.137  0.010  19.82
 1 1 1 8965.18 3363.23 -1.472 -0.004  0.051  0.010  0.092  0.118  0.010  10.77
 9 1 1 8459.72 3366.98 -2.067  0.003  0.039  0.071  0.064  0.118  0.010  15.33
 5 1 1 8855.07 3075.44 -1.198  0.003  0.059  0.079  0.119  0.121  0.010   8.29
25 1 1 8965.18 3363.23 -2.558  0.002  0.032  0.004  0.048  0.136  0.010  20.67
 9 1 1 8642.91 3090.56 -1.315 -0.001  0.056 -0.015  0.102  0.121  0.010   9.71
17 1 1 8965.08 3308.95 -2.224  0.011  0.036  0.043  0.060  0.136  0.010  16.35
 9 1 1 8681.08 3496.29 -1.391  0.038  0.054  0.605  0.161  0.117  0.010   6.14
 1 1 1 9004.03 3147.65 -1.536 -0.032  0.049 -0.060  0.082  0.120  0.010  12.09
21 1 1 9182.31 3300.48 -2.446  0.005  0.033  0.063  0.054  0.136  0.010  18.35
 9 1 1 8716.95 3125.26 -1.377  0.007  0.054  0.445  0.142  0.120  0.010   6.94
 1 1 1 8659.13 3429.58 -1.332 -0.008  0.055  0.067  0.110  0.118  0.010   8.98
21 1 1 8696.44 3374.62 -2.495 -0.016  0.032 -0.153  0.045  0.136  0.010  21.96
25 1 1 9004.03 3147.65 -2.537  0.005  0.032  0.048  0.050  0.138  0.010  19.90
 1 1 1 8459.72 3366.98 -2.086  0.010  0.039  0.080  0.063  0.119  0.010  15.56
25 1 1 8459.72 3366.98 -2.227 -0.003  0.036 -0.100  0.056  0.136  0.010  17.60
21 1 1 8805.81 3664.75 -2.454  0.003  0.033  0.013  0.052  0.132  0.010  18.99
25 1 1 8642.91 3090.56 -2.529  0.000  0.032 -0.039  0.047  0.139  0.010  21.17
 1 1 1 8642.91 3090.56 -1.349 -0.030  0.054  0.046  0.101  0.121  0.010   9.78
25 1 1 8681.08 3496.29 -2.527  0.008  0.032  0.147  0.053  0.134  0.010  18.60
 9 1 1 8613.75 3325.12 -1.278 -0.002  0.057  0.149  0.120  0.119  0.010   8.25
25 1 1 8716.95 3125.26 -2.510  0.001  0.032  0.125  0.053  0.139  0.010  18.44
 1 1 1 8681.08 3496.29 -1.319  0.023  0.056  0.422  0.145  0.117  0.010   6.82
21 1 1 9014.99 3648.77 -2.429 -0.025  0.033 -0.301  0.046  0.132  0.010  21.60
29 1 1 9174.68 3540.46 -2.678 -0.002  0.030 -0.088  0.041  0.133  0.010  24.00
 9 1 1 8669.94 3244.74 -1.411  0.020  0.053  0.220  0.114  0.119  0.010   8.66
21 1 1 8966.34 3513.24 -2.396 -0.009  0.033 -0.083  0.049  0.134  0.010  20.33
29 1 1 9183.45 3699.39 -2.511  0.008  0.032  0.029  0.052  0.131  0.010  19.04
21 1 1 8768.64 3677.77 -2.479 -0.013  0.032 -0.224  0.044  0.132  0.010  22.58
 1 1 1 8716.95 3125.26 -1.387  0.015  0.054  0.593  0.157  0.121  0.010   6.26
21 1 1 9189.95 3484.12 -2.419  0.017  0.033  0.359  0.068  0.134  0.010  14.52
 1 1 1 8613.75 3325.12 -1.285 -0.044  0.056 -0.268  0.086  0.119  0.010  11.52
21 1 1 8639.40 3032.20 -2.409 -0.004  0.034 -0.165  0.049  0.139  0.010  20.04
 1 1 1 8669.94 3244.74 -1.385  0.013  0.054  0.182  0.112  0.120  0.010   8.83
21 1 1 8571.77 3610.44 -2.406 -0.011  0.033 -0.126  0.047  0.133  0.010  20.85
29 1 1 8846.69 3703.65 -2.649  0.001  0.030  0.029  0.045  0.131  0.010  21.76
21 1 1 9031.54 3095.23 -2.372  0.000  0.034 -0.090  0.051  0.138  0.010  19.48
29 1 1 8503.78 3382.80 -2.597  0.000  0.031 -0.025  0.045  0.135  0.010  21.80
 1 1 1 9171.24 3272.10 -1.419 -0.086  0.052 -0.320  0.074  0.119  0.010  13.31
21 1 1 8862.56 3626.47 -2.394 -0.003  0.033 -0.071  0.050  0.133  0.010  19.83
17 1 1 9054.16 3422.83 -2.241  0.000  0.036 -0.038  0.057  0.135  0.010  17.41
29 1 1 8833.37 3314.97 -2.617 -0.005  0.031 -0.032  0.045  0.136  0.010  21.89
 5 1 1 8690.32 3057.43 -1.066  0.010  0.064 -0.086  0.118  0.121  0.010   8.37
17 1 1 8855.07 3075.44 -2.195  0.014  0.037  0.171  0.067  0.138  0.010  14.63
29 1 1 9116.05 3360.73 -2.581  0.003  0.031  0.021  0.047  0.135  0.010  20.85
 1 1 1 8958.99 3708.80 -1.374 -0.000  0.055  0.106  0.117  0.115  0.010   8.44
29 1 1 8818.31 3251.74 -2.579  0.000  0.031 -0.002  0.046  0.136  0.010  21.52
 1 1 1 9190.49 3679.01 -1.476  0.007  0.052  0.021  0.097  0.115  0.010  10.19
13 1 1 9191.95 3223.71 -1.481 -0.010  0.051  0.073  0.099  0.119  0.010   9.94
29 1 1 8580.43 3392.39 -2.520  0.000  0.032  0.196  0.056  0.135  0.010  17.72
 5 1 1 9084.90 3296.32 -1.096 -0.037  0.062 -0.198  0.103  0.119  0.010   9.60
29 1 1 8596.12 3371.64 -2.601  0.010  0.031  0.104  0.050  0.135  0.010  19.78
17 1 1 8690.32 3057.43 -2.208 -0.005  0.036 -0.023  0.058  0.139  0.010  16.94
29 1 1 8852.75 3339.77 -2.392 -0.002  0.033 -0.017  0.051  0.135  0.010  19.27
13 1 1 9153.12 3322.65 -1.559 -0.010  0.049 -0.009  0.088  0.119  0.010  11.22
29 1 1 8892.05 3307.31 -2.550  0.002  0.031  0.095  0.051  0.136  0.010  19.48
 5 1 1 8728.94 3154.50 -1.095 -0.041  0.063  0.109  0.132  0.120  0.010   7.48
17 1 1 9084.90 3296.32 -2.201 -0.001  0.036 -0.035  0.058  0.136  0.010  17.02
 5 1 1 8838.53 3048.57 -1.028  0.019  0.066  0.181  0.151  0.121  0.010   6.54
17 1 1 8728.94 3154.50 -2.217 -0.013  0.037 -0.372  0.049  0.138  0.010  20.03
21 1 1 8707.42 3413.97 -2.376 -0.005  0.034 -0.029  0.052  0.135  0.010  19.01
13 1 1 9101.32 3472.92 -2.112  0.003  0.039  0.020  0.060  0.117  0.010  16.47
29 1 1 8695.14 3636.00 -2.590 -0.003  0.031 -0.050  0.045  0.132  0.010  22.09
21 1 1 8729.27 2957.99 -2.342 -0.003  0.034 -0.037  0.053  0.140  0.010  18.73
29 1 1 8965.18 3363.23 -2.538  0.002  0.032  0.028  0.049  0.135  0.010  20.28
 5 1 1 9027.90 3697.96 -1.033  0.022  0.067  0.009  0.143  0.115  0.010   6.87
 1 1 1 8656.16 3248.27 -1.283 -0.012  0.056  0.201  0.121  0.120  0.010   8.18
17 1 1 9178.87 3237.83 -2.191  0.006  0.037  0.102  0.067  0.137  0.010  14.73
25 1 1 8613.75 3325.12 -2.521 -0.004  0.032  0.019  0.049  0.137  0.010  20.20
 9 1 1 9171.24 3272.10 -1.437 -0.057  0.052 -0.101  0.088  0.119  0.010  11.23
 1 1 1 9182.31 3300.48 -1.363 -0.004  0.054  0.074  0.106  0.119  0.010   9.33
 9 1 1 8958.99 3708.80 -1.371 -0.039  0.054 -0.273  0.087  0.114  0.010  11.31
 5 1 1 9070.19 3302.58 -1.018  0.015  0.066 -0.021  0.129  0.119  0.010   7.63
 9 1 1 9190.49 3679.01 -1.485  0.023  0.053 -0.012  0.095  0.115  0.010  10.35
21 1 1 8520.02 3487.51 -2.303 -0.016  0.035 -0.154  0.050  0.135  0.010  19.65
 1 1 1 8696.44 3374.62 -1.241  0.002  0.058 -0.132  0.102  0.118  0.010   9.62
21 1 1 8908.92 3633.16 -2.353  0.000  0.034  0.114  0.060  0.132  0.010  16.40
 1 1 1 8805.81 3664.75 -1.176 -0.019  0.060 -0.301  0.096  0.115  0.010  10.22
25 1 1 8669.94 3244.74 -2.492  0.005  0.032  0.064  0.051  0.137  0.010  19.23
 1 1 1 9014.99 3648.77 -1.338 -0.041  0.055 -0.440  0.080  0.116  0.010  12.39
21 1 1 9151.07 3431.10 -2.290  0.008  0.035  0.169  0.064  0.135  0.010  15.50
 5 1 1 8799.60 3199.32 -1.120 -0.002  0.062  0.255  0.144  0.120  0.010   6.87
25 1 1 9171.24 3272.10 -2.477 -0.046  0.033 -0.101  0.048  0.137  0.010  20.59
29 1 1 9004.03 3147.65 -2.489  0.006  0.032  0.125  0.054  0.137  0.010  18.40
13 1 1 8836.73 3627.93 -1.425 -0.028  0.052 -0.318  0.077  0.115  0.010  12.73
 5 1 1 9038.01 3119.13 -1.057  0.005  0.065  0.251  0.157  0.121  0.010   6.29
21 1 1 8764.50 3701.00 -2.347  0.003  0.034 -0.079  0.052  0.132  0.010  19.02
29 1 1 8659.13 3429.58 -2.512  0.006  0.032  0.121  0.053  0.135  0.010  18.49
 9 1 1 8656.16 3248.27 -1.266  0.020  0.058  0.137  0.120  0.119  0.010   8.24
 1 1 1 8966.34 3513.24 -1.386 -0.011  0.053 -0.039  0.092  0.117  0.010  10.67
 9 1 1 9182.31 3300.48 -1.359 -0.019  0.054 -0.055  0.097  0.119  0.010  10.15
17 1 1 8838.53 3048.57 -2.197 -0.008  0.036 -0.171  0.054  0.139  0.010  18.41
13 1 1 9103.62 3540.44 -1.575  0.003  0.049 -0.054  0.082  0.116  0.010  12.00
21 1 1 8957.63 3187.63 -2.315  0.016  0.035  0.109  0.059  0.137  0.010  16.68
29 1 1 8459.72 3366.98 -2.210 -0.005  0.036 -0.088  0.057  0.136  0.010  17.40
17 1 1 9027.90 3697.96 -2.189  0.005  0.037  0.015  0.064  0.131  0.010  15.33
21 1 1 8665.39 2985.07 -2.301  0.000  0.035 -0.016  0.055  0.140  0.010  17.98
17 1 1 9070.19 3302.58 -2.155 -0.015  0.037 -0.121  0.056  0.136  0.010  17.57
29 1 1 8642.91 3090.56 -2.544 -0.005  0.032 -0.013  0.047  0.138  0.010  21.08
13 1 1 9174.68 3540.46 -1.542  0.007  0.050  0.088  0.093  0.116  0.010  10.64
29 1 1 8681.08 3496.29 -2.510  0.002  0.032  0.059  0.050  0.134  0.010  19.56
13 1 1 9183.45 3699.39 -2.003 -0.004  0.040 -0.075  0.061  0.115  0.010  16.22
21 1 1 8417.47 3273.47 -2.286  0.001  0.035 -0.045  0.054  0.137  0.010  18.15
29 1 1 8716.95 3125.26 -2.500  0.008  0.032  0.170  0.056  0.138  0.010  17.66
13 1 1 8846.69 3703.65 -1.361  0.029  0.055  0.366  0.137  0.115  0.010   7.18
29 1 1 8613.75 3325.12 -2.514 -0.003  0.032 -0.041  0.047  0.136  0.010  20.88
21 1 1 9073.10 3608.19 -2.247 -0.001  0.036 -0.039  0.057  0.133  0.010  17.31
 9 1 1 8696.44 3374.62 -1.234 -0.011  0.058 -0.132  0.103  0.118  0.010   9.61
17 1 1 8799.60 3199.32 -2.115 -0.000  0.038 -0.031  0.062  0.137  0.010  15.94
13 1 1 8503.78 3382.80 -1.503  0.019  0.051  0.166  0.103  0.118  0.010   9.57
 9 1 1 8805.81 3664.75 -1.244 -0.060  0.057 -0.198  0.095  0.115  0.010  10.37
29 1 1 8669.94 3244.74 -2.503  0.003  0.032 -0.044  0.048  0.137  0.010  20.68
13 1 1 8833.37 3314.97 -1.407 -0.007  0.053 -0.010  0.096  0.118  0.010  10.25
 9 1 1 9014.99 3648.77 -1.358 -0.045  0.055 -0.494  0.076  0.115  0.010  13.00
29 1 1 9171.24 3272.10 -2.452 -0.041  0.033 -0.111  0.048  0.136  0.010  20.64
 9 1 1 8966.34 3513.24 -1.354 -0.001  0.054  0.111  0.107  0.117  0.010   9.26
 5 1 1 8646.31 3271.33 -0.965 -0.042  0.067  0.025  0.136  0.119  0.010   7.26
29 1 1 8958.99 3708.80 -2.479 -0.004  0.033 -0.038  0.054  0.131  0.010  18.38
 1 1 1 8768.64 3677.77 -1.050  0.004  0.065  0.127  0.143  0.115  0.010   6.91
 5 1 1 8671.92 3294.22 -1.077 -0.016  0.063 -0.129  0.112  0.119  0.010   8.80
17 1 1 9038.01 3119.13 -2.101 -0.004  0.038  0.019  0.065  0.138  0.010  15.10
 5 1 1 8648.45 3187.07 -0.880 -0.002  0.071  0.156  0.162  0.120  0.010   6.07
 1 1 1 8853.27 3159.19 -1.340  0.014  0.055 -0.073  0.096  0.120  0.010  10.26
13 1 1 9116.05 3360.73 -1.464 -0.001  0.052  0.273  0.115  0.118  0.010   8.58
17 1 1 8646.31 3271.33 -2.153  0.014  0.038  0.147  0.069  0.137  0.010  14.22
13 1 1 8818.31 3251.74 -1.455 -0.018  0.051 -0.057  0.087  0.119  0.010  11.29
17 1 1 8671.92 3294.22 -2.153 -0.007  0.037 -0.096  0.058  0.136  0.010  17.07
 1 1 1 9189.95 3484.12 -1.302  0.000  0.056 -0.152  0.100  0.117  0.010   9.82
25 1 1 8958.99 3708.80 -2.444 -0.008  0.033  0.026  0.057  0.132  0.010  17.21
 5 1 1 8890.68 3618.92 -0.904  0.002  0.070  0.591  0.233  0.116  0.010   4.24
25 1 1 9190.49 3679.01 -2.469  0.006  0.033  0.053  0.054  0.132  0.010  18.11
 5 1 1 9012.34 3122.71 -1.152 -0.021  0.060 -0.233  0.098  0.121  0.010  10.09
17 1 1 8648.45 3187.07 -2.117 -0.003  0.038 -0.074  0.060  0.137  0.010  16.39
13 1 1 8580.43 3392.39 -1.608 -0.023  0.048  0.108  0.091  0.118  0.010  10.87
25 1 1 8656.16 3248.27 -2.469 -0.005  0.033  0.030  0.051  0.137  0.010  19.52
17 1 1 8890.68 3618.92 -2.133  0.003  0.038  0.025  0.064  0.132  0.010  15.46
25 1 1 9182.31 3300.48 -2.501  0.007  0.032  0.002  0.051  0.136  0.010  19.49
 5 1 1 8776.54 3409.53 -0.959 -0.003  0.067  0.106  0.147  0.118  0.010   6.72
17 1 1 9012.34 3122.71 -2.025 -0.002  0.040  0.040  0.069  0.138  0.010  14.23
 5 1 1 9024.52 3627.85 -0.872 -0.048  0.070  0.017  0.146  0.116  0.010   6.73
17 1 1 8776.54 3409.53 -2.068 -0.010  0.039 -0.053  0.063  0.135  0.010  15.74
 5 1 1 8746.93 3221.03 -0.876 -0.040  0.070 -0.361  0.110  0.120  0.010   9.01
17 1 1 8508.39 3360.57 -1.596 -0.013  0.049 -0.083  0.087  0.136  0.010  11.29
13 1 1 8596.12 3371.64 -1.430 -0.019  0.052  0.056  0.099  0.118  0.010   9.92
17 1 1 9024.52 3627.85 -2.059  0.005  0.039  0.221  0.078  0.132  0.010  12.58
 5 1 1 8677.42 3006.64 -0.907 -0.013  0.069  0.491  0.209  0.122  0.010   4.73
17 1 1 8746.93 3221.03 -2.010 -0.003  0.040  0.020  0.069  0.137  0.010  14.22
29 1 1 9190.49 3679.01 -2.445  0.004  0.034 -0.022  0.052  0.132  0.010  18.80
13 1 1 8852.75 3339.77 -2.018 -0.003  0.040  0.024  0.062  0.118  0.010  15.98
17 1 1 8677.42 3006.64 -2.003  0.011  0.040  0.098  0.074  0.139  0.010  13.26
 5 1 1 9167.41 3575.88 -0.981 -0.027  0.066 -0.189  0.113  0.116  0.010   8.74
17 1 1 9167.41 3575.88 -2.015  0.003  0.040 -0.041  0.066  0.133  0.010  14.94
29 1 1 8656.16 3248.27 -2.494  0.008  0.032  0.084  0.052  0.137  0.010  19.05
17 1 1 8562.42 3369.82 -2.011 -0.016  0.040 -0.147  0.062  0.136  0.010  15.80
25 1 1 8696.44 3374.62 -2.502 -0.018  0.032 -0.166  0.045  0.136  0.010  22.02
29 1 1 9182.31 3300.48 -2.452  0.008  0.033  0.072  0.054  0.136  0.010  18.21
 9 1 1 8768.64 3677.77 -0.969 -0.025  0.068 -0.055  0.131  0.115  0.010   7.51
17 1 1 8650.18 3288.59 -2.013 -0.007  0.040 -0.126  0.063  0.136  0.010  15.73
 9 1 1 8853.27 3159.19 -1.321  0.027  0.056  0.166  0.118  0.120  0.010   8.37
 5 1 1 8562.42 3369.82 -0.955 -0.014  0.068 -0.170  0.121  0.118  0.010   8.12
 1 1 1 8639.40 3032.20 -1.236 -0.018  0.059 -0.343  0.089  0.122  0.010  11.03
25 1 1 8805.81 3664.75 -2.460 -0.008  0.033 -0.120  0.048  0.132  0.010  20.59
 9 1 1 9189.95 3484.12 -1.349  0.009  0.055  0.228  0.130  0.117  0.010   7.58
21 1 1 8965.08 3308.95 -2.217 -0.003  0.036 -0.113  0.055  0.136  0.010  18.10
13 1 1 8892.05 3307.31 -1.489 -0.021  0.051 -0.264  0.075  0.119  0.010  13.14
 1 1 1 8571.77 3610.44 -1.356 -0.028  0.054 -0.132  0.088  0.116  0.010  11.19
29 1 1 8696.44 3374.62 -2.439 -0.011  0.033 -0.285  0.044  0.135  0.010  22.57
13 1 1 8695.14 3636.00 -1.122 -0.002  0.062 -0.056  0.116  0.115  0.010   8.54
 1 1 1 9031.54 3095.23 -1.316  0.028  0.056  0.383  0.141  0.121  0.010   6.98
29 1 1 8805.81 3664.75 -2.458  0.003  0.033  0.060  0.053  0.132  0.010  18.43
 5 1 1 8650.18 3288.59 -0.860 -0.026  0.072 -0.351  0.113  0.119  0.010   8.70
17 1 1 8957.08 3589.49 -1.994 -0.023  0.040 -0.011  0.072  0.133  0.010  13.80
13 1 1 8965.18 3363.23 -1.465 -0.001  0.052  0.065  0.097  0.118  0.010  10.15
29 1 1 9014.99 3648.77 -2.425 -0.029  0.034 -0.160  0.049  0.132  0.010  19.92
13 1 1 9004.03 3147.65 -1.505 -0.017  0.050 -0.101  0.082  0.120  0.010  11.97
 1 1 1 8862.56 3626.47 -1.221 -0.013  0.058 -0.011  0.110  0.116  0.010   8.98
 9 1 1 8639.40 3032.20 -1.221 -0.009  0.059 -0.424  0.086  0.121  0.010  11.42
29 1 1 8966.34 3513.24 -2.423  0.013  0.033  0.184  0.057  0.133  0.010  17.28
13 1 1 8659.13 3429.58 -1.348  0.015  0.056  0.525  0.158  0.117  0.010   6.23
 1 1 1 8707.42 3413.97 -1.126 -0.010  0.062 -0.092  0.113  0.118  0.010   8.76
17 1 1 8854.87 3029.59 -1.988 -0.007  0.040 -0.116  0.064  0.139  0.010  15.44
13 1 1 8459.72 3366.98 -2.082  0.002  0.039 -0.116  0.057  0.118  0.010  17.44
 9 1 1 8571.77 3610.44 -1.277 -0.021  0.056 -0.332  0.083  0.116  0.010  11.88
25 1 1 9014.99 3648.77 -2.433 -0.023  0.034 -0.221  0.048  0.133  0.010  20.49
21 1 1 9054.16 3422.83 -2.245  0.000  0.036 -0.004  0.057  0.135  0.010  17.20
 5 1 1 8957.08 3589.49 -0.969  0.012  0.068  0.046  0.148  0.116  0.010   6.66
21 1 1 8855.07 3075.44 -2.213  0.011  0.036 -0.090  0.056  0.139  0.010  17.60
 5 1 1 8854.87 3029.59 -0.970 -0.024  0.067 -0.232  0.112  0.122  0.010   8.79
21 1 1 8690.32 3057.43 -2.208  0.008  0.036  0.062  0.062  0.139  0.010  15.96
13 1 1 8642.91 3090.56 -1.349 -0.001  0.055 -0.079  0.095  0.121  0.010  10.43
 1 1 1 8729.27 2957.99 -1.264  0.016  0.057  0.252  0.132  0.122  0.010   7.47
21 1 1 9084.90 3296.32 -2.179  0.007  0.037  0.082  0.064  0.136  0.010  15.49
25 1 1 8966.34 3513.24 -2.430  0.004  0.033  0.121  0.055  0.134  0.010  17.97
21 1 1 8728.94 3154.50 -2.161 -0.033  0.037 -0.348  0.051  0.138  0.010  19.40
25 1 1 8768.64 3677.77 -2.466 -0.011  0.033 -0.161  0.046  0.132  0.010  21.57
13 1 1 8681.08 3496.29 -1.389  0.015  0.054  0.274  0.121  0.117  0.010   8.13
25 1 1 8853.27 3159.19 -2.384 -0.005  0.034 -0.020  0.052  0.138  0.010  18.92
 1 1 1 8520.02 3487.51 -1.238 -0.004  0.058 -0.015  0.108  0.117  0.010   9.17
13 1 1 8716.95 3125.26 -1.371  0.017  0.055  0.929  0.213  0.120  0.010   4.64
21 1 1 8838.53 3048.57 -2.190  0.006  0.037  0.023  0.061  0.139  0.010  16.16
13 1 1 8613.75 3325.12 -1.265  0.000  0.057 -0.005  0.108  0.119  0.010   9.16
21 1 1 9027.90 3697.96 -2.182 -0.005  0.037 -0.059  0.061  0.132  0.010  16.11
17 1 1 9047.73 3331.84 -1.970 -0.007  0.040  0.081  0.073  0.136  0.010  13.45
13 1 1 8669.94 3244.74 -1.410 -0.004  0.053 -0.080  0.090  0.119  0.010  10.92
25 1 1 9189.95 3484.12 -2.392  0.022  0.034  0.455  0.076  0.134  0.010  12.92
21 1 1 9070.19 3302.58 -2.141 -0.002  0.037  0.107  0.066  0.136  0.010  14.89
25 1 1 8639.40 3032.20 -2.435 -0.001  0.034 -0.221  0.047  0.140  0.010  20.94
13 1 1 9171.24 3272.10 -1.444 -0.070  0.052 -0.080  0.087  0.119  0.010  11.36
17 1 1 8681.15 3243.43 -1.934  0.004  0.042 -0.010  0.072  0.137  0.010  13.63
25 1 1 8571.77 3610.44 -2.379 -0.002  0.034 -0.175  0.047  0.133  0.010  20.93
 5 1 1 9047.73 3331.84 -0.734  0.009  0.078  0.253  0.200  0.118  0.010   4.92
29 1 1 8768.64 3677.77 -2.458 -0.010  0.033 -0.249  0.044  0.132  0.010  22.46
 9 1 1 9031.54 3095.23 -1.271  0.005  0.057 -0.124  0.099  0.121  0.010   9.98
21 1 1 8799.60 3199.32 -2.168  0.003  0.037  0.047  0.062  0.137  0.010  15.83
 5 1 1 8681.15 3243.43 -0.824 -0.032  0.073 -0.167  0.131  0.119  0.010   7.53
17 1 1 8885.56 3702.58 -1.776 -0.126  0.046 -0.980  0.047  0.131  0.010  20.78
13 1 1 8958.99 3708.80 -1.370 -0.020  0.055 -0.122  0.098  0.114  0.010  10.07
 9 1 1 8862.56 3626.47 -1.210  0.007  0.059 -0.110  0.105  0.115  0.010   9.38
 1 1 1 8908.92 3633.16 -1.201  0.008  0.060  0.311  0.151  0.116  0.010   6.54
17 1 1 8721.55 3194.38 -1.919 -0.025  0.041 -0.257  0.061  0.137  0.010  16.16
 1 1 1 9151.07 3431.10 -1.240  0.016  0.058  0.236  0.137  0.118  0.010   7.19
 5 1 1 8885.56 3702.58 -1.273 -0.173  0.057 -1.327  0.053  0.115  0.010  18.48
13 1 1 9190.49 3679.01 -1.452  0.008  0.053  0.094  0.104  0.115  0.010   9.52
17 1 1 8935.30 3306.16 -1.900 -0.004  0.042  0.093  0.079  0.136  0.010  12.47
21 1 1 9038.01 3119.13 -2.135  0.004  0.038  0.144  0.070  0.138  0.010  14.15
29 1 1 8853.27 3159.19 -2.450 -0.001  0.033 -0.013  0.050  0.137  0.010  19.83
25 1 1 9031.54 3095.23 -2.411 -0.001  0.033 -0.058  0.050  0.139  0.010  19.57
 5 1 1 8721.55 3194.38 -0.832  0.034  0.074 -0.058  0.149  0.120  0.010   6.61
 1 1 1 8764.50 3701.00 -1.034  0.036  0.066  0.173  0.153  0.115  0.010   6.46
13 1 1 8656.16 3248.27 -1.340 -0.012  0.054 -0.136  0.091  0.119  0.010  10.85
 5 1 1 8935.30 3306.16 -0.875  0.020  0.071  0.151  0.167  0.119  0.010   5.92
 1 1 1 8957.63 3187.63 -1.183  0.024  0.060  0.536  0.174  0.120  0.010   5.66
 5 1 1 9072.11 3642.59 -0.946 -0.009  0.068  0.094  0.152  0.115  0.010   6.48
 1 1 1 8665.39 2985.07 -1.001  0.013  0.066  0.270  0.163  0.122  0.010   6.04
25 1 1 8862.56 3626.47 -2.378 -0.001  0.034 -0.098  0.050  0.133  0.010  19.66
 5 1 1 9163.18 3497.35 -0.995  0.001  0.066  0.309  0.169  0.117  0.010   5.83
25 1 1 8707.42 3413.97 -2.401 -0.001  0.034  0.055  0.054  0.135  0.010  18.12
13 1 1 9182.31 3300.48 -1.338  0.000  0.055  0.244  0.124  0.119  0.010   7.94
 1 1 1 8417.47 3273.47 -1.127 -0.014  0.061 -0.052  0.113  0.120  0.010   8.76
29 1 1 9189.95 3484.12 -2.398  0.019  0.034  0.257  0.065  0.134  0.010  15.23
21 1 1 8646.31 3271.33 -2.162  0.000  0.038  0.116  0.066  0.137  0.010  14.86
 9 1 1 8707.42 3413.97 -1.223 -0.009  0.059 -0.259  0.094  0.118  0.010  10.48
17 1 1 9072.11 3642.59 -1.911  0.012  0.042  0.209  0.089  0.132  0.010  11.13
21 1 1 8671.92 3294.22 -2.136 -0.005  0.037  0.092  0.066  0.137  0.010  14.94
29 1 1 8639.40 3032.20 -2.429 -0.008  0.034 -0.320  0.045  0.139  0.010  22.11
 9 1 1 8729.27 2957.99 -1.232 -0.003  0.058  0.055  0.116  0.122  0.010   8.53
 1 1 1 9073.10 3608.19 -1.182  0.012  0.060  0.261  0.142  0.116  0.010   6.93
25 1 1 8729.27 2957.99 -2.343 -0.002  0.034 -0.046  0.053  0.140  0.010  18.70
 1 1 1 8965.08 3308.95 -1.278  0.014  0.057  0.113  0.115  0.119  0.010   8.57
25 1 1 8520.02 3487.51 -2.360  0.003  0.034  0.002  0.054  0.135  0.010  18.25
 1 1 1 9054.16 3422.83 -1.093 -0.038  0.062 -0.245  0.100  0.118  0.010   9.84
13 1 1 8696.44 3374.62 -1.134 -0.026  0.062 -0.390  0.093  0.118  0.010  10.65
 1 1 1 8855.07 3075.44 -1.159 -0.013  0.060 -0.087  0.108  0.121  0.010   9.17
13 1 1 8805.81 3664.75 -1.261 -0.034  0.057 -0.100  0.102  0.115  0.010   9.63
 5 1 1 8847.03 2968.85 -0.959  0.027  0.069  0.303  0.177  0.122  0.010   5.57
13 1 1 9014.99 3648.77 -1.320 -0.055  0.056 -0.410  0.081  0.115  0.010  12.11
25 1 1 8908.92 3633.16 -2.325  0.010  0.035  0.164  0.065  0.133  0.010  15.28
 1 1 1 8690.32 3057.43 -1.052 -0.043  0.063 -0.342  0.096  0.121  0.010  10.27
17 1 1 9163.18 3497.35 -1.857 -0.014  0.043  0.074  0.081  0.134  0.010  12.20
 1 1 1 9084.90 3296.32 -1.091  0.000  0.063  0.186  0.140  0.119  0.010   7.05
13 1 1 8966.34 3513.24 -1.335 -0.010  0.055 -0.119  0.092  0.117  0.010  10.74
17 1 1 8847.03 2968.85 -1.839  0.007  0.043  0.001  0.078  0.140  0.010  12.68
 9 1 1 8520.02 3487.51 -1.225 -0.006  0.058 -0.052  0.106  0.117  0.010   9.32
17 1 1 9057.14 3273.55 -1.891  0.007  0.042  0.076  0.079  0.136  0.010  12.55
29 1 1 8571.77 3610.44 -2.419  0.006  0.033 -0.020  0.050  0.133  0.010  19.56
17 1 1 8781.75 3268.99 -1.861  0.005  0.043  0.193  0.088  0.136  0.010  11.25
21 1 1 8648.45 3187.07 -2.143 -0.014  0.037 -0.167  0.055  0.138  0.010  17.86
 9 1 1 8908.92 3633.16 -1.099  0.015  0.064  1.416  0.428  0.115  0.010   2.31
 5 1 1 9057.14 3273.55 -0.834 -0.015  0.072  0.470  0.215  0.119  0.010   4.59
 1 1 1 8728.94 3154.50 -1.104 -0.003  0.063 -0.198  0.108  0.120  0.010   9.11
17 1 1 8485.25 3538.25 -1.893  0.002  0.042  0.183  0.084  0.134  0.010  11.72
25 1 1 9151.07 3431.10 -2.325  0.004  0.035  0.098  0.060  0.135  0.010  16.39
17 1 1 8763.59 3116.83 -1.811  0.032  0.045  0.561  0.130  0.138  0.010   7.56
 1 1 1 9178.87 3237.83 -1.013 -0.015  0.066  0.047  0.138  0.120  0.010   7.17
25 1 1 8764.50 3701.00 -2.356 -0.002  0.034  0.008  0.054  0.132  0.010  18.18
17 1 1 8420.47 3016.18 -1.821 -0.019  0.044 -0.005  0.079  0.140  0.010  12.48
29 1 1 9031.54 3095.23 -2.415  0.010  0.033  0.059  0.055  0.138  0.010  18.08
13 1 1 8768.64 3677.77 -0.997  0.009  0.067  0.463  0.195  0.115  0.010   5.04
21 1 1 8890.68 3618.92 -2.110  0.008  0.038  0.044  0.066  0.133  0.010  14.94
13 1 1 8853.27 3159.19 -1.300  0.021  0.057  0.142  0.117  0.120  0.010   8.44
 5 1 1 8781.75 3268.99 -0.830  0.014  0.073  0.380  0.206  0.119  0.010   4.79
21 1 1 9012.34 3122.71 -2.025 -0.013  0.039  0.064  0.070  0.138  0.010  14.20
13 1 1 9189.95 3484.12 -1.261  0.021  0.058  0.205  0.137  0.117  0.010   7.18
 5 1 1 8485.25 3538.25 -0.608 -0.012  0.083  0.426  0.250  0.117  0.010   3.94
13 1 1 8639.40 3032.20 -1.236 -0.021  0.059 -0.363  0.088  0.121  0.010  11.20
29 1 1 8862.56 3626.47 -2.419 -0.004  0.033 -0.072  0.049  0.132  0.010  20.23
 1 1 1 8838.53 3048.57 -1.027  0.003  0.065 -0.076  0.123  0.121  0.010   8.05
13 1 1 8571.77 3610.44 -1.289 -0.019  0.056 -0.185  0.090  0.116  0.010  10.98
17 1 1 8943.81 3728.38 -1.801  0.014  0.045  0.154  0.095  0.131  0.010  10.35
29 1 1 8707.42 3413.97 -2.363 -0.008  0.034 -0.003  0.053  0.135  0.010  18.52
 9 1 1 9151.07 3431.10 -1.211 -0.001  0.060  0.501  0.174  0.117  0.010   5.66
13 1 1 9031.54 3095.23 -1.282  0.010  0.057  0.163  0.121  0.121  0.010   8.15
29 1 1 8729.27 2957.99 -2.338  0.001  0.035  0.053  0.057  0.140  0.010  17.45
17 1 1 8722.37 3388.97 -1.807  0.018  0.045  0.219  0.095  0.135  0.010  10.35
 1 1 1 9027.90 3697.96 -1.036  0.021  0.066  0.144  0.160  0.115  0.010   6.18
17 1 1 8856.22 3406.54 -1.797 -0.008  0.044 -0.089  0.074  0.135  0.010  13.29
 9 1 1 8764.50 3701.00 -0.996  0.027  0.067  0.105  0.150  0.114  0.010   6.59
17 1 1 8716.30 3181.95 -1.824  0.022  0.044  0.334  0.103  0.137  0.010   9.60
 5 1 1 8763.59 3116.83 -0.768  0.030  0.079  1.192  0.469  0.121  0.010   2.10
29 1 1 8520.02 3487.51 -2.354 -0.011  0.034 -0.163  0.049  0.134  0.010  20.30
 1 1 1 9070.19 3302.58 -1.008 -0.023  0.065  0.027  0.131  0.119  0.010   7.55
29 1 1 8908.92 3633.16 -2.341  0.008  0.035  0.182  0.064  0.132  0.010  15.49
 1 1 1 8799.60 3199.32 -1.036 -0.012  0.064  0.500  0.185  0.120  0.010   5.33
 9 1 1 8957.63 3187.63 -1.119 -0.000  0.062  0.036  0.123  0.120  0.010   8.04
 1 1 1 9038.01 3119.13 -1.057  0.043  0.065  0.565  0.207  0.121  0.010   4.76
 5 1 1 8420.47 3016.18 -0.790 -0.010  0.075 -0.106  0.148  0.122  0.010   6.68
 1 1 1 8646.31 3271.33 -0.992 -0.002  0.066  0.029  0.138  0.119  0.010   7.16
29 1 1 9151.07 3431.10 -2.310  0.010  0.035  0.131  0.061  0.134  0.010  16.05
 1 1 1 8671.92 3294.22 -0.998 -0.021  0.066  0.117  0.142  0.119  0.010   6.95
29 1 1 8764.50 3701.00 -2.325 -0.009  0.035 -0.139  0.051  0.131  0.010  19.49
 5 1 1 8943.81 3728.38 -0.666  0.021  0.083  0.114  0.208  0.115  0.010   4.75
13 1 1 8862.56 3626.47 -1.236 -0.003  0.059 -0.105  0.103  0.115  0.010   9.59
25 1 1 8957.63 3187.63 -2.319  0.005  0.035  0.084  0.058  0.138  0.010  16.92
 5 1 1 8722.37 3388.97 -0.605  0.008  0.084  0.132  0.206  0.118  0.010   4.79
29 1 1 8957.63 3187.63 -2.325  0.004  0.035  0.123  0.059  0.137  0.010  16.73
17 1 1 8813.60 3652.98 -1.338  0.003  0.058 -0.418  0.089  0.132  0.010  11.02
 9 1 1 8665.39 2985.07 -1.109 -0.004  0.062 -0.087  0.113  0.122  0.010   8.71
 1 1 1 8648.45 3187.07 -0.928 -0.028  0.068  0.344  0.177  0.120  0.010   5.56
 9 1 1 8417.47 3273.47 -1.164 -0.049  0.059 -0.150  0.100  0.119  0.010   9.86
17 1 1 8602.10 3303.75 -1.515  0.002  0.052  0.105  0.109  0.136  0.010   9.06
 9 1 1 9073.10 3608.19 -1.237 -0.004  0.058 -0.227  0.094  0.116  0.010  10.46
 1 1 1 8890.68 3618.92 -0.902  0.010  0.070  0.224  0.174  0.116  0.010   5.67
 5 1 1 8856.22 3406.54 -0.773 -0.039  0.074 -0.313  0.121  0.118  0.010   8.13
 9 1 1 8965.08 3308.95 -1.322 -0.010  0.055 -0.272  0.085  0.119  0.010  11.63
 5 1 1 8716.30 3181.95 -0.618 -0.027  0.082  0.139  0.198  0.120  0.010   4.99
 1 1 1 9012.34 3122.71 -1.133 -0.034  0.060  0.201  0.134  0.121  0.010   7.36
17 1 1 8712.42 3010.41 -1.789  0.005  0.044  0.086  0.086  0.139  0.010  11.43
 5 1 1 8813.60 3652.98 -1.573 -0.058  0.049 -0.453  0.064  0.115  0.010  15.35
 1 1 1 8776.54 3409.53 -1.007 -0.020  0.065  0.263  0.157  0.118  0.010   6.29
17 1 1 8977.55 3314.95 -1.786  0.004  0.044  0.161  0.090  0.136  0.010  10.93
 9 1 1 9054.16 3422.83 -1.103 -0.021  0.062 -0.226  0.104  0.117  0.010   9.52
 1 1 1 8508.39 3360.57 -1.746  0.002  0.045  0.049  0.077  0.119  0.010  12.88
 5 1 1 8602.10 3303.75 -1.402 -0.002  0.053  0.205  0.112  0.119  0.010   8.78
 9 1 1 8855.07 3075.44 -1.230  0.027  0.059  0.223  0.132  0.121  0.010   7.47
 5 1 1 8712.42 3010.41 -0.603 -0.042  0.082 -0.230  0.150  0.122  0.010   6.60
17 1 1 8831.17 3076.48 -1.785  0.009  0.044  0.236  0.097  0.138  0.010  10.14
 1 1 1 9024.52 3627.85 -0.854 -0.026  0.072  0.300  0.191  0.116  0.010   5.16
 5 1 1 8977.55 3314.95 -0.752 -0.017  0.076  0.096  0.171  0.119  0.010   5.77
 9 1 1 8690.32 3057.43 -1.135 -0.021  0.061 -0.101  0.108  0.121  0.010   9.13
 1 1 1 8746.93 3221.03 -0.903 -0.034  0.069 -0.043  0.134  0.120  0.010   7.37
17 1 1 8721.45 3457.39 -1.757  0.004  0.046 -0.064  0.082  0.134  0.010  12.08
29 1 1 8665.39 2985.07 -2.325 -0.006  0.035 -0.160  0.050  0.139  0.010  19.91
 9 1 1 9084.90 3296.32 -1.085 -0.029  0.063 -0.259  0.101  0.119  0.010   9.73
 5 1 1 8831.17 3076.48 -0.627 -0.001  0.082  0.027  0.183  0.121  0.010   5.38
 9 1 1 8728.94 3154.50 -1.104 -0.015  0.063  0.130  0.137  0.120  0.010   7.17
 5 1 1 8721.45 3457.39 -0.547  0.000  0.088 -0.721  0.123  0.117  0.010   8.05
29 1 1 8417.47 3273.47 -2.265 -0.008  0.035 -0.079  0.054  0.137  0.010  18.25
 5 1 1 9104.31 3366.06 -0.792 -0.016  0.075 -0.067  0.150  0.118  0.010   6.58
29 1 1 9073.10 3608.19 -2.255  0.005  0.036 -0.009  0.058  0.132  0.010  17.01
 1 1 1 8677.42 3006.64 -0.907 -0.065  0.068 -0.318  0.108  0.122  0.010   9.16
 9 1 1 9178.87 3237.83 -1.076  0.002  0.064  0.166  0.146  0.119  0.010   6.74
 5 1 1 8908.15 3726.50 -0.359  0.035  0.103 -0.936  0.135  0.115  0.010   7.31
 1 1 1 9167.41 3575.88 -0.955  0.027  0.069 -0.195  0.121  0.116  0.010   8.14
 5 1 1 8705.53 3537.57 -0.431 -0.050  0.095 -0.376  0.167  0.116  0.010   5.92
17 1 1 9104.31 3366.06 -1.730 -0.008  0.046 -0.325  0.069  0.135  0.010  14.39
13 1 1 8707.42 3413.97 -1.234 -0.021  0.058 -0.133  0.100  0.118  0.010   9.85
 1 1 1 8562.42 3369.82 -0.850 -0.009  0.072  0.003  0.151  0.118  0.010   6.52
 9 1 1 8838.53 3048.57 -1.037 -0.020  0.065 -0.302  0.102  0.121  0.010   9.67
 1 1 1 8650.18 3288.59 -0.779 -0.043  0.074 -0.136  0.138  0.119  0.010   7.15
29 1 1 8965.08 3308.95 -2.223  0.003  0.036  0.009  0.059  0.136  0.010  16.76
 9 1 1 9027.90 3697.96 -0.979  0.035  0.069 -0.049  0.145  0.115  0.010   6.77
17 1 1 8908.15 3726.50 -1.746 -0.005  0.046 -0.163  0.077  0.131  0.010  12.71
21 1 1 8776.54 3409.53 -2.024  0.007  0.039  0.068  0.071  0.135  0.010  13.94
 1 1 1 8957.08 3589.49 -0.940  0.005  0.069  0.055  0.153  0.116  0.010   6.46
29 1 1 9054.16 3422.83 -2.191  0.018  0.037 -0.026  0.060  0.134  0.010  16.52
21 1 1 9024.52 3627.85 -2.027  0.011  0.040  0.136  0.076  0.133  0.010  12.95
 1 1 1 8854.87 3029.59 -0.953  0.004  0.068  0.114  0.149  0.122  0.010   6.62
29 1 1 8855.07 3075.44 -2.198 -0.006  0.036 -0.035  0.058  0.138  0.010  16.95
 1 1 1 9047.73 3331.84 -0.880 -0.042  0.069 -0.180  0.122  0.119  0.010   8.07
21 1 1 8746.93 3221.03 -2.021  0.003  0.040  0.030  0.069  0.137  0.010  14.30
 1 1 1 8681.15 3243.43 -0.824  0.011  0.073  0.338  0.200  0.120  0.010   4.92
21 1 1 8677.42 3006.64 -2.041 -0.001  0.039 -0.056  0.064  0.140  0.010  15.36
29 1 1 8690.32 3057.43 -2.250 -0.011  0.036 -0.009  0.057  0.139  0.010  17.33
21 1 1 9167.41 3575.88 -2.002  0.019  0.040  0.067  0.072  0.133  0.010  13.64
29 1 1 9084.90 3296.32 -2.196  0.002  0.037 -0.049  0.058  0.136  0.010  17.06
21 1 1 8562.42 3369.82 -1.987 -0.006  0.041  0.036  0.072  0.136  0.010  13.67
29 1 1 8728.94 3154.50 -2.214 -0.028  0.037 -0.327  0.050  0.138  0.010  19.66
21 1 1 8650.18 3288.59 -2.019 -0.002  0.040  0.062  0.071  0.137  0.010  13.93
29 1 1 9178.87 3237.83 -2.197  0.018  0.037  0.125  0.068  0.136  0.010  14.42
 1 1 1 8885.56 3702.58 -1.329 -0.119  0.055 -1.263  0.054  0.115  0.010  18.16
29 1 1 8838.53 3048.57 -2.201 -0.007  0.036 -0.072  0.057  0.139  0.010  17.35
17 1 1 8705.53 3537.57 -1.805 -0.020  0.045 -0.224  0.073  0.133  0.010  13.56
25 1 1 8665.39 2985.07 -2.302  0.013  0.035  0.057  0.058  0.140  0.010  16.97
29 1 1 9027.90 3697.96 -2.175  0.005  0.037  0.081  0.068  0.131  0.010  14.42
 1 1 1 8721.55 3194.38 -0.804 -0.028  0.073 -0.235  0.127  0.120  0.010   7.76
29 1 1 9070.19 3302.58 -2.154 -0.001  0.037  0.141  0.067  0.136  0.010  14.64
 1 1 1 8935.30 3306.16 -0.934  0.020  0.069  0.422  0.197  0.119  0.010   5.01
21 1 1 8957.08 3589.49 -2.004 -0.004  0.040 -0.054  0.070  0.133  0.010  14.10
 1 1 1 9072.11 3642.59 -0.914 -0.023  0.070  0.018  0.147  0.116  0.010   6.73
25 1 1 8417.47 3273.47 -2.278  0.002  0.035 -0.114  0.053  0.137  0.010  18.66
29 1 1 8799.60 3199.32 -2.122  0.007  0.038  0.094  0.067  0.137  0.010  14.68
21 1 1 8854.87 3029.59 -2.003 -0.005  0.040  0.086  0.072  0.139  0.010  13.68
 1 1 1 9163.18 3497.35 -1.004 -0.011  0.066  0.089  0.141  0.117  0.010   7.01
25 1 1 9073.10 3608.19 -2.232  0.007  0.036  0.027  0.061  0.133  0.010  16.18
 1 1 1 8847.03 2968.85 -0.993 -0.011  0.066 -0.002  0.130  0.122  0.010   7.59
29 1 1 9038.01 3119.13 -2.160  0.001  0.037 -0.088  0.059  0.138  0.010  16.73
21 1 1 9047.73 3331.84 -1.890  0.001  0.042 -0.057  0.072  0.136  0.010  13.80
29 1 1 8646.31 3271.33 -2.103  0.010  0.039  0.150  0.072  0.136  0.010  13.67
25 1 1 8965.08 3308.95 -2.209  0.011  0.037  0.004  0.061  0.136  0.010  16.31
21 1 1 8681.15 3243.43 -1.925 -0.003  0.042 -0.034  0.071  0.137  0.010  13.92
 1 1 1 9057.14 3273.55 -0.851  0.006  0.072 -0.001  0.148  0.119  0.010   6.65
25 1 1 9054.16 3422.83 -2.237 -0.005  0.036 -0.074  0.056  0.135  0.010  17.65
21 1 1 8885.56 3702.58 -1.771 -0.115  0.046 -0.919  0.049  0.132  0.010  20.07
29 1 1 8671.92 3294.22 -2.136  0.002  0.038  0.104  0.067  0.136  0.010  14.64
21 1 1 8721.55 3194.38 -1.944 -0.012  0.041 -0.140  0.065  0.138  0.010  15.26
25 1 1 8855.07 3075.44 -2.242 -0.003  0.036  0.080  0.061  0.139  0.010  16.25
29 1 1 8648.45 3187.07 -2.120  0.007  0.038  0.079  0.067  0.137  0.010  14.70
 1 1 1 8781.75 3268.99 -0.829  0.012  0.073  0.065  0.161  0.119  0.010   6.15
13 1 1 8729.27 2957.99 -1.240  0.016  0.058  0.288  0.139  0.122  0.010   7.12
25 1 1 8690.32 3057.43 -2.220 -0.003  0.036 -0.055  0.057  0.139  0.010  17.44
 9 1 1 9070.19 3302.58 -1.079 -0.014  0.063 -0.097  0.116  0.119  0.010   8.54
13 1 1 8520.02 3487.51 -1.273  0.001  0.057  0.056  0.111  0.117  0.010   8.88
 9 1 1 9038.01 3119.13 -1.081  0.026  0.064  0.414  0.179  0.120  0.010   5.53
25 1 1 9084.90 3296.32 -2.226 -0.003  0.036 -0.037  0.058  0.136  0.010  17.14
29 1 1 9012.34 3122.71 -2.041 -0.021  0.039 -0.133  0.061  0.138  0.010  16.31
25 1 1 8728.94 3154.50 -2.199 -0.029  0.037 -0.272  0.052  0.138  0.010  18.93
29 1 1 8776.54 3409.53 -2.046  0.008  0.039  0.035  0.068  0.135  0.010  14.46
13 1 1 8908.92 3633.16 -1.147  0.014  0.062  0.554  0.194  0.115  0.010   5.08
25 1 1 9178.87 3237.83 -2.227  0.002  0.037  0.050  0.063  0.137  0.010  15.61
29 1 1 8508.39 3360.57 -1.638  0.007  0.048  0.044  0.094  0.136  0.010  10.45
 9 1 1 8646.31 3271.33 -1.020 -0.011  0.066  0.041  0.136  0.119  0.010   7.27
13 1 1 9151.07 3431.10 -1.207  0.012  0.060  0.372  0.158  0.117  0.010   6.26
 9 1 1 8671.92 3294.22 -0.957 -0.030  0.067  0.063  0.141  0.119  0.010   6.99
25 1 1 8838.53 3048.57 -2.209 -0.007  0.036 -0.061  0.057  0.139  0.010  17.36
 9 1 1 8648.45 3187.07 -0.940 -0.029  0.067 -0.005  0.135  0.120  0.010   7.33
25 1 1 9027.90 3697.96 -2.194  0.008  0.037  0.149  0.071  0.132  0.010  13.93
 5 1 1 9044.75 3234.13 -0.874 -0.010  0.071 -0.294  0.117  0.120  0.010   8.42
 9 1 1 8890.68 3618.92 -0.814  0.041  0.076  0.092  0.175  0.115  0.010   5.63
13 1 1 8764.50 3701.00 -0.955  0.011  0.068 -0.140  0.126  0.114  0.010   7.80
 5 1 1 9041.16 3428.24 -0.700 -0.048  0.078 -0.155  0.144  0.117  0.010   6.84
13 1 1 8957.63 3187.63 -1.169 -0.019  0.059  0.117  0.122  0.120  0.010   8.06
 5 1 1 8763.19 3336.87 -0.662 -0.046  0.079 -0.067  0.158  0.119  0.010   6.24
 9 1 1 9012.34 3122.71 -1.098 -0.067  0.061 -0.066  0.111  0.120  0.010   8.91
 5 1 1 9051.37 3043.50 -0.676 -0.023  0.080 -0.052  0.164  0.121  0.010   6.02
 9 1 1 8776.54 3409.53 -0.987 -0.032  0.066 -0.054  0.126  0.118  0.010   7.83
21 1 1 8935.30 3306.16 -1.944 -0.006  0.041 -0.008  0.071  0.136  0.010  13.88
13 1 1 8665.39 2985.07 -1.163  0.019  0.061  0.071  0.124  0.122  0.010   7.96
 5 1 1 9017.32 3358.71 -0.662 -0.027  0.079 -0.158  0.150  0.118  0.010   6.60
13 1 1 8417.47 3273.47 -1.111 -0.036  0.061 -0.204  0.101  0.119  0.010   9.77
 5 1 1 9056.94 3252.21 -0.698 -0.037  0.078 -0.035  0.159  0.119  0.010   6.19
13 1 1 9073.10 3608.19 -1.230 -0.015  0.058 -0.041  0.107  0.116  0.010   9.22
 9 1 1 8508.39 3360.57 -1.766 -0.019  0.045 -0.143  0.066  0.118  0.010  14.87
21 1 1 9072.11 3642.59 -1.916 -0.001  0.042 -0.063  0.072  0.132  0.010  13.63
13 1 1 8965.08 3308.95 -1.270 -0.023  0.056  0.067  0.109  0.119  0.010   9.02
21 1 1 9163.18 3497.35 -1.842  0.004  0.043  0.046  0.081  0.134  0.010  12.26
13 1 1 9054.16 3422.83 -1.155 -0.011  0.061 -0.023  0.115  0.117  0.010   8.59
21 1 1 8847.03 2968.85 -1.844  0.008  0.043  0.121  0.084  0.140  0.010  11.73
 5 1 1 8782.50 3375.01 -0.624  0.004  0.082  0.545  0.278  0.118  0.010   3.55
21 1 1 9057.14 3273.55 -1.833  0.000  0.043  0.079  0.082  0.136  0.010  12.08
13 1 1 8855.07 3075.44 -1.166 -0.029  0.059 -0.055  0.108  0.121  0.010   9.13
 9 1 1 9024.52 3627.85 -0.980  0.019  0.068  0.516  0.213  0.115  0.010   4.63
 5 1 1 9199.05 3629.76 -0.610 -0.028  0.082 -0.081  0.167  0.116  0.010   5.90
21 1 1 8781.75 3268.99 -1.871 -0.004  0.042 -0.152  0.068  0.137  0.010  14.54
 5 1 1 9187.53 3661.26 -0.676 -0.035  0.080 -0.008  0.169  0.115  0.010   5.85
21 1 1 8485.25 3538.25 -1.815 -0.029  0.044 -0.030  0.075  0.134  0.010  13.16
13 1 1 8690.32 3057.43 -1.029 -0.017  0.064  0.134  0.140  0.121  0.010   7.05
 5 1 1 8917.14 3008.84 -0.731 -0.018  0.077 -0.178  0.142  0.122  0.010   6.93
13 1 1 9084.90 3296.32 -1.059 -0.015  0.064 -0.185  0.110  0.119  0.010   9.00
 9 1 1 8746.93 3221.03 -0.868 -0.046  0.070 -0.279  0.116  0.119  0.010   8.50
13 1 1 8728.94 3154.50 -1.125 -0.039  0.061 -0.238  0.101  0.120  0.010   9.79
 9 1 1 8677.42 3006.64 -0.901  0.023  0.071  0.049  0.152  0.121  0.010   6.50
 1 1 1 8485.25 3538.25 -0.568 -0.035  0.085 -0.205  0.155  0.117  0.010   6.37
 9 1 1 8562.42 3369.82 -0.954  0.009  0.069  0.026  0.145  0.118  0.010   6.82
17 1 1 9044.75 3234.13 -1.700  0.003  0.047  0.092  0.092  0.137  0.010  10.71
 5 1 1 8915.14 3521.42 -0.656 -0.013  0.080 -0.155  0.152  0.117  0.010   6.51
13 1 1 9178.87 3237.83 -1.031 -0.015  0.065 -0.051  0.127  0.119  0.010   7.79
17 1 1 9041.16 3428.24 -1.743 -0.006  0.045  0.136  0.091  0.134  0.010  10.80
 5 1 1 8993.15 3378.09 -0.754  0.025  0.077  0.738  0.298  0.118  0.010   3.31
13 1 1 8838.53 3048.57 -0.974  0.030  0.068  0.263  0.170  0.121  0.010   5.81
17 1 1 8763.19 3336.87 -1.722 -0.016  0.045 -0.121  0.077  0.136  0.010  12.85
13 1 1 9027.90 3697.96 -0.971 -0.015  0.068 -0.268  0.120  0.115  0.010   8.21
17 1 1 9051.37 3043.50 -1.719 -0.027  0.046 -0.195  0.073  0.139  0.010  13.47
13 1 1 9070.19 3302.58 -1.080 -0.012  0.063 -0.056  0.118  0.119  0.010   8.34
 5 1 1 8674.90 3159.85 -1.421 -0.018  0.053 -0.278  0.078  0.120  0.010  12.69
 9 1 1 8650.18 3288.59 -0.866  0.019  0.072  0.231  0.181  0.119  0.010   5.46
13 1 1 8799.60 3199.32 -1.096  0.041  0.063  0.216  0.148  0.120  0.010   6.69
 5 1 1 9026.24 3185.32 -0.685 -0.076  0.078 -0.026  0.158  0.120  0.010   6.26
13 1 1 9038.01 3119.13 -1.045  0.007  0.065  0.249  0.158  0.120  0.010   6.26
 5 1 1 9193.96 3564.71 -0.651 -0.001  0.081 -0.301  0.140  0.117  0.010   7.07
17 1 1 9017.32 3358.71 -1.711  0.018  0.046 -0.111  0.080  0.135  0.010  12.40
 9 1 1 8957.08 3589.49 -0.915  0.017  0.071  0.259  0.186  0.116  0.010   5.29
13 1 1 8646.31 3271.33 -1.019  0.040  0.067  0.305  0.173  0.119  0.010   5.70
 9 1 1 8854.87 3029.59 -0.968 -0.032  0.066 -0.160  0.117  0.121  0.010   8.44
13 1 1 8671.92 3294.22 -0.969 -0.044  0.066 -0.090  0.123  0.119  0.010   8.04
17 1 1 9056.94 3252.21 -1.714 -0.009  0.046 -0.132  0.077  0.136  0.010  12.78
 5 1 1 8802.01 3340.04 -0.680 -0.029  0.079  0.043  0.171  0.118  0.010   5.76
13 1 1 8648.45 3187.07 -0.939  0.023  0.069  0.165  0.159  0.120  0.010   6.19
 5 1 1 8537.54 3545.90 -0.689 -0.044  0.078  0.107  0.176  0.117  0.010   5.60
17 1 1 8782.50 3375.01 -1.717 -0.017  0.046 -0.020  0.082  0.135  0.010  11.98
 9 1 1 9047.73 3331.84 -0.827  0.022  0.074  0.109  0.169  0.118  0.010   5.83
 5 1 1 8785.30 3192.38 -0.522  0.050  0.089  0.877  0.423  0.120  0.010   2.33
 9 1 1 8681.15 3243.43 -0.841 -0.014  0.072  0.447  0.212  0.119  0.010   4.66
 5 1 1 8975.23 3333.27 -0.608  0.009  0.083 -0.235  0.153  0.119  0.010   6.47
17 1 1 9199.05 3629.76 -1.710  0.001  0.046  0.072  0.090  0.132  0.010  10.95
29 1 1 9024.52 3627.85 -2.023  0.003  0.040  0.211  0.080  0.132  0.010  12.35
 9 1 1 8885.56 3702.58 -1.339 -0.159  0.055 -1.310  0.052  0.114  0.010  18.90
 5 1 1 9144.24 3397.60 -0.559  0.026  0.088  0.840  0.405  0.118  0.010   2.44
 9 1 1 8721.55 3194.38 -0.899 -0.005  0.070  0.125  0.158  0.120  0.010   6.25
13 1 1 8890.68 3618.92 -0.933 -0.001  0.069  0.175  0.164  0.115  0.010   6.03
29 1 1 8746.93 3221.03 -2.040 -0.004  0.039  0.048  0.069  0.137  0.010  14.26
 5 1 1 8873.97 3454.45 -0.593  0.005  0.084 -0.040  0.178  0.117  0.010   5.55
25 1 1 9070.19 3302.58 -2.142 -0.004  0.038  0.066  0.065  0.136  0.010  15.08
 5 1 1 8745.17 3434.54 -0.588  0.128  0.090  4.554 12.442  0.118  0.010   0.08
25 1 1 9038.01 3119.13 -2.150 -0.006  0.038 -0.059  0.060  0.138  0.010  16.39
29 1 1 8677.42 3006.64 -2.029  0.013  0.040  0.392  0.090  0.139  0.010  10.94
17 1 1 8917.14 3008.84 -1.668  0.002  0.047  0.146  0.098  0.139  0.010  10.04
13 1 1 9012.34 3122.71 -1.080 -0.070  0.062  0.068  0.123  0.120  0.010   8.02
25 1 1 8646.31 3271.33 -2.179 -0.001  0.037  0.131  0.067  0.137  0.010  14.74
 1 1 1 8763.59 3116.83 -0.690  0.036  0.084  1.026  0.437  0.121  0.010   2.26
 5 1 1 8573.96 3155.62 -0.579 -0.043  0.083 -0.411  0.133  0.121  0.010   7.43
29 1 1 9167.41 3575.88 -1.986 -0.015  0.040 -0.073  0.065  0.133  0.010  15.11
13 1 1 8776.54 3409.53 -0.917  0.010  0.070  0.081  0.152  0.118  0.010   6.48
 5 1 1 8707.15 3525.43 -1.157  0.016  0.061  0.074  0.128  0.117  0.010   7.72
29 1 1 8562.42 3369.82 -2.020 -0.033  0.039 -0.252  0.058  0.136  0.010  17.10
17 1 1 8915.14 3521.42 -1.679 -0.014  0.047 -0.085  0.081  0.133  0.010  12.16
 5 1 1 9142.27 3412.35 -0.595 -0.000  0.086  0.521  0.297  0.118  0.010   3.32
29 1 1 8650.18 3288.59 -1.971 -0.014  0.041 -0.035  0.069  0.136  0.010  14.38
 5 1 1 8990.58 3156.94 -0.881 -0.030  0.070  0.078  0.151  0.120  0.010   6.54
17 1 1 8993.15 3378.09 -1.658 -0.000  0.048  0.084  0.094  0.135  0.010  10.48
29 1 1 8957.08 3589.49 -1.949 -0.002  0.041 -0.069  0.072  0.133  0.010  13.62
17 1 1 8674.90 3159.85 -1.163  0.031  0.064 -0.134  0.124  0.138  0.010   7.96
 5 1 1 8605.28 3138.90 -0.571 -0.014  0.085  0.438  0.263  0.121  0.010   3.75
17 1 1 9026.24 3185.32 -1.597 -0.010  0.049  0.017  0.094  0.137  0.010  10.51
29 1 1 8854.87 3029.59 -1.906 -0.020  0.042 -0.241  0.062  0.139  0.010  15.87
 5 1 1 8902.68 3204.88 -0.494 -0.044  0.088 -0.055  0.185  0.120  0.010   5.34
29 1 1 9047.73 3331.84 -2.044 -0.003  0.039  0.001  0.066  0.135  0.010  14.91
17 1 1 9193.96 3564.71 -1.662  0.003  0.047  0.192  0.102  0.133  0.010   9.65
 5 1 1 8893.07 3127.65 -0.565 -0.024  0.085 -0.142  0.166  0.120  0.010   5.97
29 1 1 8681.15 3243.43 -1.996 -0.027  0.040 -0.311  0.056  0.137  0.010  17.56
17 1 1 8802.01 3340.04 -1.642  0.002  0.048 -0.128  0.082  0.135  0.010  12.00
29 1 1 8885.56 3702.58 -1.800 -0.099  0.045 -0.952  0.048  0.131  0.010  20.52
17 1 1 8537.54 3545.90 -1.589  0.018  0.050  0.169  0.108  0.134  0.010   9.16
 5 1 1 9038.43 3380.67 -0.944  0.044  0.070  0.468  0.211  0.118  0.010   4.69
 9 1 1 8935.30 3306.16 -0.809 -0.014  0.074  0.280  0.192  0.118  0.010   5.14
25 1 1 8671.92 3294.22 -2.130 -0.010  0.038 -0.062  0.060  0.137  0.010  16.41
17 1 1 8785.30 3192.38 -1.640  0.017  0.048  0.172  0.104  0.137  0.010   9.51
25 1 1 8648.45 3187.07 -2.119 -0.011  0.038 -0.067  0.060  0.138  0.010  16.34
17 1 1 8975.23 3333.27 -1.622  0.005  0.048  0.241  0.109  0.135  0.010   9.06
 1 1 1 8420.47 3016.18 -0.776  0.018  0.076  0.187  0.190  0.122  0.010   5.19
29 1 1 8721.55 3194.38 -1.918 -0.004  0.042 -0.112  0.068  0.137  0.010  14.48
 1 1 1 8943.81 3728.38 -0.640  0.014  0.084 -0.219  0.164  0.115  0.010   6.02
29 1 1 8935.30 3306.16 -1.894  0.002  0.042  0.013  0.075  0.136  0.010  13.08
 1 1 1 8722.37 3388.97 -0.653  0.010  0.082  0.403  0.246  0.118  0.010   4.01
25 1 1 8890.68 3618.92 -2.104  0.005  0.039  0.074  0.068  0.133  0.010  14.44
 1 1 1 8856.22 3406.54 -0.822 -0.056  0.071 -0.233  0.121  0.118  0.010   8.14
25 1 1 9012.34 3122.71 -2.016 -0.009  0.040  0.018  0.069  0.138  0.010  14.37
 1 1 1 8716.30 3181.95 -0.666 -0.036  0.079 -0.227  0.142  0.120  0.010   6.94
25 1 1 8776.54 3409.53 -2.037 -0.005  0.039 -0.076  0.064  0.135  0.010  15.44
21 1 1 8763.59 3116.83 -1.879  0.020  0.043  0.350  0.103  0.138  0.010   9.58
29 1 1 9072.11 3642.59 -1.867  0.005  0.043  0.061  0.082  0.132  0.010  12.06
25 1 1 8508.39 3360.57 -1.598 -0.000  0.050  0.129  0.104  0.136  0.010   9.50
13 1 1 8508.39 3360.57 -1.754 -0.012  0.045 -0.053  0.071  0.118  0.010  13.85
21 1 1 8420.47 3016.18 -1.806 -0.003  0.044 -0.013  0.080  0.140  0.010  12.32
 9 1 1 9072.11 3642.59 -0.898  0.001  0.071  0.037  0.153  0.115  0.010   6.43
25 1 1 9024.52 3627.85 -2.063  0.006  0.039  0.100  0.073  0.133  0.010  13.53
 1 1 1 8813.60 3652.98 -1.442 -0.063  0.052 -0.557  0.066  0.115  0.010  14.87
25 1 1 8746.93 3221.03 -2.040  0.003  0.040  0.096  0.072  0.137  0.010  13.66
 1 1 1 8602.10 3303.75 -1.428  0.023  0.053  0.340  0.124  0.119  0.010   7.99
13 1 1 9024.52 3627.85 -0.841 -0.054  0.072  0.043  0.154  0.115  0.010   6.39
 1 1 1 8712.42 3010.41 -0.680 -0.025  0.079  0.031  0.171  0.122  0.010   5.76
25 1 1 8677.42 3006.64 -2.053  0.009  0.039 -0.043  0.065  0.140  0.010  15.18
 1 1 1 8977.55 3314.95 -0.694 -0.017  0.078  0.192  0.193  0.119  0.010   5.11
25 1 1 8562.42 3369.82 -1.993 -0.026  0.040 -0.216  0.061  0.136  0.010  16.27
13 1 1 8746.93 3221.03 -0.969  0.009  0.068  0.075  0.145  0.119  0.010   6.80
25 1 1 8650.18 3288.59 -2.013  0.002  0.040 -0.013  0.068  0.137  0.010  14.46
13 1 1 8677.42 3006.64 -0.892 -0.019  0.070  0.314  0.181  0.121  0.010   5.45
 1 1 1 8831.17 3076.48 -0.597 -0.031  0.083 -0.381  0.137  0.121  0.010   7.22
13 1 1 9167.41 3575.88 -0.989  0.037  0.068  0.317  0.175  0.116  0.010   5.63
25 1 1 8957.08 3589.49 -1.949 -0.011  0.041 -0.049  0.073  0.133  0.010  13.45
13 1 1 8562.42 3369.82 -0.857 -0.059  0.071 -0.355  0.113  0.118  0.010   8.72
25 1 1 8854.87 3029.59 -1.977  0.016  0.041  0.165  0.080  0.139  0.010  12.41
13 1 1 8650.18 3288.59 -0.883 -0.059  0.070 -0.023  0.137  0.119  0.010   7.22
25 1 1 9047.73 3331.84 -1.965 -0.002  0.041  0.074  0.075  0.136  0.010  13.21
13 1 1 8957.08 3589.49 -0.909 -0.007  0.070  0.272  0.186  0.116  0.010   5.31
25 1 1 8681.15 3243.43 -1.953 -0.009  0.041  0.045  0.074  0.137  0.010  13.42
13 1 1 8854.87 3029.59 -0.898 -0.018  0.069 -0.270  0.116  0.121  0.010   8.49
25 1 1 8885.56 3702.58 -1.787 -0.128  0.046 -0.960  0.048  0.132  0.010  20.67
13 1 1 9047.73 3331.84 -0.938  0.025  0.069  0.083  0.151  0.118  0.010   6.52
25 1 1 8721.55 3194.38 -1.901 -0.000  0.042 -0.123  0.069  0.138  0.010  14.33
29 1 1 9163.18 3497.35 -1.827 -0.010  0.043 -0.060  0.075  0.134  0.010  13.15
 9 1 1 9163.18 3497.35 -1.001  0.005  0.066  0.439  0.190  0.117  0.010   5.19
25 1 1 8935.30 3306.16 -1.918 -0.015  0.042 -0.100  0.069  0.136  0.010  14.34
 9 1 1 8847.03 2968.85 -0.967 -0.000  0.068  0.141  0.151  0.122  0.010   6.54
25 1 1 9072.11 3642.59 -1.873 -0.007  0.043  0.007  0.079  0.133  0.010  12.52
17 1 1 9144.24 3397.60 -1.624  0.006  0.049  0.452  0.132  0.135  0.010   7.46
 9 1 1 9057.14 3273.55 -0.808 -0.024  0.073  0.178  0.175  0.119  0.010   5.65
13 1 1 8681.15 3243.43 -0.795 -0.045  0.073 -0.339  0.119  0.119  0.010   8.33
 5 1 1 8485.82 3375.69 -0.612  0.020  0.085  1.366  0.603  0.118  0.010   1.64
 9 1 1 8781.75 3268.99 -0.879  0.034  0.072 -0.179  0.132  0.119  0.010   7.45
13 1 1 8885.56 3702.58 -1.317 -0.163  0.056 -1.270  0.053  0.114  0.010  18.47
 5 1 1 8844.05 3265.94 -0.391  0.009  0.097  0.947  0.488  0.119  0.010   2.02
13 1 1 8721.55 3194.38 -0.844 -0.027  0.071  0.233  0.176  0.120  0.010   5.61
29 1 1 8847.03 2968.85 -1.838 -0.004  0.043  0.002  0.078  0.139  0.010  12.68
13 1 1 8935.30 3306.16 -0.856  0.005  0.072  0.124  0.166  0.118  0.010   5.96
29 1 1 9057.14 3273.55 -1.843  0.001  0.043  0.023  0.078  0.136  0.010  12.62
17 1 1 8873.97 3454.45 -1.630 -0.000  0.048  0.098  0.097  0.134  0.010  10.19
 5 1 1 9100.51 3306.09 -1.261  0.017  0.058 -0.003  0.108  0.119  0.010   9.13
13 1 1 9072.11 3642.59 -0.826  0.027  0.075 -0.020  0.161  0.115  0.010   6.15
 9 1 1 8485.25 3538.25 -0.550  0.002  0.086  0.717  0.345  0.116  0.010   2.86
 5 1 1 8902.05 3294.50 -0.483 -0.098  0.087 -0.340  0.144  0.119  0.010   6.84
17 1 1 8745.17 3434.54 -1.597  0.012  0.049  0.232  0.113  0.135  0.010   8.72
13 1 1 9163.18 3497.35 -0.983 -0.026  0.067  0.140  0.149  0.117  0.010   6.64
 5 1 1 8528.84 3326.01 -0.400 -0.042  0.093  0.034  0.215  0.119  0.010   4.58
13 1 1 8847.03 2968.85 -1.002  0.033  0.066  0.337  0.175  0.122  0.010   5.64
25 1 1 9163.18 3497.35 -1.826  0.020  0.044  0.433  0.112  0.134  0.010   8.79
17 1 1 8573.96 3155.62 -1.631 -0.005  0.048  0.013  0.091  0.138  0.010  10.81
13 1 1 9057.14 3273.55 -0.896  0.001  0.070 -0.071  0.136  0.119  0.010   7.23
 1 1 1 8721.45 3457.39 -0.709  0.001  0.079 -0.163  0.155  0.117  0.010   6.37
 5 1 1 9152.25 3716.91 -0.747 -0.039  0.077  0.294  0.205  0.115  0.010   4.81
25 1 1 8847.03 2968.85 -1.858 -0.005  0.043 -0.021  0.075  0.140  0.010  13.10
13 1 1 8781.75 3268.99 -0.823  0.018  0.074  0.211  0.183  0.119  0.010   5.39
21 1 1 8943.81 3728.38 -1.833  0.008  0.044  0.053  0.086  0.131  0.010  11.44
17 1 1 8707.15 3525.43 -1.328 -0.011  0.057 -0.030  0.115  0.134  0.010   8.55
13 1 1 8485.25 3538.25 -0.523 -0.056  0.086  0.039  0.190  0.116  0.010   5.20
25 1 1 9057.14 3273.55 -1.889 -0.002  0.042  0.088  0.080  0.137  0.010  12.35
 1 1 1 9104.31 3366.06 -0.819  0.016  0.074  0.222  0.188  0.118  0.010   5.24
 5 1 1 8844.31 3736.76 -0.493 -0.031  0.089 -0.190  0.172  0.114  0.010   5.72
 1 1 1 8908.15 3726.50 -0.427 -0.019  0.096 -1.201  0.107  0.115  0.010   9.18
25 1 1 8781.75 3268.99 -1.861  0.003  0.043  0.056  0.080  0.137  0.010  12.32
 9 1 1 8763.59 3116.83 -0.707  0.031  0.083  4.507 10.361  0.120  0.010   0.10
13 1 1 8763.59 3116.83 -0.763  0.018  0.079  1.217  0.480  0.120  0.010   2.05
 9 1 1 8420.47 3016.18 -0.733 -0.035  0.077 -0.067  0.155  0.122  0.010   6.36
21 1 1 8722.37 3388.97 -1.821  0.016  0.044  0.141  0.088  0.135  0.010  11.15
17 1 1 9142.27 3412.35 -1.561  0.016  0.051  0.114  0.108  0.135  0.010   9.09
29 1 1 8781.75 3268.99 -1.867 -0.013  0.042 -0.156  0.068  0.136  0.010  14.55
 9 1 1 8943.81 3728.38 -0.698  0.031  0.082  0.608  0.310  0.114  0.010   3.18
25 1 1 8485.25 3538.25 -1.889 -0.001  0.042  0.131  0.081  0.134  0.010  12.14
13 1 1 8420.47 3016.18 -0.712 -0.032  0.077 -0.414  0.123  0.122  0.010   8.00
25 1 1 8763.59 3116.83 -1.824  0.008  0.045  0.224  0.097  0.139  0.010  10.13
13 1 1 8943.81 3728.38 -0.732  0.064  0.081  0.997  0.433  0.114  0.010   2.27
 1 1 1 8705.53 3537.57 -0.435 -0.066  0.095 -0.465  0.155  0.117  0.010   6.36
25 1 1 8420.47 3016.18 -1.804 -0.011  0.045 -0.131  0.074  0.140  0.010  13.24
13 1 1 8722.37 3388.97 -0.630  0.055  0.084  0.776  0.363  0.118  0.010   2.72
 9 1 1 8722.37 3388.97 -0.734 -0.004  0.077  1.050  0.400  0.118  0.010   2.47
25 1 1 8943.81 3728.38 -1.812  0.008  0.045 -0.073  0.081  0.132  0.010  12.18
13 1 1 8856.22 3406.54 -0.771 -0.039  0.074 -0.240  0.129  0.118  0.010   7.65
25 1 1 8722.37 3388.97 -1.847  0.012  0.044  0.151  0.088  0.136  0.010  11.21
13 1 1 8716.30 3181.95 -0.583 -0.060  0.083 -0.078  0.168  0.120  0.010   5.88
25 1 1 8856.22 3406.54 -1.779  0.002  0.045  0.080  0.087  0.135  0.010  11.39
 1 1 1 9044.75 3234.13 -0.871 -0.045  0.070 -0.317  0.112  0.120  0.010   8.83
29 1 1 8485.25 3538.25 -1.900 -0.018  0.042 -0.227  0.063  0.134  0.010  15.73
13 1 1 8602.10 3303.75 -1.412 -0.024  0.052  0.132  0.104  0.119  0.010   9.53
29 1 1 8763.59 3116.83 -1.841  0.003  0.044  0.217  0.096  0.138  0.010  10.32
 9 1 1 8856.22 3406.54 -0.794 -0.033  0.074 -0.462  0.110  0.118  0.010   8.95
13 1 1 8712.42 3010.41 -0.678 -0.037  0.079 -0.070  0.158  0.121  0.010   6.24
29 1 1 8420.47 3016.18 -1.849  0.007  0.043  0.043  0.082  0.140  0.010  12.10
 9 1 1 8716.30 3181.95 -0.613  0.009  0.084 -0.129  0.167  0.120  0.010   5.91
25 1 1 8716.30 3181.95 -1.844  0.019  0.044  0.079  0.084  0.138  0.010  11.75
17 1 1 8990.58 3156.94 -1.481  0.001  0.052 -0.196  0.089  0.137  0.010  11.04
 9 1 1 8813.60 3652.98 -1.521 -0.068  0.050 -0.523  0.064  0.115  0.010  15.47
25 1 1 8813.60 3652.98 -1.320 -0.005  0.059 -0.373  0.094  0.132  0.010  10.51
17 1 1 8605.28 3138.90 -1.577 -0.013  0.049 -0.054  0.090  0.138  0.010  10.94
 9 1 1 8602.10 3303.75 -1.385 -0.008  0.054 -0.060  0.094  0.119  0.010  10.52
17 1 1 8902.68 3204.88 -1.553 -0.023  0.050 -0.145  0.086  0.137  0.010  11.54
25 1 1 8602.10 3303.75 -1.466  0.037  0.054  0.090  0.116  0.137  0.010   8.50
21 1 1 8856.22 3406.54 -1.776 -0.013  0.044 -0.115  0.073  0.135  0.010  13.47
 1 1 1 9041.16 3428.24 -0.736 -0.030  0.076 -0.116  0.146  0.118  0.010   6.77
13 1 1 8977.55 3314.95 -0.656 -0.026  0.080  0.025  0.176  0.119  0.010   5.61
 5 1 1 8465.56 3221.44 -0.406 -0.014  0.094 -0.484  0.149  0.120  0.010   6.60
17 1 1 8893.07 3127.65 -1.493 -0.004  0.052 -0.070  0.096  0.138  0.010  10.30
13 1 1 8831.17 3076.48 -0.685 -0.031  0.078 -0.343  0.130  0.121  0.010   7.61
 5 1 1 8910.05 3470.34 -0.984 -0.019  0.066 -0.092  0.121  0.117  0.010   8.14
17 1 1 9038.43 3380.67 -1.401 -0.003  0.055  0.236  0.131  0.135  0.010   7.54
13 1 1 8721.45 3457.39 -0.712 -0.027  0.079 -0.222  0.146  0.117  0.010   6.78
17 1 1 8485.82 3375.69 -1.498  0.043  0.053  1.223  0.289  0.136  0.010   3.41
 5 1 1 8824.17 3746.94 -1.215  0.011  0.059  0.256  0.140  0.114  0.010   7.05
13 1 1 9104.31 3366.06 -0.836 -0.009  0.073  0.054  0.161  0.118  0.010   6.11
 1 1 1 8763.19 3336.87 -0.713 -0.042  0.077 -0.241  0.134  0.119  0.010   7.37
17 1 1 8844.05 3265.94 -1.445 -0.015  0.053  0.122  0.113  0.136  0.010   8.70
 1 1 1 9051.37 3043.50 -0.693 -0.002  0.079  0.197  0.200  0.121  0.010   4.94
29 1 1 8943.81 3728.38 -1.850  0.006  0.044  0.014  0.082  0.131  0.010  11.95
 5 1 1 9034.87 3028.69 -0.561  0.033  0.087 -0.105  0.181  0.122  0.010   5.44
 1 1 1 9017.32 3358.71 -0.628  0.015  0.082  0.049  0.187  0.118  0.010   5.29
 5 1 1 9057.37 3530.89 -0.390  0.064  0.099  0.522  0.358  0.117  0.010   2.76
13 1 1 8908.15 3726.50 -0.403  0.005  0.099 -1.053  0.120  0.114  0.010   8.20
 1 1 1 9056.94 3252.21 -0.652  0.020  0.082  0.417  0.249  0.120  0.010   3.97
13 1 1 8705.53 3537.57 -0.352 -0.048  0.100 -0.403  0.176  0.116  0.010   5.61
17 1 1 9100.51 3306.09 -1.021 -0.001  0.069 -0.094  0.139  0.136  0.010   7.11
 1 1 1 8782.50 3375.01 -0.613  0.012  0.083  0.560  0.286  0.118  0.010   3.45
29 1 1 8722.37 3388.97 -1.847  0.012  0.043  0.279  0.096  0.135  0.010  10.27
 5 1 1 9018.85 3297.50 -0.694 -0.014  0.079 -0.387  0.126  0.119  0.010   7.84
13 1 1 9044.75 3234.13 -0.922 -0.026  0.068 -0.254  0.115  0.119  0.010   8.62
17 1 1 8902.05 3294.50 -1.467 -0.030  0.052 -0.189  0.088  0.136  0.010  11.24
 1 1 1 9199.05 3629.76 -0.639  0.018  0.083 -0.086  0.170  0.116  0.010   5.79
29 1 1 8856.22 3406.54 -1.820 -0.005  0.044  0.009  0.078  0.135  0.010  12.65
 5 1 1 9108.04 3459.25 -0.372  0.050  0.100  1.345  0.778  0.117  0.010   1.27
 9 1 1 8712.42 3010.41 -0.638 -0.035  0.081 -0.084  0.163  0.121  0.010   6.07
 5 1 1 8684.09 3145.24 -0.322 -0.037  0.099  0.332  0.295  0.120  0.010   3.34
21 1 1 8716.30 3181.95 -1.772 -0.016  0.045  0.034  0.083  0.138  0.010  11.92
29 1 1 8716.30 3181.95 -1.848  0.008  0.043  0.064  0.082  0.137  0.010  12.06
13 1 1 9041.16 3428.24 -0.750 -0.013  0.076 -0.048  0.155  0.117  0.010   6.35
 1 1 1 8917.14 3008.84 -0.717 -0.041  0.076 -0.238  0.134  0.122  0.010   7.34
29 1 1 8602.10 3303.75 -1.480  0.003  0.053  0.219  0.123  0.136  0.010   8.03
 1 1 1 8915.14 3521.42 -0.724  0.006  0.078 -0.066  0.156  0.117  0.010   6.32
29 1 1 8712.42 3010.41 -1.782  0.009  0.045  0.306  0.102  0.139  0.010   9.65
 1 1 1 8993.15 3378.09 -0.746  0.039  0.077  0.021  0.169  0.118  0.010   5.84
29 1 1 8977.55 3314.95 -1.766  0.011  0.045 -0.036  0.080  0.136  0.010  12.28
 1 1 1 8674.90 3159.85 -1.461 -0.052  0.051 -0.459  0.067  0.120  0.010  14.77
29 1 1 8831.17 3076.48 -1.813 -0.014  0.044 -0.080  0.075  0.138  0.010  13.15
13 1 1 8763.19 3336.87 -0.832 -0.036  0.072  0.247  0.178  0.118  0.010   5.55
29 1 1 8721.45 3457.39 -1.767  0.006  0.045 -0.026  0.084  0.134  0.010  11.81
 1 1 1 9026.24 3185.32 -0.723 -0.019  0.077 -0.280  0.132  0.120  0.010   7.47
29 1 1 9104.31 3366.06 -1.743  0.005  0.046  0.159  0.095  0.135  0.010  10.33
13 1 1 9051.37 3043.50 -0.633 -0.024  0.082  0.176  0.203  0.121  0.010   4.86
17 1 1 8528.84 3326.01 -1.468  0.024  0.053  0.439  0.148  0.136  0.010   6.66
29 1 1 8908.15 3726.50 -1.782 -0.009  0.045 -0.265  0.070  0.131  0.010  13.96
 1 1 1 9193.96 3564.71 -0.594  0.011  0.084  0.487  0.276  0.116  0.010   3.58
29 1 1 8705.53 3537.57 -1.786 -0.044  0.045 -0.484  0.062  0.133  0.010  15.97
 1 1 1 8802.01 3340.04 -0.697  0.014  0.079 -0.325  0.134  0.118  0.010   7.38
17 1 1 9152.25 3716.91 -1.375 -0.067  0.055 -0.317  0.087  0.131  0.010  11.33
29 1 1 9044.75 3234.13 -1.691  0.016  0.047  0.115  0.096  0.136  0.010  10.32
17 1 1 8844.31 3736.76 -1.451  0.009  0.053  0.366  0.140  0.131  0.010   7.04
 1 1 1 8537.54 3545.90 -0.587 -0.001  0.085  0.583  0.296  0.117  0.010   3.34
29 1 1 9041.16 3428.24 -1.712 -0.009  0.046 -0.144  0.076  0.134  0.010  12.94
17 1 1 8465.56 3221.44 -1.464 -0.029  0.052 -0.042  0.098  0.137  0.010  10.03
 1 1 1 8785.30 3192.38 -0.549 -0.000  0.086  0.795  0.367  0.120  0.010   2.69
29 1 1 8763.19 3336.87 -1.723 -0.015  0.046 -0.172  0.075  0.136  0.010  13.24
17 1 1 8910.05 3470.34 -1.155 -0.025  0.063  0.032  0.133  0.134  0.010   7.44
 1 1 1 8975.23 3333.27 -0.636 -0.057  0.080 -0.049  0.161  0.118  0.010   6.13
29 1 1 9051.37 3043.50 -1.730 -0.008  0.046 -0.170  0.075  0.139  0.010  13.16
 1 1 1 9144.24 3397.60 -0.451 -0.002  0.094  0.995  0.499  0.118  0.010   1.98
13 1 1 9017.32 3358.71 -0.711  0.002  0.078  0.132  0.187  0.118  0.010   5.27
29 1 1 9017.32 3358.71 -1.753  0.024  0.045  0.238  0.100  0.135  0.010   9.89
17 1 1 8824.17 3746.94 -0.903  0.057  0.076  0.666  0.301  0.131  0.010   3.28
13 1 1 9056.94 3252.21 -0.799  0.043  0.076  0.137  0.180  0.119  0.010   5.48
29 1 1 9056.94 3252.21 -1.719 -0.011  0.046 -0.134  0.077  0.136  0.010  12.85
13 1 1 8782.50 3375.01 -0.706  0.026  0.079 -0.101  0.159  0.118  0.010   6.19
17 1 1 9034.87 3028.69 -1.343  0.012  0.057  0.243  0.140  0.139  0.010   7.07
29 1 1 8782.50 3375.01 -1.671 -0.015  0.047 -0.185  0.076  0.135  0.010  12.91
17 1 1 9057.37 3530.89 -1.391 -0.016  0.055 -0.101  0.101  0.133  0.010   9.78
13 1 1 9199.05 3629.76 -0.551 -0.036  0.085 -0.340  0.145  0.116  0.010   6.78
29 1 1 9199.05 3629.76 -1.673 -0.000  0.047  0.029  0.090  0.132  0.010  10.99
17 1 1 9018.85 3297.50 -1.349 -0.022  0.056 -0.167  0.098  0.136  0.010  10.04
29 1 1 9187.53 3661.26 -1.702  0.027  0.047  0.212  0.103  0.132  0.010   9.59
 5 1 1 8907.07 3572.75 -0.194  0.033  0.112  0.544  0.420  0.116  0.010   2.35
21 1 1 8813.60 3652.98 -1.323 -0.026  0.058 -0.191  0.104  0.132  0.010   9.52
13 1 1 9187.53 3661.26 -0.688 -0.025  0.079 -0.080  0.160  0.115  0.010   6.18
17 1 1 9108.04 3459.25 -1.376  0.024  0.056  0.671  0.198  0.134  0.010   4.98
29 1 1 8917.14 3008.84 -1.664  0.030  0.048  0.858  0.179  0.139  0.010   5.51
17 1 1 8684.09 3145.24 -1.383  0.011  0.056 -0.127  0.103  0.138  0.010   9.61
29 1 1 8915.14 3521.42 -1.654  0.010  0.047  0.092  0.095  0.133  0.010  10.39
17 1 1 8907.07 3572.75 -1.406  0.012  0.055  0.079  0.116  0.133  0.010   8.51
13 1 1 8917.14 3008.84 -0.678  0.048  0.082  0.009  0.181  0.121  0.010   5.47
17 1 1 8527.56 3286.52 -1.389 -0.009  0.055 -0.148  0.099  0.137  0.010  10.00
21 1 1 8602.10 3303.75 -1.484  0.023  0.053  0.169  0.119  0.137  0.010   8.28
25 1 1 8712.42 3010.41 -1.825 -0.022  0.043 -0.118  0.071  0.140  0.010  13.86
 9 1 1 8977.55 3314.95 -0.741 -0.013  0.077 -0.346  0.127  0.118  0.010   7.80
21 1 1 8712.42 3010.41 -1.785 -0.015  0.044 -0.116  0.074  0.140  0.010  13.41
29 1 1 8993.15 3378.09 -1.640 -0.011  0.048 -0.202  0.077  0.135  0.010  12.77
 9 1 1 8721.45 3457.39 -0.656 -0.038  0.081 -0.013  0.177  0.117  0.010   5.57
 1 1 1 8873.97 3454.45 -0.685 -0.029  0.078  0.417  0.229  0.117  0.010   4.32
29 1 1 8674.90 3159.85 -1.190 -0.012  0.062 -0.062  0.124  0.138  0.010   7.97
 1 1 1 8745.17 3434.54 -0.498 -0.001  0.089  0.450  0.291  0.118  0.010   3.40
13 1 1 8915.14 3521.42 -0.722 -0.029  0.077 -0.131  0.146  0.116  0.010   6.76
 1 1 1 8573.96 3155.62 -0.529 -0.020  0.087 -0.255  0.157  0.121  0.010   6.27
13 1 1 8993.15 3378.09 -0.774 -0.050  0.074 -0.430  0.113  0.118  0.010   8.70
21 1 1 8977.55 3314.95 -1.748 -0.009  0.045 -0.008  0.081  0.136  0.010  12.12
 1 1 1 8707.15 3525.43 -1.226 -0.028  0.058  0.122  0.121  0.117  0.010   8.18
21 1 1 8831.17 3076.48 -1.752 -0.013  0.045 -0.049  0.080  0.139  0.010  12.38
25 1 1 8977.55 3314.95 -1.823  0.014  0.044  0.211  0.093  0.136  0.010  10.58
21 1 1 8721.45 3457.39 -1.749 -0.005  0.046 -0.046  0.082  0.135  0.010  11.97
25 1 1 8721.45 3457.39 -1.795  0.013  0.045 -0.055  0.081  0.135  0.010  12.22
21 1 1 9104.31 3366.06 -1.758 -0.007  0.045 -0.066  0.079  0.135  0.010  12.47
 1 1 1 9142.27 3412.35 -0.579 -0.012  0.085 -0.026  0.190  0.118  0.010   5.19
13 1 1 8674.90 3159.85 -1.408  0.000  0.053 -0.112  0.089  0.120  0.010  11.06
21 1 1 8908.15 3726.50 -1.783 -0.026  0.045 -0.366  0.065  0.131  0.010  15.04
 1 1 1 8990.58 3156.94 -0.813 -0.032  0.072 -0.136  0.135  0.120  0.010   7.30
 5 1 1 8527.56 3286.52 -0.291 -0.003  0.102 -0.205  0.203  0.119  0.010   4.86
13 1 1 9026.24 3185.32 -0.709 -0.040  0.077 -0.182  0.141  0.120  0.010   6.98
 9 1 1 9104.31 3366.06 -0.797  0.051  0.077  0.276  0.210  0.118  0.010   4.70
 5 1 1 9118.44 3313.47 -0.558  0.007  0.087  0.402  0.268  0.119  0.010   3.68
 9 1 1 8908.15 3726.50 -0.398 -0.037  0.099 -1.041  0.117  0.114  0.010   8.41
 5 1 1 8447.41 2981.17 -0.213 -0.052  0.106 -0.333  0.193  0.122  0.010   5.12
 9 1 1 8705.53 3537.57 -0.382 -0.003  0.101 -0.299  0.194  0.116  0.010   5.09
 5 1 1 8767.77 3304.52 -0.385 -0.036  0.094  0.445  0.307  0.119  0.010   3.21
21 1 1 8705.53 3537.57 -1.790 -0.028  0.045 -0.350  0.067  0.134  0.010  14.71
 5 1 1 8835.25 3173.66 -0.213 -0.059  0.105 -0.110  0.224  0.120  0.010   4.41
 9 1 1 9044.75 3234.13 -0.975 -0.052  0.066 -0.306  0.105  0.119  0.010   9.44
21 1 1 9044.75 3234.13 -1.682  0.001  0.047  0.215  0.102  0.137  0.010   9.71
 9 1 1 9041.16 3428.24 -0.746  0.045  0.078  0.671  0.295  0.117  0.010   3.34
21 1 1 9041.16 3428.24 -1.755  0.005  0.045  0.219  0.097  0.135  0.010  10.22
 9 1 1 8763.19 3336.87 -0.741 -0.046  0.076 -0.027  0.154  0.118  0.010   6.40
21 1 1 8763.19 3336.87 -1.736 -0.021  0.045 -0.177  0.073  0.136  0.010  13.49
29 1 1 9026.24 3185.32 -1.661 -0.014  0.047  0.062  0.092  0.137  0.010  10.74
 5 1 1 9137.48 2987.29 -0.300 -0.004  0.108 -0.234  0.205  0.122  0.010   4.81
13 1 1 9193.96 3564.71 -0.580  0.007  0.085  0.203  0.221  0.116  0.010   4.46
29 1 1 9193.96 3564.71 -1.594  0.002  0.049 -0.067  0.089  0.133  0.010  11.05
 9 1 1 9051.37 3043.50 -0.609 -0.005  0.083  0.019  0.186  0.121  0.010   5.31
 5 1 1 9084.62 3029.38 -0.484 -0.012  0.091 -0.039  0.198  0.121  0.010   4.98
13 1 1 8802.01 3340.04 -0.568 -0.018  0.085 -0.174  0.163  0.118  0.010   6.05
 9 1 1 9017.32 3358.71 -0.622  0.013  0.084 -0.282  0.148  0.118  0.010   6.66
25 1 1 9104.31 3366.06 -1.719  0.008  0.047 -0.006  0.087  0.136  0.010  11.28
29 1 1 8802.01 3340.04 -1.643 -0.000  0.048  0.170  0.102  0.135  0.010   9.71
 5 1 1 9177.37 3257.58 -0.307  0.014  0.102  1.033  0.584  0.119  0.010   1.69
29 1 1 8537.54 3545.90 -1.631 -0.025  0.048 -0.094  0.083  0.134  0.010  11.85
 5 1 1 8755.23 3200.82 -0.283  0.002  0.103  1.551  0.919  0.120  0.010   1.07
29 1 1 8785.30 3192.38 -1.610 -0.001  0.049  0.162  0.104  0.137  0.010   9.50
 5 1 1 9110.14 2983.70 -0.295  0.057  0.107  0.802  0.502  0.122  0.010   1.97
25 1 1 8908.15 3726.50 -1.777 -0.002  0.046 -0.266  0.072  0.132  0.010  13.70
 9 1 1 9056.94 3252.21 -0.754  0.037  0.078  0.285  0.210  0.119  0.010   4.70
29 1 1 8975.23 3333.27 -1.569 -0.008  0.049 -0.161  0.084  0.135  0.010  11.73
21 1 1 9051.37 3043.50 -1.747  0.011  0.045  0.214  0.098  0.139  0.010  10.08
25 1 1 8705.53 3537.57 -1.743 -0.007  0.047 -0.163  0.080  0.134  0.010  12.34
 5 1 1 9041.93 3409.15 -0.339 -0.052  0.097 -0.142  0.196  0.118  0.010   5.03
 1 1 1 8605.28 3138.90 -0.462 -0.051  0.089  0.242  0.238  0.121  0.010   4.16
 5 1 1 8945.09 2996.83 -0.352 -0.026  0.097 -0.442  0.160  0.122  0.010   6.17
17 1 1 9118.44 3313.47 -1.320 -0.001  0.057  0.153  0.131  0.136  0.010   7.53
 1 1 1 8902.68 3204.88 -0.523  0.069  0.090  0.590  0.332  0.120  0.010   2.97
 5 1 1 8586.43 3335.13 -0.235  0.022  0.108  0.339  0.342  0.119  0.010   2.89
 1 1 1 8893.07 3127.65 -0.565 -0.019  0.084  0.301  0.234  0.120  0.010   4.22
21 1 1 9017.32 3358.71 -1.711  0.005  0.046 -0.020  0.084  0.136  0.010  11.76
25 1 1 9044.75 3234.13 -1.701 -0.007  0.047 -0.175  0.077  0.137  0.010  12.88
 1 1 1 9038.43 3380.67 -0.978 -0.020  0.066  0.353  0.175  0.118  0.010   5.63
21 1 1 9056.94 3252.21 -1.733  0.002  0.046  0.193  0.096  0.137  0.010  10.27
25 1 1 9041.16 3428.24 -1.724 -0.011  0.046 -0.180  0.075  0.135  0.010  13.15
 1 1 1 8844.05 3265.94 -0.525 -0.017  0.086 -0.059  0.181  0.119  0.010   5.44
21 1 1 8782.50 3375.01 -1.750 -0.009  0.045  0.155  0.091  0.135  0.010  10.81
25 1 1 8763.19 3336.87 -1.719 -0.036  0.046 -0.286  0.069  0.136  0.010  14.39
21 1 1 9199.05 3629.76 -1.702  0.012  0.047  0.109  0.094  0.133  0.010  10.47
 1 1 1 9100.51 3306.09 -1.181  0.008  0.060  0.260  0.139  0.119  0.010   7.08
21 1 1 9187.53 3661.26 -1.714  0.011  0.047 -0.032  0.084  0.132  0.010  11.71
25 1 1 9051.37 3043.50 -1.760  0.001  0.045 -0.069  0.079  0.139  0.010  12.51
 9 1 1 8782.50 3375.01 -0.670 -0.009  0.080  0.518  0.262  0.118  0.010   3.77
21 1 1 8917.14 3008.84 -1.607 -0.031  0.048 -0.289  0.074  0.139  0.010  13.30
17 1 1 8447.41 2981.17 -1.380 -0.007  0.056  0.147  0.125  0.140  0.010   7.88
21 1 1 8915.14 3521.42 -1.595 -0.017  0.049 -0.115  0.084  0.134  0.010  11.78
 1 1 1 8902.05 3294.50 -0.503  0.017  0.090 -0.089  0.186  0.119  0.010   5.29
29 1 1 9144.24 3397.60 -1.664  0.014  0.048  0.380  0.121  0.135  0.010   8.15
21 1 1 8993.15 3378.09 -1.603  0.012  0.049  0.393  0.125  0.135  0.010   7.90
29 1 1 8873.97 3454.45 -1.600 -0.011  0.049 -0.001  0.091  0.134  0.010  10.82
 1 1 1 8528.84 3326.01 -0.582 -0.043  0.084 -0.143  0.162  0.119  0.010   6.10
 9 1 1 9199.05 3629.76 -0.657  0.003  0.081 -0.068  0.169  0.116  0.010   5.86
 1 1 1 9152.25 3716.91 -0.706 -0.067  0.078 -0.162  0.147  0.115  0.010   6.73
 9 1 1 9187.53 3661.26 -0.617 -0.002  0.084 -0.250  0.154  0.115  0.010   6.43
21 1 1 8674.90 3159.85 -1.194  0.002  0.062 -0.022  0.128  0.138  0.010   7.74
 9 1 1 8917.14 3008.84 -0.698 -0.009  0.078 -0.036  0.163  0.121  0.010   6.05
21 1 1 9026.24 3185.32 -1.667 -0.011  0.047 -0.180  0.077  0.137  0.010  12.79
29 1 1 8745.17 3434.54 -1.652 -0.003  0.048  0.207  0.105  0.135  0.010   9.41
21 1 1 9193.96 3564.71 -1.665  0.011  0.047  0.196  0.102  0.133  0.010   9.66
 9 1 1 8915.14 3521.42 -0.796 -0.059  0.073 -0.438  0.109  0.116  0.010   9.08
21 1 1 8802.01 3340.04 -1.581  0.002  0.049  0.204  0.110  0.136  0.010   9.00
 1 1 1 8465.56 3221.44 -0.443 -0.026  0.091 -0.437  0.148  0.120  0.010   6.68
29 1 1 8573.96 3155.62 -1.626 -0.019  0.048 -0.088  0.085  0.138  0.010  11.63
21 1 1 8537.54 3545.90 -1.627  0.021  0.049  0.124  0.101  0.134  0.010   9.80
29 1 1 8707.15 3525.43 -1.324  0.002  0.058  0.094  0.128  0.134  0.010   7.70
21 1 1 8785.30 3192.38 -1.613  0.012  0.049  0.016  0.094  0.137  0.010  10.53
 1 1 1 8910.05 3470.34 -0.994  0.004  0.066  0.019  0.133  0.117  0.010   7.45
29 1 1 9142.27 3412.35 -1.583  0.001  0.050  0.334  0.124  0.135  0.010   7.97
21 1 1 8975.23 3333.27 -1.628  0.002  0.048  0.086  0.096  0.136  0.010  10.25
 9 1 1 8993.15 3378.09 -0.674 -0.008  0.080  0.435  0.244  0.118  0.010   4.04
29 1 1 8990.58 3156.94 -1.452 -0.016  0.053  0.019  0.105  0.137  0.010   9.41
21 1 1 9144.24 3397.60 -1.648 -0.003  0.048  0.226  0.107  0.135  0.010   9.24
 9 1 1 8674.90 3159.85 -1.391 -0.024  0.053 -0.123  0.088  0.120  0.010  11.17
21 1 1 8873.97 3454.45 -1.548 -0.017  0.050 -0.133  0.086  0.134  0.010  11.53
 1 1 1 8824.17 3746.94 -1.180  0.003  0.060  0.395  0.160  0.114  0.010   6.19
 5 1 1 8785.04 3027.37 -0.994 -0.026  0.066 -0.257  0.109  0.122  0.010   9.10
25 1 1 9017.32 3358.71 -1.756  0.008  0.045  0.004  0.084  0.136  0.010  11.77
 1 1 1 9034.87 3028.69 -0.416 -0.011  0.093  0.034  0.220  0.122  0.010   4.49
21 1 1 8745.17 3434.54 -1.574  0.009  0.050  0.191  0.111  0.135  0.010   8.91
29 1 1 8605.28 3138.90 -1.584  0.010  0.050  0.194  0.110  0.138  0.010   8.95
21 1 1 8573.96 3155.62 -1.593 -0.010  0.049 -0.029  0.091  0.138  0.010  10.89
29 1 1 8902.68 3204.88 -1.543 -0.009  0.050  0.193  0.111  0.137  0.010   8.87
 1 1 1 9057.37 3530.89 -0.424 -0.023  0.093 -0.010  0.209  0.117  0.010   4.73
21 1 1 8707.15 3525.43 -1.257  0.013  0.060  0.041  0.131  0.134  0.010   7.55
 9 1 1 9026.24 3185.32 -0.675 -0.057  0.079 -0.254  0.136  0.120  0.010   7.23
21 1 1 9142.27 3412.35 -1.560  0.013  0.051  0.045  0.102  0.135  0.010   9.69
 9 1 1 9193.96 3564.71 -0.636 -0.009  0.082  0.463  0.258  0.116  0.010   3.83
29 1 1 8893.07 3127.65 -1.500  0.001  0.052  0.036  0.104  0.138  0.010   9.53
21 1 1 8990.58 3156.94 -1.515 -0.001  0.051 -0.045  0.096  0.138  0.010  10.27
29 1 1 9038.43 3380.67 -1.332 -0.037  0.056 -0.126  0.102  0.135  0.010   9.64
21 1 1 8605.28 3138.90 -1.556 -0.016  0.050 -0.009  0.094  0.138  0.010  10.49
29 1 1 8485.82 3375.69 -1.499 -0.006  0.052  0.223  0.121  0.136  0.010   8.17
21 1 1 8902.68 3204.88 -1.567 -0.015  0.049  0.029  0.096  0.137  0.010  10.31
 1 1 1 9018.85 3297.50 -0.639  0.018  0.082 -0.040  0.173  0.119  0.010   5.71
29 1 1 8844.05 3265.94 -1.536  0.017  0.051  0.330  0.127  0.136  0.010   7.77
13 1 1 8537.54 3545.90 -0.749  0.009  0.076 -0.016  0.159  0.116  0.010   6.20
25 1 1 9056.94 3252.21 -1.697  0.013  0.047  0.045  0.091  0.137  0.010  10.86
13 1 1 8785.30 3192.38 -0.645  0.001  0.081  0.298  0.224  0.120  0.010   4.42
17 1 1 8767.77 3304.52 -1.326 -0.007  0.057 -0.073  0.109  0.136  0.010   9.06
 5 1 1 8736.22 3326.58 -0.186 -0.015  0.109 -0.094  0.239  0.119  0.010   4.12
13 1 1 8975.23 3333.27 -0.698  0.029  0.080  0.151  0.194  0.118  0.010   5.08
17 1 1 8835.25 3173.66 -1.356 -0.025  0.056  0.046  0.115  0.137  0.010   8.55
25 1 1 8782.50 3375.01 -1.773  0.009  0.045  0.108  0.089  0.136  0.010  11.08
29 1 1 9100.51 3306.09 -0.962  0.006  0.071  0.722  0.286  0.136  0.010   3.46
25 1 1 9199.05 3629.76 -1.693 -0.006  0.047 -0.047  0.084  0.133  0.010  11.69
 1 1 1 8684.09 3145.24 -0.336  0.028  0.100 -0.395  0.176  0.121  0.010   5.60
 9 1 1 8802.01 3340.04 -0.690 -0.025  0.079 -0.138  0.151  0.118  0.010   6.53
 1 1 1 8907.07 3572.75 -0.212  0.032  0.110  0.127  0.292  0.116  0.010   3.39
 9 1 1 8537.54 3545.90 -0.711  0.026  0.079  0.684  0.298  0.116  0.010   3.32
 1 1 1 8527.56 3286.52 -0.274 -0.037  0.102 -0.326  0.183  0.119  0.010   5.40
21 1 1 8893.07 3127.65 -1.507 -0.003  0.051  0.120  0.108  0.138  0.010   9.10
25 1 1 9187.53 3661.26 -1.601  0.005  0.049 -0.058  0.091  0.132  0.010  10.84
21 1 1 9038.43 3380.67 -1.319  0.013  0.057  0.267  0.145  0.135  0.010   6.83
25 1 1 8917.14 3008.84 -1.686  0.009  0.047 -0.143  0.080  0.140  0.010  12.38
21 1 1 8485.82 3375.69 -1.492  0.017  0.052  0.596  0.166  0.136  0.010   5.96
25 1 1 8915.14 3521.42 -1.669 -0.011  0.047 -0.261  0.074  0.134  0.010  13.42
 9 1 1 8785.30 3192.38 -0.575  0.028  0.086  0.149  0.215  0.120  0.010   4.59
13 1 1 8873.97 3454.45 -0.564  0.054  0.088  0.327  0.257  0.117  0.010   3.84
25 1 1 8993.15 3378.09 -1.660  0.003  0.048  0.069  0.095  0.136  0.010  10.43
29 1 1 8902.05 3294.50 -1.488  0.020  0.052  0.124  0.112  0.136  0.010   8.78
13 1 1 8745.17 3434.54 -0.554  0.005  0.086  0.956  0.436  0.117  0.010   2.26
25 1 1 8674.90 3159.85 -1.161  0.040  0.065 -0.220  0.118  0.138  0.010   8.36
29 1 1 8528.84 3326.01 -1.460 -0.003  0.053  0.092  0.112  0.136  0.010   8.83
25 1 1 9026.24 3185.32 -1.643 -0.007  0.048  0.083  0.096  0.138  0.010  10.25
21 1 1 8844.05 3265.94 -1.496  0.005  0.052  0.172  0.114  0.137  0.010   8.65
29 1 1 9152.25 3716.91 -1.356 -0.043  0.056 -0.128  0.103  0.131  0.010   9.62
21 1 1 9100.51 3306.09 -1.078  0.007  0.066 -0.117  0.131  0.136  0.010   7.56
29 1 1 8844.31 3736.76 -1.455  0.017  0.053  0.504  0.158  0.131  0.010   6.26
 9 1 1 8975.23 3333.27 -0.676 -0.003  0.080  0.548  0.268  0.118  0.010   3.68
 1 1 1 9118.44 3313.47 -0.382  0.044  0.098  0.762  0.436  0.119  0.010   2.26
 9 1 1 9144.24 3397.60 -0.500  0.105  0.096  3.378  4.661  0.118  0.010   0.21
 5 1 1 9127.14 3611.12 -0.499 -0.013  0.089  0.744  0.363  0.116  0.010   2.72
25 1 1 9193.96 3564.71 -1.661 -0.002  0.048  0.002  0.089  0.133  0.010  11.05
 1 1 1 8447.41 2981.17 -0.233  0.051  0.109  0.668  0.464  0.122  0.010   2.13
17 1 1 9137.48 2987.29 -1.325 -0.017  0.059 -0.255  0.098  0.139  0.010  10.09
13 1 1 8573.96 3155.62 -0.462  0.015  0.093 -0.322  0.164  0.120  0.010   6.02
 5 1 1 8670.93 3402.13 -0.723  0.028  0.081  0.033  0.185  0.118  0.010   5.32
13 1 1 8707.15 3525.43 -1.165  0.024  0.061  0.416  0.167  0.116  0.010   5.91
17 1 1 9084.62 3029.38 -1.192  0.035  0.063  0.395  0.183  0.139  0.010   5.38
 5 1 1 8874.93 3345.36 -0.677 -0.002  0.079  0.111  0.185  0.118  0.010   5.33
17 1 1 9177.37 3257.58 -1.308 -0.001  0.058  0.104  0.128  0.136  0.010   7.70
25 1 1 8802.01 3340.04 -1.640 -0.016  0.048 -0.218  0.077  0.136  0.010  12.77
 5 1 1 9070.60 3470.10 -0.381  0.003  0.097 -0.248  0.185  0.117  0.010   5.33
25 1 1 8537.54 3545.90 -1.615  0.000  0.049  0.122  0.100  0.134  0.010   9.83
17 1 1 8755.23 3200.82 -1.307 -0.002  0.057  0.043  0.122  0.137  0.010   8.11
25 1 1 8785.30 3192.38 -1.695  0.004  0.047  0.186  0.100  0.138  0.010   9.86
17 1 1 9110.14 2983.70 -1.369  0.000  0.057 -0.174  0.100  0.139  0.010   9.87
13 1 1 9142.27 3412.35 -0.594  0.030  0.087  0.208  0.237  0.118  0.010   4.16
 5 1 1 9010.63 3425.77 -0.143 -0.007  0.113 -0.176  0.234  0.118  0.010   4.23
13 1 1 8990.58 3156.94 -0.807 -0.026  0.073 -0.427  0.112  0.120  0.010   8.84
 5 1 1 9074.91 3350.24 -0.865  0.009  0.072  0.035  0.155  0.118  0.010   6.38
25 1 1 8975.23 3333.27 -1.623  0.018  0.049  0.087  0.100  0.136  0.010   9.91
13 1 1 8605.28 3138.90 -0.503 -0.070  0.087 -0.386  0.141  0.120  0.010   7.00
 5 1 1 9005.96 3577.11 -0.015  0.007  0.124 -0.662  0.187  0.116  0.010   5.28
17 1 1 9041.93 3409.15 -1.260  0.009  0.059  0.169  0.140  0.135  0.010   7.05
 5 1 1 8542.40 3289.31 -0.229  0.072  0.110  0.453  0.392  0.119  0.010   2.52
25 1 1 9144.24 3397.60 -1.548  0.014  0.051  0.297  0.127  0.135  0.010   7.79
13 1 1 8902.68 3204.88 -0.487  0.017  0.090  2.046  1.212  0.119  0.010   0.81
25 1 1 8873.97 3454.45 -1.595  0.005  0.049  0.043  0.097  0.135  0.010  10.13
 5 1 1 8979.24 3083.88 -0.119 -0.003  0.116  0.052  0.286  0.121  0.010   3.46
25 1 1 8745.17 3434.54 -1.643  0.011  0.048  0.150  0.103  0.135  0.010   9.57
 5 1 1 8990.04 3217.50 -0.024 -0.039  0.120 -0.481  0.202  0.120  0.010   4.88
13 1 1 8893.07 3127.65 -0.569  0.035  0.087  0.152  0.218  0.120  0.010   4.53
 5 1 1 8797.81 3278.42 -0.054 -0.008  0.119  0.146  0.325  0.119  0.010   3.04
25 1 1 8573.96 3155.62 -1.586 -0.015  0.049 -0.125  0.086  0.138  0.010  11.54
 5 1 1 8616.30 3068.37 -0.154 -0.034  0.111 -0.255  0.215  0.121  0.010   4.60
13 1 1 9038.43 3380.67 -0.844 -0.007  0.072 -0.125  0.139  0.118  0.010   7.08
 5 1 1 9006.44 3218.11 -0.159  0.023  0.112  0.030  0.279  0.120  0.010   3.54
13 1 1 8485.82 3375.69 -0.603  0.052  0.087  0.987  0.453  0.118  0.010   2.18
 5 1 1 9144.67 3594.00 -0.056 -0.042  0.117 -0.065  0.265  0.116  0.010   3.72
25 1 1 8707.15 3525.43 -1.331 -0.030  0.057 -0.244  0.097  0.134  0.010  10.14
 9 1 1 8873.97 3454.45 -0.644 -0.029  0.080 -0.191  0.149  0.117  0.010   6.63
 5 1 1 8874.62 3171.15 -0.836 -0.049  0.071 -0.656  0.094  0.120  0.010  10.53
25 1 1 9142.27 3412.35 -1.600 -0.003  0.050  0.086  0.103  0.135  0.010   9.61
 5 1 1 8950.11 3485.16 -0.173  0.005  0.111 -0.444  0.188  0.117  0.010   5.25
 9 1 1 8745.17 3434.54 -0.474  0.026  0.093  0.584  0.348  0.117  0.010   2.84
 5 1 1 9029.70 3239.31 -0.126 -0.098  0.109 -0.576  0.166  0.119  0.010   5.93
17 1 1 8945.09 2996.83 -1.324 -0.006  0.057  0.082  0.122  0.139  0.010   8.07
25 1 1 8990.58 3156.94 -1.520 -0.010  0.051  0.027  0.101  0.138  0.010   9.77
17 1 1 8621.76 3252.39 -1.306  0.016  0.058 -0.127  0.109  0.137  0.010   9.03
25 1 1 8605.28 3138.90 -1.584 -0.002  0.049  0.157  0.106  0.139  0.010   9.32
 9 1 1 8573.96 3155.62 -0.499 -0.010  0.089  0.434  0.282  0.120  0.010   3.49
17 1 1 9044.31 2976.90 -1.251 -0.008  0.059 -0.098  0.115  0.140  0.010   8.62
29 1 1 8465.56 3221.44 -1.439  0.023  0.054 -0.033  0.106  0.137  0.010   9.32
25 1 1 8902.68 3204.88 -1.577  0.000  0.050 -0.021  0.094  0.137  0.010  10.49
29 1 1 8910.05 3470.34 -1.207 -0.014  0.061 -0.226  0.106  0.134  0.010   9.32
 9 1 1 8707.15 3525.43 -1.179  0.002  0.060  0.203  0.138  0.116  0.010   7.13
29 1 1 8824.17 3746.94 -0.942  0.011  0.073  0.647  0.276  0.131  0.010   3.58
17 1 1 8586.43 3335.13 -1.270 -0.005  0.059  0.246  0.148  0.136  0.010   6.68
25 1 1 8893.07 3127.65 -1.546  0.000  0.051 -0.040  0.095  0.138  0.010  10.40
 9 1 1 9142.27 3412.35 -0.572  0.036  0.090  0.511  0.313  0.118  0.010   3.15
17 1 1 8785.04 3027.37 -0.847  0.055  0.078  0.172  0.208  0.139  0.010   4.74
21 1 1 8902.05 3294.50 -1.458  0.008  0.053 -0.184  0.091  0.136  0.010  10.83
17 1 1 8736.22 3326.58 -1.251  0.008  0.060  0.211  0.146  0.136  0.010   6.77
21 1 1 8528.84 3326.01 -1.463 -0.002  0.053 -0.177  0.091  0.136  0.010  10.80
 1 1 1 8767.77 3304.52 -0.352  0.027  0.098  0.907  0.496  0.119  0.010   1.99
 5 1 1 8476.96 2980.19  0.583 -0.201  0.175 -0.486  0.300  0.122  0.010   3.29
21 1 1 9152.25 3716.91 -1.386 -0.037  0.056  0.067  0.117  0.131  0.010   8.46
 5 1 1 8810.69 3150.99  0.246 -0.081  0.145 -0.152  0.314  0.120  0.010   3.15
13 1 1 8844.05 3265.94 -0.586 -0.038  0.083 -0.101  0.167  0.119  0.010   5.90
29 1 1 9034.87 3028.69 -1.364 -0.001  0.056  0.023  0.115  0.139  0.010   8.60
 9 1 1 8990.58 3156.94 -0.855 -0.010  0.071  0.031  0.151  0.120  0.010   6.53
29 1 1 9057.37 3530.89 -1.377  0.030  0.056  0.193  0.132  0.133  0.010   7.49
 9 1 1 8605.28 3138.90 -0.447 -0.022  0.092 -0.122  0.187  0.120  0.010   5.27
29 1 1 9018.85 3297.50 -1.265 -0.030  0.058 -0.109  0.109  0.136  0.010   9.06
 1 1 1 8835.25 3173.66 -0.367 -0.001  0.097 -0.441  0.161  0.120  0.010   6.14
29 1 1 9108.04 3459.25 -1.352  0.037  0.057  0.516  0.179  0.134  0.010   5.50
 1 1 1 9137.48 2987.29 -0.285 -0.028  0.107 -0.212  0.206  0.122  0.010   4.80
13 1 1 9100.51 3306.09 -1.188  0.006  0.060  0.055  0.120  0.119  0.010   8.26
 9 1 1 8902.68 3204.88 -0.522  0.032  0.090  0.256  0.246  0.119  0.010   4.01
17 1 1 9127.14 3611.12 -1.123 -0.001  0.064 -0.093  0.127  0.132  0.010   7.77
29 1 1 8684.09 3145.24 -1.383  0.020  0.056  0.152  0.128  0.138  0.010   7.73
17 1 1 8670.93 3402.13 -0.938 -0.019  0.073 -0.178  0.144  0.135  0.010   6.86
13 1 1 8902.05 3294.50 -0.421 -0.136  0.089 -0.519  0.131  0.119  0.010   7.52
29 1 1 8907.07 3572.75 -1.363 -0.017  0.056  0.104  0.120  0.133  0.010   8.23
13 1 1 8528.84 3326.01 -0.490 -0.003  0.091  0.080  0.216  0.119  0.010   4.57
 1 1 1 9177.37 3257.58 -0.402  0.031  0.097  0.440  0.323  0.119  0.010   3.05
29 1 1 8527.56 3286.52 -1.384  0.006  0.056  0.157  0.126  0.136  0.010   7.85
 5 1 1 8795.93 3483.43 -0.066  0.035  0.121  0.009  0.298  0.117  0.010   3.32
13 1 1 9152.25 3716.91 -0.683 -0.055  0.080 -0.129  0.155  0.114  0.010   6.38
 1 1 1 8755.23 3200.82 -0.318  0.038  0.101  0.984  0.551  0.120  0.010   1.79
13 1 1 8844.31 3736.76 -0.357  0.055  0.102 -0.092  0.226  0.114  0.010   4.36
 5 1 1 8458.77 3267.14 -0.819 -0.016  0.073 -0.187  0.131  0.120  0.010   7.55
13 1 1 8465.56 3221.44 -0.307 -0.006  0.102 -0.352  0.180  0.120  0.010   5.49
17 1 1 8874.93 3345.36 -0.978  0.035  0.071  0.364  0.211  0.135  0.010   4.68
13 1 1 8910.05 3470.34 -0.987 -0.026  0.066 -0.448  0.096  0.117  0.010  10.24
25 1 1 9038.43 3380.67 -1.366  0.034  0.057  0.206  0.137  0.136  0.010   7.18
13 1 1 8824.17 3746.94 -1.140  0.004  0.062 -0.021  0.121  0.114  0.010   8.16
29 1 1 9118.44 3313.47 -1.321  0.022  0.058  0.393  0.162  0.136  0.010   6.08
 1 1 1 9110.14 2983.70 -0.198  0.094  0.116  0.954  0.645  0.122  0.010   1.53
 9 1 1 8893.07 3127.65 -0.628  0.012  0.083 -0.284  0.147  0.120  0.010   6.73
13 1 1 9034.87 3028.69 -0.624  0.008  0.083  0.079  0.194  0.121  0.010   5.08
21 1 1 8844.31 3736.76 -1.453  0.008  0.053  0.334  0.137  0.131  0.010   7.21
 5 1 1 8608.46 3184.80  0.032  0.042  0.131  2.082  2.051  0.120  0.010   0.48
21 1 1 8465.56 3221.44 -1.419  0.007  0.054  0.193  0.124  0.138  0.010   7.93
25 1 1 8485.82 3375.69 -1.434  0.015  0.055  0.035  0.113  0.136  0.010   8.75
21 1 1 8910.05 3470.34 -1.191  0.013  0.062  0.102  0.139  0.134  0.010   7.11
 5 1 1 8457.09 3198.90  0.089  0.062  0.138  0.415  0.496  0.120  0.010   1.99
17 1 1 9070.60 3470.10 -1.131 -0.050  0.063 -0.130  0.119  0.134  0.010   8.30
29 1 1 8447.41 2981.17 -1.376 -0.021  0.056 -0.291  0.090  0.140  0.010  10.91
25 1 1 8844.05 3265.94 -1.516  0.002  0.051  0.115  0.109  0.137  0.010   9.02
 9 1 1 9038.43 3380.67 -0.981  0.026  0.068  0.776  0.262  0.118  0.010   3.76
13 1 1 9057.37 3530.89 -0.390  0.041  0.098  0.181  0.266  0.116  0.010   3.70
25 1 1 9100.51 3306.09 -0.987  0.035  0.072  0.356  0.214  0.136  0.010   4.62
 9 1 1 8485.82 3375.69 -0.611  0.083  0.087  2.511  1.826  0.118  0.010   0.54
25 1 1 8902.05 3294.50 -1.443  0.000  0.054 -0.354  0.083  0.137  0.010  11.84
 9 1 1 8844.05 3265.94 -0.471  0.023  0.092  0.422  0.296  0.119  0.010   3.33
17 1 1 9010.63 3425.77 -1.158 -0.011  0.063  0.039  0.135  0.135  0.010   7.32
 5 1 1 8956.29 3227.35 -0.067  0.038  0.121 -0.440  0.214  0.120  0.010   4.61
17 1 1 9074.91 3350.24 -0.796 -0.028  0.079 -0.285  0.144  0.135  0.010   6.88
 9 1 1 9100.51 3306.09 -1.243  0.014  0.058  0.215  0.131  0.118  0.010   7.56
17 1 1 9005.96 3577.11 -1.176  0.011  0.062  0.453  0.189  0.133  0.010   5.23
 9 1 1 8902.05 3294.50 -0.453 -0.027  0.092 -0.076  0.193  0.119  0.010   5.13
17 1 1 8542.40 3289.31 -1.138  0.017  0.064  0.076  0.146  0.136  0.010   6.76
 9 1 1 8528.84 3326.01 -0.390 -0.015  0.096  0.743  0.405  0.118  0.010   2.44
17 1 1 8979.24 3083.88 -1.174  0.033  0.063  0.637  0.224  0.138  0.010   4.40
 5 1 1 8846.84 3246.10  0.031 -0.059  0.123 -0.726  0.177  0.119  0.010   5.59
 9 1 1 9152.25 3716.91 -0.678 -0.076  0.080  0.139  0.187  0.114  0.010   5.26
29 1 1 8767.77 3304.52 -1.339 -0.004  0.057  0.205  0.134  0.136  0.010   7.37
17 1 1 8990.04 3217.50 -1.171  0.020  0.063  0.187  0.154  0.137  0.010   6.40
 9 1 1 8844.31 3736.76 -0.308  0.003  0.103 -0.196  0.207  0.114  0.010   4.77
17 1 1 8797.81 3278.42 -1.069  0.015  0.067 -0.142  0.130  0.136  0.010   7.61
 5 1 1 8811.02 3291.33 -0.618 -0.039  0.082 -0.043  0.168  0.119  0.010   5.88
17 1 1 8616.30 3068.37 -1.112  0.013  0.065  0.103  0.152  0.139  0.010   6.49
21 1 1 8824.17 3746.94 -1.034  0.044  0.069  0.236  0.186  0.131  0.010   5.31
 9 1 1 8465.56 3221.44 -0.421 -0.029  0.093 -0.107  0.191  0.120  0.010   5.16
29 1 1 8835.25 3173.66 -1.327 -0.009  0.057 -0.197  0.100  0.137  0.010   9.87
 5 1 1 8997.99 2973.61 -0.082 -0.026  0.118  0.144  0.314  0.122  0.010   3.14
29 1 1 9137.48 2987.29 -1.345 -0.034  0.057 -0.398  0.087  0.139  0.010  11.39
21 1 1 9034.87 3028.69 -1.392  0.020  0.055  0.028  0.114  0.139  0.010   8.67
 9 1 1 8910.05 3470.34 -1.026 -0.065  0.064 -0.192  0.106  0.117  0.010   9.29
21 1 1 9057.37 3530.89 -1.407  0.012  0.055  0.266  0.134  0.134  0.010   7.38
 5 1 1 8527.28 2976.48 -0.021  0.038  0.127  0.761  0.602  0.122  0.010   1.64
21 1 1 9018.85 3297.50 -1.273 -0.020  0.058 -0.284  0.096  0.136  0.010  10.25
29 1 1 9084.62 3029.38 -1.329  0.001  0.057  0.205  0.136  0.139  0.010   7.23
 5 1 1 8678.66 3079.61 -0.006 -0.052  0.123 -0.063  0.278  0.121  0.010   3.55
17 1 1 9006.44 3218.11 -1.103 -0.032  0.064  0.025  0.137  0.137  0.010   7.18
 9 1 1 8824.17 3746.94 -1.178 -0.003  0.060  0.376  0.157  0.114  0.010   6.27
29 1 1 9177.37 3257.58 -1.282 -0.032  0.058 -0.214  0.102  0.136  0.010   9.72
25 1 1 8528.84 3326.01 -1.456  0.000  0.054  0.009  0.106  0.137  0.010   9.32
29 1 1 8755.23 3200.82 -1.301  0.029  0.058  0.231  0.145  0.137  0.010   6.80
 9 1 1 9034.87 3028.69 -0.569  0.019  0.087 -0.166  0.169  0.121  0.010   5.83
21 1 1 9108.04 3459.25 -1.307 -0.008  0.058 -0.010  0.118  0.134  0.010   8.38
17 1 1 9033.27 3615.90 -1.047 -0.025  0.067  0.179  0.165  0.132  0.010   5.99
21 1 1 8684.09 3145.24 -1.393  0.012  0.055 -0.030  0.109  0.138  0.010   9.05
 5 1 1 8665.08 3019.25 -0.580 -0.034  0.084 -0.023  0.179  0.121  0.010   5.51
 1 1 1 9041.93 3409.15 -0.347 -0.034  0.097 -0.568  0.147  0.118  0.010   6.74
25 1 1 9152.25 3716.91 -1.393 -0.030  0.055 -0.154  0.100  0.132  0.010   9.89
 1 1 1 8945.09 2996.83 -0.358 -0.036  0.096 -0.156  0.193  0.122  0.010   5.12
13 1 1 9018.85 3297.50 -0.677  0.010  0.080  0.039  0.179  0.119  0.010   5.52
 1 1 1 8621.76 3252.39 -0.078 -0.065  0.114 -0.372  0.206  0.120  0.010   4.80
 9 1 1 9057.37 3530.89 -0.360 -0.011  0.098  0.352  0.300  0.116  0.010   3.29
25 1 1 8844.31 3736.76 -1.479 -0.012  0.053  0.226  0.122  0.132  0.010   8.07
17 1 1 9144.67 3594.00 -1.102 -0.002  0.065 -0.090  0.130  0.133  0.010   7.60
25 1 1 8465.56 3221.44 -1.480 -0.000  0.053 -0.076  0.098  0.138  0.010  10.10
17 1 1 8874.62 3171.15 -0.663 -0.091  0.084 -0.764  0.110  0.137  0.010   8.96
25 1 1 8910.05 3470.34 -1.205  0.005  0.062  0.212  0.152  0.135  0.010   6.48
17 1 1 8950.11 3485.16 -1.026 -0.007  0.068 -0.383  0.111  0.134  0.010   8.90
25 1 1 8824.17 3746.94 -0.985  0.046  0.073  0.884  0.340  0.131  0.010   2.90
17 1 1 9029.70 3239.31 -1.067  0.033  0.067  0.356  0.196  0.137  0.010   5.04
 9 1 1 9018.85 3297.50 -0.713 -0.017  0.078 -0.354  0.128  0.119  0.010   7.70
25 1 1 9034.87 3028.69 -1.376  0.029  0.056  0.358  0.151  0.139  0.010   6.52
 9 1 1 9108.04 3459.25 -0.419  0.020  0.096  0.651  0.395  0.117  0.010   2.50
25 1 1 9057.37 3530.89 -1.420 -0.023  0.054 -0.135  0.097  0.134  0.010  10.19
 9 1 1 8684.09 3145.24 -0.333 -0.059  0.098 -0.204  0.190  0.120  0.010   5.19
25 1 1 9018.85 3297.50 -1.347 -0.012  0.056 -0.376  0.088  0.136  0.010  11.28
 9 1 1 8527.56 3286.52 -0.305  0.026  0.104  0.685  0.431  0.119  0.010   2.29
25 1 1 9108.04 3459.25 -1.405  0.013  0.056  0.025  0.116  0.135  0.010   8.50
 9 1 1 9118.44 3313.47 -0.439  0.089  0.098  1.518  0.865  0.118  0.010   1.14
13 1 1 9108.04 3459.25 -0.504  0.066  0.093  1.111  0.574  0.117  0.010   1.72
17 1 1 8476.96 2980.19 -1.028  0.011  0.069 -0.149  0.136  0.140  0.010   7.26
25 1 1 8684.09 3145.24 -1.358 -0.033  0.056 -0.192  0.097  0.138  0.010  10.20
17 1 1 8810.69 3150.99 -1.088 -0.025  0.066  0.004  0.138  0.138  0.010   7.13
13 1 1 8684.09 3145.24 -0.367 -0.121  0.093 -0.443  0.147  0.120  0.010   6.72
25 1 1 8527.56 3286.52 -1.355 -0.015  0.056 -0.078  0.107  0.137  0.010   9.25
13 1 1 8907.07 3572.75 -0.240  0.075  0.111  0.550  0.426  0.116  0.010   2.32
17 1 1 8922.29 3740.77 -0.682  0.024  0.088  0.565  0.335  0.131  0.010   2.94
25 1 1 9118.44 3313.47 -1.358  0.025  0.057  0.183  0.135  0.136  0.010   7.30
13 1 1 8527.56 3286.52 -0.384 -0.018  0.096  0.291  0.275  0.119  0.010   3.59
25 1 1 8447.41 2981.17 -1.376  0.012  0.057  0.458  0.164  0.140  0.010   6.01
17 1 1 8795.93 3483.43 -1.026  0.029  0.069 -0.057  0.145  0.134  0.010   6.79
13 1 1 9118.44 3313.47 -0.392  0.092  0.100  0.705  0.436  0.119  0.010   2.27
25 1 1 8767.77 3304.52 -1.341 -0.015  0.056  0.322  0.145  0.136  0.010   6.79
17 1 1 8458.77 3267.14 -0.466  0.037  0.101  0.835  0.504  0.137  0.010   1.96
25 1 1 8835.25 3173.66 -1.318  0.004  0.058 -0.081  0.112  0.138  0.010   8.83
13 1 1 8447.41 2981.17 -0.430 -0.119  0.089 -0.197  0.166  0.122  0.010   5.93
25 1 1 9137.48 2987.29 -1.310  0.006  0.060 -0.013  0.120  0.140  0.010   8.19
13 1 1 8767.77 3304.52 -0.264 -0.030  0.103  0.344  0.315  0.119  0.010   3.14
25 1 1 9084.62 3029.38 -1.276  0.035  0.060  0.456  0.180  0.139  0.010   5.48
21 1 1 8907.07 3572.75 -1.399 -0.005  0.055 -0.082  0.102  0.133  0.010   9.69
13 1 1 8835.25 3173.66 -0.222 -0.083  0.103 -0.127  0.214  0.120  0.010   4.62
21 1 1 8527.56 3286.52 -1.356  0.007  0.056  0.182  0.131  0.137  0.010   7.55
25 1 1 8755.23 3200.82 -1.337 -0.005  0.057 -0.144  0.104  0.138  0.010   9.49
13 1 1 9137.48 2987.29 -0.318 -0.028  0.105 -0.263  0.194  0.122  0.010   5.08
25 1 1 9110.14 2983.70 -1.265  0.020  0.061  0.159  0.143  0.140  0.010   6.91
13 1 1 9084.62 3029.38 -0.366 -0.049  0.096 -0.186  0.189  0.121  0.010   5.22
21 1 1 9118.44 3313.47 -1.395 -0.007  0.055 -0.084  0.103  0.136  0.010   9.60
25 1 1 9041.93 3409.15 -1.266 -0.017  0.059 -0.088  0.114  0.135  0.010   8.68
17 1 1 8608.46 3184.80 -1.055  0.008  0.067  0.111  0.159  0.138  0.010   6.20
25 1 1 8945.09 2996.83 -1.264 -0.023  0.059 -0.189  0.105  0.140  0.010   9.43
21 1 1 8447.41 2981.17 -1.286 -0.007  0.058  0.148  0.134  0.140  0.010   7.35
17 1 1 8457.09 3198.90 -1.027  0.016  0.069 -0.009  0.149  0.138  0.010   6.61
25 1 1 8621.76 3252.39 -1.286  0.008  0.059  0.008  0.123  0.137  0.010   8.05
13 1 1 9177.37 3257.58 -0.380  0.050  0.099  0.771  0.452  0.119  0.010   2.18
17 1 1 8956.29 3227.35 -1.003  0.002  0.070  0.295  0.191  0.137  0.010   5.17
13 1 1 8755.23 3200.82 -0.264  0.049  0.106  2.485  2.299  0.120  0.010   0.43
21 1 1 8767.77 3304.52 -1.347 -0.010  0.056  0.053  0.118  0.136  0.010   8.40
25 1 1 9044.31 2976.90 -1.266  0.026  0.060 -0.040  0.123  0.140  0.010   8.04
13 1 1 9110.14 2983.70 -0.391  0.032  0.100 -0.223  0.194  0.122  0.010   5.09
17 1 1 8846.84 3246.10 -0.998 -0.028  0.069 -0.058  0.141  0.136  0.010   6.99
25 1 1 8586.43 3335.13 -1.223 -0.001  0.061  0.162  0.145  0.136  0.010   6.79
13 1 1 9041.93 3409.15 -0.379 -0.018  0.096 -0.283  0.178  0.118  0.010   5.54
17 1 1 8811.02 3291.33 -0.461  0.039  0.101 -0.369  0.186  0.136  0.010   5.31
21 1 1 8835.25 3173.66 -1.381 -0.019  0.055 -0.258  0.091  0.138  0.010  10.88
13 1 1 8945.09 2996.83 -0.245  0.067  0.109  0.471  0.389  0.122  0.010   2.54
 9 1 1 8447.41 2981.17 -0.356 -0.047  0.097 -0.214  0.187  0.122  0.010   5.26
17 1 1 8997.99 2973.61 -0.919 -0.032  0.072 -0.142  0.142  0.140  0.010   6.98
 5 1 1 9135.69 3517.01  0.090  0.033  0.135  1.501  1.274  0.117  0.010   0.78
29 1 1 9110.14 2983.70 -1.306 -0.014  0.059 -0.214  0.102  0.139  0.010   9.69
 5 1 1 8909.76 2992.11  0.205 -0.015  0.144 -0.352  0.277  0.122  0.010   3.56
21 1 1 9137.48 2987.29 -1.342 -0.012  0.059 -0.091  0.108  0.140  0.010   9.10
29 1 1 9041.93 3409.15 -1.273  0.005  0.058  0.473  0.176  0.135  0.010   5.62
25 1 1 8785.04 3027.37 -0.748 -0.022  0.081  0.046  0.191  0.139  0.010   5.18
17 1 1 8527.28 2976.48 -0.911 -0.011  0.074 -0.383  0.124  0.140  0.010   7.98
13 1 1 8621.76 3252.39 -0.097 -0.018  0.116  0.492  0.423  0.119  0.010   2.33
 5 1 1 8721.24 3300.85 -0.618 -0.035  0.082  0.099  0.191  0.119  0.010   5.18
13 1 1 9044.31 2976.90 -0.129  0.013  0.115 -0.230  0.236  0.122  0.010   4.18
21 1 1 9084.62 3029.38 -1.311 -0.040  0.057  0.027  0.116  0.139  0.010   8.47
 5 1 1 8825.42 3487.94  0.225  0.117  0.156  0.756  0.785  0.117  0.010   1.26
21 1 1 9177.37 3257.58 -1.262 -0.028  0.059  0.044  0.124  0.137  0.010   7.99
 5 1 1 9016.00 3197.42 -0.098  0.009  0.117  0.241  0.348  0.120  0.010   2.84
21 1 1 8755.23 3200.82 -1.304  0.023  0.058  0.289  0.150  0.137  0.010   6.59
 5 1 1 9053.88 2957.98  0.120  0.079  0.141  1.957  2.079  0.122  0.010   0.47
13 1 1 8586.43 3335.13 -0.176  0.013  0.112  0.214  0.324  0.118  0.010   3.04
25 1 1 8736.22 3326.58 -1.217 -0.001  0.061  0.180  0.146  0.136  0.010   6.74
13 1 1 8785.04 3027.37 -0.938 -0.008  0.068 -0.140  0.125  0.121  0.010   7.93
21 1 1 9110.14 2983.70 -1.246  0.010  0.062  0.079  0.134  0.140  0.010   7.36
 1 1 1 9044.31 2976.90 -0.106  0.036  0.118  0.904  0.632  0.122  0.010   1.56
29 1 1 8945.09 2996.83 -1.230  0.002  0.060 -0.125  0.115  0.139  0.010   8.61
13 1 1 8736.22 3326.58 -0.093  0.030  0.120 -0.280  0.234  0.118  0.010   4.21
29 1 1 8621.76 3252.39 -1.244 -0.014  0.060 -0.018  0.122  0.137  0.010   8.11
17 1 1 8678.66 3079.61 -0.903 -0.026  0.073  0.039  0.166  0.139  0.010   5.93
 1 1 1 8586.43 3335.13 -0.151  0.007  0.113 -0.148  0.244  0.119  0.010   4.04
29 1 1 9044.31 2976.90 -1.277  0.003  0.059  0.136  0.136  0.139  0.010   7.27
 1 1 1 8785.04 3027.37 -0.987  0.001  0.066  0.389  0.180  0.122  0.010   5.49
13 1 1 9127.14 3611.12 -0.576 -0.022  0.084  0.022  0.189  0.116  0.010   5.24
29 1 1 8586.43 3335.13 -1.253 -0.006  0.060  0.337  0.162  0.136  0.010   6.09
13 1 1 8670.93 3402.13 -0.802 -0.002  0.076 -0.397  0.124  0.118  0.010   7.94
 1 1 1 8736.22 3326.58 -0.140 -0.122  0.107 -0.231  0.204  0.119  0.010   4.85
 5 1 1 8736.41 3197.03  0.112 -0.045  0.133 -0.172  0.287  0.120  0.010   3.44
13 1 1 8874.93 3345.36 -0.737 -0.002  0.077  0.188  0.190  0.118  0.010   5.21
 1 1 1 9127.14 3611.12 -0.535  0.032  0.089  0.394  0.274  0.116  0.010   3.60
29 1 1 8785.04 3027.37 -0.824  0.014  0.079 -0.278  0.144  0.139  0.010   6.85
 5 1 1 8807.24 2964.23  0.055  0.112  0.138  1.325  1.131  0.122  0.010   0.87
13 1 1 9070.60 3470.10 -0.375 -0.061  0.095 -0.239  0.180  0.117  0.010   5.49
 1 1 1 8670.93 3402.13 -0.758 -0.002  0.077  0.083  0.183  0.118  0.010   5.39
13 1 1 9010.63 3425.77 -0.203  0.017  0.110  0.883  0.555  0.117  0.010   1.78
 1 1 1 9070.60 3470.10 -0.446 -0.014  0.092  0.310  0.267  0.117  0.010   3.70
13 1 1 9074.91 3350.24 -0.898 -0.048  0.069 -0.172  0.125  0.118  0.010   7.93
 5 1 1 8493.78 3007.78  0.671 -0.043  0.203 -0.259  0.443  0.122  0.010   2.23
29 1 1 8736.22 3326.58 -1.224 -0.033  0.061 -0.289  0.100  0.136  0.010   9.84
 1 1 1 9010.63 3425.77 -0.275  0.049  0.105 -0.026  0.245  0.118  0.010   4.03
13 1 1 9005.96 3577.11 -0.070  0.059  0.122  0.870  0.641  0.116  0.010   1.54
29 1 1 9127.14 3611.12 -1.126  0.024  0.064  0.063  0.145  0.132  0.010   6.82
13 1 1 8542.40 3289.31 -0.151  0.035  0.114  1.755  1.298  0.119  0.010   0.76
29 1 1 8670.93 3402.13 -0.965 -0.015  0.072  0.057  0.168  0.135  0.010   5.87
 1 1 1 9074.91 3350.24 -0.827 -0.041  0.072 -0.030  0.145  0.119  0.010   6.79
29 1 1 8874.93 3345.36 -0.908  0.004  0.073 -0.021  0.160  0.135  0.010   6.16
13 1 1 8979.24 3083.88 -0.144 -0.044  0.111 -0.181  0.226  0.121  0.010   4.37
 5 1 1 8709.15 3441.42 -0.208  0.026  0.110  0.655  0.460  0.118  0.010   2.15
13 1 1 8990.04 3217.50 -0.069 -0.070  0.115  0.043  0.280  0.119  0.010   3.52
 5 1 1 9025.87 3429.38 -0.132 -0.034  0.113 -0.418  0.193  0.118  0.010   5.11
13 1 1 8797.81 3278.42 -0.076 -0.072  0.115  0.621  0.456  0.119  0.010   2.17
29 1 1 9070.60 3470.10 -1.068 -0.002  0.066 -0.114  0.132  0.134  0.010   7.50
 1 1 1 9005.96 3577.11 -0.194 -0.084  0.105  0.539  0.377  0.116  0.010   2.62
25 1 1 9127.14 3611.12 -1.138 -0.043  0.063 -0.116  0.120  0.133  0.010   8.20
 1 1 1 8542.40 3289.31  0.007  0.012  0.126 -0.147  0.277  0.119  0.010   3.56
13 1 1 8616.30 3068.37 -0.028 -0.011  0.122 -0.332  0.230  0.121  0.010   4.29
 5 1 1 8899.14 3066.77  0.507 -0.006  0.179  0.843  0.984  0.121  0.010   1.00
13 1 1 9006.44 3218.11 -0.087  0.082  0.122  0.277  0.384  0.119  0.010   2.57
 5 1 1 8932.83 3113.54  0.199 -0.092  0.138  0.103  0.365  0.121  0.010   2.70
13 1 1 9033.27 3615.90 -0.054  0.021  0.122  0.895  0.651  0.116  0.010   1.52
29 1 1 9010.63 3425.77 -1.084  0.004  0.066 -0.130  0.127  0.134  0.010   7.75
 5 1 1 8920.42 3446.01 -0.450  0.015  0.092  0.301  0.268  0.117  0.010   3.69
29 1 1 9074.91 3350.24 -0.681  0.033  0.087 -0.074  0.196  0.135  0.010   5.05
 5 1 1 8486.21 3470.86  0.564  0.038  0.192  0.548  0.831  0.118  0.010   1.19
29 1 1 9005.96 3577.11 -1.128  0.041  0.065  1.264  0.408  0.133  0.010   2.42
25 1 1 8670.93 3402.13 -0.996 -0.027  0.070 -0.143  0.140  0.136  0.010   7.03
 5 1 1 8898.94 3535.67  0.098  0.129  0.143 -0.258  0.302  0.116  0.010   3.27
29 1 1 8542.40 3289.31 -1.194  0.011  0.062  0.325  0.170  0.136  0.010   5.82
25 1 1 8874.93 3345.36 -1.001 -0.027  0.069 -0.262  0.123  0.136  0.010   8.05
13 1 1 9144.67 3594.00 -0.093 -0.086  0.113 -0.439  0.190  0.116  0.010   5.21
25 1 1 9070.60 3470.10 -1.084  0.002  0.066  0.283  0.180  0.135  0.010   5.49
 1 1 1 8979.24 3083.88 -0.138  0.041  0.117  0.491  0.424  0.121  0.010   2.33
21 1 1 9041.93 3409.15 -1.299 -0.033  0.057 -0.327  0.091  0.135  0.010  10.89
29 1 1 8979.24 3083.88 -1.129  0.001  0.064 -0.138  0.123  0.138  0.010   8.00
 9 1 1 8767.77 3304.52 -0.299  0.026  0.103  0.352  0.326  0.119  0.010   3.03
 5 1 1 9107.62 3005.22 -0.333 -0.029  0.100 -0.283  0.184  0.122  0.010   5.36
25 1 1 9010.63 3425.77 -1.149  0.047  0.065  0.582  0.225  0.135  0.010   4.38
17 1 1 8665.08 3019.25 -0.542  0.078  0.098  0.983  0.561  0.139  0.010   1.76
 9 1 1 8835.25 3173.66 -0.245 -0.047  0.103 -0.022  0.235  0.120  0.010   4.19
13 1 1 8874.62 3171.15 -0.834 -0.023  0.073 -0.429  0.109  0.120  0.010   9.02
 9 1 1 9137.48 2987.29 -0.325  0.018  0.107 -0.097  0.228  0.122  0.010   4.34
29 1 1 8990.04 3217.50 -1.128 -0.009  0.064 -0.238  0.113  0.137  0.010   8.72
 1 1 1 8990.04 3217.50 -0.065 -0.018  0.117  0.003  0.282  0.120  0.010   3.49
25 1 1 9074.91 3350.24 -0.741 -0.011  0.083 -0.091  0.179  0.136  0.010   5.52
17 1 1 9135.69 3517.01 -0.858  0.040  0.077 -0.133  0.160  0.133  0.010   6.17
25 1 1 9005.96 3577.11 -1.147  0.028  0.064  0.568  0.218  0.133  0.010   4.53
17 1 1 8909.76 2992.11 -0.908 -0.007  0.073  0.224  0.193  0.139  0.010   5.11
 1 1 1 8797.81 3278.42 -0.096 -0.053  0.113 -0.023  0.263  0.119  0.010   3.75
25 1 1 8542.40 3289.31 -1.088 -0.030  0.065 -0.059  0.133  0.137  0.010   7.43
17 1 1 8721.24 3300.85 -0.376 -0.013  0.105 -0.385  0.192  0.136  0.010   5.15
25 1 1 8979.24 3083.88 -1.085  0.010  0.066  0.091  0.153  0.139  0.010   6.46
17 1 1 8825.42 3487.94 -0.848 -0.018  0.076 -0.069  0.160  0.134  0.010   6.17
25 1 1 8990.04 3217.50 -1.152  0.041  0.065  0.193  0.162  0.137  0.010   6.09
17 1 1 9016.00 3197.42 -0.786 -0.013  0.079 -0.039  0.174  0.137  0.010   5.68
 9 1 1 9084.62 3029.38 -0.420  0.002  0.094  0.078  0.231  0.121  0.010   4.27
17 1 1 9053.88 2957.98 -0.841  0.040  0.077  3.343  3.474  0.140  0.010   0.28
 1 1 1 8616.30 3068.37 -0.104 -0.083  0.113 -0.140  0.235  0.121  0.010   4.20
25 1 1 8797.81 3278.42 -1.151 -0.032  0.063 -0.043  0.127  0.137  0.010   7.77
17 1 1 8736.41 3197.03 -0.795 -0.019  0.080 -0.625  0.115  0.137  0.010   8.60
 1 1 1 9006.44 3218.11 -0.170  0.040  0.112  0.070  0.286  0.120  0.010   3.45
25 1 1 8616.30 3068.37 -1.108  0.006  0.065  0.175  0.160  0.139  0.010   6.16
 1 1 1 9033.27 3615.90  0.034 -0.012  0.128  1.995  1.844  0.116  0.010   0.54
 5 1 1 9078.34 2959.28  0.404  0.014  0.168  0.707  0.822  0.122  0.010   1.20
17 1 1 8807.24 2964.23 -0.857 -0.017  0.076 -0.114  0.154  0.140  0.010   6.40
25 1 1 9006.44 3218.11 -1.054 -0.012  0.067 -0.138  0.130  0.137  0.010   7.57
 5 1 1 8574.69 3224.34  0.817 -0.136  0.214 -0.934  0.288  0.120  0.010   3.43
25 1 1 9033.27 3615.90 -1.149  0.001  0.064  0.291  0.171  0.133  0.010   5.78
29 1 1 8797.81 3278.42 -1.113  0.018  0.065  0.287  0.176  0.136  0.010   5.62
21 1 1 8945.09 2996.83 -1.253  0.026  0.060  0.212  0.147  0.140  0.010   6.72
13 1 1 8950.11 3485.16 -0.174 -0.029  0.109  0.351  0.344  0.117  0.010   2.87
21 1 1 8621.76 3252.39 -1.292  0.007  0.058  0.054  0.124  0.137  0.010   7.93
 1 1 1 9144.67 3594.00  0.109 -0.104  0.128 -0.185  0.267  0.116  0.010   3.70
13 1 1 9029.70 3239.31 -0.127  0.000  0.114 -0.135  0.249  0.119  0.010   3.97
29 1 1 8616.30 3068.37 -1.072 -0.045  0.066 -0.279  0.113  0.139  0.010   8.73
17 1 1 8493.78 3007.78 -0.872  0.019  0.076  0.103  0.189  0.140  0.010   5.22
 9 1 1 8755.23 3200.82 -0.130  0.104  0.120  1.048  0.740  0.120  0.010   1.33
25 1 1 9144.67 3594.00 -1.067  0.008  0.067  0.033  0.149  0.133  0.010   6.62
 9 1 1 9110.14 2983.70 -0.142 -0.039  0.113  0.378  0.367  0.122  0.010   2.69
29 1 1 9006.44 3218.11 -1.108 -0.023  0.064 -0.295  0.109  0.137  0.010   9.03
 9 1 1 9041.93 3409.15 -0.403 -0.047  0.093 -0.415  0.155  0.118  0.010   6.35
29 1 1 9033.27 3615.90 -1.148  0.059  0.065  1.040  0.334  0.132  0.010   2.95
 9 1 1 8945.09 2996.83 -0.358  0.030  0.099  0.139  0.258  0.121  0.010   3.82
29 1 1 9144.67 3594.00 -1.109 -0.039  0.064 -0.191  0.116  0.133  0.010   8.53
25 1 1 8874.62 3171.15 -0.474 -0.075  0.097 -0.968  0.117  0.138  0.010   8.44
 5 1 1 8808.72 3050.42  0.237 -0.062  0.143 -0.279  0.289  0.121  0.010   3.42
 9 1 1 8621.76 3252.39 -0.088 -0.008  0.118  0.242  0.346  0.119  0.010   2.85
25 1 1 8950.11 3485.16 -1.095  0.006  0.066 -0.138  0.128  0.134  0.010   7.74
 5 1 1 8749.26 3355.71 -0.379 -0.014  0.096 -0.057  0.208  0.119  0.010   4.75
 9 1 1 9044.31 2976.90 -0.236  0.070  0.109  1.173  0.744  0.122  0.010   1.33
 5 1 1 9131.66 3551.68  0.313  0.044  0.160  1.802  2.048  0.116  0.010   0.48
17 1 1 8709.15 3441.42 -0.606  0.050  0.093 -0.060  0.213  0.135  0.010   4.64
 9 1 1 8586.43 3335.13 -0.196  0.085  0.115 -0.070  0.271  0.118  0.010   3.64
21 1 1 9044.31 2976.90 -1.296  0.005  0.058  0.216  0.142  0.140  0.010   6.97
 1 1 1 8874.62 3171.15 -0.793 -0.075  0.072 -0.706  0.092  0.120  0.010  10.76
 9 1 1 8785.04 3027.37 -0.926 -0.041  0.068 -0.261  0.112  0.121  0.010   8.78
 1 1 1 8950.11 3485.16 -0.147 -0.067  0.108 -0.281  0.203  0.117  0.010   4.87
13 1 1 8476.96 2980.19  0.596 -0.006  0.194 -0.401  0.382  0.122  0.010   2.58
 5 1 1 8424.17 3049.94  0.920 -0.111  0.241 -0.949  0.320  0.122  0.010   3.09
29 1 1 8874.62 3171.15 -0.611 -0.061  0.088 -0.977  0.104  0.137  0.010   9.45
 5 1 1 8477.45 3238.77  0.107 -0.065  0.130 -0.039  0.308  0.120  0.010   3.21
13 1 1 8922.29 3740.77 -0.721  0.082  0.083  1.792  0.894  0.114  0.010   1.10
 5 1 1 8784.34 3126.56  0.697 -0.062  0.206  1.214  1.558  0.121  0.010   0.63
13 1 1 8795.93 3483.43 -0.062 -0.037  0.118 -0.111  0.259  0.117  0.010   3.81
29 1 1 8950.11 3485.16 -1.016  0.014  0.069 -0.119  0.137  0.134  0.010   7.21
13 1 1 8458.77 3267.14 -0.741 -0.010  0.077 -0.063  0.154  0.119  0.010   6.41
29 1 1 9029.70 3239.31 -1.035  0.018  0.068 -0.156  0.133  0.137  0.010   7.43
 5 1 1 9110.91 3606.78 -0.138 -0.023  0.112  0.268  0.329  0.116  0.010   3.00
29 1 1 8476.96 2980.19 -1.071 -0.025  0.066 -0.513  0.099  0.140  0.010   9.98
 5 1 1 8724.07 3355.18  0.486 -0.098  0.168  0.392  0.601  0.118  0.010   1.64
25 1 1 9029.70 3239.31 -1.088 -0.028  0.065  0.089  0.149  0.137  0.010   6.62
 5 1 1 8998.19 3278.05 -0.210 -0.039  0.106  0.471  0.362  0.119  0.010   2.73
29 1 1 8810.69 3150.99 -1.016  0.030  0.070  0.193  0.179  0.138  0.010   5.52
21 1 1 8586.43 3335.13 -1.285  0.014  0.059  0.792  0.233  0.136  0.010   4.23
13 1 1 8608.46 3184.80  0.034 -0.087  0.122  0.318  0.379  0.120  0.010   2.61
 1 1 1 9029.70 3239.31 -0.189  0.044  0.111  0.455  0.393  0.120  0.010   2.51
29 1 1 8922.29 3740.77 -0.541  0.048  0.099  0.929  0.536  0.131  0.010   1.84
 5 1 1 8435.36 3329.06  0.437 -0.196  0.157 -0.854  0.207  0.119  0.010   4.76
29 1 1 8795.93 3483.43 -0.991 -0.026  0.069 -0.138  0.134  0.134  0.010   7.37
 5 1 1 8656.42 3115.67  1.017  0.060  0.283  0.311  1.040  0.121  0.010   0.95
29 1 1 8458.77 3267.14 -0.557  0.011  0.094 -0.024  0.221  0.137  0.010   4.46
25 1 1 8476.96 2980.19 -1.121 -0.018  0.065 -0.052  0.133  0.140  0.010   7.44
21 1 1 8785.04 3027.37 -0.787 -0.014  0.079  0.434  0.255  0.139  0.010   3.88
29 1 1 8608.46 3184.80 -0.931 -0.020  0.072  0.367  0.212  0.138  0.010   4.65
 9 1 1 8736.22 3326.58 -0.169  0.005  0.112  0.548  0.423  0.118  0.010   2.33
25 1 1 8810.69 3150.99 -1.029  0.012  0.069 -0.026  0.147  0.138  0.010   6.71
 9 1 1 9127.14 3611.12 -0.484 -0.000  0.091 -0.009  0.202  0.116  0.010   4.89
25 1 1 8922.29 3740.77 -0.790  0.005  0.082  0.517  0.292  0.131  0.010   3.38
 9 1 1 8670.93 3402.13 -0.722 -0.052  0.078 -0.447  0.123  0.118  0.010   8.02
21 1 1 8736.22 3326.58 -1.256 -0.019  0.059 -0.281  0.099  0.136  0.010   9.97
 9 1 1 8874.93 3345.36 -0.745  0.006  0.077 -0.017  0.162  0.118  0.010   6.10
25 1 1 8795.93 3483.43 -1.008  0.001  0.070  0.100  0.164  0.134  0.010   6.02
 9 1 1 9070.60 3470.10 -0.468  0.031  0.093  0.178  0.248  0.117  0.010   3.99
21 1 1 9127.14 3611.12 -1.151 -0.036  0.062 -0.248  0.108  0.133  0.010   9.17
 9 1 1 9010.63 3425.77 -0.222  0.021  0.108 -0.121  0.235  0.117  0.010   4.20
21 1 1 8670.93 3402.13 -1.074 -0.013  0.067 -0.281  0.119  0.135  0.010   8.29
29 1 1 8457.09 3198.90 -1.049 -0.018  0.067 -0.010  0.143  0.138  0.010   6.90
21 1 1 8874.93 3345.36 -0.895  0.020  0.074  0.203  0.196  0.136  0.010   5.05
29 1 1 8956.29 3227.35 -1.018 -0.023  0.068 -0.191  0.127  0.137  0.010   7.80
25 1 1 8458.77 3267.14 -0.530 -0.059  0.093 -0.284  0.175  0.137  0.010   5.65
 5 1 1 8489.49 2969.67 -0.148  0.023  0.117 -0.055  0.268  0.122  0.010   3.68
29 1 1 8846.84 3246.10 -0.974  0.023  0.071 -0.065  0.149  0.136  0.010   6.61
21 1 1 9070.60 3470.10 -1.103  0.040  0.066  0.851  0.290  0.134  0.010   3.41
29 1 1 8811.02 3291.33 -0.524  0.063  0.097  0.581  0.389  0.136  0.010   2.54
 5 1 1 8955.51 3405.48  0.329  0.000  0.157  0.283  0.515  0.118  0.010   1.92
 9 1 1 9074.91 3350.24 -0.837 -0.015  0.072 -0.236  0.129  0.118  0.010   7.66
 5 1 1 8790.48 3631.54  1.414  0.034  0.399 -0.959  0.570  0.115  0.010   1.73
21 1 1 9010.63 3425.77 -1.156 -0.010  0.063  0.199  0.152  0.135  0.010   6.49
25 1 1 8608.46 3184.80 -1.010 -0.006  0.069 -0.010  0.149  0.138  0.010   6.61
 5 1 1 8568.84 2988.20  0.793  0.057  0.235 -0.456  0.460  0.122  0.010   2.15
25 1 1 8457.09 3198.90 -0.976 -0.011  0.071 -0.133  0.140  0.138  0.010   7.06
 9 1 1 9005.96 3577.11 -0.163  0.018  0.113 -0.180  0.235  0.116  0.010   4.19
 5 1 1 8725.75 3564.30 -0.117  0.015  0.120  1.691  1.275  0.116  0.010   0.77
 9 1 1 8542.40 3289.31 -0.128  0.015  0.115  0.077  0.299  0.119  0.010   3.30
25 1 1 8956.29 3227.35 -0.982  0.002  0.070  0.040  0.160  0.137  0.010   6.16
 9 1 1 8979.24 3083.88 -0.087 -0.086  0.113 -0.231  0.220  0.120  0.010   4.48
 5 1 1 8663.50 3054.38  0.705 -0.080  0.205  2.992  7.890  0.121  0.010   0.13
 9 1 1 8990.04 3217.50 -0.062  0.061  0.124  0.827  0.618  0.119  0.010   1.60
25 1 1 8846.84 3246.10 -0.981  0.018  0.071  0.180  0.181  0.137  0.010   5.45
 9 1 1 8797.81 3278.42 -0.097  0.028  0.119 -0.373  0.220  0.119  0.010   4.49
25 1 1 8811.02 3291.33 -0.591 -0.014  0.091 -0.079  0.201  0.137  0.010   4.91
 5 1 1 8866.22 3041.80 -0.104  0.001  0.116 -0.096  0.261  0.121  0.010   3.79
 9 1 1 8616.30 3068.37 -0.031  0.012  0.123  1.212  0.863  0.121  0.010   1.14
25 1 1 8997.99 2973.61 -0.931  0.009  0.073  0.037  0.168  0.140  0.010   5.89
 5 1 1 8697.24 3117.02 -0.065  0.035  0.122  0.623  0.507  0.121  0.010   1.95
17 1 1 9025.87 3429.38 -0.671 -0.034  0.084  0.275  0.242  0.134  0.010   4.09
 5 1 1 8500.29 3513.74  1.286  0.070  0.359 -0.341  0.779  0.117  0.010   1.27
17 1 1 8899.14 3066.77 -0.757  0.001  0.081  0.411  0.260  0.138  0.010   3.80
 1 1 1 8476.96 2980.19  0.517  0.030  0.187  0.300  0.645  0.122  0.010   1.53
 5 1 1 8877.44 3510.01  0.619 -0.047  0.194  1.103  1.316  0.117  0.010   0.75
25 1 1 8527.28 2976.48 -0.921  0.008  0.075 -0.005  0.165  0.140  0.010   5.98
29 1 1 8997.99 2973.61 -0.786  0.003  0.080  0.148  0.206  0.139  0.010   4.80
 1 1 1 8810.69 3150.99 -0.013 -0.007  0.124  0.030  0.307  0.120  0.010   3.21
29 1 1 8527.28 2976.48 -0.910 -0.064  0.072 -0.650  0.100  0.140  0.010   9.89
 5 1 1 9105.61 2956.56  0.564  0.090  0.201  2.101  3.635  0.122  0.010   0.27
 1 1 1 8795.93 3483.43 -0.115  0.127  0.122 -0.186  0.266  0.117  0.010   3.71
17 1 1 8932.83 3113.54 -0.737  0.014  0.083  0.341  0.251  0.138  0.010   3.93
29 1 1 8678.66 3079.61 -0.882  0.003  0.076  0.064  0.178  0.138  0.010   5.55
17 1 1 8920.42 3446.01 -0.128  0.061  0.131  0.247  0.413  0.134  0.010   2.39
 1 1 1 8458.77 3267.14 -0.701 -0.017  0.078 -0.338  0.130  0.120  0.010   7.62
 5 1 1 8846.64 3120.06  0.617 -0.012  0.198 -0.094  0.484  0.120  0.010   2.04
 1 1 1 8608.46 3184.80  0.033  0.005  0.129  0.398  0.438  0.120  0.010   2.25
29 1 1 8665.08 3019.25 -0.503  0.038  0.099  0.339  0.318  0.139  0.010   3.10
 1 1 1 8956.29 3227.35 -0.003 -0.143  0.117 -0.585  0.174  0.119  0.010   5.68
29 1 1 9135.69 3517.01 -0.894  0.018  0.075  0.596  0.273  0.133  0.010   3.61
 5 1 1 8797.40 3180.72  0.001  0.070  0.129  0.061  0.341  0.120  0.010   2.90
29 1 1 8909.76 2992.11 -0.879 -0.045  0.074 -0.590  0.106  0.139  0.010   9.29
17 1 1 8486.21 3470.86 -0.768  0.005  0.081  0.330  0.243  0.135  0.010   4.06
 5 1 1 8528.66 3364.26  1.194 -0.041  0.307  0.829  1.771  0.119  0.010   0.56
 1 1 1 8846.84 3246.10 -0.005  0.056  0.128  0.309  0.408  0.119  0.010   2.42
29 1 1 8721.24 3300.85 -0.354  0.019  0.108  0.599  0.451  0.136  0.010   2.19
17 1 1 8831.51 3455.41 -0.185  0.103  0.127 -0.094  0.308  0.134  0.010   3.20
 1 1 1 8811.02 3291.33 -0.693 -0.044  0.078 -0.017  0.160  0.119  0.010   6.18
17 1 1 8898.94 3535.67 -0.679  0.011  0.086 -0.184  0.173  0.133  0.010   5.72
 5 1 1 8867.85 3154.85 -0.040  0.011  0.123  1.710  1.342  0.120  0.010   0.74
17 1 1 9107.62 3005.22 -0.272  0.111  0.120  1.626  1.309  0.139  0.010   0.75
 5 1 1 8745.10 2969.22  0.046 -0.125  0.122 -0.255  0.235  0.122  0.010   4.20
17 1 1 8448.57 3242.73 -0.651 -0.054  0.086 -0.142  0.174  0.137  0.010   5.67
 5 1 1 8941.13 3391.94  0.095 -0.086  0.128 -0.392  0.227  0.118  0.010   4.35
29 1 1 8825.42 3487.94 -0.875  0.028  0.076  0.280  0.214  0.134  0.010   4.62
 1 1 1 8997.99 2973.61 -0.229 -0.009  0.106  0.086  0.266  0.122  0.010   3.71
29 1 1 9053.88 2957.98 -0.796 -0.016  0.078  0.138  0.199  0.140  0.010   4.97
 5 1 1 9044.85 3364.13  0.058  0.004  0.130 -0.017  0.319  0.118  0.010   3.10
17 1 1 9187.46 3586.53 -0.651 -0.027  0.086 -0.304  0.157  0.133  0.010   6.28
 5 1 1 8869.39 3435.39  0.432 -0.061  0.164  0.756  0.804  0.117  0.010   1.23
 1 1 1 8527.28 2976.48  0.091  0.025  0.135  0.196  0.402  0.122  0.010   2.46
29 1 1 8736.41 3197.03 -0.865 -0.011  0.075  0.203  0.200  0.137  0.010   4.94
 5 1 1 8734.53 3478.06 -0.062 -0.106  0.116 -0.705  0.163  0.117  0.010   6.06
 9 1 1 9006.44 3218.11 -0.050 -0.070  0.116 -0.096  0.255  0.119  0.010   3.86
21 1 1 9074.91 3350.24 -0.674 -0.018  0.086 -0.328  0.155  0.136  0.010   6.36
 9 1 1 9033.27 3615.90  0.042  0.104  0.137  0.514  0.545  0.116  0.010   1.81
25 1 1 8678.66 3079.61 -0.926  0.023  0.074  0.472  0.242  0.139  0.010   4.08
29 1 1 8807.24 2964.23 -0.778  0.017  0.081 -0.299  0.149  0.139  0.010   6.65
13 1 1 8457.09 3198.90  0.024  0.013  0.127  2.030  1.898  0.120  0.010   0.52
25 1 1 8665.08 3019.25 -0.571  0.025  0.094  0.367  0.304  0.140  0.010   3.25
13 1 1 8956.29 3227.35  0.021 -0.043  0.123 -0.429  0.216  0.119  0.010   4.57
25 1 1 9135.69 3517.01 -0.872 -0.040  0.075 -0.366  0.126  0.134  0.010   7.84
 5 1 1 8990.82 3182.18  0.221  0.078  0.152 -0.217  0.336  0.120  0.010   2.94
25 1 1 8909.76 2992.11 -0.841 -0.004  0.077 -0.172  0.152  0.140  0.010   6.50
 1 1 1 8678.66 3079.61  0.022 -0.136  0.120  0.361  0.375  0.121  0.010   2.63
25 1 1 8721.24 3300.85 -0.388  0.030  0.107  0.276  0.336  0.137  0.010   2.94
 9 1 1 9144.67 3594.00 -0.079 -0.053  0.116 -0.290  0.220  0.116  0.010   4.48
13 1 1 8846.84 3246.10 -0.081 -0.085  0.113 -0.956  0.139  0.119  0.010   7.11
 5 1 1 9002.33 3340.46  0.711 -0.036  0.207 -0.686  0.329  0.118  0.010   3.00
 1 1 1 8665.08 3019.25 -0.470  0.071  0.094  0.567  0.348  0.122  0.010   2.84
 5 1 1 8962.08 3332.34  0.050 -0.006  0.129 -0.188  0.273  0.119  0.010   3.63
 9 1 1 8874.62 3171.15 -0.789 -0.017  0.074 -0.561  0.106  0.120  0.010   9.35
13 1 1 8811.02 3291.33 -0.686  0.030  0.081 -0.145  0.158  0.119  0.010   6.27
 1 1 1 9135.69 3517.01  0.082  0.039  0.135  2.336  2.747  0.117  0.010   0.36
13 1 1 8997.99 2973.61 -0.232 -0.070  0.104 -0.576  0.156  0.122  0.010   6.32
 1 1 1 8909.76 2992.11  0.035 -0.065  0.123 -0.257  0.244  0.122  0.010   4.04
13 1 1 8527.28 2976.48  0.014 -0.116  0.120 -0.172  0.247  0.122  0.010   4.00
 5 1 1 8872.32 3527.27  1.035 -0.166  0.247 -0.545  0.429  0.117  0.010   2.30
17 1 1 9078.34 2959.28 -0.629  0.020  0.089  1.638  0.875  0.140  0.010   1.13
 9 1 1 8950.11 3485.16 -0.213 -0.024  0.106  0.051  0.259  0.117  0.010   3.81
 1 1 1 8721.24 3300.85 -0.623 -0.019  0.082  0.442  0.253  0.119  0.010   3.91
 9 1 1 9029.70 3239.31 -0.162 -0.046  0.108 -0.076  0.243  0.119  0.010   4.06
 1 1 1 8825.42 3487.94  0.050  0.095  0.135  0.066  0.365  0.117  0.010   2.71
 9 1 1 8476.96 2980.19  0.559 -0.093  0.183  0.927  1.050  0.122  0.010   0.94
 1 1 1 9016.00 3197.42 -0.051  0.037  0.121  1.122  0.792  0.120  0.010   1.25
29 1 1 8493.78 3007.78 -0.798  0.035  0.081  0.510  0.285  0.140  0.010   3.47
 1 1 1 9053.88 2957.98  0.279  0.024  0.153  0.245  0.489  0.122  0.010   2.02
21 1 1 9005.96 3577.11 -1.139  0.012  0.064  0.322  0.175  0.133  0.010   5.64
17 1 1 8574.69 3224.34 -0.604 -0.036  0.089  0.195  0.242  0.137  0.010   4.08
21 1 1 8542.40 3289.31 -1.123  0.039  0.065  0.409  0.197  0.137  0.010   5.01
13 1 1 8678.66 3079.61  0.057 -0.046  0.129 -0.445  0.222  0.121  0.010   4.45
 5 1 1 8583.33 3019.44  1.324 -0.161  0.323  0.731  1.652  0.122  0.010   0.60
25 1 1 8825.42 3487.94 -0.806  0.004  0.079  0.293  0.228  0.134  0.010   4.33
13 1 1 8665.08 3019.25 -0.667 -0.037  0.079 -0.243  0.141  0.121  0.010   7.00
21 1 1 8979.24 3083.88 -1.067 -0.033  0.066 -0.280  0.113  0.139  0.010   8.71
25 1 1 9016.00 3197.42 -0.815 -0.002  0.079  0.216  0.212  0.138  0.010   4.65
21 1 1 8990.04 3217.50 -1.059 -0.017  0.066 -0.090  0.131  0.137  0.010   7.52
13 1 1 9135.69 3517.01  0.187 -0.079  0.138  0.015  0.345  0.117  0.010   2.86
 1 1 1 8736.41 3197.03  0.125 -0.020  0.136  0.318  0.439  0.120  0.010   2.25
21 1 1 8797.81 3278.42 -1.161 -0.046  0.062 -0.225  0.108  0.136  0.010   9.18
25 1 1 9053.88 2957.98 -0.847 -0.008  0.077  0.690  0.305  0.140  0.010   3.24
21 1 1 8616.30 3068.37 -1.131 -0.051  0.063 -0.436  0.096  0.139  0.010  10.31
25 1 1 8736.41 3197.03 -0.771 -0.022  0.081 -0.573  0.121  0.138  0.010   8.14
21 1 1 9006.44 3218.11 -1.076 -0.002  0.066  0.048  0.146  0.137  0.010   6.78
25 1 1 8807.24 2964.23 -0.838 -0.026  0.077 -0.429  0.125  0.140  0.010   7.91
21 1 1 9033.27 3615.90 -1.049  0.059  0.069  0.223  0.183  0.133  0.010   5.38
25 1 1 8493.78 3007.78 -0.814 -0.076  0.077 -0.403  0.125  0.140  0.010   7.89
21 1 1 9144.67 3594.00 -1.036  0.022  0.069  0.288  0.187  0.133  0.010   5.29
29 1 1 8709.15 3441.42 -0.584  0.018  0.092  0.221  0.265  0.134  0.010   3.72
25 1 1 8709.15 3441.42 -0.769 -0.051  0.081 -0.308  0.143  0.135  0.010   6.92
29 1 1 9025.87 3429.38 -0.662 -0.032  0.085  0.495  0.292  0.134  0.010   3.38
25 1 1 9025.87 3429.38 -0.820 -0.011  0.079  0.491  0.265  0.135  0.010   3.73
29 1 1 8899.14 3066.77 -0.759 -0.011  0.081 -0.174  0.162  0.138  0.010   6.10
 9 1 1 8810.69 3150.99  0.108 -0.004  0.136  0.827  0.686  0.120  0.010   1.44
29 1 1 8932.83 3113.54 -0.703 -0.040  0.083 -0.521  0.128  0.138  0.010   7.69
25 1 1 8899.14 3066.77 -0.834  0.049  0.079  0.242  0.221  0.139  0.010   4.47
29 1 1 8920.42 3446.01 -0.053 -0.030  0.130 -0.307  0.259  0.134  0.010   3.81
25 1 1 8932.83 3113.54 -0.704  0.005  0.085  0.041  0.202  0.138  0.010   4.88
29 1 1 8486.21 3470.86 -0.746  0.074  0.085  0.553  0.318  0.135  0.010   3.10
 9 1 1 8922.29 3740.77 -0.645  0.030  0.084  2.747  2.169  0.114  0.010   0.45
29 1 1 8831.51 3455.41 -0.119 -0.027  0.127 -0.383  0.233  0.134  0.010   4.24
25 1 1 8920.42 3446.01 -0.252 -0.006  0.117 -0.317  0.226  0.135  0.010   4.37
29 1 1 8898.94 3535.67 -0.722 -0.039  0.082 -0.365  0.140  0.133  0.010   7.06
25 1 1 8486.21 3470.86 -0.738  0.012  0.083  0.177  0.222  0.135  0.010   4.44
29 1 1 8448.57 3242.73 -0.767 -0.101  0.078 -0.425  0.125  0.137  0.010   7.91
 9 1 1 8795.93 3483.43  0.160  0.030  0.144  0.361  0.495  0.117  0.010   1.99
29 1 1 9187.46 3586.53 -0.668 -0.025  0.085 -0.315  0.154  0.133  0.010   6.42
 9 1 1 8458.77 3267.14 -0.805 -0.021  0.073 -0.183  0.133  0.119  0.010   7.43
29 1 1 9078.34 2959.28 -0.648  0.029  0.088  0.113  0.230  0.140  0.010   4.29
 9 1 1 8608.46 3184.80  0.107 -0.025  0.133  0.208  0.390  0.120  0.010   2.53
25 1 1 8831.51 3455.41 -0.323  0.063  0.115 -0.071  0.273  0.135  0.010   3.62
 9 1 1 8457.09 3198.90 -0.020  0.009  0.124 -0.109  0.279  0.120  0.010   3.54
29 1 1 8574.69 3224.34 -0.690 -0.042  0.084 -0.216  0.163  0.137  0.010   6.06
25 1 1 8898.94 3535.67 -0.791 -0.003  0.080  0.095  0.194  0.134  0.010   5.08
29 1 1 8808.72 3050.42 -0.591  0.036  0.093 -0.232  0.186  0.139  0.010   5.30
25 1 1 9107.62 3005.22 -0.379  0.046  0.108  2.044  1.648  0.140  0.010   0.60
 9 1 1 8956.29 3227.35 -0.021 -0.040  0.120 -0.579  0.189  0.119  0.010   5.21
25 1 1 8448.57 3242.73 -0.633 -0.004  0.089  0.050  0.217  0.138  0.010   4.55
29 1 1 8749.26 3355.71 -0.216  0.015  0.120  0.478  0.453  0.135  0.010   2.18
 9 1 1 8846.84 3246.10 -0.038  0.035  0.125 -0.035  0.299  0.119  0.010   3.30
25 1 1 9187.46 3586.53 -0.689  0.060  0.088  0.200  0.245  0.133  0.010   4.03
29 1 1 9131.66 3551.68 -0.548 -0.024  0.093 -0.571  0.143  0.133  0.010   6.90
 9 1 1 8811.02 3291.33 -0.624 -0.005  0.083  0.190  0.210  0.119  0.010   4.71
29 1 1 8424.17 3049.94 -0.726  0.032  0.085 -0.118  0.181  0.139  0.010   5.45
25 1 1 9078.34 2959.28 -0.701  0.002  0.085 -0.147  0.176  0.140  0.010   5.60
 9 1 1 8527.28 2976.48 -0.058  0.010  0.122  2.104  1.906  0.122  0.010   0.52
29 1 1 8477.45 3238.77 -0.521  0.058  0.098  0.171  0.278  0.137  0.010   3.55
 9 1 1 8678.66 3079.61  0.070  0.028  0.136  0.471  0.501  0.121  0.010   1.97
29 1 1 8784.34 3126.56 -0.660  0.006  0.087  0.653  0.355  0.138  0.010   2.78
 9 1 1 8665.08 3019.25 -0.479  0.022  0.091  0.586  0.338  0.121  0.010   2.92
25 1 1 8574.69 3224.34 -0.693  0.009  0.086  0.625  0.338  0.138  0.010   2.92
21 1 1 8874.62 3171.15 -0.594 -0.097  0.087 -1.028  0.100  0.138  0.010   9.91
 1 1 1 8807.24 2964.23  0.128  0.026  0.139 -0.143  0.312  0.122  0.010   3.16
25 1 1 8808.72 3050.42 -0.555  0.028  0.095 -0.070  0.215  0.139  0.010   4.60
 9 1 1 9135.69 3517.01  0.022  0.060  0.131  0.036  0.343  0.117  0.010   2.87
25 1 1 8749.26 3355.71 -0.261  0.016  0.116  0.231  0.354  0.136  0.010   2.79
21 1 1 8950.11 3485.16 -1.029 -0.026  0.067 -0.079  0.134  0.134  0.010   7.36
 1 1 1 8493.78 3007.78  0.598 -0.107  0.182 -0.932  0.244  0.122  0.010   4.04
21 1 1 9029.70 3239.31 -1.011 -0.007  0.068  0.101  0.160  0.137  0.010   6.16
 1 1 1 8709.15 3441.42 -0.219  0.066  0.111  0.548  0.429  0.118  0.010   2.30
13 1 1 8909.76 2992.11  0.068 -0.075  0.126 -0.629  0.192  0.122  0.010   5.14
 9 1 1 8909.76 2992.11  0.156 -0.078  0.133 -0.244  0.271  0.121  0.010   3.64
13 1 1 8721.24 3300.85 -0.555 -0.065  0.084 -0.088  0.169  0.119  0.010   5.83
21 1 1 8476.96 2980.19 -1.106 -0.014  0.065  0.500  0.206  0.140  0.010   4.78
 9 1 1 8721.24 3300.85 -0.641  0.011  0.082  0.024  0.184  0.119  0.010   5.38
21 1 1 8810.69 3150.99 -1.001 -0.003  0.070  0.121  0.165  0.138  0.010   5.98
 5 1 1 8752.15 3458.85  0.108 -0.001  0.135  0.829  0.685  0.117  0.010   1.44
 1 1 1 9025.87 3429.38 -0.147  0.055  0.115 -0.018  0.278  0.118  0.010   3.56
 9 1 1 8825.42 3487.94  0.097 -0.034  0.132  0.307  0.420  0.117  0.010   2.35
 5 1 1 8594.32 3347.61  0.123  0.003  0.139  0.566  0.560  0.118  0.010   1.76
 9 1 1 9016.00 3197.42 -0.059 -0.080  0.115 -0.045  0.262  0.120  0.010   3.76
 1 1 1 8899.14 3066.77  0.350 -0.086  0.152 -0.960  0.197  0.121  0.010   5.02
 9 1 1 9053.88 2957.98  0.257 -0.018  0.150  0.504  0.583  0.122  0.010   1.69
13 1 1 8825.42 3487.94  0.101 -0.073  0.129 -0.264  0.257  0.117  0.010   3.84
 9 1 1 8736.41 3197.03  0.168 -0.079  0.137  0.001  0.336  0.119  0.010   2.94
13 1 1 9016.00 3197.42  0.035 -0.045  0.124 -0.005  0.303  0.120  0.010   3.26
 1 1 1 8932.83 3113.54  0.546  0.071  0.195 -0.205  0.445  0.121  0.010   2.22
21 1 1 8922.29 3740.77 -0.766  0.025  0.083  0.880  0.412  0.131  0.010   2.40
 1 1 1 8920.42 3446.01 -0.517  0.039  0.089  0.374  0.272  0.118  0.010   3.63
21 1 1 8795.93 3483.43 -0.990  0.013  0.070  0.322  0.198  0.134  0.010   4.99
 9 1 1 8807.24 2964.23  0.176 -0.011  0.143  0.381  0.490  0.122  0.010   2.01
13 1 1 9053.88 2957.98  0.177  0.026  0.143  2.288  2.816  0.122  0.010   0.35
21 1 1 8458.77 3267.14 -0.437  0.034  0.103 -0.275  0.204  0.137  0.010   4.84
 9 1 1 8493.78 3007.78  0.696 -0.029  0.207 -0.854  0.300  0.122  0.010   3.29
21 1 1 8608.46 3184.80 -0.972  0.007  0.071 -0.178  0.136  0.138  0.010   7.29
 9 1 1 8709.15 3441.42 -0.319 -0.057  0.100 -0.451  0.163  0.117  0.010   6.06
13 1 1 8736.41 3197.03  0.162  0.008  0.144 -0.562  0.236  0.120  0.010   4.19
21 1 1 8457.09 3198.90 -0.971  0.012  0.071  0.118  0.171  0.138  0.010   5.77
13 1 1 8807.24 2964.23  0.099  0.039  0.137  0.464  0.511  0.122  0.010   1.93
 9 1 1 9025.87 3429.38 -0.149  0.088  0.117  2.393  2.443  0.117  0.010   0.40
13 1 1 8493.78 3007.78  0.693 -0.011  0.210 -1.096  0.265  0.122  0.010   3.73
21 1 1 8956.29 3227.35 -0.920 -0.002  0.073 -0.062  0.152  0.137  0.010   6.48
13 1 1 8709.15 3441.42 -0.200 -0.003  0.110  0.055  0.274  0.117  0.010   3.60
21 1 1 8846.84 3246.10 -0.926  0.020  0.073 -0.205  0.139  0.137  0.010   7.12
13 1 1 9025.87 3429.38 -0.087 -0.078  0.113  0.061  0.281  0.117  0.010   3.52
21 1 1 8811.02 3291.33 -0.545  0.066  0.096  0.602  0.388  0.136  0.010   2.55
 9 1 1 8899.14 3066.77  0.450  0.018  0.176  2.491  4.279  0.121  0.010   0.23
21 1 1 8997.99 2973.61 -0.855  0.064  0.078  1.464  0.633  0.140  0.010   1.56
13 1 1 8899.14 3066.77  0.557 -0.021  0.186  0.668  0.872  0.121  0.010   1.13
 9 1 1 8920.42 3446.01 -0.439 -0.022  0.092 -0.116  0.190  0.117  0.010   5.20
21 1 1 8527.28 2976.48 -0.887  0.012  0.075  0.264  0.208  0.140  0.010   4.74
 9 1 1 8486.21 3470.86  0.766  0.064  0.232  2.937  9.101  0.117  0.010   0.11
13 1 1 8932.83 3113.54  0.198  0.035  0.145  0.528  0.584  0.120  0.010   1.69
21 1 1 8678.66 3079.61 -0.886 -0.048  0.074 -0.328  0.126  0.139  0.010   7.82
13 1 1 8920.42 3446.01 -0.502  0.039  0.091  0.047  0.215  0.117  0.010   4.59
21 1 1 8665.08 3019.25 -0.413  0.028  0.105  0.066  0.272  0.139  0.010   3.63
 9 1 1 8831.51 3455.41 -0.470 -0.051  0.089 -0.372  0.149  0.117  0.010   6.61
13 1 1 8831.51 3455.41 -0.492 -0.044  0.088 -0.100  0.179  0.117  0.010   5.52
 9 1 1 8898.94 3535.67  0.579 -0.103  0.180 -0.263  0.378  0.116  0.010   2.61
13 1 1 8898.94 3535.67  0.310  0.083  0.164 -0.060  0.414  0.116  0.010   2.38
21 1 1 9135.69 3517.01 -0.862 -0.016  0.075 -0.141  0.150  0.134  0.010   6.57
13 1 1 9107.62 3005.22 -0.414 -0.004  0.095  0.385  0.297  0.121  0.010   3.33
 9 1 1 9107.62 3005.22 -0.399  0.043  0.097  0.723  0.418  0.121  0.010   2.36
13 1 1 8448.57 3242.73  0.195 -0.121  0.136  0.186  0.383  0.120  0.010   2.58
 1 1 1 8486.21 3470.86  0.820 -0.189  0.208 -0.314  0.417  0.118  0.010   2.37
25 1 1 9131.66 3551.68 -0.617  0.018  0.091  0.810  0.425  0.134  0.010   2.32
 9 1 1 8448.57 3242.73  0.406  0.098  0.180  0.612  0.810  0.119  0.010   1.22
17 1 1 8808.72 3050.42 -0.625 -0.036  0.087 -0.193  0.175  0.139  0.010   5.65
 9 1 1 9078.34 2959.28  0.249  0.026  0.154  0.647  0.687  0.122  0.010   1.44
 5 1 1 8446.76 3095.40  1.380 -0.095  0.343 -1.147  0.432  0.121  0.010   2.28
25 1 1 8424.17 3049.94 -0.481 -0.022  0.099 -0.120  0.213  0.140  0.010   4.64
 9 1 1 8574.69 3224.34  0.856  0.008  0.242 -0.720  0.385  0.119  0.010   2.56
17 1 1 8749.26 3355.71 -0.172  0.028  0.124  0.204  0.376  0.135  0.010   2.63
 5 1 1 8939.10 3152.52  0.316  0.013  0.157  0.254  0.505  0.120  0.010   1.96
17 1 1 9131.66 3551.68 -0.654  0.019  0.088 -0.317  0.162  0.133  0.010   6.09
 9 1 1 8808.72 3050.42  0.297  0.094  0.165 -0.210  0.367  0.121  0.010   2.69
29 1 1 9110.91 3606.78 -0.270 -0.009  0.113 -0.077  0.262  0.132  0.010   3.77
25 1 1 8477.45 3238.77 -0.584  0.008  0.092  0.117  0.240  0.138  0.010   4.11
29 1 1 8724.07 3355.18 -0.553  0.014  0.095 -0.216  0.192  0.135  0.010   5.14
25 1 1 9110.91 3606.78 -0.378  0.069  0.109  1.469  0.994  0.133  0.010   0.99
 5 1 1 8987.77 3128.59  0.226 -0.100  0.139 -0.336  0.263  0.121  0.010   3.75
17 1 1 8424.17 3049.94 -0.597 -0.022  0.090  0.050  0.220  0.139  0.010   4.49
 5 1 1 8721.87 3075.71  0.994 -0.072  0.253  0.671  1.247  0.121  0.010   0.79
25 1 1 8724.07 3355.18 -0.632  0.012  0.090 -0.061  0.202  0.136  0.010   4.87
29 1 1 8998.19 3278.05 -0.234  0.018  0.117 -0.076  0.278  0.136  0.010   3.55
17 1 1 8477.45 3238.77 -0.559 -0.022  0.091  0.246  0.264  0.137  0.010   3.74
25 1 1 8998.19 3278.05 -0.263  0.021  0.116  0.040  0.303  0.137  0.010   3.26
 5 1 1 8566.42 2974.36  1.359 -0.087  0.345 -0.705  0.563  0.122  0.010   1.75
25 1 1 8457.88 3582.44 -0.566  0.015  0.094  0.062  0.232  0.134  0.010   4.25
17 1 1 8784.34 3126.56 -0.604  0.085  0.094  0.718  0.422  0.138  0.010   2.34
25 1 1 8626.49 2956.92 -0.571 -0.012  0.092  0.036  0.224  0.140  0.010   4.41
 5 1 1 8788.35 3000.47  0.150 -0.002  0.142  0.109  0.385  0.122  0.010   2.56
29 1 1 8457.88 3582.44 -0.626 -0.056  0.086 -0.501  0.136  0.133  0.010   7.28
25 1 1 8435.36 3329.06 -0.513 -0.109  0.092 -0.634  0.133  0.137  0.010   7.42
29 1 1 8626.49 2956.92 -0.593  0.006  0.091  1.340  0.692  0.140  0.010   1.43
17 1 1 9110.91 3606.78 -0.419  0.010  0.103  0.328  0.329  0.132  0.010   3.01
25 1 1 8656.42 3115.67 -0.591  0.076  0.094  0.916  0.500  0.139  0.010   1.97
29 1 1 8435.36 3329.06 -0.474 -0.045  0.098 -0.722  0.137  0.136  0.010   7.21
17 1 1 8724.07 3355.18 -0.597 -0.059  0.089 -0.914  0.109  0.136  0.010   9.05
 5 1 1 9143.81 3490.11  0.343  0.046  0.165  0.213  0.521  0.117  0.010   1.90
13 1 1 9187.46 3586.53  1.049  0.003  0.278  1.306  2.491  0.116  0.010   0.40
29 1 1 8656.42 3115.67 -0.499  0.034  0.099 -0.225  0.202  0.138  0.010   4.89
25 1 1 8489.49 2969.67  0.014  0.025  0.144  0.259  0.469  0.141  0.010   2.11
29 1 1 8489.49 2969.67 -0.019  0.029  0.141  0.209  0.437  0.140  0.010   2.26
17 1 1 8998.19 3278.05 -0.153 -0.011  0.123  0.413  0.438  0.136  0.010   2.26
13 1 1 9078.34 2959.28  0.357  0.157  0.177  1.588  1.980  0.122  0.010   0.50
29 1 1 8955.51 3405.48 -0.577  0.029  0.092  0.454  0.320  0.135  0.010   3.08
25 1 1 8955.51 3405.48 -0.379  0.016  0.107  0.046  0.274  0.135  0.010   3.60
13 1 1 8574.69 3224.34  1.032 -0.012  0.274 -0.293  0.606  0.120  0.010   1.63
25 1 1 8790.48 3631.54 -0.373  0.016  0.110  1.868  1.402  0.133  0.010   0.70
29 1 1 8790.48 3631.54 -0.408  0.085  0.109  3.578  6.862  0.132  0.010   0.14
25 1 1 8770.95 3506.02 -0.453  0.004  0.101  1.151  0.660  0.134  0.010   1.50
17 1 1 8457.88 3582.44 -0.563  0.057  0.095  0.177  0.264  0.133  0.010   3.74
29 1 1 8770.95 3506.02 -0.392  0.025  0.105  0.314  0.340  0.134  0.010   2.91
13 1 1 8808.72 3050.42  0.360 -0.012  0.162  0.746  0.793  0.121  0.010   1.24
 1 1 1 8831.51 3455.41 -0.487 -0.017  0.088 -0.101  0.182  0.118  0.010   5.44
29 1 1 8500.00 3073.89 -0.407 -0.019  0.104  0.089  0.268  0.139  0.010   3.68
 9 1 1 8749.26 3355.71 -0.231 -0.042  0.104 -0.039  0.236  0.118  0.010   4.18
29 1 1 8568.84 2988.20 -0.518 -0.024  0.095 -0.454  0.160  0.140  0.010   6.15
21 1 1 8909.76 2992.11 -0.859  0.033  0.077  0.526  0.268  0.140  0.010   3.68
17 1 1 8690.08 3611.13 -0.027  0.110  0.148  4.586 25.101  0.133  0.010   0.04
25 1 1 8500.00 3073.89 -0.473  0.037  0.101  1.180  0.681  0.139  0.010   1.45
21 1 1 8721.24 3300.85 -0.449  0.017  0.101  1.040  0.610  0.136  0.010   1.62
 1 1 1 8898.94 3535.67  0.394 -0.013  0.164 -0.022  0.416  0.117  0.010   2.37
25 1 1 8568.84 2988.20 -0.440 -0.091  0.098 -0.300  0.181  0.140  0.010   5.46
 1 1 1 9107.62 3005.22 -0.399  0.007  0.097 -0.284  0.179  0.122  0.010   5.51
25 1 1 8663.50 3054.38 -0.429 -0.000  0.102  0.440  0.357  0.139  0.010   2.77
21 1 1 8825.42 3487.94 -0.892 -0.018  0.073 -0.040  0.156  0.134  0.010   6.32
17 1 1 8435.36 3329.06 -0.543 -0.032  0.093 -0.031  0.213  0.136  0.010   4.63
 1 1 1 9187.46 3586.53  1.272 -0.230  0.293 -0.413  0.557  0.116  0.010   1.77
25 1 1 8825.48 3053.62 -0.378  0.013  0.108  0.284  0.332  0.139  0.010   2.98
17 1 1 8656.42 3115.67 -0.563  0.014  0.093  0.712  0.405  0.138  0.010   2.43
21 1 1 9016.00 3197.42 -0.912  0.007  0.073 -0.380  0.123  0.137  0.010   8.02
25 1 1 8866.22 3041.80  0.103 -0.021  0.149 -0.205  0.329  0.139  0.010   3.00
17 1 1 8489.49 2969.67  0.101  0.016  0.154 -0.697  0.239  0.140  0.010   4.14
25 1 1 8697.24 3117.02  0.167  0.128  0.171  4.690 33.411  0.139  0.010   0.03
21 1 1 9053.88 2957.98 -0.898 -0.006  0.073 -0.002  0.163  0.140  0.010   6.05
25 1 1 8500.29 3513.74 -0.451 -0.013  0.099  0.145  0.269  0.135  0.010   3.66
21 1 1 8736.41 3197.03 -0.824 -0.064  0.075 -0.367  0.127  0.137  0.010   7.77
17 1 1 8955.51 3405.48 -0.482  0.016  0.098  0.130  0.263  0.135  0.010   3.75
25 1 1 8705.76 3098.24 -0.318  0.034  0.112  1.475  1.024  0.139  0.010   0.96
 1 1 1 8574.69 3224.34  0.730  0.020  0.217 -0.803  0.328  0.120  0.010   3.00
21 1 1 8807.24 2964.23 -0.758 -0.023  0.080  0.134  0.201  0.140  0.010   4.90
25 1 1 8877.44 3510.01 -0.363 -0.064  0.104  0.039  0.255  0.134  0.010   3.87
17 1 1 8790.48 3631.54 -0.425 -0.006  0.103 -0.080  0.236  0.132  0.010   4.18
21 1 1 8493.78 3007.78 -0.873 -0.022  0.075 -0.246  0.138  0.140  0.010   7.14
25 1 1 9105.61 2956.56 -0.272  0.043  0.116  1.769  1.414  0.140  0.010   0.70
21 1 1 8709.15 3441.42 -0.663  0.033  0.088  0.117  0.229  0.135  0.010   4.31
25 1 1 8846.64 3120.06 -0.433 -0.002  0.102  0.355  0.330  0.138  0.010   2.99
 1 1 1 8808.72 3050.42  0.385 -0.104  0.157 -0.467  0.275  0.121  0.010   3.59
25 1 1 8797.40 3180.72  0.142 -0.044  0.153  0.862  0.835  0.138  0.010   1.18
 1 1 1 8749.26 3355.71 -0.355 -0.063  0.095  0.124  0.236  0.118  0.010   4.19
17 1 1 8770.95 3506.02 -0.487 -0.031  0.097 -0.355  0.176  0.134  0.010   5.59
 1 1 1 9131.66 3551.68  0.370  0.041  0.168  1.349  1.441  0.117  0.010   0.69
25 1 1 8528.66 3364.26 -0.297 -0.017  0.111  0.730  0.516  0.136  0.010   1.91
 1 1 1 8424.17 3049.94  0.819 -0.075  0.221 -1.317  0.249  0.122  0.010   3.96
21 1 1 9025.87 3429.38 -0.666  0.027  0.086  0.671  0.356  0.135  0.010   2.77
17 1 1 8500.00 3073.89 -0.408 -0.038  0.102 -0.158  0.215  0.139  0.010   4.58
21 1 1 8899.14 3066.77 -0.846 -0.006  0.076 -0.102  0.158  0.139  0.010   6.24
17 1 1 8568.84 2988.20 -0.447 -0.016  0.100 -0.103  0.223  0.140  0.010   4.42
21 1 1 8932.83 3113.54 -0.734 -0.049  0.080  0.464  0.264  0.138  0.010   3.74
 1 1 1 8477.45 3238.77  0.267 -0.043  0.147  0.344  0.495  0.120  0.010   2.00
21 1 1 8920.42 3446.01 -0.313 -0.010  0.109 -0.239  0.221  0.135  0.010   4.48
13 1 1 8749.26 3355.71 -0.197  0.009  0.110  0.587  0.429  0.118  0.010   2.30
 1 1 1 9110.91 3606.78 -0.106 -0.048  0.115  0.197  0.316  0.116  0.010   3.12
21 1 1 8486.21 3470.86 -0.745  0.036  0.083  4.672 12.893  0.135  0.010   0.08
17 1 1 8663.50 3054.38 -0.471  0.025  0.100  0.109  0.268  0.139  0.010   3.69
21 1 1 8898.94 3535.67 -0.645  0.012  0.088 -0.374  0.154  0.134  0.010   6.42
13 1 1 9131.66 3551.68  0.380 -0.021  0.163  0.307  0.547  0.116  0.010   1.80
17 1 1 8825.48 3053.62 -0.430 -0.062  0.100 -0.125  0.213  0.139  0.010   4.64
25 1 1 8867.85 3154.85  0.119 -0.028  0.152  1.014  0.953  0.138  0.010   1.04
 1 1 1 8724.07 3355.18  0.716 -0.013  0.213 -0.171  0.499  0.118  0.010   1.98
 9 1 1 9131.66 3551.68  0.328  0.051  0.163  2.405  3.687  0.116  0.010   0.27
 5 1 1 8854.52 3196.50  0.415  0.110  0.180  0.119  0.541  0.120  0.010   1.83
 1 1 1 8998.19 3278.05 -0.282 -0.037  0.101 -0.077  0.218  0.119  0.010   4.54
13 1 1 8424.17 3049.94  0.899  0.043  0.255 -0.626  0.439  0.121  0.010   2.25
17 1 1 8866.22 3041.80  0.161 -0.030  0.155 -0.792  0.224  0.139  0.010   4.41
 1 1 1 8457.88 3582.44  1.002 -0.019  0.260 -0.650  0.441  0.117  0.010   2.24
13 1 1 8477.45 3238.77  0.311 -0.079  0.150 -0.749  0.218  0.120  0.010   4.52
17 1 1 8500.29 3513.74 -0.302  0.118  0.118  1.733  1.407  0.134  0.010   0.70
 9 1 1 8424.17 3049.94  0.867 -0.106  0.227 -0.845  0.325  0.121  0.010   3.04
17 1 1 8705.76 3098.24 -0.383 -0.003  0.105  0.501  0.392  0.138  0.010   2.51
 1 1 1 8690.08 3611.13 -0.318  0.022  0.105  1.348  0.773  0.116  0.010   1.28
13 1 1 8784.34 3126.56  0.667  0.134  0.221  1.466  2.285  0.120  0.010   0.43
 9 1 1 8477.45 3238.77  0.166 -0.019  0.139 -0.200  0.297  0.119  0.010   3.32
13 1 1 9110.91 3606.78 -0.243 -0.017  0.105  0.203  0.290  0.116  0.010   3.40
17 1 1 8877.44 3510.01 -0.383 -0.006  0.104 -0.138  0.227  0.134  0.010   4.35
13 1 1 8724.07 3355.18  0.360  0.049  0.168  0.452  0.652  0.118  0.010   1.51
29 1 1 8663.50 3054.38 -0.351 -0.052  0.106 -0.107  0.234  0.139  0.010   4.22
25 1 1 9084.64 3489.47 -0.250 -0.020  0.117  0.233  0.350  0.134  0.010   2.82
21 1 1 9107.62 3005.22 -0.341  0.069  0.113  0.422  0.404  0.139  0.010   2.45
29 1 1 8825.48 3053.62 -0.439  0.004  0.102 -0.334  0.191  0.139  0.010   5.15
 5 1 1 8590.35 3083.00  1.284 -0.019  0.340  0.243  1.169  0.121  0.010   0.84
17 1 1 9105.61 2956.56 -0.328  0.027  0.111  1.123  0.729  0.140  0.010   1.35
 1 1 1 8435.36 3329.06  0.514  0.018  0.183 -0.670  0.297  0.119  0.010   3.33
 9 1 1 8784.34 3126.56  0.634 -0.117  0.188 -1.116  0.228  0.120  0.010   4.33
17 1 1 8846.64 3120.06 -0.176 -0.047  0.120 -0.299  0.233  0.138  0.010   4.24
13 1 1 8998.19 3278.05 -0.268  0.005  0.104  0.059  0.257  0.119  0.010   3.84
17 1 1 8797.40 3180.72  0.419  0.068  0.200  0.919  1.240  0.137  0.010   0.80
21 1 1 8448.57 3242.73 -0.725  0.001  0.083 -0.136  0.171  0.137  0.010   5.77
29 1 1 8866.22 3041.80  0.133 -0.010  0.154 -0.447  0.283  0.139  0.010   3.49
17 1 1 8528.66 3364.26 -0.342  0.023  0.109  0.454  0.399  0.136  0.010   2.47
29 1 1 8697.24 3117.02  0.144  0.020  0.160  0.157  0.483  0.138  0.010   2.05
 9 1 1 9110.91 3606.78 -0.126 -0.003  0.115  0.147  0.310  0.116  0.010   3.18
 1 1 1 8656.42 3115.67  0.913 -0.022  0.245  0.163  0.774  0.121  0.010   1.28
29 1 1 8877.44 3510.01 -0.376  0.044  0.106  5.369 34.100  0.133  0.010   0.03
 9 1 1 8724.07 3355.18  0.471  0.050  0.182 -1.039  0.237  0.118  0.010   4.17
29 1 1 9105.61 2956.56 -0.313  0.052  0.113  1.525  1.098  0.140  0.010   0.90
 9 1 1 8998.19 3278.05 -0.250 -0.029  0.104  0.061  0.255  0.119  0.010   3.87
29 1 1 8846.64 3120.06 -0.359 -0.026  0.106 -0.676  0.157  0.138  0.010   6.30
 1 1 1 8489.49 2969.67 -0.325 -0.041  0.099 -0.334  0.175  0.122  0.010   5.66
13 1 1 8721.17 3112.66 -0.367  0.095  0.103  3.496  5.631  0.120  0.010   0.18
29 1 1 8528.66 3364.26 -0.351 -0.032  0.106  0.110  0.283  0.136  0.010   3.49
 5 1 1 8585.20 3294.15  0.268  0.097  0.164  2.510  4.047  0.119  0.010   0.24
 9 1 1 8457.88 3582.44  0.707 -0.104  0.202 -0.591  0.333  0.116  0.010   2.96
17 1 1 9084.64 3489.47 -0.257 -0.014  0.115  0.035  0.293  0.134  0.010   3.37
21 1 1 9187.46 3586.53 -0.679  0.026  0.086  0.236  0.244  0.133  0.010   4.05
 9 1 1 8626.49 2956.92  1.032 -0.244  0.239 -0.387  0.457  0.122  0.010   2.16
21 1 1 9078.34 2959.28 -0.602 -0.059  0.088 -0.221  0.169  0.140  0.010   5.83
17 1 1 8745.10 2969.22  0.194 -0.162  0.151 -0.650  0.226  0.140  0.010   4.37
25 1 1 8745.10 2969.22  0.116 -0.051  0.151 -0.465  0.267  0.140  0.010   3.71
17 1 1 9044.85 3364.13  0.229 -0.022  0.163 -0.178  0.371  0.135  0.010   2.66
 9 1 1 8435.36 3329.06  0.447 -0.104  0.166  0.062  0.444  0.119  0.010   2.22
29 1 1 9084.64 3489.47 -0.287  0.076  0.118  0.316  0.390  0.134  0.010   2.53
21 1 1 8574.69 3224.34 -0.612  0.042  0.091  0.020  0.221  0.137  0.010   4.46
29 1 1 8745.10 2969.22  0.353  0.028  0.187 -0.627  0.313  0.140  0.010   3.16
25 1 1 8941.13 3391.94  0.130 -0.072  0.151 -0.438  0.271  0.135  0.010   3.64
21 1 1 8808.72 3050.42 -0.647  0.023  0.088  0.924  0.455  0.139  0.010   2.17
29 1 1 8941.13 3391.94  0.067  0.111  0.153 -0.178  0.361  0.135  0.010   2.74
25 1 1 8869.39 3435.39 -0.319 -0.009  0.112 -0.390  0.202  0.135  0.010   4.90
17 1 1 8869.39 3435.39 -0.228  0.085  0.121  0.378  0.431  0.134  0.010   2.29
29 1 1 8869.39 3435.39 -0.215 -0.004  0.118 -0.345  0.224  0.134  0.010   4.42
 5 1 1 8783.59 3319.34  0.293  0.059  0.160 -0.033  0.406  0.119  0.010   2.43
21 1 1 8749.26 3355.71 -0.287 -0.045  0.110  0.077  0.286  0.136  0.010   3.46
 1 1 1 8955.51 3405.48  0.496 -0.096  0.168 -0.571  0.279  0.118  0.010   3.53
 5 1 1 8876.95 3289.84  0.939  0.003  0.253 -0.807  0.385  0.119  0.010   2.56
25 1 1 8734.53 3478.06  0.168 -0.046  0.158 -0.896  0.212  0.135  0.010   4.65
21 1 1 9131.66 3551.68 -0.565 -0.011  0.092  0.104  0.235  0.133  0.010   4.21
25 1 1 8990.82 3182.18 -0.109  0.127  0.138  0.090  0.397  0.138  0.010   2.49
 5 1 1 8988.44 3005.51  0.900  0.047  0.252 -0.154  0.630  0.122  0.010   1.57
25 1 1 9002.33 3340.46 -0.094 -0.026  0.129 -0.010  0.323  0.136  0.010   3.06
 5 1 1 8505.89 3335.73  0.481  0.031  0.182  1.370  1.612  0.119  0.010   0.61
25 1 1 8962.08 3332.34  0.521  0.034  0.215 -0.276  0.476  0.136  0.010   2.08
21 1 1 8424.17 3049.94 -0.648 -0.011  0.088  0.064  0.214  0.139  0.010   4.60
29 1 1 8734.53 3478.06  0.392 -0.082  0.184 -0.610  0.300  0.134  0.010   3.29
 5 1 1 8502.88 2978.75  0.549 -0.171  0.174 -0.058  0.413  0.122  0.010   2.39
25 1 1 8872.32 3527.27 -0.178  0.041  0.125 -0.553  0.209  0.134  0.010   4.73
 5 1 1 8591.61 3070.04  1.440 -0.121  0.363 -0.864  0.526  0.121  0.010   1.88
29 1 1 8990.82 3182.18  0.011  0.003  0.140 -0.142  0.323  0.137  0.010   3.06
25 1 1 8583.33 3019.44 -0.240  0.064  0.120  0.028  0.317  0.140  0.010   3.11
29 1 1 9002.33 3340.46 -0.178 -0.000  0.121 -0.550  0.201  0.135  0.010   4.92
25 1 1 8752.15 3458.85  0.353 -0.027  0.186  0.391  0.679  0.135  0.010   1.45
29 1 1 8962.08 3332.34  0.499 -0.062  0.200 -0.555  0.342  0.136  0.010   2.89
 5 1 1 8977.05 3055.22  0.286  0.064  0.158  0.071  0.441  0.121  0.010   2.24
25 1 1 8411.45 3312.00 -0.161  0.121  0.131  0.645  0.607  0.137  0.010   1.63
29 1 1 8583.33 3019.44 -0.169  0.011  0.123  1.171  0.872  0.139  0.010   1.13
25 1 1 8446.76 3095.40 -0.079 -0.078  0.127 -0.436  0.224  0.139  0.010   4.40
21 1 1 8477.45 3238.77 -0.568 -0.050  0.090 -0.202  0.178  0.137  0.010   5.56
25 1 1 8878.57 3609.47  0.159 -0.018  0.158  1.380  1.386  0.133  0.010   0.71
 5 1 1 8814.55 3531.36  0.550  0.087  0.197  6.296 164.932  0.116  0.010   0.01
25 1 1 8672.36 3262.73  0.675 -0.065  0.231  2.660  6.867  0.137  0.010   0.14
29 1 1 8752.15 3458.85  0.213  0.049  0.169  0.191  0.537  0.134  0.010   1.84
 1 1 1 8568.84 2988.20  1.049 -0.084  0.262  0.613  1.236  0.122  0.010   0.80
21 1 1 8784.34 3126.56 -0.607  0.035  0.092  3.274  4.062  0.138  0.010   0.24
 5 1 1 8977.25 2960.08  0.556  0.018  0.192 -0.042  0.493  0.122  0.010   2.00
21 1 1 9110.91 3606.78 -0.310 -0.012  0.110 -0.062  0.257  0.133  0.010   3.85
 5 1 1 9049.24 3583.96  0.741 -0.073  0.212 -0.315  0.428  0.116  0.010   2.31
21 1 1 8724.07 3355.18 -0.619 -0.017  0.089 -0.414  0.152  0.136  0.010   6.49
 5 1 1 8890.40 3494.79  0.540 -0.115  0.174 -0.593  0.281  0.117  0.010   3.51
 1 1 1 8725.75 3564.30  0.074 -0.110  0.130  1.321  0.973  0.116  0.010   1.01
17 1 1 8734.53 3478.06  0.320 -0.145  0.169 -0.538  0.282  0.134  0.010   3.50
 1 1 1 8663.50 3054.38  0.785  0.003  0.229 -0.764  0.350  0.121  0.010   2.82
13 1 1 8457.88 3582.44  0.824 -0.149  0.212 -0.521  0.367  0.116  0.010   2.69
 9 1 1 8656.42 3115.67  0.974  0.090  0.279 -0.901  0.412  0.120  0.010   2.39
29 1 1 8411.45 3312.00 -0.139  0.014  0.126 -0.059  0.308  0.136  0.010   3.21
 1 1 1 8825.48 3053.62  0.948 -0.048  0.249 -1.390  0.276  0.121  0.010   3.57
29 1 1 8446.76 3095.40 -0.197  0.010  0.121 -0.299  0.242  0.139  0.010   4.08
 9 1 1 8489.49 2969.67 -0.272  0.076  0.108  0.240  0.319  0.122  0.010   3.10
 1 1 1 8866.22 3041.80 -0.169  0.043  0.113 -0.322  0.215  0.121  0.010   4.60
 9 1 1 8955.51 3405.48  0.307 -0.029  0.155 -0.839  0.215  0.118  0.010   4.59
25 1 1 8939.10 3152.52  0.293  0.061  0.183  0.587  0.819  0.138  0.010   1.21
 1 1 1 8697.24 3117.02 -0.145  0.039  0.116  1.020  0.674  0.121  0.010   1.47
25 1 1 8559.82 2960.06  0.031 -0.100  0.138  0.381  0.472  0.141  0.010   2.09
 5 1 1 8434.35 3154.34  1.218 -0.143  0.293 -0.999  0.388  0.121  0.010   2.55
 1 1 1 8500.29 3513.74  1.263 -0.228  0.291  1.641  3.296  0.117  0.010   0.30
 9 1 1 8568.84 2988.20  1.059  0.051  0.289 -0.676  0.495  0.122  0.010   1.99
 5 1 1 8636.42 3485.21  0.547 -0.258  0.169 -0.502  0.272  0.117  0.010   3.63
 9 1 1 8725.75 3564.30 -0.114  0.067  0.123  0.471  0.460  0.116  0.010   2.14
 1 1 1 9105.61 2956.56  0.467 -0.031  0.173 -0.207  0.383  0.122  0.010   2.58
21 1 1 8457.88 3582.44 -0.632 -0.019  0.087 -0.063  0.192  0.134  0.010   5.15
 1 1 1 8797.40 3180.72 -0.087 -0.079  0.112 -0.370  0.199  0.120  0.010   4.97
21 1 1 8626.49 2956.92 -0.614  0.067  0.092  0.240  0.271  0.140  0.010   3.64
17 1 1 8990.82 3182.18  0.144  0.057  0.158  0.397  0.602  0.137  0.010   1.64
 5 1 1 8854.70 3055.22  1.053 -0.066  0.270 -0.831  0.398  0.121  0.010   2.48
25 1 1 8566.42 2974.36 -0.168  0.016  0.125  0.846  0.658  0.140  0.010   1.50
17 1 1 9002.33 3340.46 -0.244 -0.001  0.115  0.266  0.357  0.135  0.010   2.76
 5 1 1 9186.08 3546.27  0.499  0.147  0.195  2.364  4.471  0.117  0.010   0.22
17 1 1 8962.08 3332.34  0.297 -0.076  0.168  1.079  1.111  0.136  0.010   0.89
 5 1 1 8938.53 3539.82  0.692 -0.017  0.204 -0.524  0.366  0.117  0.010   2.70
 9 1 1 8663.50 3054.38  0.751 -0.052  0.213 -0.684  0.342  0.121  0.010   2.89
25 1 1 8788.35 3000.47  0.577 -0.064  0.213 -0.744  0.323  0.140  0.010   3.06
 5 1 1 9117.76 3557.29  0.663  0.126  0.218  1.379  2.068  0.116  0.010   0.48
17 1 1 8872.32 3527.27 -0.327  0.006  0.109 -0.427  0.194  0.133  0.010   5.09
25 1 1 8854.52 3196.50  0.276 -0.148  0.164 -0.402  0.298  0.138  0.010   3.32
 5 1 1 8556.31 3113.47  1.016  0.092  0.289 -1.241  0.351  0.121  0.010   2.81
 9 1 1 8825.48 3053.62  0.771 -0.077  0.216 -0.921  0.293  0.121  0.010   3.37
 5 1 1 8880.09 2962.86  0.906  0.094  0.263  0.438  1.094  0.122  0.010   0.90
17 1 1 8583.33 3019.44 -0.119  0.004  0.129  0.104  0.359  0.139  0.010   2.75
25 1 1 8590.35 3083.00 -0.012 -0.038  0.136 -0.011  0.342  0.139  0.010   2.88
17 1 1 8411.45 3312.00 -0.157  0.071  0.127  0.512  0.514  0.137  0.010   1.92
 5 1 1 8951.16 3013.57  1.308  0.040  0.354  0.736  1.953  0.122  0.010   0.51
 1 1 1 8867.85 3154.85  0.045  0.018  0.130  0.392  0.449  0.120  0.010   2.20
13 1 1 8626.49 2956.92  0.921  0.020  0.253 -0.570  0.457  0.122  0.010   2.16
29 1 1 8672.36 3262.73  0.349  0.031  0.187  0.615  0.867  0.136  0.010   1.14
21 1 1 8690.08 3611.13 -0.092  0.102  0.140  1.549  1.441  0.133  0.010   0.69
13 1 1 8690.08 3611.13 -0.317  0.039  0.105  5.301 29.382  0.115  0.010   0.03
 1 1 1 9084.64 3489.47  0.681  0.077  0.218 -0.972  0.302  0.117  0.010   3.27
17 1 1 8446.76 3095.40 -0.187  0.011  0.122  0.141  0.347  0.139  0.010   2.84
 1 1 1 8745.10 2969.22 -0.070 -0.050  0.115 -0.171  0.241  0.122  0.010   4.11
21 1 1 8435.36 3329.06 -0.589 -0.031  0.090 -0.645  0.132  0.137  0.010   7.49
17 1 1 8878.57 3609.47  0.046  0.000  0.144  1.773  1.796  0.132  0.010   0.55
25 1 1 8585.20 3294.15  0.425 -0.010  0.196 -0.591  0.334  0.137  0.010   2.95
29 1 1 8939.10 3152.52  0.464 -0.048  0.195  0.198  0.613  0.137  0.010   1.61
25 1 1 8940.41 3058.50 -0.053  0.013  0.135  0.519  0.540  0.139  0.010   1.83
 9 1 1 8866.22 3041.80 -0.154  0.074  0.116  0.130  0.318  0.121  0.010   3.11
21 1 1 8656.42 3115.67 -0.497 -0.019  0.097 -0.209  0.194  0.138  0.010   5.08
29 1 1 8987.77 3128.59  0.616 -0.034  0.222 -0.453  0.421  0.138  0.010   2.35
 1 1 1 8941.13 3391.94 -0.029 -0.072  0.117 -0.301  0.221  0.118  0.010   4.48
29 1 1 8721.87 3075.71 -0.028 -0.034  0.134 -0.347  0.260  0.138  0.010   3.80
 1 1 1 9044.85 3364.13  0.111 -0.004  0.134  0.230  0.406  0.118  0.010   2.44
17 1 1 8672.36 3262.73  0.523 -0.046  0.206  0.165  0.633  0.137  0.010   1.56
21 1 1 8489.49 2969.67  0.101  0.055  0.159  0.842  0.861  0.140  0.010   1.15
 9 1 1 8697.24 3117.02 -0.192 -0.011  0.110  0.050  0.273  0.120  0.010   3.62
21 1 1 8955.51 3405.48 -0.482 -0.019  0.096 -0.368  0.172  0.135  0.010   5.74
17 1 1 8939.10 3152.52  0.167 -0.129  0.149 -0.277  0.297  0.138  0.010   3.33
21 1 1 8790.48 3631.54 -0.447 -0.007  0.102  0.294  0.314  0.132  0.010   3.14
17 1 1 8987.77 3128.59  0.303  0.004  0.176  0.040  0.487  0.138  0.010   2.03
21 1 1 8770.95 3506.02 -0.425 -0.050  0.100 -0.482  0.165  0.134  0.010   5.97
 9 1 1 8705.76 3098.24  1.251 -0.057  0.317 -0.713  0.520  0.121  0.010   1.90
21 1 1 8500.00 3073.89 -0.404 -0.051  0.102 -0.358  0.183  0.139  0.010   5.38
17 1 1 8721.87 3075.71 -0.015  0.019  0.139 -0.249  0.296  0.139  0.010   3.33
29 1 1 8566.42 2974.36 -0.024 -0.067  0.138 -0.781  0.192  0.140  0.010   5.15
17 1 1 8566.42 2974.36 -0.022 -0.084  0.134 -0.822  0.182  0.140  0.010   5.42
21 1 1 8568.84 2988.20 -0.406 -0.011  0.103 -0.109  0.229  0.140  0.010   4.30
17 1 1 8788.35 3000.47  0.547  0.060  0.222  1.310  1.982  0.139  0.010   0.50
29 1 1 9143.81 3490.11  0.363  0.150  0.200  0.182  0.665  0.134  0.010   1.49
17 1 1 9143.81 3490.11  0.364 -0.051  0.183  0.974  1.122  0.134  0.010   0.88
 9 1 1 8877.44 3510.01  0.566 -0.046  0.184  0.144  0.546  0.117  0.010   1.81
29 1 1 8854.52 3196.50  0.451 -0.002  0.201  0.554  0.869  0.137  0.010   1.14
 9 1 1 9105.61 2956.56  0.426 -0.008  0.170  0.346  0.606  0.122  0.010   1.63
17 1 1 8854.52 3196.50  0.124  0.017  0.155 -0.421  0.293  0.137  0.010   3.37
 9 1 1 8846.64 3120.06  0.565  0.065  0.198  0.255  0.665  0.120  0.010   1.48
29 1 1 8590.35 3083.00  0.111  0.046  0.157  0.558  0.673  0.139  0.010   1.47
21 1 1 8663.50 3054.38 -0.435  0.003  0.101  0.364  0.333  0.139  0.010   2.96
29 1 1 8585.20 3294.15  0.452 -0.066  0.196  0.166  0.591  0.136  0.010   1.67
21 1 1 8825.48 3053.62 -0.449 -0.080  0.097 -0.304  0.179  0.139  0.010   5.52
25 1 1 8876.95 3289.84  0.128 -0.037  0.152 -0.566  0.254  0.137  0.010   3.89
29 1 1 8940.41 3058.50  0.065 -0.028  0.146 -0.165  0.327  0.138  0.010   3.02
25 1 1 8988.44 3005.51  0.051  0.001  0.145  0.114  0.416  0.140  0.010   2.38
29 1 1 8783.59 3319.34  0.382 -0.214  0.171 -0.958  0.210  0.136  0.010   4.70
17 1 1 8590.35 3083.00 -0.058 -0.064  0.131  0.910  0.711  0.139  0.010   1.39
29 1 1 8876.95 3289.84  0.066  0.082  0.151  0.149  0.460  0.136  0.010   2.14
 9 1 1 8797.40 3180.72 -0.134 -0.031  0.112 -0.598  0.172  0.120  0.010   5.75
25 1 1 8505.89 3335.73  0.709  0.013  0.248 -0.006  0.688  0.137  0.010   1.44
17 1 1 8585.20 3294.15  0.370 -0.201  0.172 -0.766  0.238  0.136  0.010   4.14
29 1 1 8505.89 3335.73  0.486  0.015  0.209  1.488  2.113  0.136  0.010   0.47
25 1 1 9133.74 3565.23  0.624  0.015  0.235 -0.558  0.413  0.133  0.010   2.39
29 1 1 8502.88 2978.75  0.307 -0.167  0.165 -1.092  0.190  0.140  0.010   5.19
17 1 1 8940.41 3058.50  0.106 -0.015  0.150 -0.175  0.338  0.139  0.010   2.92
29 1 1 8591.61 3070.04 -0.009  0.050  0.142  1.046  0.934  0.139  0.010   1.06
17 1 1 8783.59 3319.34  0.593  0.030  0.229 -0.629  0.385  0.136  0.010   2.56
25 1 1 8502.88 2978.75  0.397 -0.121  0.183 -0.400  0.339  0.140  0.010   2.92
17 1 1 8876.95 3289.84 -0.048  0.020  0.134 -0.239  0.288  0.136  0.010   3.43
25 1 1 8591.61 3070.04  0.040  0.022  0.146  2.330  3.047  0.139  0.010   0.32
 9 1 1 8528.66 3364.26  1.160  0.165  0.343 -0.807  0.554  0.118  0.010   1.78
29 1 1 8977.05 3055.22  0.578  0.040  0.225  0.206  0.746  0.138  0.010   1.32
17 1 1 8988.44 3005.51  0.129  0.146  0.165 -0.005  0.456  0.139  0.010   2.17
13 1 1 8435.36 3329.06  0.483 -0.009  0.177 -0.714  0.277  0.119  0.010   3.56
17 1 1 8505.89 3335.73  0.681  0.058  0.247 -0.556  0.449  0.136  0.010   2.20
 1 1 1 8869.39 3435.39  0.659  0.269  0.238 -0.252  0.564  0.118  0.010   1.75
13 1 1 8656.42 3115.67  1.006  0.135  0.292  0.337  1.132  0.120  0.010   0.87
 9 1 1 8867.85 3154.85 -0.011 -0.049  0.122  0.458  0.429  0.120  0.010   2.30
 1 1 1 8734.53 3478.06  0.151 -0.088  0.134 -0.547  0.219  0.117  0.010   4.51
29 1 1 8814.55 3531.36  0.091  0.089  0.156 -0.354  0.317  0.133  0.010   3.12
 5 1 1 9039.01 3351.75  0.936 -0.023  0.248  1.088  1.784  0.118  0.010   0.55
 9 1 1 8745.10 2969.22 -0.048  0.063  0.127  0.166  0.358  0.122  0.010   2.76
 1 1 1 8990.82 3182.18  0.213  0.051  0.147  1.372  1.274  0.120  0.010   0.78
21 1 1 8866.22 3041.80  0.242  0.009  0.167  1.309  1.417  0.139  0.010   0.70
29 1 1 8890.40 3494.79  0.653 -0.024  0.228 -0.762  0.347  0.134  0.010   2.85
17 1 1 9133.74 3565.23  0.590 -0.093  0.212 -0.561  0.360  0.133  0.010   2.75
21 1 1 8705.76 3098.24 -0.459  0.067  0.102  3.876  8.337  0.139  0.010   0.12
25 1 1 8977.05 3055.22  0.716 -0.185  0.227 -0.236  0.478  0.139  0.010   2.07
21 1 1 8877.44 3510.01 -0.253  0.079  0.119  0.973  0.704  0.134  0.010   1.40
25 1 1 8814.55 3531.36  0.313  0.051  0.183 -0.039  0.484  0.134  0.010   2.04
 5 1 1 8887.00 3412.97  0.674  0.160  0.225  0.362  0.867  0.118  0.010   1.14
21 1 1 9105.61 2956.56 -0.315  0.023  0.112  0.301  0.358  0.140  0.010   2.76
 1 1 1 9002.33 3340.46  0.784 -0.004  0.223  0.331  0.801  0.119  0.010   1.23
13 1 1 8489.49 2969.67 -0.366  0.031  0.099 -0.055  0.221  0.122  0.010   4.47
 9 1 1 8941.13 3391.94  0.024 -0.112  0.122  0.099  0.311  0.118  0.010   3.18
21 1 1 8846.64 3120.06 -0.244  0.071  0.121  0.491  0.462  0.138  0.010   2.14
 9 1 1 9044.85 3364.13 -0.067  0.024  0.121  1.003  0.705  0.118  0.010   1.40
 5 1 1 8644.90 3621.70  0.831 -0.145  0.216 -0.923  0.288  0.116  0.010   3.44
 9 1 1 8869.39 3435.39  0.682 -0.132  0.196  0.115  0.551  0.117  0.010   1.79
 5 1 1 8778.43 3442.41  0.719  0.066  0.226 -0.846  0.329  0.117  0.010   3.00
13 1 1 8955.51 3405.48  0.362 -0.091  0.154  0.301  0.503  0.118  0.010   1.96
 5 1 1 8960.40 3424.42  0.916 -0.138  0.229 -0.701  0.356  0.118  0.010   2.78
13 1 1 8770.95 3506.02  0.810  0.013  0.231 -0.535  0.424  0.117  0.010   2.33
 9 1 1 8734.53 3478.06  0.015 -0.068  0.124 -0.447  0.215  0.117  0.010   4.59
17 1 1 8502.88 2978.75  0.588 -0.030  0.220 -0.637  0.363  0.140  0.010   2.72
13 1 1 8500.00 3073.89  1.033  0.190  0.314 -0.100  0.843  0.121  0.010   1.17
 5 1 1 8812.05 3107.23  0.772 -0.244  0.196 -0.425  0.348  0.121  0.010   2.84
17 1 1 8977.05 3055.22  0.618 -0.067  0.220 -1.038  0.279  0.139  0.010   3.55
 9 1 1 8990.82 3182.18  0.261 -0.026  0.148 -0.143  0.336  0.120  0.010   2.94
17 1 1 8814.55 3531.36  0.416  0.068  0.200 -0.254  0.451  0.133  0.010   2.19
13 1 1 8568.84 2988.20  0.864 -0.132  0.222 -0.301  0.464  0.122  0.010   2.13
 5 1 1 8439.89 3448.06  1.189  0.031  0.315 -0.818  0.486  0.118  0.010   2.03
13 1 1 8663.50 3054.38  0.772 -0.103  0.211  0.349  0.747  0.121  0.010   1.32
25 1 1 8977.25 2960.08  0.648 -0.055  0.227 -0.550  0.397  0.140  0.010   2.49
17 1 1 9049.24 3583.96  0.404 -0.009  0.191  0.831  1.052  0.133  0.010   0.94
 9 1 1 9002.33 3340.46  0.752  0.024  0.222 -0.503  0.413  0.118  0.010   2.39
25 1 1 8434.35 3154.34  0.168 -0.096  0.152 -0.974  0.192  0.139  0.010   5.15
 5 1 1 8632.62 3618.48  1.417 -0.117  0.359 -1.053  0.458  0.116  0.010   2.16
17 1 1 8890.40 3494.79  0.480  0.079  0.211  0.479  0.888  0.134  0.010   1.11
25 1 1 8636.42 3485.21  1.029 -0.093  0.310 -0.085  0.790  0.135  0.010   1.25
 5 1 1 9086.05 3623.97  0.568 -0.273  0.170 -0.704  0.238  0.116  0.010   4.15
 1 1 1 8962.08 3332.34  0.089 -0.068  0.128  0.361  0.417  0.119  0.010   2.37
25 1 1 8454.93 3022.25  0.231  0.130  0.180  3.771 15.289  0.140  0.010   0.06
 5 1 1 8677.52 2980.33  1.517  0.366  0.527 -0.208  1.404  0.122  0.010   0.70
 1 1 1 8872.32 3527.27  1.482  0.215  0.455 -0.054  1.327  0.117  0.010   0.74
17 1 1 8434.35 3154.34  0.185  0.028  0.163  1.093  1.133  0.138  0.010   0.87
 5 1 1 9018.54 3226.69  0.574 -0.102  0.181 -1.178  0.210  0.120  0.010   4.70
 1 1 1 8752.15 3458.85  0.157 -0.041  0.137 -0.245  0.281  0.117  0.010   3.52
 9 1 1 8962.08 3332.34 -0.004  0.028  0.126  0.081  0.336  0.118  0.010   2.94
17 1 1 8636.42 3485.21  0.525 -0.068  0.210 -0.680  0.327  0.134  0.010   3.02
 5 1 1 8884.15 3540.55  0.977  0.171  0.294  1.245  2.536  0.116  0.010   0.39
17 1 1 8454.93 3022.25  0.190  0.073  0.168  1.237  1.370  0.139  0.010   0.72
29 1 1 8434.35 3154.34  0.387 -0.022  0.187 -0.816  0.271  0.138  0.010   3.64
 1 1 1 8411.45 3312.00  1.256  0.068  0.339  0.795  1.984  0.119  0.010   0.50
 9 1 1 8872.32 3527.27  1.181 -0.221  0.271 -1.087  0.334  0.116  0.010   2.95
29 1 1 8636.42 3485.21  0.508 -0.020  0.207 -0.993  0.273  0.134  0.010   3.62
 9 1 1 8752.15 3458.85 -0.016  0.045  0.129  0.395  0.443  0.117  0.010   2.23
29 1 1 8454.93 3022.25  0.038  0.009  0.144  0.070  0.401  0.139  0.010   2.46
 1 1 1 8594.32 3347.61  0.155 -0.056  0.138  0.121  0.376  0.119  0.010   2.63
29 1 1 8913.52 3553.52  0.631  0.045  0.238 -0.824  0.352  0.133  0.010   2.81
 9 1 1 8594.32 3347.61  0.136 -0.058  0.137  0.586  0.552  0.118  0.010   1.79
29 1 1 8854.70 3055.22  0.375 -0.213  0.172 -0.689  0.248  0.139  0.010   3.98
 9 1 1 8446.76 3095.40  1.185 -0.191  0.283 -0.495  0.508  0.121  0.010   1.94
29 1 1 8928.44 3194.63  0.342  0.086  0.189  0.546  0.837  0.137  0.010   1.18
25 1 1 8749.44 3264.00  0.661  0.077  0.247 -0.729  0.400  0.137  0.010   2.47
 1 1 1 8878.57 3609.47  0.500 -0.182  0.167  0.059  0.431  0.116  0.010   2.29
25 1 1 8671.74 3100.57  0.360  0.010  0.186 -0.612  0.311  0.139  0.010   3.17
29 1 1 9186.08 3546.27  0.804 -0.100  0.250 -0.499  0.452  0.133  0.010   2.19
 9 1 1 8878.57 3609.47  0.269  0.004  0.155  0.601  0.661  0.115  0.010   1.49
25 1 1 8854.70 3055.22  0.425 -0.095  0.187 -0.554  0.313  0.139  0.010   3.15
 9 1 1 8672.36 3262.73  0.136 -0.087  0.133 -0.567  0.212  0.119  0.010   4.67
29 1 1 8938.53 3539.82  0.498 -0.044  0.199 -0.468  0.367  0.133  0.010   2.69
25 1 1 8928.44 3194.63  0.195 -0.143  0.155 -0.574  0.245  0.138  0.010   4.02
 1 1 1 8672.36 3262.73  0.148 -0.112  0.132  0.083  0.339  0.119  0.010   2.91
25 1 1 8938.53 3539.82  0.546 -0.065  0.210  0.286  0.704  0.134  0.010   1.40
 9 1 1 8939.10 3152.52  0.246 -0.073  0.144 -0.255  0.292  0.120  0.010   3.38
29 1 1 8556.31 3113.47  0.354 -0.043  0.183 -0.520  0.319  0.138  0.010   3.10
 9 1 1 8987.77 3128.59  0.275  0.046  0.158 -0.572  0.265  0.120  0.010   3.73
29 1 1 8880.09 2962.86  0.422 -0.064  0.189  1.633  2.114  0.140  0.010   0.47
 1 1 1 8939.10 3152.52  0.259 -0.018  0.147  0.845  0.777  0.120  0.010   1.27
 9 1 1 8788.35 3000.47  0.274  0.077  0.159 -0.503  0.285  0.121  0.010   3.46
25 1 1 9117.76 3557.29  1.150 -0.019  0.355 -0.317  0.771  0.134  0.010   1.28
 1 1 1 8559.82 2960.06  1.176  0.001  0.315  0.643  1.534  0.122  0.010   0.64
29 1 1 8579.50 3263.03  0.341  0.098  0.193 -0.178  0.466  0.137  0.010   2.12
 9 1 1 9143.81 3490.11  0.208  0.032  0.149  0.969  0.893  0.117  0.010   1.11
 1 1 1 8987.77 3128.59  0.179  0.093  0.148  0.176  0.449  0.121  0.010   2.20
 9 1 1 8854.52 3196.50  0.457 -0.092  0.166 -0.213  0.358  0.120  0.010   2.76
17 1 1 8749.44 3264.00  0.812  0.149  0.288  0.780  1.690  0.136  0.010   0.58
 1 1 1 8566.42 2974.36  1.507 -0.232  0.353  0.529  1.522  0.122  0.010   0.65
 9 1 1 8585.20 3294.15  0.274  0.043  0.158  1.541  1.607  0.119  0.010   0.61
 5 1 1 9042.38 3218.99  0.765 -0.166  0.202 -0.108  0.477  0.120  0.010   2.07
17 1 1 8671.74 3100.57  0.249  0.073  0.175 -0.120  0.434  0.138  0.010   2.27
 5 1 1 8638.25 3582.03  1.012  0.170  0.300 -0.283  0.695  0.116  0.010   1.42
 1 1 1 8788.35 3000.47  0.303  0.034  0.158 -0.175  0.359  0.122  0.010   2.75
13 1 1 8825.48 3053.62  0.896  0.203  0.279  2.531  8.008  0.121  0.010   0.12
17 1 1 8854.70 3055.22  0.289 -0.027  0.172 -0.447  0.319  0.139  0.010   3.10
 5 1 1 8766.27 3431.81  0.847 -0.092  0.222 -0.888  0.313  0.118  0.010   3.16
13 1 1 8866.22 3041.80 -0.087  0.094  0.123  0.418  0.439  0.121  0.010   2.25
17 1 1 8928.44 3194.63  0.149 -0.008  0.156 -0.080  0.380  0.137  0.010   2.59
 9 1 1 8940.41 3058.50  1.035 -0.147  0.256 -0.681  0.402  0.121  0.010   2.46
 5 1 1 8651.84 3680.11  1.039  0.279  0.331  1.055  2.491  0.115  0.010   0.40
13 1 1 8697.24 3117.02 -0.112 -0.012  0.115  0.515  0.427  0.121  0.010   2.31
 9 1 1 8783.59 3319.34  0.331 -0.173  0.150 -0.915  0.189  0.118  0.010   5.22
13 1 1 8500.29 3513.74  1.024 -0.102  0.257 -0.321  0.534  0.117  0.010   1.85
 5 1 1 8735.99 3382.14  1.489  0.786  0.721 -0.901  1.213  0.118  0.010   0.81
 9 1 1 8876.95 3289.84  0.972  0.046  0.268 -0.685  0.454  0.119  0.010   2.17
25 1 1 8556.31 3113.47  0.295 -0.015  0.175 -0.171  0.403  0.139  0.010   2.45
13 1 1 8877.44 3510.01  0.735 -0.175  0.197 -0.855  0.271  0.116  0.010   3.65
 9 1 1 8988.44 3005.51  0.883  0.078  0.252 -0.201  0.611  0.121  0.010   1.62
 5 1 1 8981.81 3435.91  0.907  0.046  0.256  0.785  1.400  0.118  0.010   0.71
25 1 1 8880.09 2962.86  0.623 -0.158  0.213 -0.746  0.311  0.140  0.010   3.18
 9 1 1 8505.89 3335.73  0.252 -0.132  0.142  0.254  0.425  0.118  0.010   2.32
13 1 1 8846.64 3120.06  0.518 -0.060  0.181  0.115  0.505  0.120  0.010   1.96
 9 1 1 9133.74 3565.23  0.357  0.051  0.167  1.046  1.093  0.116  0.010   0.90
13 1 1 8797.40 3180.72 -0.093 -0.014  0.116 -0.022  0.273  0.120  0.010   3.62
 5 1 1 9040.72 3562.08  1.307 -0.257  0.304 -0.603  0.486  0.116  0.010   2.03
13 1 1 8528.66 3364.26  1.015 -0.041  0.266  0.270  0.936  0.118  0.010   1.05
 9 1 1 8502.88 2978.75  0.508 -0.002  0.182  0.553  0.777  0.122  0.010   1.27
13 1 1 8867.85 3154.85  0.056 -0.040  0.128 -0.157  0.275  0.120  0.010   3.59
 5 1 1 8445.42 3083.34  0.969  0.119  0.279 -0.102  0.746  0.122  0.010   1.33
 9 1 1 8977.05 3055.22  0.301 -0.061  0.153 -0.694  0.227  0.121  0.010   4.36
 5 1 1 8948.19 3437.27  1.186 -0.210  0.274  0.054  0.754  0.118  0.010   1.31
13 1 1 9084.64 3489.47  0.626  0.022  0.205  0.403  0.789  0.117  0.010   1.25
 9 1 1 8814.55 3531.36  0.703 -0.014  0.209  0.468  0.846  0.116  0.010   1.17
13 1 1 8745.10 2969.22  0.106 -0.026  0.133 -0.155  0.289  0.122  0.010   3.41
 5 1 1 8676.19 3222.37  1.042 -0.110  0.257 -1.509  0.272  0.120  0.010   3.64
13 1 1 8941.13 3391.94  0.097  0.057  0.137 -0.073  0.332  0.118  0.010   2.98
 5 1 1 8805.38 3450.69  0.954 -0.223  0.226 -0.454  0.405  0.117  0.010   2.44
 1 1 1 9143.81 3490.11  0.338  0.009  0.161 -0.135  0.379  0.117  0.010   2.61
 9 1 1 8977.25 2960.08  0.478  0.005  0.177 -1.193  0.211  0.122  0.010   4.68
 5 1 1 8882.74 3399.46  1.272 -0.190  0.295  0.136  0.893  0.118  0.010   1.11
 1 1 1 8854.52 3196.50  0.292  0.038  0.155  0.773  0.789  0.120  0.010   1.25
13 1 1 9044.85 3364.13 -0.030  0.036  0.125 -0.335  0.242  0.118  0.010   4.09
 1 1 1 8590.35 3083.00  1.228 -0.004  0.329  0.331  1.223  0.121  0.010   0.81
13 1 1 8869.39 3435.39  0.775  0.016  0.225  1.149  1.695  0.117  0.010   0.58
 5 1 1 8501.77 3242.40  1.211 -0.296  0.267  0.144  0.776  0.120  0.010   1.27
13 1 1 8734.53 3478.06  0.070 -0.082  0.127 -0.350  0.238  0.117  0.010   4.15
 1 1 1 8940.41 3058.50  0.778 -0.108  0.214 -0.610  0.348  0.121  0.010   2.84
13 1 1 8990.82 3182.18  0.273  0.018  0.151 -0.514  0.266  0.120  0.010   3.71
29 1 1 8466.48 3446.97  0.409  0.109  0.203  1.998  3.403  0.135  0.010   0.29
 5 1 1 8945.42 3247.79  1.167 -0.198  0.273  0.261  0.899  0.119  0.010   1.10
 1 1 1 8783.59 3319.34  0.593  0.067  0.202 -0.721  0.319  0.119  0.010   3.10
29 1 1 8417.31 3512.72  0.473  0.048  0.209 -0.011  0.569  0.134  0.010   1.73
 1 1 1 8876.95 3289.84  0.800 -0.129  0.209  0.243  0.672  0.119  0.010   1.47
13 1 1 9002.33 3340.46  0.574 -0.041  0.185 -0.908  0.256  0.118  0.010   3.86
 1 1 1 8988.44 3005.51  0.804 -0.025  0.223  0.257  0.758  0.122  0.010   1.30
 5 1 1 8905.10 3432.22  1.313  0.069  0.356  0.091  1.127  0.118  0.010   0.88
29 1 1 8445.78 3125.65  0.292 -0.063  0.173 -0.451  0.313  0.138  0.010   3.15
 1 1 1 8505.89 3335.73  0.350 -0.002  0.161 -0.572  0.271  0.119  0.010   3.65
29 1 1 8887.00 3412.97  1.018  0.025  0.320  1.758  4.358  0.135  0.010   0.23
 1 1 1 9133.74 3565.23  0.330  0.072  0.164  0.839  0.899  0.116  0.010   1.10
13 1 1 8962.08 3332.34 -0.012 -0.010  0.125  1.385  1.003  0.118  0.010   0.99
 9 1 1 8890.40 3494.79  0.393  0.096  0.175  2.149  3.190  0.117  0.010   0.31
 5 1 1 8772.54 3288.09  1.583 -0.157  0.387 -0.930  0.550  0.119  0.010   1.80
25 1 1 8579.50 3263.03  0.199  0.064  0.169  0.531  0.729  0.137  0.010   1.35
13 1 1 8583.33 3019.44  1.155 -0.109  0.284 -1.032  0.372  0.122  0.010   2.65
 1 1 1 8502.88 2978.75  0.284  0.039  0.156  0.761  0.785  0.122  0.010   1.26
 9 1 1 8434.35 3154.34  1.077  0.022  0.288  0.585  1.365  0.120  0.010   0.72
13 1 1 8752.15 3458.85  0.049 -0.001  0.130 -0.030  0.315  0.117  0.010   3.13
29 1 1 8644.90 3621.70  0.771 -0.119  0.241 -0.577  0.406  0.132  0.010   2.43
25 1 1 8951.16 3013.57  0.197 -0.021  0.163 -0.617  0.264  0.140  0.010   3.75
21 1 1 8797.40 3180.72  0.074 -0.030  0.145 -0.475  0.257  0.138  0.010   3.85
25 1 1 8466.48 3446.97  0.290 -0.102  0.167 -0.484  0.292  0.135  0.010   3.38
21 1 1 8528.66 3364.26 -0.380 -0.010  0.105 -0.119  0.233  0.136  0.010   4.24
17 1 1 8938.53 3539.82  0.689  0.140  0.262 -0.236  0.618  0.133  0.010   1.60
25 1 1 8417.31 3512.72  0.175 -0.125  0.153 -1.057  0.181  0.135  0.010   5.46
21 1 1 8867.85 3154.85 -0.018  0.016  0.139  0.951  0.817  0.138  0.010   1.21
13 1 1 8411.45 3312.00  1.434  0.274  0.458  1.837  7.350  0.119  0.010   0.13
 9 1 1 8636.42 3485.21  0.541 -0.125  0.176 -0.856  0.243  0.117  0.010   4.07
29 1 1 8778.43 3442.41  1.068 -0.233  0.295 -1.114  0.341  0.134  0.010   2.90
25 1 1 8445.78 3125.65  0.363 -0.028  0.185  0.297  0.629  0.139  0.010   1.57
 9 1 1 8454.93 3022.25  1.512  0.321  0.510  0.662  2.879  0.122  0.010   0.34
13 1 1 8446.76 3095.40  1.331 -0.096  0.328 -1.203  0.401  0.121  0.010   2.46
29 1 1 8812.05 3107.23  1.002 -0.063  0.302 -0.192  0.716  0.138  0.010   1.38
13 1 1 8878.57 3609.47  0.367  0.104  0.174  7.462 426.049  0.115  0.010   0.00
25 1 1 9039.01 3351.75  0.793 -0.045  0.261  0.391  0.993  0.136  0.010   1.00
21 1 1 8745.10 2969.22  0.015 -0.034  0.137  0.103  0.382  0.140  0.010   2.59
13 1 1 8672.36 3262.73  0.221 -0.118  0.138  0.078  0.360  0.119  0.010   2.74
21 1 1 8941.13 3391.94  0.133 -0.005  0.153 -0.193  0.341  0.135  0.010   2.90
 9 1 1 8749.44 3264.00  0.462 -0.009  0.174  2.119  3.033  0.119  0.010   0.33
21 1 1 9044.85 3364.13  0.023 -0.042  0.138 -0.132  0.315  0.135  0.010   3.13
 9 1 1 8913.52 3553.52  0.530  0.009  0.185  0.008  0.496  0.116  0.010   1.99
29 1 1 8439.89 3448.06  0.295 -0.042  0.171 -0.454  0.313  0.135  0.010   3.15
 9 1 1 8854.70 3055.22  0.493 -0.174  0.165 -0.464  0.284  0.121  0.010   3.48
21 1 1 8869.39 3435.39 -0.131 -0.003  0.124  0.178  0.363  0.135  0.010   2.72
13 1 1 8939.10 3152.52  0.236 -0.049  0.143 -0.284  0.287  0.120  0.010   3.44
21 1 1 8734.53 3478.06  0.168 -0.017  0.159 -0.389  0.306  0.134  0.010   3.22
 9 1 1 9186.08 3546.27  0.551 -0.149  0.176 -0.295  0.348  0.116  0.010   2.84
13 1 1 8987.77 3128.59  0.175  0.017  0.143  0.834  0.742  0.120  0.010   1.33
29 1 1 8632.62 3618.48  0.452  0.092  0.210 -0.102  0.534  0.132  0.010   1.85
 9 1 1 8938.53 3539.82  0.772 -0.047  0.221 -0.236  0.482  0.116  0.010   2.05
21 1 1 8990.82 3182.18 -0.086 -0.024  0.128 -0.389  0.239  0.137  0.010   4.14
29 1 1 8677.52 2980.33  0.442 -0.079  0.190 -0.873  0.261  0.140  0.010   3.78
 9 1 1 8880.09 2962.86  0.733 -0.037  0.213 -0.135  0.510  0.122  0.010   1.94
21 1 1 9002.33 3340.46 -0.213 -0.024  0.117  0.215  0.345  0.136  0.010   2.86
 9 1 1 8579.50 3263.03  1.346 -0.043  0.346  0.111  1.086  0.119  0.010   0.91
13 1 1 8566.42 2974.36  1.283 -0.178  0.314 -0.608  0.518  0.122  0.010   1.91
21 1 1 8962.08 3332.34  0.532 -0.037  0.209 -0.781  0.308  0.136  0.010   3.21
13 1 1 8788.35 3000.47  0.237 -0.007  0.147  0.526  0.589  0.121  0.010   1.68
 9 1 1 8417.31 3512.72  1.293  0.115  0.375  2.078  6.957  0.117  0.010   0.14
13 1 1 8854.52 3196.50  0.369  0.107  0.174  0.819  0.947  0.120  0.010   1.04
29 1 1 8727.69 3054.80  0.291 -0.071  0.172 -0.037  0.428  0.139  0.010   2.31
21 1 1 8872.32 3527.27 -0.069  0.031  0.133  2.805  4.219  0.134  0.010   0.23
 9 1 1 9039.01 3351.75  0.863  0.053  0.247  0.058  0.734  0.118  0.010   1.35
29 1 1 9018.54 3226.69  1.115 -0.028  0.336 -1.186  0.407  0.137  0.010   2.43
13 1 1 8585.20 3294.15  0.251 -0.063  0.147 -0.098  0.339  0.119  0.010   2.92
29 1 1 8821.46 3473.16  0.399 -0.119  0.180 -0.362  0.343  0.134  0.010   2.88
13 1 1 8940.41 3058.50  0.614  0.115  0.214 -0.056  0.559  0.121  0.010   1.77
21 1 1 8583.33 3019.44 -0.228  0.024  0.119  0.366  0.409  0.140  0.010   2.41
29 1 1 8664.95 3329.20  0.634 -0.171  0.215 -1.379  0.221  0.136  0.010   4.47
21 1 1 8752.15 3458.85  0.669  0.018  0.240  1.268  2.042  0.134  0.010   0.48
29 1 1 8942.71 3374.83  1.113 -0.209  0.307 -1.568  0.292  0.135  0.010   3.39
21 1 1 8411.45 3312.00 -0.228  0.083  0.122  0.305  0.407  0.137  0.010   2.42
 9 1 1 8887.00 3412.97  0.507  0.010  0.183 -0.056  0.464  0.117  0.010   2.13
29 1 1 8779.74 3086.61  0.518 -0.027  0.208 -0.170  0.489  0.138  0.010   2.02
21 1 1 8446.76 3095.40 -0.142 -0.014  0.124  0.818  0.632  0.139  0.010   1.56
 9 1 1 8778.43 3442.41  0.588 -0.095  0.185 -0.777  0.270  0.117  0.010   3.65
21 1 1 8878.57 3609.47  0.080  0.033  0.150  2.077  2.521  0.133  0.010   0.39
29 1 1 8485.15 3147.54  0.612  0.094  0.240  0.722  1.276  0.138  0.010   0.77
21 1 1 8672.36 3262.73  0.493 -0.024  0.202  0.147  0.616  0.137  0.010   1.61
 9 1 1 8960.40 3424.42  0.659 -0.016  0.202 -0.784  0.303  0.117  0.010   3.26
21 1 1 8939.10 3152.52  0.421 -0.080  0.183 -0.452  0.336  0.138  0.010   2.94
29 1 1 8884.15 3540.55  0.891 -0.233  0.252 -1.404  0.252  0.133  0.010   3.92
 9 1 1 8632.62 3618.48  1.315 -0.107  0.331  0.147  1.022  0.115  0.010   0.97
13 1 1 8783.59 3319.34  0.408  0.054  0.175  0.894  1.001  0.118  0.010   0.99
 9 1 1 9018.54 3226.69  1.012 -0.023  0.271 -0.697  0.436  0.119  0.010   2.27
21 1 1 8559.82 2960.06 -0.079  0.050  0.136  3.546  8.550  0.140  0.010   0.12
29 1 1 8887.05 3069.21  0.485  0.179  0.226  0.019  0.665  0.138  0.010   1.48
21 1 1 8987.77 3128.59  0.396 -0.016  0.186  0.251  0.617  0.138  0.010   1.60
13 1 1 8505.89 3335.73  0.156  0.079  0.147 -0.098  0.354  0.118  0.010   2.79
29 1 1 8475.57 3592.32  0.763 -0.074  0.245 -0.466  0.455  0.133  0.010   2.17
21 1 1 8721.87 3075.71 -0.089 -0.007  0.130 -0.564  0.214  0.139  0.010   4.61
13 1 1 9133.74 3565.23  0.543  0.182  0.206  1.361  1.942  0.116  0.010   0.51
21 1 1 8788.35 3000.47  0.294 -0.165  0.163 -0.698  0.237  0.139  0.010   4.16
13 1 1 8502.88 2978.75  0.230 -0.098  0.141 -0.673  0.211  0.122  0.010   4.68
21 1 1 8854.52 3196.50  0.198 -0.131  0.152 -0.100  0.351  0.137  0.010   2.82
 9 1 1 8942.71 3374.83  0.864 -0.203  0.215 -0.435  0.394  0.118  0.010   2.51
29 1 1 8773.45 3073.74  0.733 -0.048  0.245 -0.730  0.380  0.138  0.010   2.60
13 1 1 8977.05 3055.22  0.324 -0.045  0.156  0.258  0.486  0.121  0.010   2.04
 9 1 1 8970.21 3142.25  1.482  0.051  0.407  0.225  1.469  0.120  0.010   0.67
13 1 1 8977.25 2960.08  0.322  0.008  0.157  1.653  1.761  0.122  0.010   0.56
29 1 1 8806.14 3036.62  0.527 -0.073  0.205 -0.653  0.327  0.139  0.010   3.02
 9 1 1 9042.38 3218.99  1.179  0.089  0.328 -0.141  0.855  0.119  0.010   1.16
13 1 1 9049.24 3583.96  0.372  0.176  0.181  1.548  1.961  0.116  0.010   0.50
29 1 1 8441.08 3583.03  0.992 -0.000  0.307 -0.553  0.558  0.133  0.010   1.77
13 1 1 8890.40 3494.79  0.528 -0.038  0.181  2.560  4.687  0.117  0.010   0.21
13 1 1 8434.35 3154.34  1.324  0.188  0.392 -0.376  0.883  0.120  0.010   1.12
21 1 1 8590.35 3083.00  0.016 -0.110  0.135  0.163  0.380  0.139  0.010   2.60
 9 1 1 8892.05 3032.83  1.484 -0.221  0.350  2.114  6.292  0.121  0.010   0.16
29 1 1 8892.05 3032.83  0.706 -0.108  0.229 -0.925  0.307  0.139  0.010   3.21
21 1 1 8585.20 3294.15  0.763 -0.100  0.246 -0.111  0.600  0.137  0.010   1.65
 9 1 1 8638.25 3582.03  0.724 -0.017  0.219 -1.154  0.263  0.116  0.010   3.75
21 1 1 8940.41 3058.50  0.122  0.065  0.158  0.600  0.708  0.139  0.010   1.40
29 1 1 8979.90 3029.95  0.521  0.014  0.211 -0.841  0.308  0.139  0.010   3.21
17 1 1 9117.76 3557.29  0.943  0.234  0.341  0.222  1.251  0.133  0.010   0.79
21 1 1 8783.59 3319.34  0.239 -0.099  0.161 -0.849  0.218  0.136  0.010   4.53
25 1 1 8644.90 3621.70  1.071 -0.183  0.303 -0.780  0.437  0.133  0.010   2.26
 1 1 1 8977.05 3055.22  0.583 -0.011  0.192 -0.334  0.391  0.121  0.010   2.53
29 1 1 8548.46 3529.55  0.620 -0.210  0.208 -0.724  0.299  0.134  0.010   3.30
 9 1 1 8766.27 3431.81  0.977 -0.089  0.250 -0.550  0.444  0.117  0.010   2.22
 1 1 1 8814.55 3531.36  0.649  0.201  0.229 -0.806  0.358  0.117  0.010   2.76
29 1 1 8976.98 3244.09  0.747  0.033  0.255  0.381  0.999  0.136  0.010   0.99
 1 1 1 8977.25 2960.08  0.342 -0.034  0.156 -0.391  0.293  0.122  0.010   3.37
25 1 1 8778.43 3442.41  0.611 -0.048  0.222  1.031  1.482  0.135  0.010   0.67
29 1 1 8651.84 3680.11  0.819  0.017  0.272 -0.997  0.364  0.132  0.010   2.72
25 1 1 8960.40 3424.42  0.784 -0.048  0.256  1.048  1.764  0.135  0.010   0.56
29 1 1 8735.99 3382.14  1.016 -0.135  0.298  0.383  1.106  0.135  0.010   0.89
13 1 1 8636.42 3485.21  0.302 -0.089  0.151 -0.121  0.342  0.117  0.010   2.89
29 1 1 8621.29 3668.69  0.883  0.027  0.289  2.137  5.507  0.132  0.010   0.18
17 1 1 8579.50 3263.03  0.241  0.020  0.169  1.933  2.554  0.137  0.010   0.39
29 1 1 8627.40 3130.93  0.772 -0.148  0.241 -0.178  0.546  0.138  0.010   1.81
25 1 1 8812.05 3107.23  0.775 -0.136  0.240 -0.509  0.425  0.139  0.010   2.33
17 1 1 8951.16 3013.57  0.316  0.141  0.192 -0.524  0.358  0.139  0.010   2.76
 9 1 1 8858.75 3501.75  0.963 -0.055  0.253  0.944  1.567  0.117  0.010   0.63
 1 1 1 9049.24 3583.96  0.770 -0.095  0.212 -0.751  0.318  0.116  0.010   3.11
13 1 1 8454.93 3022.25  1.450  0.142  0.425 -0.956  0.637  0.122  0.010   1.55
25 1 1 8439.89 3448.06  0.523 -0.090  0.203 -0.142  0.474  0.135  0.010   2.08
 9 1 1 8666.09 2966.20  1.524 -0.358  0.337  0.357  1.184  0.122  0.010   0.83
13 1 1 8913.52 3553.52  0.429  0.045  0.175  0.759  0.897  0.116  0.010   1.10
 9 1 1 8836.93 3468.77  1.391 -0.141  0.334 -0.126  0.843  0.117  0.010   1.17
17 1 1 8417.31 3512.72  0.669 -0.061  0.234 -0.537  0.406  0.134  0.010   2.43
13 1 1 8854.70 3055.22  0.885  0.151  0.271 -0.683  0.460  0.121  0.010   2.15
25 1 1 8632.62 3618.48  0.445 -0.196  0.182 -0.412  0.323  0.133  0.010   3.06
17 1 1 8445.78 3125.65  0.375 -0.064  0.184 -1.053  0.226  0.138  0.010   4.37
13 1 1 9186.08 3546.27  0.406  0.051  0.173  0.161  0.528  0.116  0.010   1.87
17 1 1 8887.00 3412.97  1.100  0.123  0.362 -1.448  0.404  0.135  0.010   2.44
25 1 1 8727.69 3054.80  0.683 -0.050  0.238 -0.277  0.507  0.139  0.010   1.95
17 1 1 8644.90 3621.70  0.951 -0.111  0.284 -1.098  0.343  0.133  0.010   2.88
13 1 1 8938.53 3539.82  0.607  0.018  0.198  2.057  3.326  0.116  0.010   0.30
25 1 1 8664.95 3329.20  0.694 -0.074  0.237 -1.063  0.297  0.136  0.010   3.32
13 1 1 8556.31 3113.47  1.238 -0.053  0.318  0.875  1.891  0.121  0.010   0.52
 9 1 1 8423.52 3233.26  1.155  0.083  0.316  0.815  1.883  0.120  0.010   0.52
13 1 1 8880.09 2962.86  0.926 -0.057  0.244  1.094  1.728  0.122  0.010   0.57
17 1 1 8778.43 3442.41  1.130  0.306  0.423 -0.494  0.881  0.134  0.010   1.12
25 1 1 8445.37 3618.47  0.660  0.186  0.263  0.990  1.821  0.133  0.010   0.54
13 1 1 8417.31 3512.72  1.286 -0.243  0.300 -1.440  0.307  0.117  0.010   3.21
 9 1 1 8445.42 3083.34  1.301 -0.532  0.259 -1.290  0.259  0.121  0.010   3.81
 1 1 1 8890.40 3494.79  0.373 -0.018  0.160 -0.924  0.215  0.117  0.010   4.60
17 1 1 8960.40 3424.42  0.786  0.083  0.270 -1.079  0.354  0.134  0.010   2.79
13 1 1 8445.78 3125.65  1.438  0.313  0.484 -1.291  0.617  0.121  0.010   1.60
29 1 1 8666.09 2966.20  0.810 -0.063  0.261  0.126  0.788  0.140  0.010   1.25
13 1 1 9039.01 3351.75  0.778 -0.075  0.213 -0.105  0.531  0.118  0.010   1.86
29 1 1 8414.61 3105.43  0.523  0.018  0.215  0.265  0.737  0.139  0.010   1.34
21 1 1 8876.95 3289.84 -0.032 -0.043  0.131 -0.210  0.281  0.136  0.010   3.51
25 1 1 8942.71 3374.83  1.095  0.077  0.356 -0.912  0.521  0.136  0.010   1.90
 9 1 1 8948.19 3437.27  1.335 -0.110  0.331  1.790  4.529  0.117  0.010   0.22
13 1 1 8887.00 3412.97  0.796  0.019  0.232 -0.851  0.338  0.117  0.010   2.92
25 1 1 8485.15 3147.54  0.580 -0.067  0.215  0.057  0.601  0.139  0.010   1.64
21 1 1 8988.44 3005.51 -0.040  0.011  0.135  0.310  0.452  0.139  0.010   2.18
17 1 1 8439.89 3448.06  0.457  0.004  0.198  1.208  1.560  0.135  0.010   0.63
25 1 1 8884.15 3540.55  0.915  0.116  0.310  1.172  2.563  0.134  0.010   0.39
21 1 1 8502.88 2978.75  0.848  0.008  0.279  2.268  5.947  0.140  0.010   0.17
17 1 1 8632.62 3618.48  0.556  0.130  0.236 -0.821  0.358  0.133  0.010   2.76
21 1 1 8591.61 3070.04  0.217 -0.050  0.161 -0.884  0.219  0.139  0.010   4.52
25 1 1 8887.05 3069.21  0.487 -0.006  0.205  1.285  1.715  0.139  0.010   0.58
13 1 1 8644.90 3621.70  0.806 -0.109  0.215  0.318  0.738  0.116  0.010   1.34
29 1 1 8520.65 3034.07  0.666 -0.090  0.226 -0.712  0.349  0.139  0.010   2.83
17 1 1 9086.05 3623.97  1.045 -0.054  0.317  0.019  0.884  0.132  0.010   1.12
21 1 1 8977.25 2960.08  0.606 -0.061  0.216 -0.422  0.413  0.140  0.010   2.39
17 1 1 8677.52 2980.33  0.408  0.140  0.207 -0.487  0.400  0.140  0.010   2.47
21 1 1 9049.24 3583.96  0.305  0.012  0.178  1.155  1.306  0.133  0.010   0.76
17 1 1 8727.69 3054.80  0.469  0.086  0.217  1.979  3.483  0.139  0.010   0.28
21 1 1 8890.40 3494.79  0.735  0.009  0.250 -0.550  0.446  0.134  0.010   2.22
17 1 1 8821.46 3473.16  0.481 -0.056  0.198 -0.117  0.476  0.134  0.010   2.08
21 1 1 8434.35 3154.34 -0.031 -0.047  0.132 -0.535  0.222  0.138  0.010   4.45
29 1 1 8836.93 3468.77  0.837 -0.266  0.237 -0.926  0.298  0.134  0.010   3.32
17 1 1 8664.95 3329.20  0.566 -0.004  0.219 -1.224  0.257  0.136  0.010   3.83
 9 1 1 8676.19 3222.37  1.078  0.154  0.314 -1.075  0.428  0.120  0.010   2.31
17 1 1 8445.37 3618.47  0.616  0.005  0.228  2.028  3.811  0.133  0.010   0.26
13 1 1 8778.43 3442.41  0.593 -0.026  0.194 -0.288  0.406  0.117  0.010   2.44
21 1 1 8636.42 3485.21  0.626 -0.098  0.220 -1.066  0.271  0.134  0.010   3.64
13 1 1 8960.40 3424.42  0.842  0.002  0.234  2.784  7.961  0.117  0.010   0.12
 9 1 1 8805.38 3450.69  1.173 -0.094  0.299 -0.791  0.447  0.117  0.010   2.21
29 1 1 8908.35 3083.54  0.735 -0.038  0.248 -0.563  0.433  0.138  0.010   2.28
 9 1 1 8882.74 3399.46  1.082 -0.235  0.253  0.142  0.735  0.118  0.010   1.35
13 1 1 8677.52 2980.33  1.449  0.083  0.405 -1.461  0.464  0.122  0.010   2.13
17 1 1 8942.71 3374.83  1.161  0.334  0.435 -0.485  0.925  0.135  0.010   1.07
13 1 1 9018.54 3226.69  0.848 -0.117  0.220  0.321  0.770  0.119  0.010   1.28
21 1 1 8454.93 3022.25  0.203  0.016  0.164 -0.283  0.349  0.140  0.010   2.82
25 1 1 8475.57 3592.32  0.472  0.006  0.201  0.249  0.676  0.134  0.010   1.46
 1 1 1 8434.35 3154.34  0.986 -0.270  0.226 -0.862  0.306  0.121  0.010   3.22
25 1 1 8970.21 3142.25  0.506  0.105  0.219  2.837  8.027  0.138  0.010   0.12
29 1 1 8677.34 3282.39  1.163  0.174  0.397  1.283  3.778  0.136  0.010   0.26
25 1 1 9172.64 3610.59  0.431  0.041  0.200 -0.078  0.515  0.133  0.010   1.92
 1 1 1 8636.42 3485.21  0.603 -0.173  0.185 -1.383  0.190  0.117  0.010   5.21
21 1 1 8671.74 3100.57  0.203  0.126  0.175  1.855  2.512  0.139  0.010   0.39
29 1 1 8654.16 3487.55  1.048 -0.211  0.295 -0.691  0.450  0.134  0.010   2.20
13 1 1 8942.71 3374.83  0.969 -0.129  0.244 -0.745  0.370  0.118  0.010   2.67
25 1 1 8806.14 3036.62  0.733 -0.035  0.250 -0.324  0.520  0.139  0.010   1.90
 1 1 1 8749.44 3264.00  0.483  0.117  0.188  1.143  1.416  0.119  0.010   0.70
17 1 1 8779.74 3086.61  0.667 -0.044  0.229 -0.006  0.626  0.138  0.010   1.58
 9 1 1 8501.77 3242.40  1.474 -0.276  0.340 -0.411  0.642  0.119  0.010   1.54
 1 1 1 8913.52 3553.52  0.466  0.106  0.184  0.600  0.841  0.117  0.010   1.18
25 1 1 8490.44 3562.13  0.613  0.112  0.243 -0.065  0.648  0.134  0.010   1.52
21 1 1 8854.70 3055.22  0.565 -0.038  0.213  0.130  0.640  0.139  0.010   1.54
17 1 1 8485.15 3147.54  0.452  0.140  0.218 -0.462  0.425  0.138  0.010   2.32
29 1 1 8866.38 3258.48  1.105  0.082  0.355 -1.089  0.468  0.136  0.010   2.11
13 1 1 8779.74 3086.61  1.457 -0.020  0.380 -0.959  0.545  0.121  0.010   1.81
17 1 1 8884.15 3540.55  0.883  0.015  0.285  0.303  1.035  0.133  0.010   0.95
13 1 1 8884.15 3540.55  0.685 -0.010  0.209 -0.533  0.371  0.116  0.010   2.66
25 1 1 8523.33 3562.02  0.644 -0.034  0.226  0.343  0.823  0.134  0.010   1.20
29 1 1 9003.66 3093.79  0.947  0.080  0.314  1.616  3.861  0.138  0.010   0.26
25 1 1 9042.38 3218.99  1.165 -0.203  0.325 -0.715  0.492  0.137  0.010   2.01
 9 1 1 8945.42 3247.79  1.281 -0.122  0.312  2.155  5.965  0.119  0.010   0.17
25 1 1 8441.08 3583.03  0.679 -0.000  0.240 -0.316  0.507  0.134  0.010   1.95
21 1 1 8928.44 3194.63  0.267 -0.017  0.169 -0.392  0.326  0.137  0.010   3.03
13 1 1 8991.84 3195.10  0.888 -0.166  0.224 -0.654  0.351  0.120  0.010   2.81
29 1 1 8521.62 3628.10  1.024 -0.220  0.286 -1.139  0.324  0.133  0.010   3.05
17 1 1 8991.84 3195.10  1.076 -0.113  0.310 -0.954  0.416  0.137  0.010   2.38
 1 1 1 8854.70 3055.22  0.828 -0.145  0.213  0.114  0.617  0.121  0.010   1.60
21 1 1 9186.08 3546.27  1.176  0.131  0.388 -0.821  0.614  0.133  0.010   1.61
25 1 1 8976.98 3244.09  0.488  0.106  0.221  0.118  0.683  0.137  0.010   1.45
 1 1 1 9186.08 3546.27  0.543 -0.097  0.176  0.311  0.591  0.117  0.010   1.67
13 1 1 9042.38 3218.99  1.021  0.082  0.285 -1.132  0.373  0.119  0.010   2.65
17 1 1 8475.57 3592.32  0.562 -0.006  0.215 -0.428  0.416  0.133  0.010   2.37
13 1 1 8638.25 3582.03  0.980 -0.274  0.229 -0.989  0.282  0.116  0.010   3.51
17 1 1 8970.21 3142.25  0.806  0.022  0.267 -0.535  0.491  0.138  0.010   2.01
21 1 1 8556.31 3113.47  0.314 -0.017  0.177 -0.064  0.444  0.139  0.010   2.23
 1 1 1 8938.53 3539.82  0.628  0.026  0.202  0.584  0.892  0.117  0.010   1.11
13 1 1 8627.40 3130.93  1.508  0.036  0.415 -0.730  0.699  0.120  0.010   1.41
21 1 1 8880.09 2962.86  0.428  0.003  0.193  0.070  0.556  0.140  0.010   1.78
13 1 1 8858.75 3501.75  0.833  0.115  0.248  1.671  3.153  0.117  0.010   0.31
17 1 1 9172.64 3610.59  0.946 -0.147  0.275 -1.026  0.343  0.132  0.010   2.88
 1 1 1 8880.09 2962.86  0.835 -0.007  0.229  0.548  1.012  0.122  0.010   0.98
13 1 1 8981.81 3435.91  1.158  0.202  0.345  0.285  1.327  0.117  0.010   0.75
17 1 1 8806.14 3036.62  0.699 -0.187  0.223 -0.029  0.557  0.139  0.010   1.77
13 1 1 8423.52 3233.26  1.096 -0.174  0.260 -0.995  0.340  0.120  0.010   2.90
17 1 1 8490.44 3562.13  0.668 -0.053  0.227 -0.859  0.324  0.134  0.010   3.05
 1 1 1 8951.16 3013.57  1.473 -0.287  0.333 -1.205  0.382  0.122  0.010   2.59
17 1 1 8523.33 3562.02  0.523 -0.040  0.205  0.668  0.981  0.134  0.010   1.01
13 1 1 9040.72 3562.08  1.496 -0.226  0.353 -0.098  0.880  0.116  0.010   1.12
17 1 1 8441.08 3583.03  0.428 -0.043  0.191  0.468  0.750  0.133  0.010   1.32
 1 1 1 8445.78 3125.65  1.410 -0.142  0.340 -1.625  0.347  0.121  0.010   2.85
17 1 1 8892.05 3032.83  0.897 -0.213  0.259 -0.768  0.368  0.139  0.010   2.68
 1 1 1 9039.01 3351.75  0.520 -0.042  0.176  0.561  0.749  0.119  0.010   1.32
13 1 1 8445.42 3083.34  1.332  0.026  0.353 -0.637  0.628  0.121  0.010   1.57
 1 1 1 8887.00 3412.97  0.776 -0.293  0.190 -0.154  0.409  0.118  0.010   2.42
17 1 1 8979.90 3029.95  0.769 -0.091  0.244 -0.755  0.368  0.139  0.010   2.68
 1 1 1 8644.90 3621.70  0.713 -0.051  0.204 -0.814  0.301  0.116  0.010   3.28
13 1 1 8676.19 3222.37  1.287 -0.009  0.334 -1.481  0.372  0.119  0.010   2.66
17 1 1 8638.25 3582.03  1.149 -0.242  0.318 -1.353  0.325  0.133  0.010   3.04
13 1 1 8805.38 3450.69  1.259  0.209  0.378  1.373  3.865  0.117  0.010   0.26
 1 1 1 8812.05 3107.23  0.612  0.113  0.208 -0.030  0.567  0.121  0.010   1.74
13 1 1 8882.74 3399.46  1.352 -0.230  0.308 -0.184  0.718  0.118  0.010   1.38
17 1 1 8548.46 3529.55  0.707 -0.065  0.239 -0.254  0.518  0.134  0.010   1.90
13 1 1 8501.77 3242.40  1.059 -0.309  0.237 -0.340  0.456  0.119  0.010   2.17
 1 1 1 9086.05 3623.97  0.883 -0.043  0.243 -1.177  0.291  0.116  0.010   3.40
17 1 1 8976.98 3244.09  0.978 -0.180  0.277 -0.792  0.398  0.137  0.010   2.48
13 1 1 8698.47 3349.20  1.236 -0.232  0.288  0.797  1.541  0.118  0.010   0.64
25 1 1 8621.29 3668.69  0.619 -0.011  0.227  0.277  0.773  0.133  0.010   1.28
 1 1 1 9018.54 3226.69  0.730 -0.139  0.198 -0.008  0.508  0.120  0.010   1.95
17 1 1 8651.84 3680.11  1.074 -0.122  0.315 -0.672  0.495  0.132  0.010   2.00
25 1 1 8666.09 2966.20  0.892 -0.193  0.259 -0.094  0.623  0.140  0.010   1.59
 1 1 1 8942.71 3374.83  0.530 -0.039  0.179  0.760  0.899  0.118  0.010   1.10
17 1 1 8621.29 3668.69  0.791  0.013  0.265  0.700  1.345  0.132  0.010   0.73
25 1 1 8414.61 3105.43  0.913 -0.261  0.257 -0.958  0.318  0.139  0.010   3.11
 1 1 1 8884.15 3540.55  1.233  0.086  0.351  1.903  5.411  0.116  0.010   0.18
13 1 1 8945.42 3247.79  1.383 -0.229  0.318 -0.242  0.706  0.119  0.010   1.40
25 1 1 8520.65 3034.07  0.975 -0.157  0.283 -0.219  0.628  0.140  0.010   1.57
 1 1 1 8475.57 3592.32  1.509  0.094  0.432  0.648  2.246  0.116  0.010   0.44
25 1 1 8836.93 3468.77  0.706 -0.166  0.225 -0.948  0.290  0.135  0.010   3.41
13 1 1 8825.78 3356.29  1.367  0.170  0.402  1.201  3.527  0.118  0.010   0.28
25 1 1 8545.13 2992.13  0.513 -0.062  0.203  0.350  0.729  0.140  0.010   1.35
 1 1 1 8773.45 3073.74  1.451 -0.056  0.371 -0.617  0.659  0.121  0.010   1.50
25 1 1 8908.35 3083.54  0.797  0.383  0.333  0.285  1.331  0.139  0.010   0.74
13 1 1 8772.54 3288.09  1.293 -0.196  0.299  0.300  1.055  0.119  0.010   0.94
 1 1 1 9042.38 3218.99  0.713 -0.001  0.209  1.807  2.850  0.120  0.010   0.35
21 1 1 8579.50 3263.03  0.366 -0.080  0.178 -0.345  0.352  0.137  0.010   2.80
17 1 1 8627.40 3130.93  0.768 -0.102  0.245 -0.624  0.401  0.138  0.010   2.46
13 1 1 8850.88 3357.24  1.347  0.105  0.382  0.089  1.217  0.118  0.010   0.81
25 1 1 8596.79 3100.67  0.790 -0.128  0.246 -0.414  0.467  0.139  0.010   2.11
21 1 1 8951.16 3013.57  0.278 -0.108  0.164 -0.942  0.210  0.139  0.010   4.71
17 1 1 8858.75 3501.75  1.168 -0.101  0.341  0.802  1.885  0.134  0.010   0.52
 1 1 1 8441.08 3583.03  1.465  0.003  0.389 -0.951  0.560  0.117  0.010   1.76
17 1 1 8666.09 2966.20  0.705 -0.048  0.237 -0.704  0.377  0.140  0.010   2.62
25 1 1 8677.34 3282.39  0.934  0.002  0.298  2.973 12.327  0.137  0.010   0.08
21 1 1 8466.48 3446.97  0.280  0.027  0.175 -0.546  0.305  0.135  0.010   3.23
25 1 1 8864.28 3005.18  0.814  0.002  0.269 -1.365  0.296  0.140  0.010   3.33
21 1 1 8417.31 3512.72  0.329 -0.107  0.171 -0.193  0.372  0.134  0.010   2.65
 1 1 1 8638.25 3582.03  0.919 -0.260  0.221 -0.674  0.329  0.116  0.010   3.00
21 1 1 8445.78 3125.65  0.366 -0.181  0.172 -0.130  0.381  0.139  0.010   2.59
17 1 1 8414.61 3105.43  0.768 -0.006  0.256 -0.154  0.627  0.139  0.010   1.57
 1 1 1 8766.27 3431.81  0.834  0.108  0.248 -1.026  0.340  0.118  0.010   2.91
17 1 1 8520.65 3034.07  0.859  0.016  0.280 -0.644  0.480  0.139  0.010   2.06
21 1 1 8887.00 3412.97  0.722 -0.245  0.218  0.428  0.782  0.135  0.010   1.26
17 1 1 8836.93 3468.77  0.754  0.064  0.261  4.965 68.229  0.134  0.010   0.01
21 1 1 8644.90 3621.70  0.761 -0.065  0.246 -0.227  0.553  0.133  0.010   1.79
17 1 1 8908.35 3083.54  0.838 -0.054  0.266 -0.265  0.581  0.138  0.010   1.70
 1 1 1 8651.84 3680.11  0.878  0.031  0.243 -0.016  0.669  0.115  0.010   1.48
21 1 1 8812.05 3107.23  1.081  0.164  0.363  0.914  2.450  0.138  0.010   0.40
17 1 1 8617.24 2973.35  0.650 -0.008  0.232 -0.584  0.404  0.140  0.010   2.45
 1 1 1 8858.75 3501.75  1.216  0.346  0.400 -0.293  0.969  0.117  0.010   1.02
21 1 1 8439.89 3448.06  0.547 -0.092  0.202 -0.796  0.292  0.135  0.010   3.39
25 1 1 9027.63 3526.00  1.075 -0.274  0.292 -0.940  0.366  0.134  0.010   2.70
21 1 1 8632.62 3618.48  0.459  0.056  0.208  1.242  1.689  0.133  0.010   0.58
25 1 1 9010.83 3478.72  0.921  0.081  0.307  0.237  1.091  0.134  0.010   0.90
 1 1 1 8981.81 3435.91  1.175  0.040  0.312  0.158  1.023  0.118  0.010   0.97
17 1 1 8677.34 3282.39  1.082  0.024  0.337 -0.677  0.571  0.136  0.010   1.73
21 1 1 9018.54 3226.69  0.836  0.071  0.280 -0.531  0.525  0.137  0.010   1.88
17 1 1 8864.28 3005.18  0.891  0.055  0.293 -0.424  0.595  0.139  0.010   1.66
21 1 1 8821.46 3473.16  0.610  0.005  0.223  1.354  2.034  0.134  0.010   0.49
 1 1 1 8445.42 3083.34  1.031 -0.068  0.261  0.605  1.218  0.121  0.010   0.81
21 1 1 8664.95 3329.20  0.370 -0.168  0.175 -0.942  0.221  0.136  0.010   4.46
 1 1 1 8617.24 2973.35  1.478 -0.192  0.348  0.185  1.131  0.122  0.010   0.87
17 1 1 9010.83 3478.72  0.962 -0.066  0.292 -0.602  0.498  0.134  0.010   1.98
21 1 1 8445.37 3618.47  0.391  0.097  0.198  2.396  4.723  0.133  0.010   0.21
 1 1 1 8676.19 3222.37  1.497 -0.145  0.368 -0.897  0.526  0.120  0.010   1.88
17 1 1 8866.38 3258.48  1.113 -0.166  0.318 -1.013  0.399  0.136  0.010   2.47
 1 1 1 8882.74 3399.46  1.081 -0.021  0.281 -0.019  0.767  0.118  0.010   1.29
21 1 1 8779.74 3086.61  0.367 -0.076  0.176  2.389  3.953  0.139  0.010   0.25
21 1 1 8485.15 3147.54  0.790 -0.078  0.251  3.322 13.628  0.138  0.010   0.07
17 1 1 9003.66 3093.79  1.135 -0.181  0.319  0.180  0.980  0.138  0.010   1.01
21 1 1 8884.15 3540.55  0.937  0.015  0.295 -0.603  0.517  0.133  0.010   1.91
 1 1 1 8501.77 3242.40  0.995  0.047  0.272  4.693 54.788  0.120  0.010   0.02
21 1 1 8887.05 3069.21  0.660  0.021  0.240 -0.383  0.486  0.139  0.010   2.03
 1 1 1 8698.47 3349.20  1.107  0.036  0.308  1.654  3.775  0.118  0.010   0.26
21 1 1 8475.57 3592.32  0.663 -0.160  0.216 -0.385  0.410  0.133  0.010   2.41
21 1 1 8773.45 3073.74  0.453 -0.041  0.195 -0.620  0.321  0.139  0.010   3.08
 1 1 1 8905.10 3432.22  1.241 -0.182  0.287 -0.437  0.547  0.118  0.010   1.81
21 1 1 9172.64 3610.59  0.551 -0.078  0.207 -0.268  0.438  0.133  0.010   2.26
 1 1 1 8825.78 3356.29  1.259 -0.152  0.300  1.241  2.436  0.118  0.010   0.41
21 1 1 8806.14 3036.62  0.508 -0.140  0.191  0.308  0.644  0.139  0.010   1.53
 1 1 1 8866.38 3258.48  1.475 -0.241  0.344 -0.494  0.615  0.119  0.010   1.61
21 1 1 8490.44 3562.13  0.590  0.027  0.224 -0.497  0.416  0.134  0.010   2.37
21 1 1 8441.08 3583.03  0.649  0.149  0.251  0.178  0.844  0.134  0.010   1.17
21 1 1 8892.05 3032.83  0.467 -0.017  0.199 -0.503  0.360  0.139  0.010   2.74
21 1 1 8979.90 3029.95  0.478 -0.028  0.198 -0.574  0.340  0.139  0.010   2.90
21 1 1 8638.25 3582.03  1.174 -0.168  0.332  0.252  1.096  0.133  0.010   0.90
21 1 1 8548.46 3529.55  0.830 -0.004  0.272 -0.396  0.545  0.134  0.010   1.81
21 1 1 8976.98 3244.09  0.566  0.095  0.225  1.224  1.886  0.137  0.010   0.52
21 1 1 8621.29 3668.69  0.737 -0.152  0.231  0.370  0.820  0.132  0.010   1.20
21 1 1 8858.75 3501.75  1.048 -0.020  0.316 -0.711  0.510  0.134  0.010   1.94
21 1 1 8414.61 3105.43  0.902  0.046  0.297 -0.150  0.744  0.139  0.010   1.33
21 1 1 8545.13 2992.13  0.794 -0.097  0.250 -0.573  0.426  0.140  0.010   2.32
21 1 1 8908.35 3083.54  0.968 -0.274  0.270 -1.216  0.287  0.139  0.010   3.43
21 1 1 8677.34 3282.39  0.707  0.092  0.255  0.949  1.688  0.137  0.010   0.58
21 1 1 8805.38 3450.69  1.161  0.316  0.429  1.726  6.308  0.135  0.010   0.16
21 1 1 8864.28 3005.18  1.024 -0.024  0.316 -0.468  0.602  0.139  0.010   1.64
21 1 1 8654.16 3487.55  0.841  0.144  0.299  0.495  1.346  0.134  0.010   0.73
21 1 1 9027.63 3526.00  1.143  0.163  0.385  0.138  1.294  0.134  0.010   0.76
21 1 1 8825.78 3356.29  1.131  0.084  0.361 -0.544  0.685  0.136  0.010   1.44
