18 1 1 9064.96 1243.19 -5.101  0.004  0.016 -0.007  0.017  0.133  0.010  56.37
14 1 1 9064.96 1243.19 -3.764 -0.001  0.021 -0.058  0.025  0.116  0.010  39.95
10 1 1 9064.96 1243.19 -3.751 -0.005  0.021 -0.064  0.025  0.117  0.010  39.90
22 1 1 9064.96 1243.19 -5.081  0.003  0.016 -0.006  0.018  0.133  0.010  56.08
10 1 1 9135.68 1177.52 -3.603 -0.004  0.022 -0.091  0.027  0.118  0.010  36.29
18 1 1 9135.68 1177.52 -4.740  0.003  0.017 -0.032  0.020  0.134  0.010  50.06
14 1 1 9135.68 1177.52 -3.575 -0.007  0.023 -0.131  0.027  0.117  0.010  36.62
10 1 1 9152.59 1184.60 -3.682 -0.036  0.022 -0.144  0.031  0.118  0.010  31.15
18 1 1 9152.59 1184.60 -4.570 -0.009  0.017 -0.073  0.025  0.134  0.010  38.99
22 1 1 9135.68 1177.52 -4.746  0.001  0.017 -0.033  0.019  0.134  0.010  50.35
26 1 1 9064.96 1243.19 -5.086  0.004  0.016 -0.006  0.018  0.134  0.010  56.13
14 1 1 9152.59 1184.60 -3.671 -0.033  0.022 -0.160  0.032  0.117  0.010  30.75
14 1 1 8711.58 1025.55 -3.399 -0.006  0.024 -0.111  0.027  0.120  0.010  36.61
10 1 1 8711.58 1025.55 -3.394 -0.010  0.024 -0.092  0.027  0.120  0.010  35.93
26 1 1 9135.68 1177.52 -4.738  0.002  0.017 -0.033  0.020  0.135  0.010  50.10
10 1 1 9150.58 1214.55 -3.388  0.001  0.024  0.073  0.030  0.117  0.010  32.91
14 1 1 9150.58 1214.55 -3.393  0.004  0.024  0.049  0.029  0.117  0.010  33.67
10 1 1 8789.67 1097.52 -3.168 -0.006  0.025 -0.051  0.030  0.119  0.010  32.50
14 1 1 8789.67 1097.52 -3.175 -0.001  0.025 -0.053  0.030  0.119  0.010  32.85
14 1 1 9212.38 1019.18 -3.135  0.000  0.026  0.054  0.032  0.120  0.010  30.41
30 1 1 9064.96 1243.19 -5.098  0.003  0.016 -0.006  0.017  0.133  0.010  56.41
10 1 1 9212.38 1019.18 -3.053 -0.002  0.027  0.026  0.034  0.120  0.010  29.04
14 1 1 9052.06  856.04 -3.183 -0.011  0.025 -0.045  0.030  0.122  0.010  32.92
10 1 1 9052.06  856.04 -3.170 -0.008  0.025 -0.028  0.031  0.123  0.010  32.16
22 1 1 9152.59 1184.60 -4.566 -0.010  0.017 -0.072  0.025  0.134  0.010  38.85
18 1 1 8711.58 1025.55 -4.578  0.003  0.017 -0.037  0.018  0.137  0.010  53.16
30 1 1 9135.68 1177.52 -4.739  0.003  0.017 -0.031  0.020  0.134  0.010  50.02
10 1 1 8791.38 1190.07 -3.126 -0.007  0.026 -0.018  0.031  0.118  0.010  31.33
18 1 1 9150.58 1214.55 -4.579  0.006  0.017  0.015  0.019  0.134  0.010  52.87
18 1 1 9212.38 1019.18 -4.336  0.004  0.018  0.007  0.020  0.137  0.010  49.48
26 1 1 9152.59 1184.60 -4.569 -0.010  0.017 -0.086  0.025  0.135  0.010  39.28
18 1 1 9052.06  856.04 -4.301  0.006  0.018  0.015  0.020  0.139  0.010  48.85
30 1 1 9152.59 1184.60 -4.572 -0.012  0.017 -0.076  0.025  0.134  0.010  39.16
18 1 1 8791.38 1190.07 -4.256  0.005  0.018  0.007  0.020  0.134  0.010  48.11
14 1 1 8791.38 1190.07 -3.099  0.001  0.026  0.022  0.032  0.118  0.010  30.49
10 1 1 9057.50 1277.05 -2.840 -0.007  0.029 -0.214  0.034  0.116  0.010  28.87
10 1 1 9172.75 1207.83 -3.126 -0.015  0.026 -0.185  0.040  0.117  0.010  24.38
14 1 1 9057.50 1277.05 -2.861 -0.005  0.028 -0.179  0.034  0.116  0.010  28.96
18 1 1 9057.50 1277.05 -4.300  0.003  0.018 -0.015  0.020  0.133  0.010  48.88
10 1 1 8969.07 1027.22 -2.850 -0.002  0.028  0.033  0.037  0.120  0.010  26.28
22 1 1 8711.58 1025.55 -4.583  0.002  0.017 -0.037  0.018  0.136  0.010  53.37
 6 1 1 9064.96 1243.19 -3.765 -0.002  0.021 -0.063  0.025  0.116  0.010  39.99
22 1 1 8789.67 1097.52 -4.366  0.005  0.018  0.009  0.020  0.135  0.010  50.43
22 1 1 9212.38 1019.18 -4.338  0.003  0.018  0.015  0.020  0.136  0.010  49.68
 6 1 1 9135.68 1177.52 -3.580 -0.007  0.023 -0.102  0.027  0.118  0.010  36.34
22 1 1 9052.06  856.04 -4.286  0.004  0.018  0.002  0.020  0.139  0.010  48.88
 6 1 1 9152.59 1184.60 -3.685 -0.035  0.022 -0.122  0.032  0.117  0.010  30.48
 2 1 1 9064.96 1243.19 -3.756 -0.005  0.021 -0.071  0.025  0.117  0.010  39.60
22 1 1 8791.38 1190.07 -4.243  0.003  0.018  0.013  0.021  0.134  0.010  47.99
 2 1 1 9135.68 1177.52 -3.587 -0.006  0.023 -0.077  0.027  0.118  0.010  35.97
22 1 1 9057.50 1277.05 -4.293  0.000  0.018 -0.052  0.020  0.132  0.010  49.55
14 1 1 9172.75 1207.83 -3.140 -0.014  0.026 -0.211  0.040  0.117  0.010  24.40
10 1 1 9106.43  925.05 -2.784 -0.001  0.029  0.111  0.049  0.122  0.010  20.16
30 1 1 8711.58 1025.55 -4.589  0.002  0.017 -0.056  0.018  0.137  0.010  53.62
18 1 1 9172.75 1207.83 -4.208 -0.002  0.019 -0.099  0.027  0.134  0.010  35.92
14 1 1 8969.07 1027.22 -2.864 -0.006  0.028 -0.020  0.036  0.120  0.010  27.65
18 1 1 8969.07 1027.22 -4.079  0.002  0.019  0.019  0.022  0.137  0.010  45.12
14 1 1 9106.43  925.05 -2.740  0.003  0.030  0.122  0.052  0.121  0.010  18.94
30 1 1 9150.58 1214.55 -4.582  0.006  0.017  0.027  0.019  0.134  0.010  52.88
14 1 1 9147.93 1268.26 -2.823 -0.003  0.028  0.008  0.037  0.116  0.010  26.38
30 1 1 8789.67 1097.52 -4.381  0.004  0.018  0.004  0.019  0.136  0.010  50.59
30 1 1 9212.38 1019.18 -4.342  0.004  0.018  0.016  0.020  0.137  0.010  49.62
 2 1 1 9152.59 1184.60 -3.676 -0.037  0.022 -0.172  0.031  0.118  0.010  31.25
30 1 1 9052.06  856.04 -4.305  0.004  0.018  0.020  0.020  0.139  0.010  49.06
 2 1 1 8711.58 1025.55 -3.403 -0.005  0.024 -0.097  0.027  0.120  0.010  35.90
30 1 1 8791.38 1190.07 -4.251  0.006  0.018  0.024  0.021  0.134  0.010  47.80
 6 1 1 8711.58 1025.55 -3.402 -0.005  0.024 -0.077  0.027  0.120  0.010  35.79
26 1 1 8711.58 1025.55 -4.565  0.001  0.017 -0.060  0.018  0.137  0.010  53.28
30 1 1 9057.50 1277.05 -4.287  0.002  0.018 -0.024  0.020  0.133  0.010  49.10
 2 1 1 9150.58 1214.55 -3.370  0.001  0.024  0.019  0.030  0.117  0.010  33.25
22 1 1 9172.75 1207.83 -4.206 -0.004  0.019 -0.123  0.027  0.133  0.010  36.47
18 1 1 9106.43  925.05 -4.007  0.006  0.020  0.083  0.025  0.138  0.010  39.12
10 1 1 9147.93 1268.26 -2.804 -0.005  0.029 -0.007  0.038  0.116  0.010  26.05
18 1 1 9147.93 1268.26 -4.005  0.001  0.020  0.004  0.023  0.133  0.010  43.42
 6 1 1 8789.67 1097.52 -3.170  0.000  0.026  0.038  0.032  0.119  0.010  31.25
26 1 1 9150.58 1214.55 -4.573  0.007  0.017  0.027  0.019  0.134  0.010  52.58
 2 1 1 9212.38 1019.18 -3.112 -0.000  0.026 -0.049  0.032  0.120  0.010  30.85
18 1 1 9120.56 1241.46 -3.906  0.001  0.020 -0.043  0.023  0.133  0.010  42.81
26 1 1 8789.67 1097.52 -4.369  0.004  0.018  0.011  0.020  0.136  0.010  50.22
 2 1 1 9052.06  856.04 -3.194 -0.003  0.025 -0.041  0.030  0.123  0.010  32.61
26 1 1 9212.38 1019.18 -4.293  0.003  0.018  0.018  0.020  0.137  0.010  48.62
 2 1 1 8791.38 1190.07 -3.120  0.002  0.026 -0.036  0.032  0.118  0.010  31.16
22 1 1 8969.07 1027.22 -4.092  0.003  0.019  0.020  0.022  0.136  0.010  45.54
30 1 1 9172.75 1207.83 -4.221 -0.005  0.019 -0.102  0.027  0.134  0.010  36.46
22 1 1 9106.43  925.05 -4.007  0.007  0.020  0.058  0.025  0.138  0.010  39.71
22 1 1 9147.93 1268.26 -3.987  0.001  0.020 -0.014  0.023  0.132  0.010  43.64
10 1 1 9120.56 1241.46 -2.695 -0.007  0.030 -0.235  0.036  0.117  0.010  27.00
22 1 1 9120.56 1241.46 -3.933 -0.001  0.020 -0.037  0.023  0.133  0.010  43.48
 2 1 1 9057.50 1277.05 -2.871 -0.010  0.028 -0.177  0.034  0.116  0.010  28.99
10 1 1 8876.20 1058.35 -2.640 -0.013  0.030  0.021  0.041  0.120  0.010  23.76
 2 1 1 9172.75 1207.83 -3.122 -0.018  0.026 -0.214  0.040  0.117  0.010  24.61
10 1 1 9120.55  906.38 -2.560 -0.048  0.032 -0.516  0.036  0.122  0.010  27.03
26 1 1 9052.06  856.04 -4.306  0.004  0.018 -0.000  0.020  0.140  0.010  49.30
30 1 1 8969.07 1027.22 -4.078  0.004  0.019  0.005  0.022  0.137  0.010  45.39
26 1 1 8791.38 1190.07 -4.236  0.004  0.019  0.019  0.021  0.135  0.010  47.61
30 1 1 9106.43  925.05 -4.006  0.007  0.020  0.049  0.025  0.138  0.010  39.73
14 1 1 9120.56 1241.46 -2.696 -0.017  0.030 -0.222  0.036  0.116  0.010  27.29
26 1 1 9057.50 1277.05 -4.288  0.001  0.018 -0.038  0.020  0.133  0.010  49.16
30 1 1 9147.93 1268.26 -3.997  0.002  0.020  0.012  0.023  0.133  0.010  43.35
26 1 1 9172.75 1207.83 -4.209 -0.005  0.019 -0.121  0.027  0.134  0.010  36.53
14 1 1 8876.20 1058.35 -2.631 -0.010  0.031  0.042  0.042  0.119  0.010  23.64
30 1 1 9120.56 1241.46 -3.933 -0.001  0.020 -0.044  0.023  0.133  0.010  43.53
26 1 1 8969.07 1027.22 -4.077  0.004  0.019  0.009  0.022  0.137  0.010  45.23
30 1 1 8876.20 1058.35 -3.822  0.001  0.020 -0.003  0.024  0.136  0.010  41.12
14 1 1 9120.55  906.38 -2.521 -0.056  0.032 -0.519  0.036  0.122  0.010  26.88
30 1 1 9120.55  906.38 -3.872 -0.045  0.021 -0.439  0.027  0.139  0.010  36.02
26 1 1 9106.43  925.05 -4.016  0.006  0.020  0.079  0.025  0.139  0.010  39.55
14 1 1 9149.76  925.79 -2.511 -0.009  0.032  0.032  0.046  0.121  0.010  21.22
26 1 1 9147.93 1268.26 -3.978 -0.000  0.020  0.004  0.023  0.133  0.010  43.08
14 1 1 9199.36  967.22 -2.607 -0.030  0.031 -0.050  0.041  0.120  0.010  23.86
26 1 1 9120.56 1241.46 -3.923 -0.001  0.020 -0.044  0.023  0.134  0.010  43.23
14 1 1 9216.95 1164.13 -2.522  0.009  0.032  0.332  0.072  0.117  0.010  13.68
30 1 1 9149.76  925.79 -3.808  0.002  0.021  0.035  0.025  0.138  0.010  39.46
14 1 1 9153.93 1113.40 -2.561 -0.008  0.031 -0.214  0.041  0.118  0.010  24.26
26 1 1 8876.20 1058.35 -3.840 -0.001  0.020  0.017  0.024  0.137  0.010  41.16
30 1 1 9199.36  967.22 -3.786 -0.007  0.021 -0.052  0.024  0.138  0.010  41.02
26 1 1 9120.55  906.38 -3.881 -0.044  0.021 -0.443  0.027  0.139  0.010  36.10
30 1 1 9216.95 1164.13 -3.751  0.011  0.021  0.165  0.033  0.135  0.010  30.13
14 1 1 8721.14  816.14 -2.493 -0.007  0.032  0.083  0.046  0.123  0.010  21.22
26 1 1 9149.76  925.79 -3.819  0.006  0.021  0.080  0.025  0.139  0.010  38.96
30 1 1 9153.93 1113.40 -3.738 -0.000  0.021 -0.060  0.025  0.135  0.010  38.76
26 1 1 9199.36  967.22 -3.783 -0.007  0.021 -0.068  0.024  0.138  0.010  41.14
14 1 1 8693.20 1039.50 -2.373 -0.003  0.034  0.015  0.049  0.120  0.010  20.00
30 1 1 8721.14  816.14 -3.717  0.002  0.021  0.008  0.025  0.140  0.010  39.30
26 1 1 9216.95 1164.13 -3.737  0.014  0.021  0.189  0.033  0.135  0.010  29.36
14 1 1 9158.45  955.98 -2.258 -0.005  0.036 -0.115  0.051  0.121  0.010  19.28
30 1 1 8693.20 1039.50 -3.680  0.007  0.021  0.047  0.027  0.137  0.010  36.91
26 1 1 9153.93 1113.40 -3.722 -0.001  0.021 -0.021  0.026  0.136  0.010  37.86
30 1 1 9158.45  955.98 -3.589  0.004  0.022  0.005  0.027  0.138  0.010  35.84
26 1 1 8721.14  816.14 -3.734  0.003  0.021  0.028  0.025  0.140  0.010  39.24
14 1 1 8440.66 1488.31 -2.412  0.005  0.034 -0.075  0.046  0.112  0.010  21.40
26 1 1 8693.20 1039.50 -3.685  0.004  0.021  0.010  0.026  0.137  0.010  37.61
10 1 1 9149.76  925.79 -2.505  0.009  0.032  0.156  0.052  0.122  0.010  19.04
 2 1 1 8969.07 1027.22 -2.878 -0.010  0.028 -0.005  0.036  0.120  0.010  27.17
 6 1 1 9212.38 1019.18 -3.130  0.002  0.026  0.010  0.032  0.120  0.010  30.72
18 1 1 8876.20 1058.35 -3.847  0.001  0.020  0.005  0.024  0.136  0.010  41.36
14 1 1 8860.43 1029.77 -2.251  0.017  0.036  0.097  0.056  0.120  0.010  17.52
18 1 1 9120.55  906.38 -3.874 -0.042  0.021 -0.463  0.027  0.139  0.010  36.17
 2 1 1 9106.43  925.05 -2.755  0.003  0.030  0.055  0.049  0.122  0.010  20.14
30 1 1 8440.66 1488.31 -3.535  0.004  0.023  0.027  0.028  0.130  0.010  35.04
 2 1 1 9147.93 1268.26 -2.805 -0.004  0.029  0.010  0.038  0.116  0.010  25.66
30 1 1 8860.43 1029.77 -3.505  0.005  0.022  0.021  0.028  0.137  0.010  35.09
 2 1 1 9120.56 1241.46 -2.713 -0.010  0.030 -0.214  0.037  0.117  0.010  26.90
14 1 1 9134.72 1190.15 -2.334 -0.011  0.035 -0.014  0.051  0.117  0.010  19.20
30 1 1 9134.72 1190.15 -3.492 -0.001  0.023 -0.040  0.028  0.134  0.010  34.95
 2 1 1 8876.20 1058.35 -2.655 -0.007  0.030 -0.004  0.041  0.120  0.010  23.92
14 1 1 9032.06  841.90 -2.141 -0.041  0.037 -0.052  0.054  0.123  0.010  18.11
18 1 1 9149.76  925.79 -3.813  0.002  0.021  0.022  0.025  0.138  0.010  39.55
30 1 1 9032.06  841.90 -3.232 -0.006  0.024 -0.001  0.032  0.140  0.010  30.43
18 1 1 9199.36  967.22 -3.785 -0.005  0.021 -0.042  0.024  0.138  0.010  40.60
14 1 1 9123.32 1087.44 -2.713 -0.025  0.030 -0.152  0.037  0.119  0.010  26.83
22 1 1 8876.20 1058.35 -3.815  0.001  0.020 -0.022  0.024  0.136  0.010  41.42
26 1 1 9158.45  955.98 -3.546  0.001  0.022 -0.030  0.028  0.138  0.010  35.62
 6 1 1 9052.06  856.04 -3.177 -0.007  0.025  0.006  0.031  0.122  0.010  31.90
 2 1 1 9120.55  906.38 -2.556 -0.056  0.032 -0.491  0.037  0.122  0.010  26.85
14 1 1 9106.18  847.68 -2.018 -0.029  0.039 -0.109  0.057  0.122  0.010  17.40
 6 1 1 8791.38 1190.07 -3.087 -0.005  0.026  0.004  0.033  0.118  0.010  30.24
10 1 1 9199.36  967.22 -2.638 -0.023  0.031 -0.040  0.041  0.121  0.010  23.77
22 1 1 9120.55  906.38 -3.868 -0.048  0.021 -0.457  0.027  0.138  0.010  36.10
10 1 1 9216.95 1164.13 -2.514  0.001  0.032  0.281  0.072  0.118  0.010  13.63
 2 1 1 9149.76  925.79 -2.534 -0.004  0.032  0.081  0.048  0.122  0.010  20.56
26 1 1 8440.66 1488.31 -3.535  0.004  0.023  0.043  0.028  0.130  0.010  34.75
30 1 1 9123.32 1087.44 -2.899 -0.015  0.027 -0.140  0.036  0.136  0.010  27.46
 2 1 1 9199.36  967.22 -2.652 -0.018  0.030 -0.054  0.041  0.121  0.010  24.11
26 1 1 8860.43 1029.77 -3.498  0.005  0.023  0.027  0.028  0.137  0.010  34.79
22 1 1 9149.76  925.79 -3.820  0.006  0.021  0.054  0.025  0.138  0.010  39.31
 2 1 1 9216.95 1164.13 -2.502  0.004  0.033  0.287  0.072  0.118  0.010  13.59
30 1 1 9106.18  847.68 -3.201 -0.002  0.025 -0.025  0.032  0.140  0.010  30.71
 6 1 1 9057.50 1277.05 -2.860 -0.001  0.028 -0.112  0.035  0.116  0.010  27.97
18 1 1 9216.95 1164.13 -3.755  0.012  0.021  0.197  0.033  0.135  0.010  29.46
22 1 1 9199.36  967.22 -3.778 -0.004  0.021 -0.014  0.024  0.137  0.010  40.28
18 1 1 9153.93 1113.40 -3.749  0.002  0.021 -0.039  0.026  0.135  0.010  38.54
30 1 1 8678.57 1020.92 -3.181  0.001  0.025 -0.060  0.032  0.137  0.010  30.57
 6 1 1 9172.75 1207.83 -3.128 -0.017  0.026 -0.237  0.040  0.117  0.010  24.44
30 1 1 9157.37 1308.10 -3.114  0.004  0.025  0.021  0.034  0.132  0.010  28.90
22 1 1 9216.95 1164.13 -3.748  0.009  0.021  0.158  0.033  0.134  0.010  30.23
18 1 1 8721.14  816.14 -3.718  0.001  0.021  0.023  0.025  0.140  0.010  39.03
30 1 1 9162.12  900.92 -3.074  0.003  0.026  0.102  0.037  0.139  0.010  26.37
10 1 1 9153.93 1113.40 -2.551 -0.017  0.032 -0.203  0.041  0.119  0.010  23.89
18 1 1 8693.20 1039.50 -3.687  0.001  0.021 -0.015  0.026  0.137  0.010  38.09
10 1 1 8721.14  816.14 -2.539  0.002  0.032  0.076  0.046  0.123  0.010  21.58
22 1 1 9153.93 1113.40 -3.743 -0.003  0.021 -0.051  0.025  0.135  0.010  38.97
18 1 1 9158.45  955.98 -3.577  0.006  0.022  0.038  0.028  0.138  0.010  35.00
10 1 1 8693.20 1039.50 -2.370 -0.007  0.034 -0.019  0.049  0.120  0.010  20.07
22 1 1 8721.14  816.14 -3.728  0.006  0.021  0.053  0.025  0.140  0.010  38.83
18 1 1 8440.66 1488.31 -3.529  0.005  0.023  0.037  0.028  0.130  0.010  34.58
10 1 1 9158.45  955.98 -2.185 -0.010  0.037 -0.115  0.054  0.121  0.010  18.13
18 1 1 8860.43 1029.77 -3.510  0.005  0.022  0.028  0.028  0.137  0.010  34.93
10 1 1 8440.66 1488.31 -2.390 -0.001  0.034 -0.019  0.048  0.113  0.010  20.51
22 1 1 8693.20 1039.50 -3.674  0.001  0.021 -0.015  0.026  0.136  0.010  38.15
10 1 1 8860.43 1029.77 -2.288  0.003  0.035  0.009  0.052  0.120  0.010  18.78
22 1 1 9158.45  955.98 -3.601  0.003  0.022 -0.004  0.027  0.137  0.010  36.17
10 1 1 9134.72 1190.15 -2.327 -0.001  0.035  0.004  0.053  0.118  0.010  18.51
22 1 1 8860.43 1029.77 -3.501  0.002  0.023 -0.051  0.027  0.136  0.010  36.10
10 1 1 9032.06  841.90 -2.118 -0.051  0.038 -0.086  0.054  0.123  0.010  18.14
22 1 1 9134.72 1190.15 -3.472 -0.001  0.023 -0.014  0.029  0.134  0.010  34.32
10 1 1 9123.32 1087.44 -2.770 -0.019  0.029 -0.161  0.036  0.119  0.010  27.40
18 1 1 9134.72 1190.15 -3.496 -0.000  0.023 -0.030  0.028  0.134  0.010  34.75
22 1 1 9032.06  841.90 -3.239 -0.004  0.024  0.016  0.033  0.139  0.010  30.21
18 1 1 9032.06  841.90 -3.239 -0.005  0.024 -0.031  0.032  0.140  0.010  30.84
10 1 1 9106.18  847.68 -2.038 -0.015  0.039 -0.019  0.060  0.123  0.010  16.32
22 1 1 9123.32 1087.44 -2.922 -0.012  0.027 -0.085  0.036  0.135  0.010  27.21
10 1 1 8678.57 1020.92 -1.987 -0.014  0.040 -0.143  0.058  0.121  0.010  16.83
22 1 1 9106.18  847.68 -3.170 -0.002  0.025 -0.067  0.032  0.139  0.010  30.66
10 1 1 9157.37 1308.10 -1.973  0.003  0.040  0.028  0.065  0.115  0.010  15.16
22 1 1 8678.57 1020.92 -3.187  0.003  0.025 -0.026  0.032  0.137  0.010  30.46
10 1 1 9162.12  900.92 -1.815 -0.007  0.043  0.057  0.076  0.122  0.010  12.94
22 1 1 9157.37 1308.10 -3.074  0.005  0.026  0.055  0.035  0.132  0.010  27.81
 6 1 1 8969.07 1027.22 -2.872 -0.002  0.028  0.044  0.037  0.120  0.010  26.64
18 1 1 9123.32 1087.44 -2.934 -0.008  0.027 -0.129  0.036  0.136  0.010  27.68
 6 1 1 9106.43  925.05 -2.757  0.005  0.030  0.081  0.048  0.121  0.010  20.53
 2 1 1 9153.93 1113.40 -2.537 -0.017  0.032 -0.238  0.041  0.119  0.010  23.89
14 1 1 8678.57 1020.92 -1.990 -0.007  0.040 -0.180  0.056  0.120  0.010  17.45
 6 1 1 9147.93 1268.26 -2.823  0.002  0.029 -0.016  0.037  0.116  0.010  26.47
18 1 1 9106.18  847.68 -3.196 -0.004  0.025 -0.043  0.032  0.140  0.010  30.72
 6 1 1 9120.56 1241.46 -2.707 -0.008  0.030 -0.207  0.037  0.116  0.010  26.92
14 1 1 9157.37 1308.10 -2.076  0.003  0.038 -0.028  0.058  0.115  0.010  17.05
10 1 1 9008.87 1275.01 -1.848  0.010  0.043 -0.076  0.068  0.116  0.010  14.44
14 1 1 9162.12  900.92 -1.876  0.008  0.042  0.140  0.076  0.121  0.010  12.88
18 1 1 8678.57 1020.92 -3.175  0.006  0.025 -0.012  0.033  0.137  0.010  29.67
14 1 1 9008.87 1275.01 -1.823  0.011  0.043  0.085  0.076  0.116  0.010  12.92
18 1 1 9157.37 1308.10 -3.129  0.007  0.025  0.026  0.034  0.132  0.010  28.99
26 1 1 9134.72 1190.15 -3.473 -0.002  0.023 -0.042  0.028  0.135  0.010  34.59
10 1 1 9116.70  807.84 -1.874 -0.017  0.042 -0.187  0.061  0.123  0.010  16.29
 2 1 1 8721.14  816.14 -2.531 -0.014  0.032 -0.033  0.043  0.123  0.010  22.66
14 1 1 9116.70  807.84 -1.819 -0.008  0.043  0.053  0.072  0.123  0.010  13.59
 2 1 1 8693.20 1039.50 -2.375 -0.004  0.034 -0.052  0.049  0.120  0.010  20.19
18 1 1 9162.12  900.92 -3.051  0.002  0.026  0.054  0.037  0.139  0.010  26.46
14 1 1 8791.46 1411.43 -1.829 -0.023  0.043  0.016  0.070  0.113  0.010  14.03
18 1 1 9008.87 1275.01 -3.055 -0.008  0.026 -0.103  0.034  0.133  0.010  29.28
14 1 1 9078.14 1240.53 -1.850  0.002  0.042  0.165  0.078  0.116  0.010  12.58
26 1 1 9032.06  841.90 -3.241 -0.003  0.024  0.002  0.032  0.140  0.010  30.42
 2 1 1 9158.45  955.98 -2.229 -0.009  0.036 -0.128  0.052  0.121  0.010  18.88
14 1 1 9176.62 1240.20 -1.908  0.021  0.042  0.068  0.081  0.116  0.010  12.13
26 1 1 9123.32 1087.44 -2.910 -0.011  0.027 -0.116  0.036  0.136  0.010  27.25
14 1 1 9156.52 1244.62 -1.850  0.008  0.043  0.310  0.090  0.116  0.010  10.89
26 1 1 9106.18  847.68 -3.173 -0.004  0.025 -0.028  0.033  0.140  0.010  30.26
14 1 1 8500.43 1544.21 -1.629 -0.023  0.047 -0.162  0.073  0.112  0.010  13.41
26 1 1 8678.57 1020.92 -3.155  0.000  0.025 -0.008  0.034  0.137  0.010  29.33
18 1 1 9116.70  807.84 -3.046  0.000  0.026 -0.029  0.035  0.140  0.010  28.42
14 1 1 9115.87 1190.37 -1.789  0.011  0.044  0.214  0.086  0.117  0.010  11.39
18 1 1 8791.46 1411.43 -3.032 -0.003  0.026  0.022  0.036  0.130  0.010  27.48
14 1 1 9059.71 1559.07 -1.685  0.002  0.045 -0.030  0.075  0.111  0.010  13.19
 2 1 1 8440.66 1488.31 -2.395  0.001  0.034 -0.048  0.047  0.113  0.010  20.74
18 1 1 9078.14 1240.53 -2.990 -0.002  0.026  0.010  0.037  0.133  0.010  26.30
26 1 1 9157.37 1308.10 -3.102  0.001  0.025 -0.021  0.034  0.132  0.010  29.23
 2 1 1 8860.43 1029.77 -2.242  0.002  0.036  0.044  0.056  0.120  0.010  17.66
18 1 1 9176.62 1240.20 -2.999  0.002  0.026  0.053  0.040  0.133  0.010  24.75
26 1 1 9162.12  900.92 -3.047  0.005  0.026  0.067  0.037  0.139  0.010  26.31
18 1 1 9156.52 1244.62 -2.953  0.006  0.027  0.049  0.039  0.133  0.010  24.98
 2 1 1 9134.72 1190.15 -2.371 -0.010  0.034 -0.030  0.051  0.118  0.010  19.46
14 1 1 9021.96 1250.59 -1.783  0.000  0.044 -0.123  0.068  0.116  0.010  14.52
 2 1 1 9032.06  841.90 -2.149 -0.045  0.037 -0.079  0.054  0.123  0.010  18.29
18 1 1 8500.43 1544.21 -3.006 -0.005  0.026 -0.137  0.035  0.129  0.010  28.37
14 1 1 8959.54  803.98 -1.683 -0.006  0.046 -0.043  0.076  0.123  0.010  12.93
26 1 1 9008.87 1275.01 -3.032 -0.000  0.026 -0.043  0.035  0.133  0.010  27.99
14 1 1 8984.62 1070.80 -1.997 -0.029  0.040 -0.279  0.053  0.119  0.010  18.58
26 1 1 9116.70  807.84 -3.029 -0.002  0.026 -0.015  0.035  0.141  0.010  27.91
18 1 1 9115.87 1190.37 -2.878  0.004  0.028  0.034  0.041  0.134  0.010  24.21
26 1 1 8791.46 1411.43 -3.015  0.003  0.026  0.050  0.037  0.131  0.010  26.62
 2 1 1 9123.32 1087.44 -2.785 -0.017  0.029 -0.115  0.037  0.119  0.010  26.87
18 1 1 9059.71 1559.07 -2.890 -0.005  0.027 -0.040  0.037  0.128  0.010  26.47
10 1 1 8791.46 1411.43 -1.800  0.001  0.043  0.139  0.079  0.114  0.010  12.44
26 1 1 9078.14 1240.53 -2.995 -0.002  0.026 -0.019  0.037  0.134  0.010  26.78
14 1 1 9109.91 1094.42 -1.574 -0.066  0.048 -0.698  0.058  0.119  0.010  16.97
30 1 1 9008.87 1275.01 -3.024 -0.007  0.026 -0.128  0.034  0.133  0.010  29.35
18 1 1 9021.96 1250.59 -2.840 -0.002  0.028 -0.038  0.040  0.133  0.010  24.85
30 1 1 9116.70  807.84 -3.012  0.009  0.026  0.049  0.037  0.140  0.010  26.73
 6 1 1 8876.20 1058.35 -2.675  0.000  0.030  0.026  0.041  0.119  0.010  24.06
26 1 1 9176.62 1240.20 -2.971  0.001  0.027 -0.049  0.038  0.134  0.010  25.75
 2 1 1 9106.18  847.68 -2.051 -0.014  0.039  0.026  0.062  0.123  0.010  15.90
 6 1 1 9120.55  906.38 -2.555 -0.050  0.032 -0.499  0.036  0.121  0.010  26.88
22 1 1 9162.12  900.92 -3.089  0.003  0.026  0.092  0.037  0.138  0.010  26.57
 2 1 1 8678.57 1020.92 -2.025  0.009  0.040  0.059  0.067  0.121  0.010  14.78
22 1 1 9008.87 1275.01 -3.041 -0.011  0.026 -0.153  0.033  0.132  0.010  30.02
 2 1 1 9157.37 1308.10 -2.027 -0.005  0.039  0.065  0.064  0.116  0.010  15.44
26 1 1 9156.52 1244.62 -2.972 -0.001  0.027  0.092  0.040  0.134  0.010  24.80
 2 1 1 9162.12  900.92 -1.876 -0.017  0.042 -0.058  0.067  0.122  0.010  14.70
26 1 1 8500.43 1544.21 -2.933 -0.004  0.027 -0.081  0.037  0.129  0.010  26.48
 6 1 1 9149.76  925.79 -2.511 -0.004  0.032  0.073  0.048  0.121  0.010  20.45
26 1 1 9115.87 1190.37 -2.867  0.001  0.028  0.033  0.041  0.134  0.010  24.14
 2 1 1 9008.87 1275.01 -1.856 -0.012  0.042 -0.032  0.069  0.116  0.010  14.35
26 1 1 9059.71 1559.07 -2.886 -0.000  0.027 -0.047  0.037  0.128  0.010  26.54
 2 1 1 9116.70  807.84 -1.843 -0.001  0.043  0.027  0.072  0.123  0.010  13.67
10 1 1 9078.14 1240.53 -1.898  0.013  0.042  0.335  0.088  0.117  0.010  11.21
 2 1 1 8791.46 1411.43 -1.836 -0.007  0.043 -0.084  0.066  0.114  0.010  14.83
 6 1 1 9199.36  967.22 -2.621 -0.026  0.031 -0.118  0.040  0.121  0.010  24.72
 2 1 1 9078.14 1240.53 -1.853 -0.012  0.042  0.010  0.072  0.117  0.010  13.77
26 1 1 9021.96 1250.59 -2.831 -0.008  0.028 -0.113  0.038  0.133  0.010  25.82
 2 1 1 9176.62 1240.20 -1.908  0.010  0.042  0.196  0.090  0.117  0.010  10.96
 6 1 1 9216.95 1164.13 -2.512 -0.001  0.032  0.218  0.069  0.117  0.010  14.28
 2 1 1 9156.52 1244.62 -1.823  0.012  0.044  0.345  0.097  0.117  0.010  10.13
 6 1 1 9153.93 1113.40 -2.536 -0.012  0.032 -0.112  0.044  0.118  0.010  22.50
26 1 1 8959.54  803.98 -2.835 -0.001  0.028 -0.019  0.040  0.140  0.010  24.79
 2 1 1 8500.43 1544.21 -1.799 -0.004  0.044 -0.157  0.067  0.112  0.010  14.72
18 1 1 8959.54  803.98 -2.834 -0.004  0.028 -0.066  0.039  0.140  0.010  25.51
22 1 1 9116.70  807.84 -3.046 -0.003  0.026  0.016  0.035  0.140  0.010  27.86
26 1 1 8984.62 1070.80 -2.752 -0.036  0.029 -0.438  0.034  0.136  0.010  28.60
 6 1 1 8721.14  816.14 -2.492 -0.017  0.032 -0.015  0.044  0.123  0.010  22.28
 2 1 1 9115.87 1190.37 -1.860 -0.002  0.043  0.083  0.076  0.118  0.010  12.90
26 1 1 9109.91 1094.42 -2.799 -0.017  0.028 -0.235  0.037  0.136  0.010  26.64
10 1 1 9176.62 1240.20 -1.855  0.020  0.043  0.127  0.089  0.117  0.010  11.03
22 1 1 8791.46 1411.43 -3.010 -0.002  0.026 -0.072  0.034  0.130  0.010  28.60
 2 1 1 9059.71 1559.07 -1.713 -0.004  0.045 -0.108  0.070  0.111  0.010  14.08
30 1 1 8791.46 1411.43 -3.013 -0.007  0.026 -0.041  0.035  0.130  0.010  28.12
10 1 1 9156.52 1244.62 -1.827  0.007  0.043  0.256  0.090  0.117  0.010  10.98
26 1 1 8867.63 1175.88 -2.842  0.007  0.028  0.057  0.044  0.135  0.010  22.56
 6 1 1 8693.20 1039.50 -2.364 -0.005  0.034 -0.000  0.050  0.120  0.010  19.83
26 1 1 8812.27  841.63 -2.755  0.004  0.029  0.026  0.043  0.140  0.010  23.01
22 1 1 9078.14 1240.53 -3.005  0.008  0.026  0.154  0.040  0.133  0.010  24.52
26 1 1 8806.76 1050.65 -2.747 -0.006  0.029  0.032  0.043  0.137  0.010  22.90
22 1 1 9176.62 1240.20 -2.974  0.001  0.027  0.014  0.039  0.133  0.010  25.09
30 1 1 9078.14 1240.53 -2.985 -0.001  0.026  0.039  0.038  0.133  0.010  25.93
26 1 1 9032.85 1031.11 -2.801  0.006  0.028  0.093  0.043  0.137  0.010  22.73
18 1 1 8984.62 1070.80 -2.767 -0.029  0.029 -0.399  0.035  0.136  0.010  28.29
 6 1 1 9158.45  955.98 -2.239 -0.013  0.036 -0.152  0.051  0.121  0.010  19.44
10 1 1 8500.43 1544.21 -1.659 -0.018  0.046 -0.213  0.070  0.112  0.010  13.97
30 1 1 9176.62 1240.20 -2.953  0.000  0.027 -0.096  0.037  0.133  0.010  26.27
 2 1 1 9021.96 1250.59 -1.753 -0.023  0.044 -0.084  0.071  0.117  0.010  13.82
22 1 1 9156.52 1244.62 -2.964  0.005  0.027  0.072  0.039  0.133  0.010  25.10
26 1 1 9229.54  939.28 -2.741  0.008  0.029  0.109  0.046  0.138  0.010  21.56
10 1 1 9115.87 1190.37 -1.812 -0.005  0.043  0.158  0.082  0.117  0.010  11.97
22 1 1 8500.43 1544.21 -2.933  0.000  0.027  0.044  0.040  0.128  0.010  24.92
 2 1 1 8959.54  803.98 -1.672 -0.020  0.046  0.118  0.087  0.123  0.010  11.37
22 1 1 9115.87 1190.37 -2.895  0.008  0.027  0.103  0.042  0.134  0.010  23.66
 2 1 1 8984.62 1070.80 -1.889 -0.025  0.042 -0.381  0.055  0.120  0.010  17.82
22 1 1 9059.71 1559.07 -2.880 -0.000  0.027 -0.019  0.037  0.127  0.010  26.30
26 1 1 8748.23 1153.06 -2.677  0.014  0.030  0.210  0.050  0.135  0.010  19.55
10 1 1 9059.71 1559.07 -1.729  0.013  0.045  0.180  0.085  0.111  0.010  11.58
22 1 1 9021.96 1250.59 -2.816 -0.013  0.028 -0.072  0.039  0.133  0.010  25.32
10 1 1 9021.96 1250.59 -1.751 -0.042  0.044 -0.247  0.063  0.117  0.010  15.54
26 1 1 8573.85 1254.99 -2.734 -0.005  0.029 -0.077  0.041  0.134  0.010  23.92
22 1 1 8959.54  803.98 -2.820  0.005  0.028  0.019  0.041  0.140  0.010  24.03
26 1 1 8681.60 1277.01 -2.635 -0.006  0.030 -0.002  0.046  0.133  0.010  21.57
22 1 1 8984.62 1070.80 -2.727 -0.034  0.029 -0.464  0.034  0.136  0.010  28.80
10 1 1 8959.54  803.98 -1.690 -0.009  0.046 -0.075  0.075  0.123  0.010  13.12
22 1 1 9109.91 1094.42 -2.787 -0.017  0.029 -0.315  0.036  0.135  0.010  27.64
18 1 1 9109.91 1094.42 -2.821 -0.024  0.028 -0.300  0.035  0.136  0.010  27.91
10 1 1 8984.62 1070.80 -1.927 -0.011  0.041 -0.287  0.057  0.119  0.010  17.29
18 1 1 8867.63 1175.88 -2.814  0.003  0.028 -0.006  0.043  0.134  0.010  23.09
 2 1 1 9109.91 1094.42 -1.567 -0.073  0.048 -0.656  0.060  0.119  0.010  16.33
10 1 1 9109.91 1094.42 -1.528 -0.104  0.049 -0.551  0.064  0.119  0.010  15.46
 2 1 1 8867.63 1175.88 -1.278 -0.015  0.057 -0.150  0.099  0.118  0.010   9.92
 6 1 1 8860.43 1029.77 -2.273 -0.001  0.035  0.050  0.054  0.120  0.010  18.36
18 1 1 8812.27  841.63 -2.760 -0.011  0.029 -0.011  0.041  0.140  0.010  23.75
10 1 1 8867.63 1175.88 -1.254 -0.012  0.057 -0.002  0.111  0.118  0.010   8.86
26 1 1 8716.05 1176.93 -2.661 -0.002  0.030  0.014  0.046  0.135  0.010  21.39
 2 1 1 8812.27  841.63 -1.595  0.009  0.049  0.121  0.094  0.123  0.010  10.45
10 1 1 8812.27  841.63 -1.660 -0.002  0.047  0.063  0.083  0.123  0.010  11.81
30 1 1 9156.52 1244.62 -2.947  0.002  0.027  0.022  0.039  0.133  0.010  25.50
 6 1 1 9134.72 1190.15 -2.344 -0.002  0.035  0.025  0.053  0.117  0.010  18.55
26 1 1 8683.63 1060.16 -2.653 -0.012  0.030 -0.025  0.044  0.137  0.010  22.34
18 1 1 8806.76 1050.65 -2.717 -0.006  0.029 -0.010  0.043  0.136  0.010  23.07
22 1 1 8867.63 1175.88 -2.820 -0.004  0.028  0.022  0.043  0.134  0.010  23.07
10 1 1 8806.76 1050.65 -1.621 -0.005  0.047  0.079  0.087  0.120  0.010  11.28
18 1 1 9032.85 1031.11 -2.796 -0.002  0.028  0.087  0.043  0.137  0.010  22.89
22 1 1 8812.27  841.63 -2.755  0.001  0.029 -0.069  0.040  0.139  0.010  24.37
14 1 1 8867.63 1175.88 -1.234 -0.005  0.058  0.168  0.127  0.118  0.010   7.75
18 1 1 9229.54  939.28 -2.734  0.002  0.029  0.088  0.046  0.138  0.010  21.63
30 1 1 8500.43 1544.21 -2.951 -0.001  0.027 -0.032  0.038  0.129  0.010  26.06
 2 1 1 8806.76 1050.65 -1.600 -0.014  0.048  0.106  0.091  0.120  0.010  10.79
30 1 1 9115.87 1190.37 -2.868 -0.002  0.028 -0.039  0.039  0.134  0.010  25.32
 2 1 1 9032.85 1031.11 -1.031  0.027  0.066  0.342  0.179  0.120  0.010   5.51
26 1 1 8883.71 1004.17 -2.668 -0.022  0.030 -0.158  0.041  0.137  0.010  24.01
 2 1 1 9229.54  939.28 -1.563  0.003  0.049  0.275  0.107  0.121  0.010   9.17
26 1 1 8522.44 1477.59 -2.653 -0.019  0.030 -0.221  0.039  0.130  0.010  25.04
 2 1 1 8748.23 1153.06 -1.589  0.024  0.049  0.227  0.102  0.119  0.010   9.63
26 1 1 9070.54  823.39 -2.592  0.006  0.031  0.066  0.050  0.140  0.010  19.80
 2 1 1 8573.85 1254.99 -1.393 -0.019  0.053 -0.242  0.084  0.117  0.010  11.73
30 1 1 9059.71 1559.07 -2.886 -0.001  0.027 -0.015  0.038  0.128  0.010  26.09
26 1 1 9159.16 1009.60 -2.243 -0.033  0.037 -0.442  0.049  0.137  0.010  20.06
30 1 1 9021.96 1250.59 -2.836 -0.006  0.028 -0.100  0.038  0.133  0.010  25.91
26 1 1 8994.33 1323.79 -2.065 -0.014  0.039 -0.178  0.063  0.132  0.010  15.67
30 1 1 8959.54  803.98 -2.845  0.005  0.028  0.007  0.040  0.140  0.010  24.62
26 1 1 9128.27  825.05 -2.543  0.007  0.031  0.093  0.051  0.140  0.010  19.20
30 1 1 8984.62 1070.80 -2.773 -0.035  0.029 -0.452  0.034  0.136  0.010  29.25
26 1 1 8776.12 1424.41 -2.461 -0.008  0.032 -0.049  0.050  0.131  0.010  19.87
 2 1 1 8681.60 1277.01 -1.589  0.014  0.049  0.360  0.112  0.117  0.010   8.77
30 1 1 9109.91 1094.42 -2.791 -0.023  0.028 -0.269  0.036  0.136  0.010  27.10
26 1 1 9079.30  785.60 -2.436  0.005  0.033  0.100  0.057  0.141  0.010  17.34
30 1 1 8867.63 1175.88 -2.806 -0.005  0.028 -0.059  0.041  0.134  0.010  23.88
26 1 1 8617.69 1218.39 -2.377 -0.024  0.033 -0.113  0.049  0.134  0.010  19.91
30 1 1 8812.27  841.63 -2.722 -0.002  0.029 -0.080  0.041  0.139  0.010  24.07
26 1 1 9010.15 1083.35 -2.333 -0.030  0.034 -0.175  0.050  0.136  0.010  19.77
30 1 1 8806.76 1050.65 -2.754 -0.004  0.029  0.059  0.043  0.136  0.010  22.67
26 1 1 8442.76 1077.53 -2.339  0.002  0.034  0.220  0.066  0.137  0.010  14.90
30 1 1 9032.85 1031.11 -2.827  0.012  0.028  0.184  0.045  0.137  0.010  21.94
26 1 1 8716.41 1158.96 -2.281 -0.017  0.035 -0.079  0.054  0.135  0.010  18.16
30 1 1 9229.54  939.28 -2.737  0.002  0.029  0.139  0.046  0.138  0.010  21.29
26 1 1 8819.58  945.89 -2.250 -0.002  0.035  0.086  0.062  0.138  0.010  15.77
30 1 1 8748.23 1153.06 -2.675  0.003  0.030  0.121  0.047  0.135  0.010  20.78
26 1 1 9209.15 1433.22 -2.266 -0.001  0.035 -0.108  0.054  0.130  0.010  18.39
30 1 1 8573.85 1254.99 -2.724 -0.012  0.029 -0.028  0.042  0.133  0.010  23.48
26 1 1 9031.96 1107.50 -2.286  0.006  0.035  0.144  0.064  0.136  0.010  15.45
30 1 1 8681.60 1277.01 -2.644  0.008  0.030  0.052  0.047  0.133  0.010  20.90
26 1 1 8475.74 1197.87 -2.192 -0.011  0.036 -0.134  0.059  0.135  0.010  16.74
30 1 1 8716.05 1176.93 -2.654  0.000  0.030  0.110  0.049  0.134  0.010  20.15
26 1 1 8445.63  993.15 -2.147 -0.012  0.037 -0.092  0.061  0.138  0.010  16.24
30 1 1 8683.63 1060.16 -2.634 -0.004  0.030  0.049  0.047  0.136  0.010  20.95
26 1 1 8748.54 1501.69 -2.186  0.009  0.036  0.202  0.071  0.129  0.010  13.91
 2 1 1 8716.05 1176.93 -1.525 -0.017  0.050 -0.020  0.088  0.118  0.010  11.18
26 1 1 9074.13 1072.25 -2.165  0.008  0.037  0.132  0.069  0.136  0.010  14.33
 2 1 1 8683.63 1060.16 -1.566 -0.013  0.049 -0.027  0.086  0.120  0.010  11.48
26 1 1 8491.73  793.69 -2.194 -0.006  0.036 -0.033  0.060  0.141  0.010  16.43
30 1 1 8883.71 1004.17 -2.655 -0.012  0.030 -0.174  0.041  0.137  0.010  24.09
 2 1 1 8883.71 1004.17 -1.528 -0.043  0.050 -0.262  0.075  0.121  0.010  13.21
30 1 1 8522.44 1477.59 -2.628 -0.020  0.030 -0.256  0.039  0.130  0.010  25.03
 2 1 1 8522.44 1477.59 -1.440 -0.016  0.052 -0.303  0.077  0.113  0.010  12.73
26 1 1 9054.54 1206.90 -2.115 -0.006  0.039 -0.204  0.059  0.134  0.010  16.72
 2 1 1 9070.54  823.39 -1.401 -0.011  0.053 -0.163  0.089  0.123  0.010  11.07
30 1 1 9070.54  823.39 -2.622  0.001  0.030 -0.019  0.046  0.140  0.010  21.47
 2 1 1 9159.16 1009.60 -2.195 -0.047  0.037 -0.505  0.046  0.120  0.010  21.25
30 1 1 9159.16 1009.60 -2.239 -0.031  0.037 -0.455  0.049  0.137  0.010  20.23
 2 1 1 8994.33 1323.79 -2.315 -0.005  0.035 -0.187  0.048  0.115  0.010  20.71
30 1 1 8994.33 1323.79 -2.032 -0.005  0.039 -0.226  0.062  0.132  0.010  15.82
 2 1 1 9128.27  825.05 -1.052 -0.029  0.064  0.021  0.130  0.123  0.010   7.57
30 1 1 9128.27  825.05 -2.553  0.003  0.031 -0.023  0.047  0.140  0.010  20.97
26 1 1 8898.84  904.86 -2.151 -0.029  0.037 -0.261  0.053  0.139  0.010  18.54
30 1 1 8776.12 1424.41 -2.494 -0.006  0.032 -0.054  0.048  0.130  0.010  20.50
 2 1 1 8776.12 1424.41 -1.366  0.002  0.054  0.096  0.108  0.114  0.010   9.13
30 1 1 9079.30  785.60 -2.424  0.001  0.033  0.057  0.055  0.140  0.010  17.96
26 1 1 8990.28 1425.52 -2.143  0.009  0.037  0.342  0.083  0.130  0.010  11.93
30 1 1 8617.69 1218.39 -2.352 -0.015  0.034 -0.114  0.050  0.134  0.010  19.51
26 1 1 9023.81 1357.11 -2.114  0.006  0.038  0.177  0.074  0.132  0.010  13.28
30 1 1 9010.15 1083.35 -2.365 -0.023  0.034 -0.278  0.046  0.136  0.010  21.32
26 1 1 9191.85 1063.91 -2.051  0.015  0.039  0.264  0.083  0.136  0.010  11.90
30 1 1 8442.76 1077.53 -2.326 -0.000  0.035  0.168  0.064  0.136  0.010  15.31
26 1 1 9223.79 1107.66 -2.034  0.019  0.039  0.365  0.094  0.136  0.010  10.52
30 1 1 8716.41 1158.96 -2.282 -0.010  0.035 -0.111  0.053  0.135  0.010  18.50
26 1 1 9054.99 1296.75 -2.064  0.017  0.039  0.145  0.076  0.133  0.010  13.05
22 1 1 8806.76 1050.65 -2.751 -0.002  0.029 -0.045  0.041  0.136  0.010  24.21
 2 1 1 9079.30  785.60 -1.359 -0.020  0.054  0.136  0.112  0.124  0.010   8.78
22 1 1 9032.85 1031.11 -2.774  0.006  0.029  0.182  0.046  0.136  0.010  21.40
30 1 1 8819.58  945.89 -2.303 -0.007  0.035  0.058  0.059  0.138  0.010  16.79
 2 1 1 8617.69 1218.39 -0.263  0.031  0.109 -0.051  0.252  0.118  0.010   3.90
22 1 1 9229.54  939.28 -2.727  0.000  0.029  0.127  0.046  0.138  0.010  21.27
30 1 1 9209.15 1433.22 -2.267 -0.004  0.035 -0.026  0.056  0.130  0.010  17.65
22 1 1 8748.23 1153.06 -2.709  0.015  0.029  0.198  0.048  0.134  0.010  20.32
 2 1 1 9010.15 1083.35 -0.918 -0.041  0.069 -0.183  0.125  0.119  0.010   7.86
18 1 1 8748.23 1153.06 -2.696  0.009  0.029  0.175  0.049  0.135  0.010  20.18
 2 1 1 8442.76 1077.53 -0.940  0.014  0.070  0.291  0.185  0.120  0.010   5.34
18 1 1 8573.85 1254.99 -2.702 -0.004  0.029 -0.050  0.043  0.133  0.010  23.11
26 1 1 8705.40 1110.51 -2.063 -0.007  0.039  0.022  0.069  0.136  0.010  14.32
18 1 1 8681.60 1277.01 -2.675  0.002  0.030  0.025  0.046  0.133  0.010  21.54
14 1 1 8812.27  841.63 -1.629  0.004  0.047 -0.034  0.080  0.123  0.010  12.39
18 1 1 8716.05 1176.93 -2.660 -0.006  0.030  0.051  0.047  0.135  0.010  20.95
14 1 1 8806.76 1050.65 -1.627  0.014  0.047  0.340  0.104  0.119  0.010   9.43
26 1 1 8559.05 1226.94 -2.065  0.001  0.039  0.007  0.070  0.134  0.010  14.07
30 1 1 9031.96 1107.50 -2.249 -0.003  0.035  0.133  0.065  0.135  0.010  15.26
22 1 1 8573.85 1254.99 -2.705 -0.024  0.029 -0.146  0.040  0.133  0.010  24.85
30 1 1 8475.74 1197.87 -2.190 -0.011  0.036 -0.012  0.064  0.134  0.010  15.46
26 1 1 9001.37  804.01 -2.060  0.004  0.039  0.066  0.073  0.141  0.010  13.51
30 1 1 8445.63  993.15 -2.201  0.012  0.037  0.009  0.063  0.138  0.010  15.65
22 1 1 8681.60 1277.01 -2.631  0.002  0.030  0.012  0.046  0.132  0.010  21.45
26 1 1 8767.65 1442.26 -2.008 -0.007  0.039  0.069  0.073  0.130  0.010  13.51
22 1 1 8716.05 1176.93 -2.624 -0.011  0.030 -0.040  0.045  0.134  0.010  21.88
26 1 1 8729.38 1550.56 -1.926 -0.002  0.041 -0.169  0.066  0.128  0.010  15.05
22 1 1 8683.63 1060.16 -2.650 -0.012  0.030 -0.081  0.042  0.136  0.010  23.22
26 1 1 8467.12 1130.50 -1.935 -0.025  0.041 -0.068  0.069  0.136  0.010  14.24
22 1 1 8883.71 1004.17 -2.635 -0.017  0.030 -0.214  0.040  0.137  0.010  24.41
30 1 1 8748.54 1501.69 -2.208  0.004  0.036 -0.007  0.060  0.129  0.010  16.36
26 1 1 8618.29 1462.23 -1.976  0.012  0.041  0.159  0.082  0.130  0.010  12.00
30 1 1 9074.13 1072.25 -2.168  0.010  0.037 -0.005  0.063  0.136  0.010  15.74
26 1 1 8591.05  944.95 -1.913  0.001  0.041 -0.102  0.070  0.139  0.010  14.03
30 1 1 8491.73  793.69 -2.188  0.006  0.037  0.133  0.067  0.141  0.010  14.63
22 1 1 8522.44 1477.59 -2.663 -0.003  0.030 -0.205  0.040  0.129  0.010  24.91
26 1 1 8987.30 1286.05 -1.883  0.008  0.042  0.190  0.089  0.133  0.010  11.05
30 1 1 9054.54 1206.90 -2.142 -0.002  0.038 -0.129  0.060  0.134  0.010  16.29
26 1 1 9030.66 1339.64 -1.939  0.020  0.041  0.336  0.096  0.132  0.010  10.24
30 1 1 8898.84  904.86 -2.175 -0.039  0.036 -0.354  0.049  0.138  0.010  20.04
26 1 1 8812.52 1132.52 -1.870  0.013  0.043  0.102  0.085  0.135  0.010  11.54
22 1 1 9070.54  823.39 -2.599  0.007  0.031  0.064  0.050  0.139  0.010  19.89
26 1 1 8781.06 1385.14 -1.303  0.019  0.059  0.316  0.160  0.131  0.010   6.18
22 1 1 9159.16 1009.60 -2.235 -0.021  0.037 -0.439  0.049  0.137  0.010  19.95
26 1 1 8558.42 1263.94 -1.887 -0.020  0.042 -0.143  0.069  0.134  0.010  14.26
30 1 1 8990.28 1425.52 -2.121  0.034  0.038  0.562  0.100  0.130  0.010   9.82
22 1 1 8994.33 1323.79 -2.061 -0.029  0.039 -0.298  0.058  0.131  0.010  17.11
26 1 1 8861.54  825.81 -1.853  0.007  0.043  0.383  0.106  0.140  0.010   9.28
22 1 1 9128.27  825.05 -2.542 -0.005  0.031 -0.013  0.048  0.140  0.010  20.66
30 1 1 9023.81 1357.11 -2.112  0.002  0.038  0.021  0.066  0.131  0.010  14.91
26 1 1 8583.25 1522.48 -1.810 -0.037  0.043 -0.034  0.077  0.129  0.010  12.83
18 1 1 8683.63 1060.16 -2.669  0.004  0.030  0.037  0.046  0.136  0.010  21.47
26 1 1 8880.23 1395.12 -1.803 -0.211  0.047 -1.393  0.044  0.131  0.010  22.14
18 1 1 8883.71 1004.17 -2.647 -0.012  0.030 -0.152  0.042  0.137  0.010  23.52
26 1 1 8870.81 1333.17 -1.826  0.050  0.045  1.164  0.230  0.132  0.010   4.28
18 1 1 8522.44 1477.59 -2.636 -0.017  0.030 -0.218  0.040  0.130  0.010  24.51
14 1 1 9032.85 1031.11 -1.022  0.050  0.066  0.168  0.154  0.120  0.010   6.41
26 1 1 9078.51 1223.95 -1.785  0.022  0.045  0.145  0.095  0.134  0.010  10.38
 2 1 1 8716.41 1158.96 -0.950  0.027  0.069 -0.012  0.144  0.119  0.010   6.86
26 1 1 9125.70 1105.11 -1.762 -0.018  0.045 -0.103  0.079  0.136  0.010  12.44
14 1 1 9229.54  939.28 -1.539 -0.008  0.049  0.169  0.099  0.121  0.010   9.99
 6 1 1 9032.06  841.90 -2.128 -0.048  0.037 -0.096  0.054  0.123  0.010  18.41
18 1 1 9070.54  823.39 -2.608  0.004  0.030  0.082  0.050  0.140  0.010  19.81
 2 1 1 8819.58  945.89 -0.929  0.039  0.071  0.655  0.255  0.122  0.010   3.87
18 1 1 9159.16 1009.60 -2.252 -0.034  0.036 -0.404  0.050  0.137  0.010  19.83
10 1 1 9032.85 1031.11 -0.995  0.034  0.067  0.420  0.197  0.120  0.010   5.01
 6 1 1 9123.32 1087.44 -2.769 -0.029  0.029 -0.205  0.035  0.119  0.010  28.16
 2 1 1 9209.15 1433.22 -1.011  0.001  0.064  0.088  0.140  0.113  0.010   7.06
 6 1 1 9106.18  847.68 -2.002 -0.005  0.040  0.002  0.063  0.122  0.010  15.66
26 1 1 9201.61 1110.45 -1.789  0.014  0.044  0.112  0.091  0.136  0.010  10.77
14 1 1 8748.23 1153.06 -1.596  0.002  0.048  0.160  0.093  0.118  0.010  10.57
26 1 1 8474.67  992.58 -1.834 -0.001  0.043 -0.057  0.078  0.138  0.010  12.56
30 1 1 9191.85 1063.91 -2.077  0.008  0.038  0.323  0.084  0.136  0.010  11.71
26 1 1 8613.31 1448.06 -1.815  0.013  0.044  0.297  0.102  0.130  0.010   9.67
22 1 1 8776.12 1424.41 -2.495 -0.007  0.032 -0.019  0.049  0.130  0.010  20.28
 6 1 1 8678.57 1020.92 -1.987  0.001  0.040 -0.078  0.061  0.120  0.010  16.05
10 1 1 9229.54  939.28 -1.572 -0.010  0.049  0.246  0.104  0.121  0.010   9.51
 2 1 1 9031.96 1107.50 -0.819 -0.013  0.074  0.018  0.159  0.119  0.010   6.19
 6 1 1 9157.37 1308.10 -1.976  0.001  0.040  0.095  0.067  0.115  0.010  14.71
22 1 1 9079.30  785.60 -2.428  0.009  0.033  0.143  0.059  0.140  0.010  16.83
 6 1 1 9162.12  900.92 -1.849 -0.009  0.042  0.020  0.072  0.121  0.010  13.69
22 1 1 8617.69 1218.39 -2.375  0.001  0.033  0.088  0.057  0.134  0.010  17.38
 2 1 1 8475.74 1197.87 -1.072 -0.036  0.063 -0.288  0.104  0.118  0.010   9.47
22 1 1 9010.15 1083.35 -2.352 -0.007  0.034 -0.109  0.051  0.135  0.010  19.11
14 1 1 8573.85 1254.99 -1.412 -0.038  0.052 -0.164  0.084  0.117  0.010  11.71
26 1 1 8510.02 1071.66 -1.813 -0.004  0.045  0.003  0.082  0.137  0.010  11.97
 6 1 1 9008.87 1275.01 -1.794 -0.015  0.043 -0.009  0.072  0.116  0.010  13.60
10 1 1 8748.23 1153.06 -1.533 -0.007  0.049  0.115  0.095  0.119  0.010  10.35
18 1 1 8994.33 1323.79 -2.056 -0.018  0.039 -0.157  0.064  0.132  0.010  15.43
30 1 1 9223.79 1107.66 -2.024  0.013  0.040  0.431  0.099  0.135  0.010   9.95
18 1 1 9128.27  825.05 -2.555  0.006  0.031  0.085  0.051  0.140  0.010  19.43
10 1 1 8573.85 1254.99 -1.422 -0.034  0.052 -0.160  0.085  0.117  0.010  11.57
18 1 1 8776.12 1424.41 -2.512 -0.003  0.032  0.037  0.050  0.130  0.010  19.54
 6 1 1 9116.70  807.84 -1.872  0.001  0.042 -0.016  0.068  0.123  0.010  14.55
26 1 1 9181.95 1028.33 -1.751 -0.008  0.046 -0.141  0.080  0.137  0.010  12.37
30 1 1 9054.99 1296.75 -2.078 -0.001  0.038  0.127  0.072  0.132  0.010  13.63
 2 1 1 8445.63  993.15 -0.971  0.004  0.069 -0.045  0.138  0.121  0.010   7.13
30 1 1 8705.40 1110.51 -2.035 -0.004  0.039  0.120  0.075  0.136  0.010  13.08
22 1 1 8442.76 1077.53 -2.293  0.019  0.035  0.374  0.076  0.136  0.010  12.92
18 1 1 9079.30  785.60 -2.446  0.012  0.033  0.189  0.060  0.141  0.010  16.50
14 1 1 8681.60 1277.01 -1.547  0.011  0.049  0.217  0.102  0.116  0.010   9.67
22 1 1 8716.41 1158.96 -2.258 -0.015  0.035 -0.080  0.055  0.134  0.010  18.07
26 1 1 8723.53 1025.14 -1.749 -0.070  0.045 -0.616  0.058  0.137  0.010  16.92
30 1 1 8559.05 1226.94 -2.030 -0.003  0.040 -0.122  0.065  0.134  0.010  15.08
 2 1 1 8748.54 1501.69 -0.774 -0.004  0.076 -0.203  0.138  0.112  0.010   7.13
30 1 1 9001.37  804.01 -1.984  0.013  0.041  0.105  0.079  0.140  0.010  12.44
26 1 1 8838.22 1345.56 -1.477 -0.023  0.069 -0.643  0.084  0.132  0.010  11.70
30 1 1 8767.65 1442.26 -2.017  0.006  0.039  0.119  0.076  0.130  0.010  13.04
26 1 1 8754.74  889.81 -1.737 -0.026  0.045 -0.200  0.074  0.139  0.010  13.25
 2 1 1 9074.13 1072.25 -0.949  0.033  0.069  0.178  0.168  0.120  0.010   5.85
26 1 1 9229.35 1076.82 -1.689  0.025  0.047  1.645  0.363  0.136  0.010   2.72
30 1 1 8729.38 1550.56 -1.955  0.004  0.040 -0.059  0.069  0.128  0.010  14.20
 2 1 1 8491.73  793.69 -0.604  0.041  0.087  1.697  0.855  0.124  0.010   1.15
30 1 1 8467.12 1130.50 -1.943 -0.011  0.041  0.062  0.076  0.136  0.010  12.94
 2 1 1 9054.54 1206.90 -1.086 -0.018  0.064 -0.058  0.123  0.117  0.010   8.01
26 1 1 8727.20 1001.24 -1.742 -0.035  0.045 -0.071  0.081  0.138  0.010  12.18
 2 1 1 8898.84  904.86 -0.756 -0.057  0.076 -0.490  0.114  0.122  0.010   8.67
30 1 1 8618.29 1462.23 -1.981 -0.012  0.041 -0.018  0.071  0.130  0.010  13.88
26 1 1 8449.51 1035.01 -1.655  0.018  0.048  0.236  0.115  0.137  0.010   8.57
30 1 1 8786.62 1266.37 -1.904  0.014  0.042  0.204  0.088  0.133  0.010  11.15
 2 1 1 8990.28 1425.52 -0.973  0.027  0.068  0.412  0.194  0.113  0.010   5.07
30 1 1 8591.05  944.95 -1.901 -0.016  0.042 -0.141  0.068  0.138  0.010  14.53
26 1 1 8510.30 1300.28 -1.739 -0.006  0.045  0.081  0.092  0.133  0.010  10.70
 2 1 1 9023.81 1357.11 -0.793 -0.018  0.074 -0.247  0.131  0.115  0.010   7.52
26 1 1 8628.14 1297.49 -1.673 -0.012  0.048  0.137  0.101  0.133  0.010   9.80
30 1 1 8987.30 1286.05 -1.897  0.017  0.042  0.263  0.093  0.132  0.010  10.61
 2 1 1 9191.85 1063.91 -0.932  0.028  0.070  0.883  0.310  0.119  0.010   3.18
26 1 1 8585.23 1150.00 -1.700  0.029  0.047  0.786  0.170  0.135  0.010   5.79
30 1 1 9030.66 1339.64 -1.919 -0.001  0.041  0.154  0.083  0.132  0.010  11.80
26 1 1 8761.76 1217.10 -1.683 -0.014  0.047  0.095  0.095  0.134  0.010  10.32
 2 1 1 9223.79 1107.66 -0.972  0.006  0.069  0.247  0.180  0.119  0.010   5.48
30 1 1 8812.52 1132.52 -1.893 -0.006  0.042 -0.035  0.075  0.135  0.010  13.18
 2 1 1 9054.99 1296.75 -0.703  0.038  0.081  0.164  0.205  0.116  0.010   4.82
26 1 1 8904.65 1025.73 -1.647 -0.001  0.048 -0.089  0.088  0.137  0.010  11.25
30 1 1 8781.06 1385.14 -1.356  0.022  0.057  0.440  0.168  0.131  0.010   5.86
 2 1 1 8705.40 1110.51  0.164 -0.104  0.138 -0.566  0.222  0.119  0.010   4.44
26 1 1 8515.17 1226.38 -1.655 -0.037  0.047 -0.091  0.085  0.134  0.010  11.59
30 1 1 8558.42 1263.94 -1.886 -0.017  0.042 -0.140  0.069  0.133  0.010  14.36
 2 1 1 8559.05 1226.94 -0.417 -0.036  0.095  0.234  0.265  0.118  0.010   3.72
26 1 1 8758.62 1466.71 -1.654 -0.011  0.047 -0.052  0.088  0.130  0.010  11.19
30 1 1 8861.54  825.81 -1.906  0.004  0.042  0.216  0.089  0.140  0.010  11.08
 2 1 1 9001.37  804.01 -0.901  0.013  0.072  0.141  0.174  0.123  0.010   5.67
30 1 1 8583.25 1522.48 -1.786 -0.021  0.044  0.087  0.086  0.129  0.010  11.46
22 1 1 8819.58  945.89 -2.226  0.006  0.036  0.081  0.063  0.138  0.010  15.61
14 1 1 8716.05 1176.93 -1.554 -0.020  0.049  0.163  0.095  0.118  0.010  10.33
10 1 1 8681.60 1277.01 -1.537  0.010  0.050  0.282  0.110  0.116  0.010   8.98
22 1 1 9209.15 1433.22 -2.261  0.003  0.035 -0.001  0.057  0.130  0.010  17.29
 6 1 1 8791.46 1411.43 -1.796  0.002  0.044  0.004  0.073  0.114  0.010  13.54
10 1 1 8716.05 1176.93 -1.530 -0.018  0.049 -0.164  0.079  0.118  0.010  12.47
18 1 1 8617.69 1218.39 -2.320 -0.013  0.034 -0.048  0.054  0.134  0.010  18.22
10 1 1 8683.63 1060.16 -1.565  0.015  0.049  0.286  0.109  0.120  0.010   9.05
18 1 1 9010.15 1083.35 -2.363 -0.015  0.034 -0.163  0.050  0.136  0.010  19.71
22 1 1 9031.96 1107.50 -2.249  0.008  0.036  0.282  0.072  0.135  0.010  13.75
10 1 1 8883.71 1004.17 -1.521 -0.043  0.050 -0.279  0.073  0.120  0.010  13.43
 6 1 1 9078.14 1240.53 -1.824 -0.009  0.043  0.112  0.078  0.116  0.010  12.70
10 1 1 8522.44 1477.59 -1.476 -0.017  0.051 -0.329  0.073  0.113  0.010  13.45
 6 1 1 9176.62 1240.20 -1.863 -0.002  0.043  0.226  0.093  0.116  0.010  10.53
26 1 1 9032.31 1473.73 -1.559 -0.016  0.050  0.054  0.102  0.130  0.010   9.66
22 1 1 8475.74 1197.87 -2.186 -0.008  0.037 -0.110  0.060  0.134  0.010  16.43
10 1 1 9070.54  823.39 -1.376  0.000  0.054  0.147  0.113  0.123  0.010   8.71
26 1 1 8881.05  870.50 -1.658 -0.003  0.048 -0.007  0.092  0.139  0.010  10.67
10 1 1 9159.16 1009.60 -2.172 -0.048  0.038 -0.530  0.046  0.120  0.010  21.39
18 1 1 8442.76 1077.53 -2.327  0.011  0.035  0.358  0.075  0.136  0.010  13.21
 6 1 1 9156.52 1244.62 -1.829  0.017  0.043  0.235  0.088  0.116  0.010  11.18
18 1 1 8716.41 1158.96 -2.272 -0.009  0.035 -0.010  0.057  0.135  0.010  17.16
30 1 1 8880.23 1395.12 -1.830 -0.221  0.046 -1.522  0.041  0.131  0.010  23.69
 6 1 1 8500.43 1544.21 -1.672 -0.015  0.046 -0.155  0.073  0.112  0.010  13.52
18 1 1 8819.58  945.89 -2.269  0.016  0.036  0.205  0.068  0.138  0.010  14.47
30 1 1 8870.81 1333.17 -1.821  0.049  0.045  0.927  0.186  0.132  0.010   5.28
 6 1 1 9115.87 1190.37 -1.808  0.004  0.044  0.086  0.079  0.117  0.010  12.44
18 1 1 9209.15 1433.22 -2.269 -0.006  0.035  0.066  0.059  0.130  0.010  16.69
30 1 1 9078.51 1223.95 -1.795  0.009  0.044  0.274  0.102  0.133  0.010   9.70
 6 1 1 9059.71 1559.07 -1.721 -0.007  0.045 -0.062  0.072  0.111  0.010  13.76
18 1 1 9031.96 1107.50 -2.237  0.010  0.036  0.123  0.066  0.135  0.010  14.95
22 1 1 8445.63  993.15 -2.177  0.002  0.037 -0.154  0.056  0.137  0.010  17.43
14 1 1 8683.63 1060.16 -1.478  0.011  0.051  0.227  0.108  0.119  0.010   9.09
30 1 1 9125.70 1105.11 -1.807 -0.017  0.044  0.020  0.083  0.135  0.010  11.84
 6 1 1 9021.96 1250.59 -1.746 -0.022  0.044 -0.217  0.066  0.116  0.010  15.01
 2 1 1 8767.65 1442.26 -0.469  0.010  0.092  0.264  0.260  0.113  0.010   3.79
18 1 1 8475.74 1197.87 -2.197 -0.002  0.037 -0.087  0.061  0.135  0.010  16.10
 2 1 1 8729.38 1550.56 -0.777 -0.025  0.074  0.065  0.164  0.112  0.010   6.00
10 1 1 8994.33 1323.79 -2.317 -0.018  0.035 -0.270  0.045  0.115  0.010  21.76
30 1 1 9201.61 1110.45 -1.809  0.002  0.044  0.226  0.097  0.135  0.010  10.19
10 1 1 9128.27  825.05 -1.052 -0.009  0.064  0.159  0.146  0.123  0.010   6.76
14 1 1 8883.71 1004.17 -1.536 -0.025  0.049 -0.115  0.080  0.120  0.010  12.27
10 1 1 8776.12 1424.41 -1.423 -0.001  0.052 -0.128  0.087  0.114  0.010  11.29
14 1 1 8522.44 1477.59 -1.437 -0.036  0.051 -0.407  0.071  0.113  0.010  13.89
10 1 1 9079.30  785.60 -1.373 -0.004  0.054  0.239  0.121  0.124  0.010   8.16
14 1 1 9070.54  823.39 -1.347 -0.003  0.054  0.020  0.103  0.123  0.010   9.55
30 1 1 8474.67  992.58 -1.856  0.008  0.043  0.076  0.085  0.138  0.010  11.63
10 1 1 8617.69 1218.39 -0.198 -0.091  0.106 -0.282  0.199  0.118  0.010   4.96
30 1 1 8613.31 1448.06 -1.767  0.011  0.045  0.164  0.095  0.130  0.010  10.35
10 1 1 9010.15 1083.35 -0.972 -0.061  0.066 -0.231  0.113  0.119  0.010   8.71
30 1 1 8510.02 1071.66 -1.736  0.032  0.048  0.138  0.100  0.136  0.010   9.87
14 1 1 9159.16 1009.60 -2.188 -0.033  0.037 -0.497  0.046  0.120  0.010  21.36
30 1 1 9181.95 1028.33 -1.784  0.004  0.045  0.007  0.086  0.137  0.010  11.40
14 1 1 8994.33 1323.79 -2.330 -0.006  0.035 -0.135  0.048  0.115  0.010  20.46
30 1 1 8723.53 1025.14 -1.758 -0.055  0.045 -0.629  0.058  0.137  0.010  17.02
10 1 1 8442.76 1077.53 -0.905 -0.016  0.070 -0.084  0.137  0.120  0.010   7.18
30 1 1 8838.22 1345.56 -1.570 -0.048  0.062 -0.607  0.077  0.131  0.010  12.78
 6 1 1 8959.54  803.98 -1.624  0.013  0.048  0.202  0.096  0.123  0.010  10.21
14 1 1 9128.27  825.05 -1.023 -0.025  0.064 -0.039  0.124  0.123  0.010   7.93
22 1 1 8748.54 1501.69 -2.203  0.005  0.036  0.128  0.066  0.128  0.010  15.04
10 1 1 8716.41 1158.96 -0.936 -0.001  0.069  0.191  0.165  0.118  0.010   5.99
22 1 1 9074.13 1072.25 -2.165  0.017  0.037  0.067  0.066  0.136  0.010  15.01
10 1 1 8819.58  945.89 -0.970  0.023  0.069  0.355  0.188  0.121  0.010   5.23
 6 1 1 8984.62 1070.80 -1.946 -0.020  0.041 -0.386  0.053  0.119  0.010  18.60
22 1 1 8491.73  793.69 -2.198  0.000  0.036  0.015  0.062  0.140  0.010  16.02
 6 1 1 9109.91 1094.42 -1.539 -0.085  0.049 -0.811  0.056  0.119  0.010  17.59
10 1 1 9209.15 1433.22 -1.046 -0.018  0.063 -0.016  0.124  0.113  0.010   7.97
 6 1 1 8867.63 1175.88 -1.163 -0.022  0.060 -0.005  0.119  0.118  0.010   8.29
22 1 1 9054.54 1206.90 -2.122 -0.022  0.038 -0.330  0.053  0.133  0.010  18.43
10 1 1 9031.96 1107.50 -0.661 -0.044  0.080 -0.230  0.146  0.119  0.010   6.73
 6 1 1 8812.27  841.63 -1.610 -0.003  0.048  0.075  0.088  0.123  0.010  11.22
10 1 1 8475.74 1197.87 -1.170 -0.020  0.060 -0.163  0.105  0.118  0.010   9.34
 6 1 1 8806.76 1050.65 -1.627 -0.029  0.047 -0.080  0.077  0.119  0.010  12.87
10 1 1 8445.63  993.15 -1.008 -0.013  0.066 -0.170  0.119  0.121  0.010   8.27
 6 1 1 9032.85 1031.11 -1.030 -0.009  0.065  0.160  0.147  0.120  0.010   6.70
 2 1 1 8467.12 1130.50 -0.902 -0.052  0.069 -0.100  0.132  0.119  0.010   7.49
30 1 1 8754.74  889.81 -1.763 -0.011  0.045  0.013  0.085  0.139  0.010  11.58
26 1 1 9129.73 1266.90 -1.620 -0.011  0.048 -0.007  0.093  0.133  0.010  10.56
30 1 1 9229.35 1076.82 -1.718  0.028  0.046  0.807  0.171  0.136  0.010   5.75
14 1 1 8776.12 1424.41 -1.387 -0.025  0.053 -0.175  0.086  0.113  0.010  11.52
 2 1 1 8618.29 1462.23 -0.415  0.038  0.098  0.166  0.261  0.114  0.010   3.77
26 1 1 8807.78  986.72 -1.608 -0.017  0.049 -0.034  0.093  0.138  0.010  10.57
 2 1 1 8786.62 1266.37 -0.831 -0.059  0.072 -0.124  0.136  0.117  0.010   7.25
26 1 1 8499.83  976.31 -1.563 -0.011  0.050 -0.048  0.096  0.138  0.010  10.30
30 1 1 8727.20 1001.24 -1.732 -0.006  0.046 -0.072  0.083  0.137  0.010  11.88
26 1 1 8793.21 1298.58 -1.589 -0.003  0.049  0.121  0.106  0.133  0.010   9.31
30 1 1 8449.51 1035.01 -1.652  0.026  0.048  0.461  0.138  0.137  0.010   7.12
26 1 1 9034.11 1310.92 -1.620 -0.063  0.048 -0.457  0.070  0.132  0.010  14.05
30 1 1 8510.30 1300.28 -1.720 -0.010  0.046 -0.003  0.087  0.133  0.010  11.34
 2 1 1 8591.05  944.95 -0.811  0.009  0.075  0.691  0.282  0.122  0.010   3.49
30 1 1 8628.14 1297.49 -1.646  0.015  0.049  0.203  0.110  0.132  0.010   8.98
 2 1 1 9094.93  978.38 -0.533  0.028  0.090  2.890  2.754  0.121  0.010   0.36
18 1 1 8445.63  993.15 -2.163 -0.016  0.037 -0.170  0.057  0.138  0.010  17.29
 2 1 1 8987.30 1286.05 -0.763  0.031  0.077  0.576  0.271  0.116  0.010   3.64
30 1 1 8585.23 1150.00 -1.707  0.014  0.046  0.298  0.112  0.135  0.010   8.77
 2 1 1 9030.66 1339.64 -0.273  0.026  0.105  0.473  0.378  0.115  0.010   2.61
14 1 1 9079.30  785.60 -1.335 -0.007  0.054  0.203  0.119  0.123  0.010   8.30
 2 1 1 8812.52 1132.52 -0.388 -0.055  0.096 -0.065  0.208  0.119  0.010   4.74
14 1 1 8617.69 1218.39 -0.230  0.003  0.107 -0.180  0.223  0.117  0.010   4.42
30 1 1 8761.76 1217.10 -1.616 -0.027  0.048  0.005  0.093  0.134  0.010  10.61
22 1 1 8898.84  904.86 -2.171 -0.032  0.036 -0.324  0.051  0.138  0.010  19.44
 6 1 1 9229.54  939.28 -1.577 -0.026  0.048  0.296  0.105  0.121  0.010   9.42
22 1 1 8990.28 1425.52 -2.076  0.006  0.038  0.311  0.083  0.130  0.010  11.81
26 1 1 8716.25 1354.57 -1.580 -0.033  0.049 -0.049  0.093  0.132  0.010  10.59
 6 1 1 8748.23 1153.06 -1.611  0.011  0.048  0.177  0.096  0.118  0.010  10.26
26 1 1 8705.45 1201.93 -1.593 -0.002  0.049 -0.178  0.086  0.134  0.010  11.40
22 1 1 9023.81 1357.11 -2.118  0.002  0.037  0.108  0.070  0.131  0.010  14.08
26 1 1 8566.07 1417.50 -1.584  0.002  0.049 -0.101  0.091  0.131  0.010  10.85
 6 1 1 8573.85 1254.99 -1.372 -0.048  0.053 -0.095  0.092  0.116  0.010  10.75
22 1 1 9191.85 1063.91 -2.099 -0.007  0.038  0.154  0.072  0.136  0.010  13.71
26 1 1 8762.76  810.17 -1.599 -0.009  0.049  0.027  0.097  0.140  0.010  10.12
 6 1 1 8681.60 1277.01 -1.568  0.006  0.049  0.088  0.092  0.116  0.010  10.67
22 1 1 9223.79 1107.66 -2.064  0.038  0.039  0.536  0.105  0.135  0.010   9.41
 2 1 1 8781.06 1385.14 -1.660  0.004  0.047  0.115  0.087  0.115  0.010  11.33
14 1 1 9010.15 1083.35 -0.937 -0.047  0.067 -0.282  0.111  0.119  0.010   8.86
 2 1 1 8558.42 1263.94 -0.473 -0.102  0.089 -0.105  0.180  0.117  0.010   5.48
18 1 1 8748.54 1501.69 -2.202 -0.012  0.036 -0.026  0.060  0.129  0.010  16.56
 2 1 1 8861.54  825.81  0.090  0.008  0.138  0.433  0.505  0.123  0.010   1.95
18 1 1 9074.13 1072.25 -2.176  0.015  0.037  0.252  0.075  0.136  0.010  13.13
14 1 1 8442.76 1077.53 -0.807  0.000  0.074  0.206  0.185  0.120  0.010   5.32
18 1 1 8491.73  793.69 -2.159  0.011  0.037  0.199  0.073  0.141  0.010  13.52
26 1 1 8623.16  922.02 -1.449 -0.010  0.053 -0.047  0.105  0.139  0.010   9.41
14 1 1 8716.41 1158.96 -0.882  0.002  0.070 -0.348  0.114  0.118  0.010   8.64
 6 1 1 8716.05 1176.93 -1.526 -0.032  0.049 -0.199  0.077  0.118  0.010  12.73
18 1 1 9054.54 1206.90 -2.150 -0.005  0.038 -0.160  0.059  0.134  0.010  16.56
 6 1 1 8683.63 1060.16 -1.522 -0.034  0.049 -0.023  0.086  0.120  0.010  11.45
18 1 1 8898.84  904.86 -2.155 -0.040  0.037 -0.376  0.050  0.139  0.010  19.76
14 1 1 8819.58  945.89 -1.032  0.010  0.065  0.285  0.163  0.121  0.010   6.05
18 1 1 8990.28 1425.52 -2.122  0.025  0.038  0.530  0.097  0.130  0.010  10.17
 6 1 1 8883.71 1004.17 -1.469 -0.053  0.051 -0.211  0.078  0.120  0.010  12.59
14 1 1 9209.15 1433.22 -1.014  0.014  0.065 -0.022  0.129  0.113  0.010   7.64
18 1 1 9023.81 1357.11 -2.095 -0.007  0.038  0.063  0.069  0.131  0.010  14.32
14 1 1 9031.96 1107.50 -0.881 -0.019  0.070 -0.163  0.128  0.118  0.010   7.69
 6 1 1 8522.44 1477.59 -1.427 -0.016  0.052 -0.231  0.082  0.113  0.010  12.06
14 1 1 8475.74 1197.87 -1.018  0.025  0.066 -0.140  0.123  0.118  0.010   8.00
 6 1 1 9070.54  823.39 -1.417 -0.016  0.052  0.131  0.105  0.123  0.010   9.35
18 1 1 9191.85 1063.91 -2.078  0.007  0.039  0.314  0.084  0.136  0.010  11.75
14 1 1 8445.63  993.15 -1.041 -0.009  0.065 -0.171  0.113  0.121  0.010   8.70
 6 1 1 9159.16 1009.60 -2.177 -0.052  0.037 -0.544  0.045  0.120  0.010  21.93
14 1 1 8748.54 1501.69 -0.825 -0.004  0.072 -0.065  0.145  0.112  0.010   6.80
18 1 1 9223.79 1107.66 -2.056  0.011  0.039  0.445  0.098  0.136  0.010  10.06
 6 1 1 8994.33 1323.79 -2.235 -0.010  0.036 -0.233  0.049  0.115  0.010  20.16
18 1 1 9054.99 1296.75 -2.088  0.003  0.038  0.250  0.079  0.132  0.010  12.43
 6 1 1 9128.27  825.05 -1.061 -0.000  0.063 -0.134  0.116  0.123  0.010   8.50
14 1 1 9074.13 1072.25 -1.020  0.035  0.066  0.097  0.144  0.119  0.010   6.84
18 1 1 8705.40 1110.51 -2.015 -0.014  0.040 -0.129  0.065  0.136  0.010  15.23
 6 1 1 8776.12 1424.41 -1.364 -0.019  0.054 -0.076  0.094  0.113  0.010  10.48
18 1 1 8559.05 1226.94 -2.060  0.005  0.039  0.000  0.070  0.134  0.010  14.06
14 1 1 8491.73  793.69 -0.693 -0.041  0.078 -0.199  0.142  0.124  0.010   6.95
18 1 1 9001.37  804.01 -1.998 -0.008  0.040  0.081  0.076  0.140  0.010  12.91
14 1 1 9054.54 1206.90 -1.095 -0.009  0.062 -0.071  0.118  0.117  0.010   8.36
 6 1 1 9079.30  785.60 -1.345 -0.030  0.054 -0.158  0.090  0.123  0.010  10.94
18 1 1 8767.65 1442.26 -2.012 -0.005  0.040  0.018  0.070  0.130  0.010  14.05
 6 1 1 8617.69 1218.39 -0.106  0.003  0.118  0.006  0.293  0.117  0.010   3.36
14 1 1 8898.84  904.86 -0.795 -0.065  0.073 -0.650  0.097  0.122  0.010  10.12
18 1 1 8729.38 1550.56 -1.982  0.001  0.040 -0.013  0.070  0.128  0.010  13.99
 6 1 1 9010.15 1083.35 -0.951 -0.054  0.067 -0.334  0.108  0.119  0.010   9.12
18 1 1 8467.12 1130.50 -1.961 -0.019  0.040 -0.128  0.066  0.136  0.010  14.95
14 1 1 8990.28 1425.52 -0.949 -0.007  0.067  0.628  0.230  0.113  0.010   4.28
 6 1 1 8442.76 1077.53 -0.841  0.040  0.074  0.878  0.334  0.120  0.010   2.95
30 1 1 8904.65 1025.73 -1.679 -0.003  0.047  0.093  0.097  0.137  0.010  10.18
 2 1 1 8583.25 1522.48  0.666 -0.226  0.185  2.236  3.409  0.113  0.010   0.29
14 1 1 9023.81 1357.11 -0.808 -0.025  0.073 -0.198  0.133  0.114  0.010   7.42
30 1 1 8515.17 1226.38 -1.675 -0.056  0.046 -0.281  0.072  0.134  0.010  13.68
 2 1 1 8880.23 1395.12 -0.971 -0.064  0.071 -0.330  0.126  0.114  0.010   7.70
18 1 1 8618.29 1462.23 -1.954  0.010  0.042 -0.048  0.073  0.130  0.010  13.58
 2 1 1 8870.81 1333.17 -0.621  0.082  0.088  0.926  0.452  0.115  0.010   2.17
18 1 1 8786.62 1266.37 -1.937 -0.007  0.041  0.041  0.076  0.133  0.010  12.93
 2 1 1 9078.51 1223.95 -0.642  0.023  0.083  0.130  0.209  0.117  0.010   4.71
 6 1 1 8716.41 1158.96 -0.957 -0.077  0.067 -0.578  0.090  0.118  0.010  10.90
 2 1 1 9125.70 1105.11 -0.623 -0.029  0.085 -0.290  0.153  0.119  0.010   6.42
18 1 1 8591.05  944.95 -1.885 -0.014  0.042 -0.013  0.076  0.138  0.010  13.01
 6 1 1 8819.58  945.89 -1.011 -0.018  0.067 -0.195  0.116  0.121  0.010   8.47
 2 1 1 9201.61 1110.45 -0.690  0.077  0.083  0.503  0.290  0.119  0.010   3.40
18 1 1 8987.30 1286.05 -1.878  0.014  0.043 -0.073  0.075  0.133  0.010  13.22
 6 1 1 9209.15 1433.22 -1.000  0.004  0.065 -0.024  0.129  0.113  0.010   7.63
18 1 1 9030.66 1339.64 -1.923  0.009  0.041  0.280  0.093  0.132  0.010  10.61
 2 1 1 8474.67  992.58 -0.172 -0.089  0.111 -0.632  0.163  0.121  0.010   6.02
 6 1 1 9031.96 1107.50 -0.767  0.032  0.077  1.434  0.571  0.118  0.010   1.72
18 1 1 8812.52 1132.52 -1.933 -0.006  0.041  0.071  0.079  0.135  0.010  12.50
 2 1 1 8613.31 1448.06 -0.382 -0.064  0.094 -0.388  0.161  0.114  0.010   6.11
18 1 1 8781.06 1385.14 -1.282  0.040  0.060  0.634  0.214  0.131  0.010   4.62
 6 1 1 8475.74 1197.87 -1.048 -0.033  0.064 -0.402  0.098  0.118  0.010  10.03
18 1 1 8558.42 1263.94 -1.893 -0.008  0.042  0.025  0.078  0.133  0.010  12.68
 2 1 1 8510.02 1071.66 -0.392  0.014  0.101 -0.176  0.204  0.120  0.010   4.83
 6 1 1 8445.63  993.15 -1.039 -0.003  0.065 -0.267  0.108  0.121  0.010   9.09
18 1 1 8861.54  825.81 -1.874  0.011  0.043  0.147  0.088  0.140  0.010  11.22
 2 1 1 9181.95 1028.33 -0.484  0.005  0.096  0.095  0.241  0.120  0.010   4.08
 6 1 1 8748.54 1501.69 -0.684  0.025  0.081 -0.274  0.146  0.112  0.010   6.77
18 1 1 8583.25 1522.48 -1.775 -0.013  0.044  0.061  0.086  0.129  0.010  11.43
 6 1 1 9074.13 1072.25 -1.053  0.063  0.066  0.446  0.193  0.119  0.010   5.12
18 1 1 8880.23 1395.12 -1.845 -0.178  0.046 -1.265  0.045  0.131  0.010  21.33
 2 1 1 8723.53 1025.14 -0.714 -0.042  0.079 -0.911  0.096  0.121  0.010  10.25
18 1 1 8870.81 1333.17 -1.837  0.043  0.045  1.259  0.246  0.132  0.010   4.00
 6 1 1 8491.73  793.69 -0.626  0.003  0.083  0.467  0.268  0.124  0.010   3.67
18 1 1 9078.51 1223.95 -1.823  0.024  0.044  0.275  0.101  0.134  0.010   9.73
 2 1 1 8754.74  889.81 -0.063 -0.104  0.116 -0.164  0.244  0.122  0.010   4.04
 6 1 1 9054.54 1206.90 -1.067  0.002  0.064 -0.364  0.101  0.117  0.010   9.76
 2 1 1 8727.20 1001.24 -0.322 -0.090  0.099 -0.069  0.216  0.121  0.010   4.55
18 1 1 9125.70 1105.11 -1.827 -0.005  0.044 -0.050  0.079  0.136  0.010  12.39
 2 1 1 8449.51 1035.01 -0.637  0.067  0.087 -0.039  0.193  0.121  0.010   5.09
18 1 1 9201.61 1110.45 -1.803  0.001  0.044  0.079  0.088  0.135  0.010  11.23
 6 1 1 8898.84  904.86 -0.816 -0.055  0.072 -0.629  0.099  0.121  0.010   9.92
 2 1 1 8510.30 1300.28 -0.322 -0.141  0.097 -0.233  0.179  0.116  0.010   5.51
 6 1 1 8990.28 1425.52 -0.943  0.078  0.070  3.038  2.177  0.113  0.010   0.45
18 1 1 8474.67  992.58 -1.790 -0.006  0.045 -0.231  0.072  0.138  0.010  13.73
 6 1 1 9023.81 1357.11 -0.768  0.044  0.077  0.057  0.178  0.114  0.010   5.54
18 1 1 8613.31 1448.06 -1.843 -0.014  0.043 -0.016  0.078  0.130  0.010  12.69
 2 1 1 8628.14 1297.49 -0.628 -0.018  0.083  0.156  0.206  0.117  0.010   4.78
 6 1 1 9191.85 1063.91 -0.966  0.045  0.069  1.094  0.358  0.119  0.010   2.75
18 1 1 8510.02 1071.66 -1.846  0.021  0.045  0.294  0.102  0.137  0.010   9.70
 2 1 1 8585.23 1150.00 -0.366  0.024  0.101  0.457  0.347  0.119  0.010   2.84
 6 1 1 9223.79 1107.66 -1.040  0.040  0.066  0.665  0.241  0.118  0.010   4.09
 2 1 1 8761.76 1217.10 -0.581 -0.050  0.085 -0.049  0.179  0.118  0.010   5.49
18 1 1 9181.95 1028.33 -1.793 -0.015  0.045 -0.206  0.074  0.137  0.010  13.35
 6 1 1 9054.99 1296.75 -0.819  0.015  0.073  0.526  0.241  0.115  0.010   4.08
 2 1 1 8904.65 1025.73 -0.114 -0.004  0.120 -0.176  0.255  0.120  0.010   3.86
 6 1 1 8705.40 1110.51  0.060 -0.099  0.128 -0.402  0.227  0.119  0.010   4.33
14 1 1 9191.85 1063.91 -0.884  0.072  0.072  2.109  0.963  0.119  0.010   1.02
30 1 1 8758.62 1466.71 -1.672 -0.017  0.047 -0.255  0.076  0.129  0.010  13.04
 2 1 1 8515.17 1226.38  0.026 -0.074  0.127  0.299  0.396  0.118  0.010   2.48
 6 1 1 8559.05 1226.94 -0.530  0.042  0.091 -0.184  0.183  0.117  0.010   5.37
22 1 1 9054.99 1296.75 -2.065  0.001  0.038  0.321  0.084  0.132  0.010  11.72
26 1 1 9034.80  790.00 -1.509  0.016  0.052  0.216  0.126  0.141  0.010   7.82
14 1 1 9223.79 1107.66 -0.950 -0.016  0.068 -0.035  0.139  0.118  0.010   7.09
 6 1 1 9001.37  804.01 -0.926  0.043  0.071  0.650  0.263  0.123  0.010   3.74
30 1 1 9032.31 1473.73 -1.620 -0.000  0.049  0.050  0.097  0.129  0.010  10.12
 2 1 1 8758.62 1466.71 -0.060 -0.024  0.120 -0.362  0.221  0.113  0.010   4.45
18 1 1 8723.53 1025.14 -1.726 -0.034  0.046 -0.482  0.066  0.137  0.010  14.97
30 1 1 8881.05  870.50 -1.603 -0.006  0.049 -0.150  0.087  0.139  0.010  11.36
 6 1 1 8767.65 1442.26 -0.347  0.025  0.101  0.132  0.264  0.113  0.010   3.74
30 1 1 9129.73 1266.90 -1.592  0.019  0.049  0.175  0.111  0.133  0.010   8.91
18 1 1 8838.22 1345.56 -1.505 -0.074  0.065 -0.787  0.074  0.132  0.010  13.33
 6 1 1 8729.38 1550.56 -0.871  0.051  0.073  0.232  0.187  0.111  0.010   5.29
30 1 1 8807.78  986.72 -1.641 -0.044  0.048 -0.194  0.079  0.137  0.010  12.40
18 1 1 8754.74  889.81 -1.779 -0.025  0.044 -0.124  0.076  0.139  0.010  12.89
 6 1 1 8467.12 1130.50 -0.706 -0.046  0.078 -0.113  0.154  0.119  0.010   6.41
30 1 1 8499.83  976.31 -1.582 -0.008  0.049 -0.015  0.096  0.138  0.010  10.26
18 1 1 9229.35 1076.82 -1.676  0.036  0.048  1.177  0.247  0.136  0.010   3.99
 6 1 1 8618.29 1462.23 -0.408 -0.058  0.095 -0.082  0.200  0.113  0.010   4.94
30 1 1 8793.21 1298.58 -1.600 -0.009  0.049  0.125  0.104  0.132  0.010   9.48
18 1 1 8727.20 1001.24 -1.716 -0.041  0.046 -0.358  0.068  0.137  0.010  14.48
30 1 1 9034.11 1310.92 -1.553 -0.073  0.050 -0.412  0.074  0.132  0.010  13.24
 6 1 1 8786.62 1266.37 -0.838  0.022  0.073  0.138  0.175  0.116  0.010   5.64
30 1 1 8716.25 1354.57 -1.582  0.002  0.049  0.328  0.127  0.131  0.010   7.78
18 1 1 8449.51 1035.01 -1.707  0.015  0.047  0.207  0.108  0.137  0.010   9.14
30 1 1 8705.45 1201.93 -1.574  0.005  0.050 -0.087  0.094  0.134  0.010  10.52
 6 1 1 8591.05  944.95 -0.849 -0.015  0.072  0.071  0.159  0.121  0.010   6.21
18 1 1 8510.30 1300.28 -1.736  0.009  0.046  0.219  0.104  0.133  0.010   9.50
30 1 1 8566.07 1417.50 -1.589  0.011  0.049  0.050  0.101  0.131  0.010   9.77
18 1 1 8628.14 1297.49 -1.714  0.007  0.047 -0.015  0.089  0.133  0.010  11.11
 6 1 1 9094.93  978.38 -0.505  0.029  0.092  1.524  0.793  0.120  0.010   1.24
30 1 1 8623.16  922.02 -1.408  0.007  0.055 -0.083  0.106  0.139  0.010   9.28
 6 1 1 8987.30 1286.05 -0.786 -0.011  0.075  0.051  0.166  0.116  0.010   5.93
18 1 1 8585.23 1150.00 -1.746  0.030  0.046  0.656  0.148  0.135  0.010   6.66
30 1 1 9034.80  790.00 -1.511  0.031  0.052  0.749  0.195  0.140  0.010   5.06
 6 1 1 9030.66 1339.64 -0.331  0.055  0.104  0.175  0.286  0.114  0.010   3.44
30 1 1 8509.59 1020.23 -1.529 -0.022  0.051 -0.057  0.098  0.137  0.010  10.07
18 1 1 8761.76 1217.10 -1.675  0.009  0.047  0.366  0.121  0.134  0.010   8.14
30 1 1 8544.45 1275.07 -1.491 -0.012  0.052  0.071  0.108  0.133  0.010   9.12
 6 1 1 8812.52 1132.52 -0.294 -0.004  0.104  0.228  0.296  0.118  0.010   3.32
30 1 1 8624.46 1184.85 -1.483 -0.008  0.052  0.197  0.121  0.134  0.010   8.16
 6 1 1 8781.06 1385.14 -1.606 -0.016  0.048 -0.061  0.079  0.114  0.010  12.44
18 1 1 8904.65 1025.73 -1.658  0.008  0.048  0.120  0.102  0.137  0.010   9.66
30 1 1 8668.71 1534.90 -1.477  0.000  0.052  0.030  0.107  0.128  0.010   9.21
18 1 1 8515.17 1226.38 -1.673 -0.030  0.047  0.061  0.094  0.134  0.010  10.44
30 1 1 9110.64 1074.66 -1.496 -0.022  0.052 -0.462  0.076  0.136  0.010  12.94
 6 1 1 8558.42 1263.94 -0.309 -0.024  0.101  0.100  0.257  0.116  0.010   3.83
18 1 1 8758.62 1466.71 -1.646 -0.010  0.048 -0.048  0.089  0.130  0.010  11.03
 6 1 1 8861.54  825.81  0.028  0.022  0.132  0.889  0.708  0.123  0.010   1.39
30 1 1 8742.88 1129.99 -1.473 -0.004  0.053 -0.016  0.104  0.135  0.010   9.48
18 1 1 9032.31 1473.73 -1.633 -0.019  0.048 -0.289  0.075  0.129  0.010  13.07
 6 1 1 8583.25 1522.48  0.577 -0.149  0.181 -0.970  0.232  0.112  0.010   4.25
18 1 1 8881.05  870.50 -1.600 -0.006  0.049  0.093  0.105  0.139  0.010   9.39
30 1 1 8746.56 1372.11 -1.482  0.002  0.052 -0.196  0.093  0.131  0.010  10.62
18 1 1 9129.73 1266.90 -1.641  0.002  0.048  0.025  0.095  0.133  0.010  10.34
 6 1 1 8880.23 1395.12 -0.801 -0.076  0.079 -0.429  0.134  0.114  0.010   7.24
30 1 1 9013.64 1033.47 -1.456  0.013  0.054  0.117  0.120  0.137  0.010   8.22
18 1 1 8807.78  986.72 -1.601 -0.028  0.049 -0.326  0.076  0.137  0.010  12.92
30 1 1 8983.87 1022.43 -1.389  0.022  0.056  0.121  0.128  0.137  0.010   7.67
 6 1 1 8870.81 1333.17 -0.587  0.005  0.087  1.039  0.477  0.115  0.010   2.06
18 1 1 8499.83  976.31 -1.607 -0.035  0.049 -0.181  0.083  0.138  0.010  11.91
30 1 1 8564.05 1349.82 -1.421 -0.021  0.054 -0.153  0.097  0.132  0.010  10.13
18 1 1 8793.21 1298.58 -1.603 -0.018  0.049  0.035  0.097  0.132  0.010  10.13
30 1 1 8880.19  941.04 -1.391  0.004  0.055  0.413  0.156  0.138  0.010   6.31
18 1 1 9034.11 1310.92 -1.615 -0.036  0.049 -0.411  0.074  0.132  0.010  13.38
30 1 1 8484.53 1349.64 -1.341  0.003  0.057 -0.014  0.119  0.132  0.010   8.29
18 1 1 8716.25 1354.57 -1.591 -0.036  0.048 -0.241  0.081  0.132  0.010  12.22
 6 1 1 9078.51 1223.95 -0.746 -0.008  0.077  1.359  0.526  0.117  0.010   1.87
30 1 1 8837.84 1026.15 -1.356 -0.006  0.057 -0.048  0.113  0.137  0.010   8.69
18 1 1 8705.45 1201.93 -1.598 -0.015  0.049 -0.327  0.077  0.134  0.010  12.75
 6 1 1 9125.70 1105.11 -0.585 -0.053  0.084 -0.123  0.173  0.119  0.010   5.69
18 1 1 8566.07 1417.50 -1.583 -0.002  0.049 -0.020  0.095  0.131  0.010  10.34
30 1 1 9195.46  863.37 -1.066 -0.032  0.066 -0.314  0.114  0.139  0.010   8.62
 6 1 1 9201.61 1110.45 -0.640  0.025  0.083  0.693  0.335  0.118  0.010   2.94
18 1 1 8762.76  810.17 -1.535 -0.020  0.050 -0.020  0.098  0.140  0.010  10.08
30 1 1 8863.94 1410.46 -1.478  0.009  0.058 -0.729  0.078  0.130  0.010  12.58
 6 1 1 8474.67  992.58 -0.227  0.000  0.108  0.855  0.536  0.121  0.010   1.84
30 1 1 8982.06  819.21 -1.392 -0.080  0.054 -0.270  0.088  0.140  0.010  11.17
18 1 1 8623.16  922.02 -1.518 -0.026  0.051 -0.022  0.100  0.139  0.010   9.81
30 1 1 8650.98 1155.81 -1.306  0.004  0.058 -0.216  0.104  0.135  0.010   9.47
 6 1 1 8613.31 1448.06 -0.440 -0.049  0.092 -0.288  0.167  0.113  0.010   5.90
18 1 1 9034.80  790.00 -1.513  0.022  0.052  0.133  0.118  0.140  0.010   8.35
 6 1 1 8510.02 1071.66 -0.239  0.031  0.111  0.110  0.290  0.120  0.010   3.40
30 1 1 8615.82  862.71 -1.359  0.011  0.056  0.035  0.119  0.140  0.010   8.25
18 1 1 8509.59 1020.23 -1.502  0.013  0.052  0.219  0.127  0.137  0.010   7.76
 6 1 1 9181.95 1028.33 -0.360 -0.021  0.100 -0.563  0.157  0.120  0.010   6.25
10 1 1 8748.54 1501.69 -0.746 -0.015  0.076 -0.094  0.150  0.112  0.010   6.55
 2 1 1 9032.31 1473.73 -0.561 -0.040  0.085 -0.134  0.167  0.113  0.010   5.91
22 1 1 8705.40 1110.51 -2.018 -0.005  0.040 -0.116  0.064  0.135  0.010  15.36
 6 1 1 8723.53 1025.14 -0.729 -0.084  0.076 -0.709  0.101  0.120  0.010   9.79
22 1 1 8559.05 1226.94 -2.062 -0.008  0.039  0.081  0.072  0.133  0.010  13.61
 2 1 1 8881.05  870.50 -0.270  0.000  0.106  0.529  0.397  0.123  0.010   2.48
 6 1 1 8754.74  889.81 -0.168 -0.014  0.113 -0.149  0.244  0.122  0.010   4.04
 2 1 1 8807.78  986.72 -0.137 -0.097  0.112 -0.758  0.155  0.121  0.010   6.37
22 1 1 9001.37  804.01 -1.999  0.014  0.040  0.226  0.086  0.140  0.010  11.46
30 1 1 9170.94 1301.93 -1.334  0.009  0.056  0.281  0.146  0.132  0.010   6.77
 2 1 1 8499.83  976.31 -0.383 -0.080  0.096 -0.580  0.143  0.121  0.010   6.90
14 1 1 9054.99 1296.75 -0.728 -0.010  0.077  0.420  0.232  0.115  0.010   4.25
18 1 1 8544.45 1275.07 -1.516 -0.013  0.051 -0.145  0.092  0.133  0.010  10.73
26 1 1 8509.59 1020.23 -1.538  0.009  0.051  0.184  0.120  0.138  0.010   8.24
18 1 1 8624.46 1184.85 -1.476 -0.016  0.052 -0.291  0.086  0.135  0.010  11.50
14 1 1 8705.40 1110.51 -0.036  0.027  0.125 -0.018  0.306  0.119  0.010   3.22
18 1 1 8668.71 1534.90 -1.539  0.003  0.051 -0.032  0.099  0.129  0.010   9.99
10 1 1 9074.13 1072.25 -0.921 -0.012  0.069  0.183  0.164  0.119  0.010   5.99
30 1 1 8633.97  945.85 -1.349  0.007  0.057 -0.157  0.106  0.138  0.010   9.30
10 1 1 8491.73  793.69 -0.563 -0.032  0.085 -0.048  0.181  0.124  0.010   5.45
22 1 1 8767.65 1442.26 -2.004 -0.007  0.039  0.119  0.075  0.129  0.010  13.22
 2 1 1 8793.21 1298.58 -0.013  0.015  0.128  0.315  0.412  0.116  0.010   2.39
 6 1 1 9229.35 1076.82 -0.689 -0.015  0.079  0.826  0.349  0.119  0.010   2.83
30 1 1 8649.13  991.62 -1.329 -0.013  0.057  0.210  0.141  0.137  0.010   6.96
10 1 1 9054.54 1206.90 -1.152  0.001  0.062 -0.241  0.103  0.117  0.010   9.58
18 1 1 9110.64 1074.66 -1.484 -0.016  0.052 -0.325  0.085  0.136  0.010  11.62
30 1 1 8595.88 1498.29 -1.335  0.016  0.057  0.068  0.126  0.129  0.010   7.83
26 1 1 8544.45 1275.07 -1.518  0.010  0.051  0.027  0.106  0.133  0.010   9.34
14 1 1 8559.05 1226.94 -0.520 -0.014  0.088  0.231  0.241  0.117  0.010   4.09
22 1 1 8729.38 1550.56 -1.975  0.016  0.040  0.241  0.084  0.128  0.010  11.76
 2 1 1 9034.11 1310.92 -0.404 -0.116  0.092 -0.654  0.131  0.116  0.010   7.52
22 1 1 8467.12 1130.50 -1.940 -0.019  0.041  0.018  0.073  0.135  0.010  13.57
 2 1 1 8716.25 1354.57  0.035 -0.038  0.127 -0.030  0.307  0.115  0.010   3.21
22 1 1 8618.29 1462.23 -1.969 -0.005  0.041  0.005  0.072  0.129  0.010  13.65
18 1 1 8742.88 1129.99 -1.491 -0.001  0.052 -0.006  0.105  0.135  0.010   9.43
26 1 1 8624.46 1184.85 -1.429 -0.022  0.053 -0.045  0.105  0.135  0.010   9.43
18 1 1 8746.56 1372.11 -1.430 -0.009  0.054 -0.202  0.095  0.131  0.010  10.36
26 1 1 8668.71 1534.90 -1.498  0.003  0.052  0.010  0.104  0.129  0.010   9.46
18 1 1 9013.64 1033.47 -1.441  0.020  0.054  0.548  0.174  0.137  0.010   5.67
26 1 1 9110.64 1074.66 -1.542 -0.004  0.050  0.007  0.103  0.136  0.010   9.58
30 1 1 8614.12 1241.48 -1.233 -0.027  0.060  0.002  0.126  0.133  0.010   7.83
26 1 1 8742.88 1129.99 -1.460  0.015  0.053  0.010  0.109  0.136  0.010   9.03
18 1 1 8983.87 1022.43 -1.404  0.006  0.055 -0.198  0.100  0.137  0.010   9.87
26 1 1 8746.56 1372.11 -1.426 -0.009  0.054 -0.164  0.098  0.131  0.010  10.01
30 1 1 8463.09 1042.47 -1.240 -0.010  0.061  0.394  0.177  0.137  0.010   5.58
18 1 1 8564.05 1349.82 -1.411 -0.020  0.054 -0.252  0.092  0.132  0.010  10.70
30 1 1 8896.58  830.90 -1.267 -0.000  0.059 -0.048  0.121  0.140  0.010   8.14
18 1 1 8880.19  941.04 -1.426  0.012  0.054  0.320  0.143  0.138  0.010   6.87
30 1 1 8666.74 1073.32 -1.284 -0.030  0.058 -0.288  0.099  0.136  0.010   9.97
26 1 1 9013.64 1033.47 -1.449  0.020  0.054  0.217  0.132  0.137  0.010   7.48
18 1 1 8484.53 1349.64 -1.451 -0.012  0.054 -0.050  0.105  0.132  0.010   9.40
26 1 1 8983.87 1022.43 -1.413  0.018  0.055  0.341  0.150  0.137  0.010   6.56
30 1 1 9175.95  797.80 -1.308  0.006  0.058  0.053  0.125  0.140  0.010   7.86
18 1 1 8837.84 1026.15 -1.406 -0.015  0.056  0.032  0.116  0.137  0.010   8.52
30 1 1 8826.34 1309.25 -1.261 -0.027  0.059  0.083  0.130  0.132  0.010   7.55
26 1 1 8564.05 1349.82 -1.404 -0.035  0.054 -0.243  0.092  0.132  0.010  10.70
18 1 1 9195.46  863.37 -1.097 -0.048  0.065 -0.522  0.097  0.139  0.010  10.15
26 1 1 8880.19  941.04 -1.350  0.037  0.057  0.563  0.189  0.138  0.010   5.21
18 1 1 8863.94 1410.46 -1.407  0.026  0.062 -0.088  0.131  0.130  0.010   7.48
30 1 1 9196.44 1440.81 -1.220  0.006  0.060 -0.038  0.123  0.130  0.010   7.99
18 1 1 8982.06  819.21 -1.335 -0.004  0.057 -0.023  0.117  0.140  0.010   8.39
26 1 1 8484.53 1349.64 -1.411 -0.021  0.054 -0.213  0.095  0.132  0.010  10.35
18 1 1 8650.98 1155.81 -1.388 -0.001  0.055  0.462  0.164  0.135  0.010   6.01
30 1 1 8561.16 1362.42 -1.184 -0.055  0.061 -0.248  0.106  0.132  0.010   9.26
18 1 1 8615.82  862.71 -1.355 -0.030  0.056 -0.221  0.097  0.140  0.010  10.15
30 1 1 8472.82 1288.96 -1.252  0.033  0.061  0.362  0.174  0.133  0.010   5.65
26 1 1 8837.84 1026.15 -1.375 -0.034  0.056 -0.242  0.095  0.137  0.010  10.33
18 1 1 9170.94 1301.93 -1.324 -0.005  0.057  0.099  0.127  0.132  0.010   7.75
26 1 1 9195.46  863.37 -1.138 -0.044  0.063 -0.530  0.093  0.140  0.010  10.60
18 1 1 8633.97  945.85 -1.280  0.009  0.060  0.012  0.128  0.138  0.010   7.68
26 1 1 8863.94 1410.46 -1.439  0.010  0.060 -0.429  0.098  0.131  0.010   9.95
18 1 1 8649.13  991.62 -1.304 -0.010  0.058  0.109  0.134  0.138  0.010   7.32
30 1 1 8601.53  784.96 -1.209  0.025  0.062  0.396  0.182  0.141  0.010   5.40
26 1 1 8982.06  819.21 -1.434 -0.008  0.054 -0.144  0.099  0.140  0.010   9.96
 6 1 1 8727.20 1001.24 -0.266 -0.147  0.099 -0.229  0.187  0.120  0.010   5.26
10 1 1 8898.84  904.86 -0.828 -0.064  0.072 -0.682  0.095  0.122  0.010  10.37
 2 1 1 8705.45 1201.93 -0.166 -0.068  0.111 -0.540  0.178  0.118  0.010   5.55
18 1 1 8595.88 1498.29 -1.352 -0.026  0.056 -0.307  0.092  0.129  0.010  10.68
30 1 1 8953.64 1154.16 -1.199 -0.012  0.061 -0.130  0.118  0.135  0.010   8.37
18 1 1 8614.12 1241.48 -1.302  0.007  0.058  0.339  0.161  0.134  0.010   6.13
26 1 1 8650.98 1155.81 -1.345  0.009  0.057  0.130  0.131  0.135  0.010   7.51
30 1 1 9177.35 1059.19 -1.234  0.072  0.063  2.274  0.995  0.136  0.010   0.99
26 1 1 8615.82  862.71 -1.386 -0.002  0.055 -0.169  0.100  0.140  0.010   9.87
30 1 1 8742.02 1421.18 -1.178  0.015  0.063  0.020  0.138  0.130  0.010   7.16
18 1 1 8463.09 1042.47 -1.248 -0.018  0.060  0.032  0.131  0.137  0.010   7.51
26 1 1 9170.94 1301.93 -1.336 -0.013  0.057  0.190  0.135  0.133  0.010   7.33
30 1 1 8721.56  910.06 -1.250 -0.013  0.059 -0.293  0.102  0.139  0.010   9.67
26 1 1 8633.97  945.85 -1.334 -0.018  0.056 -0.167  0.105  0.139  0.010   9.42
30 1 1 9220.87 1060.79 -1.153  0.045  0.065  1.360  0.456  0.136  0.010   2.16
26 1 1 8649.13  991.62 -1.258  0.000  0.060  0.167  0.147  0.138  0.010   6.69
18 1 1 8896.58  830.90 -1.291  0.035  0.059  0.116  0.140  0.140  0.010   7.03
30 1 1 9027.43  978.39 -1.159  0.030  0.064  1.074  0.345  0.137  0.010   2.86
18 1 1 8666.74 1073.32 -1.320 -0.011  0.058 -0.055  0.115  0.136  0.010   8.53
30 1 1 8974.22 1010.31 -1.139  0.015  0.064  0.222  0.169  0.137  0.010   5.81
26 1 1 8595.88 1498.29 -1.258  0.002  0.059 -0.146  0.113  0.130  0.010   8.70
18 1 1 9175.95  797.80 -1.218  0.010  0.061  0.263  0.161  0.140  0.010   6.12
30 1 1 8457.62 1359.39 -1.241 -0.061  0.060 -0.283  0.101  0.132  0.010   9.74
18 1 1 8826.34 1309.25 -1.286 -0.033  0.058  0.184  0.139  0.132  0.010   7.09
26 1 1 8614.12 1241.48 -1.255  0.011  0.060  0.124  0.142  0.134  0.010   6.96
30 1 1 8616.80 1311.16 -1.147 -0.008  0.064  0.072  0.144  0.132  0.010   6.84
26 1 1 8463.09 1042.47 -1.288  0.010  0.059  0.119  0.138  0.137  0.010   7.12
18 1 1 9196.44 1440.81 -1.210  0.031  0.061  0.163  0.148  0.130  0.010   6.65
30 1 1 8637.90  989.90 -1.165 -0.027  0.063  0.118  0.150  0.137  0.010   6.59
18 1 1 8561.16 1362.42 -1.256 -0.037  0.059 -0.172  0.108  0.132  0.010   9.11
26 1 1 8896.58  830.90 -1.243  0.010  0.060  0.230  0.156  0.140  0.010   6.32
30 1 1 8519.86  907.75 -1.192 -0.007  0.063 -0.061  0.128  0.139  0.010   7.69
18 1 1 8472.82 1288.96 -1.244 -0.036  0.059  0.010  0.127  0.133  0.010   7.78
26 1 1 8666.74 1073.32 -1.220 -0.055  0.060 -0.282  0.102  0.137  0.010   9.63
30 1 1 8582.85  864.87 -1.126 -0.035  0.064 -0.032  0.134  0.140  0.010   7.35
26 1 1 9175.95  797.80 -1.183  0.012  0.063  0.032  0.140  0.141  0.010   7.06
18 1 1 8601.53  784.96 -1.162  0.042  0.064  0.332  0.184  0.141  0.010   5.35
26 1 1 8826.34 1309.25 -1.204 -0.034  0.061 -0.161  0.115  0.132  0.010   8.59
30 1 1 9000.56 1470.28 -1.156 -0.037  0.062  0.112  0.143  0.129  0.010   6.90
26 1 1 9196.44 1440.81 -1.235  0.002  0.060 -0.103  0.117  0.130  0.010   8.43
18 1 1 8953.64 1154.16 -1.226 -0.023  0.060  0.079  0.135  0.135  0.010   7.28
30 1 1 9023.72 1059.88 -1.146 -0.020  0.064 -0.187  0.120  0.136  0.010   8.17
18 1 1 9177.35 1059.19 -1.184  0.049  0.065  1.026  0.336  0.136  0.010   2.93
26 1 1 8561.16 1362.42 -1.237 -0.012  0.060 -0.001  0.127  0.132  0.010   7.75
30 1 1 8702.14 1513.67 -1.146 -0.053  0.062  0.178  0.150  0.129  0.010   6.57
26 1 1 8472.82 1288.96 -1.178  0.028  0.063 -0.228  0.118  0.133  0.010   8.34
18 1 1 8742.02 1421.18 -1.202  0.006  0.061 -0.114  0.121  0.130  0.010   8.11
30 1 1 9192.26  807.23 -1.079 -0.032  0.066  0.217  0.168  0.140  0.010   5.88
18 1 1 8721.56  910.06 -1.184 -0.048  0.062 -0.368  0.100  0.139  0.010   9.80
26 1 1 8601.53  784.96 -1.167 -0.002  0.063  0.005  0.138  0.141  0.010   7.17
30 1 1 8711.07 1439.65 -1.107  0.007  0.066  0.121  0.159  0.130  0.010   6.19
26 1 1 8953.64 1154.16 -1.213 -0.030  0.060 -0.317  0.101  0.135  0.010   9.71
18 1 1 9220.87 1060.79 -1.156  0.032  0.065  1.500  0.514  0.136  0.010   1.92
30 1 1 8928.04 1256.12 -1.109 -0.011  0.065 -0.049  0.137  0.133  0.010   7.20
26 1 1 9177.35 1059.19 -1.192  0.036  0.063  0.931  0.302  0.137  0.010   3.26
30 1 1 8824.08 1495.38 -1.148 -0.008  0.063 -0.032  0.133  0.129  0.010   7.38
26 1 1 8742.02 1421.18 -1.190 -0.046  0.061 -0.540  0.088  0.131  0.010  11.14
18 1 1 9027.43  978.39 -1.169  0.020  0.064  2.915  1.816  0.138  0.010   0.54
26 1 1 8721.56  910.06 -1.230 -0.026  0.060  0.056  0.133  0.139  0.010   7.43
30 1 1 9117.83 1481.12 -1.096 -0.052  0.064  0.091  0.145  0.129  0.010   6.81
26 1 1 9220.87 1060.79 -1.157  0.062  0.065  1.119  0.373  0.137  0.010   2.64
30 1 1 8899.26  970.05 -1.146 -0.036  0.063  0.038  0.139  0.137  0.010   7.07
26 1 1 9027.43  978.39 -1.133  0.055  0.066  2.693  1.570  0.138  0.010   0.63
18 1 1 8974.22 1010.31 -1.178  0.010  0.063  0.081  0.148  0.137  0.010   6.67
26 1 1 8974.22 1010.31 -1.178  0.016  0.063  0.337  0.182  0.137  0.010   5.42
30 1 1 8818.58  827.30 -1.067  0.008  0.067 -0.051  0.143  0.140  0.010   6.90
26 1 1 8457.62 1359.39 -1.161 -0.001  0.065 -0.140  0.126  0.132  0.010   7.80
18 1 1 8457.62 1359.39 -1.158 -0.029  0.064 -0.258  0.113  0.132  0.010   8.68
30 1 1 8844.79  939.33 -1.116  0.045  0.066  0.790  0.284  0.138  0.010   3.47
26 1 1 8616.80 1311.16 -1.127 -0.033  0.064 -0.307  0.109  0.133  0.010   9.05
18 1 1 8616.80 1311.16 -1.196  0.002  0.062  0.253  0.162  0.132  0.010   6.10
26 1 1 8637.90  989.90 -1.088 -0.007  0.066 -0.104  0.137  0.138  0.010   7.17
30 1 1 8628.09  846.31 -0.986  0.035  0.071  0.115  0.177  0.140  0.010   5.56
26 1 1 8519.86  907.75 -1.071  0.009  0.069  0.214  0.180  0.139  0.010   5.49
18 1 1 8637.90  989.90 -1.190 -0.056  0.061  0.004  0.132  0.138  0.010   7.46
26 1 1 8582.85  864.87 -1.131 -0.027  0.064  0.063  0.146  0.140  0.010   6.76
30 1 1 9025.45  861.80 -0.551 -0.005  0.094 -0.477  0.159  0.139  0.010   6.19
18 1 1 8519.86  907.75 -1.173 -0.006  0.064 -0.170  0.122  0.139  0.010   8.08
30 1 1 8760.54 1041.62 -0.900  0.010  0.075  0.492  0.259  0.136  0.010   3.81
18 1 1 8582.85  864.87 -1.191 -0.032  0.062  0.115  0.144  0.140  0.010   6.83
30 1 1 8886.38  901.03 -1.003 -0.211  0.066 -1.182  0.066  0.139  0.010  15.00
18 1 1 9000.56 1470.28 -1.184 -0.021  0.061  0.240  0.157  0.129  0.010   6.29
30 1 1 8991.81  836.99 -0.599  0.038  0.092  0.310  0.295  0.140  0.010   3.35
18 1 1 9023.72 1059.88 -1.142  0.003  0.065 -0.023  0.140  0.136  0.010   7.00
30 1 1 9017.01 1097.93 -1.033  0.034  0.069  2.002  0.897  0.136  0.010   1.10
18 1 1 8702.14 1513.67 -1.174 -0.008  0.062  0.157  0.151  0.129  0.010   6.54
26 1 1 9000.56 1470.28 -1.050  0.018  0.067  0.698  0.266  0.130  0.010   3.70
30 1 1 8489.30 1006.77 -1.009 -0.090  0.068 -0.463  0.105  0.137  0.010   9.35
26 1 1 9023.72 1059.88 -1.130  0.002  0.065 -0.144  0.129  0.137  0.010   7.62
18 1 1 9192.26  807.23 -1.123 -0.039  0.063 -0.208  0.116  0.140  0.010   8.48
26 1 1 8702.14 1513.67 -1.121 -0.010  0.064 -0.177  0.121  0.129  0.010   8.12
18 1 1 8711.07 1439.65 -1.120 -0.007  0.065  0.054  0.148  0.130  0.010   6.67
26 1 1 9192.26  807.23 -1.149 -0.031  0.063 -0.350  0.104  0.141  0.010   9.46
30 1 1 8591.20  809.92 -1.087 -0.011  0.066 -0.126  0.131  0.140  0.010   7.51
18 1 1 8928.04 1256.12 -1.162  0.004  0.063  0.179  0.160  0.133  0.010   6.16
26 1 1 8711.07 1439.65 -1.064  0.008  0.067  0.069  0.159  0.130  0.010   6.20
18 1 1 8824.08 1495.38 -1.105 -0.017  0.065 -0.002  0.141  0.129  0.010   6.98
26 1 1 8928.04 1256.12 -1.096 -0.016  0.066 -0.252  0.120  0.133  0.010   8.24
30 1 1 9033.29 1296.76 -0.977 -0.009  0.071 -0.091  0.147  0.132  0.010   6.72
26 1 1 8824.08 1495.38 -1.101  0.017  0.066 -0.042  0.141  0.129  0.010   7.00
18 1 1 9117.83 1481.12 -1.092 -0.131  0.062 -0.196  0.110  0.129  0.010   8.97
26 1 1 9117.83 1481.12 -1.079 -0.084  0.063  0.106  0.145  0.130  0.010   6.80
30 1 1 8697.96 1388.72 -1.021  0.004  0.068 -0.059  0.146  0.131  0.010   6.74
26 1 1 8899.26  970.05 -1.076 -0.035  0.066 -0.089  0.134  0.138  0.010   7.33
18 1 1 8899.26  970.05 -1.116 -0.031  0.064 -0.016  0.139  0.138  0.010   7.10
26 1 1 8818.58  827.30 -1.113  0.033  0.065  1.438  0.498  0.140  0.010   1.98
18 1 1 8818.58  827.30 -1.134  0.015  0.064  0.631  0.237  0.140  0.010   4.15
26 1 1 8844.79  939.33 -1.065 -0.021  0.066  0.311  0.188  0.138  0.010   5.24
30 1 1 8932.35  968.47 -1.026 -0.042  0.067 -0.014  0.146  0.138  0.010   6.73
18 1 1 8844.79  939.33 -1.118 -0.005  0.065 -0.147  0.128  0.138  0.010   7.68
26 1 1 8628.09  846.31 -1.018 -0.026  0.068  0.040  0.156  0.140  0.010   6.33
30 1 1 8536.65 1061.50 -0.937  0.018  0.074  0.032  0.173  0.137  0.010   5.71
18 1 1 8628.09  846.31 -1.160 -0.036  0.062  0.215  0.158  0.140  0.010   6.24
30 1 1 9125.78 1317.78 -1.021  0.007  0.068 -0.067  0.146  0.132  0.010   6.75
 6 1 1 8449.51 1035.01 -0.637 -0.004  0.083  1.108  0.466  0.120  0.010   2.11
18 1 1 9025.45  861.80 -0.518 -0.055  0.095 -0.448  0.163  0.139  0.010   6.06
26 1 1 9025.45  861.80 -0.613  0.032  0.091 -0.178  0.196  0.140  0.010   5.04
 6 1 1 8510.30 1300.28 -0.219 -0.003  0.108  0.152  0.297  0.116  0.010   3.32
18 1 1 8760.54 1041.62 -0.857 -0.008  0.077 -0.090  0.166  0.137  0.010   5.95
26 1 1 8760.54 1041.62 -0.852 -0.007  0.077 -0.117  0.162  0.137  0.010   6.08
 6 1 1 8628.14 1297.49 -0.601 -0.003  0.085  0.268  0.233  0.116  0.010   4.22
26 1 1 8886.38  901.03 -1.057 -0.195  0.064 -1.198  0.064  0.139  0.010  15.35
 6 1 1 8585.23 1150.00 -0.383 -0.069  0.096  0.159  0.247  0.118  0.010   3.98
18 1 1 8886.38  901.03 -1.124 -0.186  0.062 -1.081  0.065  0.139  0.010  15.18
26 1 1 8991.81  836.99 -0.565  0.036  0.095  0.955  0.535  0.140  0.010   1.84
18 1 1 8991.81  836.99 -0.520 -0.021  0.098 -0.059  0.225  0.140  0.010   4.38
26 1 1 9017.01 1097.93 -1.027  0.067  0.071  1.677  0.695  0.136  0.010   1.42
 6 1 1 8761.76 1217.10 -0.700 -0.053  0.078 -0.000  0.167  0.117  0.010   5.89
18 1 1 8489.30 1006.77 -1.067 -0.000  0.068 -0.309  0.120  0.138  0.010   8.19
 6 1 1 8904.65 1025.73 -0.180  0.005  0.111  0.208  0.320  0.120  0.010   3.08
26 1 1 8489.30 1006.77 -1.033 -0.031  0.068 -0.118  0.138  0.138  0.010   7.12
18 1 1 8591.20  809.92 -0.996 -0.039  0.069  0.184  0.177  0.140  0.010   5.58
26 1 1 8591.20  809.92 -1.026  0.014  0.069  0.170  0.178  0.141  0.010   5.52
18 1 1 9033.29 1296.76 -1.077  0.020  0.067  0.096  0.161  0.132  0.010   6.10
26 1 1 9033.29 1296.76 -1.025 -0.005  0.068 -0.039  0.148  0.133  0.010   6.64
 6 1 1 8515.17 1226.38 -0.063 -0.072  0.118 -0.089  0.265  0.117  0.010   3.71
18 1 1 8697.96 1388.72 -1.060  0.003  0.067  0.705  0.265  0.131  0.010   3.72
 6 1 1 8758.62 1466.71  0.091 -0.026  0.133 -0.623  0.211  0.112  0.010   4.67
18 1 1 8932.35  968.47 -1.050  0.011  0.068  0.300  0.195  0.138  0.010   5.06
 6 1 1 9032.31 1473.73 -0.570 -0.025  0.085 -0.103  0.173  0.112  0.010   5.69
18 1 1 8536.65 1061.50 -0.976 -0.027  0.071  0.399  0.218  0.137  0.010   4.52
 6 1 1 8881.05  870.50 -0.264 -0.081  0.103 -0.499  0.164  0.122  0.010   6.00
26 1 1 8697.96 1388.72 -1.055  0.003  0.068  0.387  0.204  0.131  0.010   4.83
18 1 1 9125.78 1317.78 -0.994 -0.028  0.069  0.340  0.204  0.132  0.010   4.83
26 1 1 8932.35  968.47 -1.026  0.019  0.070  0.089  0.168  0.138  0.010   5.88
18 1 1 8827.38 1438.31 -1.040  0.087  0.072  0.702  0.300  0.130  0.010   3.28
 6 1 1 8807.78  986.72 -0.114 -0.042  0.116 -0.115  0.254  0.120  0.010   3.87
26 1 1 8536.65 1061.50 -1.094  0.019  0.067  0.848  0.299  0.137  0.010   3.29
18 1 1 9040.74 1562.70 -1.063 -0.016  0.066 -0.058  0.136  0.128  0.010   7.25
26 1 1 9125.78 1317.78 -1.016  0.003  0.069 -0.046  0.150  0.132  0.010   6.55
 6 1 1 8499.83  976.31 -0.412 -0.046  0.094  0.213  0.252  0.121  0.010   3.91
18 1 1 8696.69 1541.55 -1.001 -0.022  0.069 -0.292  0.122  0.128  0.010   8.11
26 1 1 8827.38 1438.31 -1.040  0.022  0.070  0.604  0.262  0.130  0.010   3.75
 6 1 1 8793.21 1298.58  0.106  0.082  0.142  0.124  0.412  0.116  0.010   2.39
26 1 1 9040.74 1562.70 -0.998 -0.020  0.068  0.148  0.168  0.128  0.010   5.89
18 1 1 9222.57 1537.18 -1.015  0.035  0.069  0.377  0.212  0.128  0.010   4.65
26 1 1 8696.69 1541.55 -1.046  0.024  0.068  0.354  0.199  0.129  0.010   4.95
 6 1 1 9034.11 1310.92 -0.295 -0.026  0.102 -0.537  0.164  0.115  0.010   5.99
26 1 1 9222.57 1537.18 -1.053 -0.037  0.066 -0.311  0.113  0.129  0.010   8.72
 6 1 1 8716.25 1354.57 -0.010  0.030  0.127 -0.497  0.221  0.115  0.010   4.46
26 1 1 9149.71 1582.50 -1.007  0.057  0.070  1.687  0.678  0.128  0.010   1.45
18 1 1 9149.71 1582.50 -0.985  0.021  0.070  0.250  0.192  0.127  0.010   5.14
26 1 1 8606.54 1088.99 -0.992  0.026  0.071 -0.007  0.162  0.136  0.010   6.09
 6 1 1 8705.45 1201.93 -0.170 -0.036  0.113 -0.788  0.155  0.117  0.010   6.36
26 1 1 8751.87  951.14 -0.967  0.025  0.072  0.729  0.302  0.138  0.010   3.26
 6 1 1 8566.07 1417.50 -0.198 -0.008  0.109 -0.114  0.240  0.114  0.010   4.10
18 1 1 8606.54 1088.99 -0.992  0.004  0.071 -0.097  0.149  0.136  0.010   6.62
 6 1 1 8762.76  810.17 -0.439 -0.070  0.091 -0.407  0.150  0.123  0.010   6.57
18 1 1 8751.87  951.14 -1.015  0.061  0.071  0.484  0.243  0.138  0.010   4.05
 6 1 1 8623.16  922.02 -0.311  0.017  0.103  0.894  0.523  0.122  0.010   1.88
26 1 1 8835.20 1523.46 -0.980  0.000  0.070 -0.209  0.135  0.129  0.010   7.32
18 1 1 8835.20 1523.46 -0.895  0.003  0.075  0.394  0.236  0.128  0.010   4.18
 6 1 1 9034.80  790.00 -0.372  0.009  0.099  0.149  0.264  0.123  0.010   3.74
26 1 1 8557.21 1479.88 -1.013 -0.070  0.068  0.046  0.152  0.130  0.010   6.49
18 1 1 8557.21 1479.88 -0.954 -0.063  0.072  0.317  0.201  0.130  0.010   4.90
 6 1 1 8509.59 1020.23 -0.020 -0.024  0.124  0.807  0.609  0.120  0.010   1.62
18 1 1 8914.15 1530.15 -0.997  0.022  0.071  0.517  0.245  0.128  0.010   4.02
26 1 1 8914.15 1530.15 -0.922 -0.041  0.072 -0.085  0.151  0.129  0.010   6.50
18 1 1 8617.03 1384.46 -0.996  0.048  0.071  0.302  0.206  0.131  0.010   4.78
26 1 1 8617.03 1384.46 -0.896  0.010  0.074 -0.195  0.147  0.131  0.010   6.68
18 1 1 9016.49  897.46 -0.963  0.012  0.072  0.550  0.263  0.139  0.010   3.75
26 1 1 9016.49  897.46 -0.983  0.033  0.071  0.520  0.253  0.139  0.010   3.89
18 1 1 8777.68  914.36 -0.963 -0.009  0.073 -0.319  0.129  0.139  0.010   7.65
 6 1 1 8544.45 1275.07 -0.301 -0.016  0.102  0.679  0.424  0.116  0.010   2.32
26 1 1 8777.68  914.36 -0.997 -0.030  0.070  0.046  0.160  0.139  0.010   6.15
18 1 1 8938.62 1109.37 -0.907  0.027  0.076  0.338  0.230  0.135  0.010   4.29
26 1 1 8938.62 1109.37 -0.944  0.047  0.075  0.226  0.206  0.136  0.010   4.78
 6 1 1 8624.46 1184.85 -0.523  0.001  0.090  0.026  0.208  0.118  0.010   4.74
18 1 1 9121.03 1118.59 -0.401 -0.008  0.106 -0.204  0.229  0.135  0.010   4.31
 6 1 1 8668.71 1534.90  0.035 -0.024  0.127  0.623  0.537  0.111  0.010   1.84
26 1 1 9121.03 1118.59 -0.422 -0.039  0.104  0.319  0.333  0.136  0.010   2.96
18 1 1 8639.15 1259.06 -0.964 -0.025  0.071 -0.177  0.138  0.133  0.010   7.15
 6 1 1 9110.64 1074.66 -0.114 -0.061  0.114  0.095  0.298  0.119  0.010   3.30
26 1 1 8639.15 1259.06 -0.956 -0.022  0.071 -0.267  0.130  0.134  0.010   7.58
 6 1 1 8742.88 1129.99  0.117  0.004  0.138 -0.192  0.303  0.119  0.010   3.25
18 1 1 9222.78 1363.42 -0.988  0.047  0.072  0.831  0.323  0.131  0.010   3.05
26 1 1 9222.78 1363.42 -0.971  0.014  0.072  1.482  0.567  0.132  0.010   1.74
18 1 1 8755.76 1433.64 -0.906  0.024  0.074  0.774  0.329  0.130  0.010   2.99
26 1 1 8755.76 1433.64 -1.006 -0.051  0.068 -0.143  0.134  0.130  0.010   7.34
18 1 1 8670.38 1367.97 -0.956  0.011  0.074  0.059  0.171  0.131  0.010   5.76
26 1 1 8670.38 1367.97 -0.926  0.011  0.075  0.030  0.172  0.132  0.010   5.74
18 1 1 8551.09 1462.48 -0.971 -0.045  0.071  0.005  0.157  0.130  0.010   6.26
26 1 1 8551.09 1462.48 -0.940 -0.002  0.074  0.315  0.214  0.130  0.010   4.60
18 1 1 9216.44  789.15 -0.982  0.028  0.072  1.204  0.450  0.141  0.010   2.19
 6 1 1 8746.56 1372.11  0.007  0.026  0.130  0.704  0.591  0.114  0.010   1.67
26 1 1 9216.44  789.15 -0.914  0.017  0.074  1.005  0.399  0.141  0.010   2.47
 6 1 1 8983.87 1022.43 -0.202  0.008  0.110 -0.209  0.228  0.120  0.010   4.32
18 1 1 8488.19  872.86 -0.937  0.017  0.074  0.523  0.260  0.140  0.010   3.79
26 1 1 8488.19  872.86 -0.915  0.026  0.074  0.155  0.196  0.140  0.010   5.04
18 1 1 8510.92 1459.91 -0.896 -0.010  0.075  0.763  0.323  0.130  0.010   3.05
22 1 1 8786.62 1266.37 -1.942 -0.018  0.041 -0.056  0.070  0.133  0.010  14.16
30 1 1 8827.38 1438.31 -1.042  0.090  0.071  1.094  0.424  0.130  0.010   2.32
22 1 1 8591.05  944.95 -1.898  0.001  0.042  0.025  0.076  0.138  0.010  12.92
18 1 1 8742.14 1443.80 -0.879 -0.004  0.076  0.095  0.185  0.130  0.010   5.32
30 1 1 9040.74 1562.70 -1.024 -0.034  0.067 -0.067  0.137  0.128  0.010   7.19
22 1 1 8987.30 1286.05 -1.896  0.006  0.042  0.240  0.091  0.132  0.010  10.87
30 1 1 8696.69 1541.55 -1.003  0.003  0.069  0.007  0.153  0.128  0.010   6.42
10 1 1 8990.28 1425.52 -0.991  0.024  0.067  0.587  0.222  0.113  0.010   4.44
30 1 1 9222.57 1537.18 -1.003  0.027  0.069  0.315  0.200  0.128  0.010   4.93
18 1 1 8951.89 1028.29 -0.919 -0.015  0.073  0.172  0.193  0.137  0.010   5.11
22 1 1 9030.66 1339.64 -1.891 -0.010  0.042  0.070  0.080  0.131  0.010  12.32
18 1 1 8746.99  966.46 -0.903  0.005  0.074  0.176  0.197  0.138  0.010   4.99
22 1 1 8812.52 1132.52 -1.896  0.002  0.042  0.064  0.079  0.135  0.010  12.40
18 1 1 9042.76 1149.29 -0.943 -0.030  0.072  0.113  0.176  0.135  0.010   5.61
30 1 1 9149.71 1582.50 -0.946  0.050  0.073  1.946  0.901  0.127  0.010   1.09
 6 1 1 8564.05 1349.82  0.256 -0.108  0.147 -0.481  0.250  0.115  0.010   3.94
14 1 1 9001.37  804.01 -0.968  0.023  0.069  0.129  0.160  0.123  0.010   6.15
26 1 1 8510.92 1459.91 -0.923 -0.009  0.073  0.592  0.270  0.130  0.010   3.64
 2 1 1 8566.07 1417.50 -0.175  0.046  0.115  0.565  0.453  0.114  0.010   2.17
 6 1 1 8484.53 1349.64  0.283 -0.030  0.153 -0.312  0.311  0.115  0.010   3.16
 2 1 1 8762.76  810.17 -0.553 -0.049  0.086 -0.257  0.158  0.124  0.010   6.24
26 1 1 8742.14 1443.80 -0.888 -0.007  0.075 -0.008  0.169  0.130  0.010   5.84
10 1 1 9023.81 1357.11 -0.777  0.041  0.076  0.648  0.284  0.115  0.010   3.47
 6 1 1 8837.84 1026.15 -0.222 -0.040  0.108  0.097  0.272  0.120  0.010   3.62
14 1 1 8767.65 1442.26 -0.195 -0.044  0.107 -0.185  0.219  0.113  0.010   4.49
 6 1 1 9195.46  863.37 -0.902  0.000  0.070 -0.307  0.118  0.122  0.010   8.34
14 1 1 8729.38 1550.56 -0.918 -0.001  0.069 -0.091  0.132  0.111  0.010   7.49
10 1 1 9191.85 1063.91 -0.951  0.046  0.069  1.571  0.558  0.119  0.010   1.77
14 1 1 8467.12 1130.50 -0.787 -0.018  0.074  0.135  0.173  0.119  0.010   5.70
10 1 1 9223.79 1107.66 -0.966 -0.023  0.068  0.150  0.160  0.119  0.010   6.14
14 1 1 8618.29 1462.23 -0.525  0.008  0.090 -0.159  0.178  0.113  0.010   5.54
 6 1 1 8982.06  819.21  0.166 -0.052  0.139  0.054  0.368  0.123  0.010   2.68
14 1 1 8786.62 1266.37 -0.911  0.035  0.070  0.137  0.164  0.116  0.010   6.01
 6 1 1 8650.98 1155.81 -0.127  0.049  0.120 -0.330  0.231  0.118  0.010   4.26
 2 1 1 9034.80  790.00 -0.407  0.037  0.099  0.549  0.370  0.124  0.010   2.66
10 1 1 9054.99 1296.75 -0.801  0.038  0.076  0.761  0.310  0.116  0.010   3.18
 2 1 1 8509.59 1020.23 -0.167 -0.011  0.114  0.166  0.318  0.121  0.010   3.10
 6 1 1 8615.82  862.71  0.201  0.009  0.150 -0.334  0.293  0.122  0.010   3.36
 2 1 1 8544.45 1275.07 -0.445  0.032  0.095  1.074  0.555  0.117  0.010   1.78
 6 1 1 9170.94 1301.93  0.448 -0.009  0.173  0.734  0.859  0.115  0.010   1.15
10 1 1 8705.40 1110.51  0.145 -0.072  0.140 -0.251  0.280  0.119  0.010   3.52
 6 1 1 8633.97  945.85  0.067 -0.077  0.128  0.166  0.358  0.121  0.010   2.75
22 1 1 8781.06 1385.14 -1.265  0.016  0.060  0.352  0.166  0.130  0.010   5.94
 2 1 1 8624.46 1184.85 -0.526 -0.002  0.089 -0.001  0.203  0.118  0.010   4.86
22 1 1 8558.42 1263.94 -1.876 -0.020  0.042 -0.243  0.064  0.133  0.010  15.27
 2 1 1 8668.71 1534.90 -0.043  0.046  0.125  2.837  3.918  0.112  0.010   0.25
10 1 1 8559.05 1226.94 -0.445  0.024  0.095  0.324  0.291  0.118  0.010   3.39
22 1 1 8861.54  825.81 -1.829  0.007  0.044  0.172  0.092  0.139  0.010  10.69
10 1 1 9001.37  804.01 -0.910  0.028  0.072  0.154  0.175  0.123  0.010   5.62
 2 1 1 9110.64 1074.66 -0.089  0.021  0.123  0.249  0.381  0.119  0.010   2.58
22 1 1 8583.25 1522.48 -1.802 -0.026  0.043 -0.148  0.071  0.128  0.010  13.86
 2 1 1 8742.88 1129.99 -0.089 -0.006  0.120  0.024  0.298  0.119  0.010   3.30
10 1 1 8767.65 1442.26 -0.369  0.018  0.098 -0.010  0.227  0.113  0.010   4.34
18 1 1 9002.30  958.69 -0.854  0.032  0.080  0.452  0.272  0.138  0.010   3.62
22 1 1 8880.23 1395.12 -1.849 -0.194  0.046 -1.451  0.042  0.130  0.010  22.92
18 1 1 8712.25 1097.55 -0.940  0.016  0.074  0.673  0.294  0.136  0.010   3.35
22 1 1 8870.81 1333.17 -1.794  0.035  0.046  0.925  0.189  0.131  0.010   5.20
 2 1 1 8746.56 1372.11 -0.134  0.016  0.115  1.849  1.441  0.115  0.010   0.68
10 1 1 8729.38 1550.56 -0.775  0.048  0.076  0.012  0.167  0.112  0.010   5.89
22 1 1 9078.51 1223.95 -1.837  0.015  0.043  0.193  0.093  0.133  0.010  10.64
 2 1 1 9013.64 1033.47  0.118  0.004  0.139  0.635  0.618  0.120  0.010   1.59
18 1 1 8935.36  887.42 -0.873  0.049  0.077  0.934  0.402  0.139  0.010   2.45
22 1 1 9125.70 1105.11 -1.799  0.011  0.044  0.123  0.091  0.135  0.010  10.78
 2 1 1 8983.87 1022.43 -0.266  0.058  0.109  0.563  0.434  0.120  0.010   2.27
10 1 1 8467.12 1130.50 -0.742 -0.027  0.076 -0.104  0.151  0.119  0.010   6.50
22 1 1 9201.61 1110.45 -1.774  0.021  0.045  0.179  0.096  0.135  0.010  10.22
 2 1 1 8564.05 1349.82  0.209  0.023  0.149 -0.226  0.323  0.115  0.010   3.05
30 1 1 8606.54 1088.99 -0.989  0.041  0.071  0.167  0.188  0.136  0.010   5.24
18 1 1 8655.97 1371.99 -0.837  0.004  0.077 -0.124  0.162  0.131  0.010   6.09
10 1 1 8618.29 1462.23 -0.420  0.064  0.099  0.404  0.321  0.113  0.010   3.07
14 1 1 8591.05  944.95 -0.818 -0.031  0.072 -0.281  0.122  0.121  0.010   8.07
22 1 1 8474.67  992.58 -1.797  0.008  0.044  0.010  0.083  0.137  0.010  11.81
30 1 1 8751.87  951.14 -0.968  0.036  0.073  0.281  0.208  0.138  0.010   4.72
14 1 1 8987.30 1286.05 -0.791  0.020  0.075 -0.018  0.159  0.116  0.010   6.18
22 1 1 8613.31 1448.06 -1.814 -0.012  0.043  0.038  0.081  0.130  0.010  12.15
30 1 1 8835.20 1523.46 -1.025  0.024  0.069  0.609  0.255  0.128  0.010   3.87
14 1 1 9030.66 1339.64 -0.214  0.081  0.112  0.432  0.402  0.115  0.010   2.45
22 1 1 8510.02 1071.66 -1.806  0.007  0.045  0.152  0.091  0.136  0.010  10.82
30 1 1 8557.21 1479.88 -0.897 -0.086  0.074 -0.189  0.139  0.130  0.010   7.10
22 1 1 9181.95 1028.33 -1.761 -0.007  0.045 -0.077  0.082  0.136  0.010  12.05
18 1 1 8648.12  857.08 -0.826  0.026  0.080 -0.088  0.175  0.140  0.010   5.64
14 1 1 8812.52 1132.52 -0.347  0.030  0.101  0.050  0.246  0.118  0.010   4.00
22 1 1 8723.53 1025.14 -1.682 -0.046  0.047 -0.530  0.064  0.136  0.010  15.26
30 1 1 8914.15 1530.15 -1.013  0.059  0.071  0.828  0.323  0.128  0.010   3.04
18 1 1 9170.55 1078.77 -0.841  0.032  0.078  1.157  0.496  0.136  0.010   1.99
 2 1 1 8484.53 1349.64  0.333  0.017  0.167  0.616  0.731  0.116  0.010   1.35
26 1 1 8951.89 1028.29 -0.877  0.013  0.077 -0.011  0.176  0.137  0.010   5.59
 6 1 1 8649.13  991.62  0.322 -0.041  0.157 -0.347  0.311  0.121  0.010   3.17
10 1 1 8591.05  944.95 -0.871 -0.034  0.071 -0.093  0.136  0.122  0.010   7.25
 6 1 1 8595.88 1498.29  0.222  0.037  0.151 -0.601  0.253  0.112  0.010   3.89
26 1 1 8746.99  966.46 -0.917 -0.016  0.073 -0.151  0.148  0.138  0.010   6.65
 6 1 1 8614.12 1241.48  0.641  0.101  0.219  0.024  0.629  0.117  0.010   1.57
26 1 1 9042.76 1149.29 -0.906 -0.003  0.074 -0.105  0.156  0.135  0.010   6.33
18 1 1 9026.82 1159.74 -0.880  0.033  0.077  1.277  0.529  0.135  0.010   1.86
30 1 1 8617.03 1384.46 -0.979  0.004  0.071  0.201  0.186  0.131  0.010   5.29
10 1 1 9094.93  978.38 -0.556  0.001  0.089  1.461  0.712  0.121  0.010   1.38
30 1 1 9016.49  897.46 -0.965  0.065  0.073  1.899  0.896  0.139  0.010   1.10
 6 1 1 8463.09 1042.47 -0.037  0.014  0.125  0.416  0.442  0.120  0.010   2.23
26 1 1 9002.30  958.69 -0.852 -0.011  0.077 -0.091  0.167  0.138  0.010   5.89
 2 1 1 8837.84 1026.15 -0.314  0.006  0.107  0.173  0.286  0.120  0.010   3.45
18 1 1 8928.81  864.86 -0.890 -0.053  0.074  0.142  0.185  0.139  0.010   5.34
26 1 1 8712.25 1097.55 -0.897  0.037  0.076  0.631  0.298  0.136  0.010   3.30
 2 1 1 9195.46  863.37 -0.925 -0.065  0.068 -0.352  0.108  0.123  0.010   9.14
 6 1 1 8896.58  830.90  0.203 -0.034  0.145  0.254  0.451  0.123  0.010   2.18
18 1 1 8472.13 1500.92 -0.811 -0.020  0.079 -0.029  0.176  0.129  0.010   5.58
 6 1 1 8666.74 1073.32  0.295 -0.030  0.157 -0.978  0.202  0.119  0.010   4.87
18 1 1 8728.28  953.62 -0.942  0.028  0.074  0.401  0.239  0.138  0.010   4.12
 2 1 1 8863.94 1410.46 -0.195  0.185  0.131  0.868  0.750  0.114  0.010   1.30
 6 1 1 9175.95  797.80 -0.133  0.029  0.116 -0.098  0.264  0.123  0.010   3.74
 2 1 1 8982.06  819.21  0.116 -0.030  0.138 -0.385  0.258  0.123  0.010   3.82
18 1 1 8477.51  797.44 -0.880  0.059  0.077  0.565  0.292  0.141  0.010   3.38
 6 1 1 8826.34 1309.25  0.204 -0.062  0.142  0.083  0.382  0.115  0.010   2.58
18 1 1 9174.23 1282.56 -0.845 -0.016  0.076 -0.041  0.169  0.133  0.010   5.83
 2 1 1 8650.98 1155.81 -0.265  0.067  0.110  0.230  0.324  0.119  0.010   3.04
18 1 1 8612.84  991.27 -0.849 -0.068  0.076 -0.490  0.121  0.138  0.010   8.17
 6 1 1 9196.44 1440.81 -0.320  0.037  0.102  0.299  0.306  0.112  0.010   3.23
 2 1 1 8615.82  862.71  0.260 -0.002  0.154  0.288  0.507  0.123  0.010   1.94
18 1 1 9099.22 1397.37 -0.797  0.026  0.079  0.253  0.227  0.131  0.010   4.33
 6 1 1 8561.16 1362.42  0.187 -0.059  0.141 -0.255  0.289  0.115  0.010   3.41
18 1 1 8634.09 1079.26 -0.809  0.000  0.079  0.121  0.205  0.136  0.010   4.79
 2 1 1 9170.94 1301.93  0.341  0.185  0.178  2.045  3.093  0.116  0.010   0.32
 6 1 1 8601.53  784.96 -0.172  0.005  0.113  0.866  0.568  0.123  0.010   1.73
18 1 1 8684.48  959.36 -0.837  0.004  0.078  0.016  0.184  0.138  0.010   5.35
 2 1 1 8649.13  991.62  0.087  0.064  0.144 -0.494  0.257  0.121  0.010   3.83
26 1 1 8935.36  887.42 -0.898 -0.033  0.073  0.046  0.171  0.139  0.010   5.76
18 1 1 8783.44 1476.81 -0.855  0.034  0.078  0.063  0.191  0.129  0.010   5.15
26 1 1 8655.97 1371.99 -0.930 -0.019  0.072 -0.259  0.133  0.132  0.010   7.41
10 1 1 8987.30 1286.05 -0.744 -0.007  0.077  0.442  0.239  0.116  0.010   4.12
30 1 1 8777.68  914.36 -0.942  0.011  0.073  0.034  0.172  0.138  0.010   5.74
22 1 1 8838.22 1345.56 -1.522 -0.077  0.064 -0.843  0.070  0.131  0.010  14.08
10 1 1 8812.52 1132.52 -0.373  0.025  0.100  0.408  0.329  0.119  0.010   2.99
22 1 1 8754.74  889.81 -1.718 -0.018  0.046 -0.098  0.080  0.139  0.010  12.24
14 1 1 8781.06 1385.14 -1.695 -0.007  0.046  0.025  0.079  0.114  0.010  12.49
22 1 1 9229.35 1076.82 -1.742  0.027  0.046  1.282  0.250  0.136  0.010   3.95
10 1 1 8781.06 1385.14 -1.659 -0.012  0.047  0.027  0.081  0.114  0.010  12.18
22 1 1 8727.20 1001.24 -1.704 -0.022  0.046 -0.152  0.078  0.137  0.010  12.61
14 1 1 8558.42 1263.94 -0.301  0.040  0.104  0.124  0.276  0.116  0.010   3.57
26 1 1 8648.12  857.08 -0.931  0.010  0.073  0.108  0.183  0.140  0.010   5.37
 2 1 1 8595.88 1498.29  0.246 -0.091  0.146 -0.745  0.211  0.113  0.010   4.66
 6 1 1 8953.64 1154.16  0.476  0.032  0.183  1.259  1.503  0.118  0.010   0.66
26 1 1 9170.55 1078.77 -0.855  0.052  0.078  1.101  0.471  0.136  0.010   2.09
 2 1 1 8614.12 1241.48  0.554 -0.041  0.192 -0.251  0.414  0.117  0.010   2.38
 6 1 1 8742.02 1421.18  0.586  0.032  0.200 -0.325  0.420  0.113  0.010   2.35
14 1 1 8861.54  825.81 -0.177  0.017  0.112  0.736  0.505  0.123  0.010   1.95
 2 1 1 8463.09 1042.47 -0.032 -0.091  0.121 -0.504  0.200  0.121  0.010   4.93
26 1 1 9026.82 1159.74 -0.830 -0.024  0.076  0.105  0.191  0.135  0.010   5.15
 6 1 1 8721.56  910.06  0.430  0.011  0.179 -0.336  0.362  0.122  0.010   2.72
 2 1 1 8896.58  830.90  0.203 -0.034  0.146  0.070  0.394  0.123  0.010   2.50
26 1 1 8928.81  864.86 -0.810  0.004  0.079  0.660  0.319  0.140  0.010   3.09
 6 1 1 9220.87 1060.79 -0.164 -0.073  0.110  0.417  0.365  0.119  0.010   2.70
26 1 1 8472.13 1500.92 -0.931  0.003  0.073 -0.244  0.137  0.130  0.010   7.17
14 1 1 8583.25 1522.48  0.575 -0.077  0.188 -0.151  0.428  0.112  0.010   2.30
 6 1 1 9027.43  978.39 -0.054 -0.005  0.121 -0.284  0.240  0.121  0.010   4.11
 2 1 1 8666.74 1073.32  0.067 -0.014  0.135 -0.598  0.217  0.120  0.010   4.54
14 1 1 8880.23 1395.12 -0.888 -0.064  0.075 -0.665  0.107  0.114  0.010   9.02
 6 1 1 8974.22 1010.31  0.826  0.062  0.246  0.904  1.537  0.120  0.010   0.64
 2 1 1 9175.95  797.80 -0.071 -0.056  0.117 -0.140  0.255  0.124  0.010   3.86
14 1 1 8870.81 1333.17 -0.621  0.060  0.087  0.869  0.416  0.115  0.010   2.36
26 1 1 8728.28  953.62 -0.771 -0.042  0.081  0.084  0.201  0.138  0.010   4.90
 2 1 1 8826.34 1309.25  0.068 -0.064  0.129 -0.334  0.246  0.116  0.010   4.00
26 1 1 8477.51  797.44 -0.854  0.045  0.078  0.233  0.224  0.141  0.010   4.40
14 1 1 9078.51 1223.95 -0.644  0.051  0.083  0.347  0.245  0.117  0.010   4.01
 2 1 1 9196.44 1440.81 -0.284  0.014  0.102  1.019  0.576  0.113  0.010   1.71
26 1 1 9174.23 1282.56 -0.872  0.015  0.075  0.599  0.286  0.133  0.010   3.44
14 1 1 9125.70 1105.11 -0.610 -0.023  0.083 -0.567  0.125  0.119  0.010   7.85
 2 1 1 8561.16 1362.42  0.233  0.074  0.157  4.496 24.139  0.115  0.010   0.04
26 1 1 8612.84  991.27 -0.843 -0.020  0.077 -0.397  0.134  0.138  0.010   7.32
14 1 1 9201.61 1110.45 -0.684  0.026  0.080  0.589  0.289  0.118  0.010   3.41
 2 1 1 8472.82 1288.96  0.310 -0.024  0.158 -0.241  0.339  0.117  0.010   2.91
14 1 1 8474.67  992.58 -0.128  0.011  0.115  0.230  0.339  0.121  0.010   2.91
26 1 1 9099.22 1397.37 -0.845 -0.008  0.076 -0.092  0.162  0.131  0.010   6.07
 2 1 1 8601.53  784.96 -0.271  0.015  0.107  0.573  0.415  0.124  0.010   2.38
14 1 1 8613.31 1448.06 -0.399  0.024  0.096  0.092  0.243  0.113  0.010   4.06
26 1 1 8634.09 1079.26 -0.763 -0.016  0.081 -0.214  0.161  0.136  0.010   6.12
 2 1 1 8953.64 1154.16  0.312 -0.030  0.158 -0.425  0.294  0.119  0.010   3.35
14 1 1 8510.02 1071.66 -0.391  0.054  0.100  0.466  0.339  0.120  0.010   2.90
 2 1 1 8742.02 1421.18  0.703  0.033  0.217  0.119  0.664  0.114  0.010   1.48
14 1 1 9181.95 1028.33 -0.502 -0.041  0.090 -0.421  0.150  0.120  0.010   6.58
26 1 1 8684.48  959.36 -0.852 -0.088  0.075 -0.472  0.117  0.138  0.010   8.38
14 1 1 8723.53 1025.14 -0.615 -0.008  0.084 -0.875  0.105  0.120  0.010   9.40
 2 1 1 8721.56  910.06  0.393 -0.044  0.168  0.322  0.569  0.122  0.010   1.73
26 1 1 8783.44 1476.81 -0.763 -0.012  0.082  0.622  0.316  0.130  0.010   3.12
14 1 1 8754.74  889.81 -0.214 -0.050  0.106 -0.071  0.234  0.122  0.010   4.21
 2 1 1 9220.87 1060.79 -0.149 -0.030  0.114  1.416  0.953  0.120  0.010   1.03
26 1 1 8674.70 1001.45 -0.874  0.005  0.076  0.620  0.297  0.138  0.010   3.31
14 1 1 9229.35 1076.82 -0.633 -0.014  0.081  0.638  0.307  0.119  0.010   3.21
26 1 1 8820.97  910.18 -0.772  0.014  0.082 -0.173  0.169  0.139  0.010   5.82
14 1 1 8727.20 1001.24 -0.274 -0.077  0.100 -0.138  0.207  0.120  0.010   4.75
 2 1 1 9027.43  978.39 -0.144  0.070  0.121  0.772  0.578  0.121  0.010   1.70
26 1 1 8838.64 1181.31 -0.808 -0.042  0.078 -0.171  0.155  0.135  0.010   6.34
14 1 1 8449.51 1035.01 -0.604  0.054  0.086  1.249  0.560  0.120  0.010   1.76
 2 1 1 8974.22 1010.31  0.489  0.094  0.194  0.654  0.952  0.120  0.010   1.03
22 1 1 8449.51 1035.01 -1.746  0.010  0.045  0.238  0.105  0.137  0.010   9.42
30 1 1 8938.62 1109.37 -0.992  0.069  0.073  0.805  0.327  0.135  0.010   3.01
10 1 1 8558.42 1263.94 -0.284 -0.054  0.102 -0.518  0.162  0.117  0.010   6.10
26 1 1 8862.09  917.85 -0.861 -0.045  0.075  0.174  0.195  0.139  0.010   5.04
14 1 1 8510.30 1300.28 -0.130 -0.143  0.108 -0.424  0.180  0.116  0.010   5.47
26 1 1 8432.40 1162.19 -0.833 -0.036  0.077  0.077  0.187  0.136  0.010   5.27
14 1 1 8628.14 1297.49 -0.628 -0.041  0.083 -0.428  0.130  0.116  0.010   7.58
22 1 1 8510.30 1300.28 -1.701 -0.007  0.046 -0.159  0.079  0.132  0.010  12.51
14 1 1 8585.23 1150.00 -0.413 -0.071  0.092  0.039  0.212  0.118  0.010   4.65
26 1 1 8748.26 1183.74 -0.804 -0.017  0.079 -0.201  0.156  0.135  0.010   6.32
22 1 1 8628.14 1297.49 -1.714  0.019  0.047  0.159  0.100  0.132  0.010   9.84
14 1 1 8761.76 1217.10 -0.603 -0.097  0.081 -0.139  0.154  0.117  0.010   6.41
22 1 1 8585.23 1150.00 -1.664  0.005  0.048  0.350  0.119  0.135  0.010   8.27
14 1 1 8904.65 1025.73 -0.185 -0.072  0.107 -0.526  0.169  0.120  0.010   5.83
26 1 1 8662.36  992.01 -0.796 -0.006  0.081  0.132  0.208  0.138  0.010   4.72
14 1 1 8515.17 1226.38 -0.064 -0.115  0.114 -0.579  0.175  0.117  0.010   5.63
22 1 1 8761.76 1217.10 -1.672 -0.019  0.047  0.320  0.113  0.133  0.010   8.75
14 1 1 8758.62 1466.71  0.019  0.074  0.133 -0.181  0.294  0.113  0.010   3.35
22 1 1 8904.65 1025.73 -1.662  0.020  0.047  0.087  0.099  0.136  0.010   9.97
14 1 1 9032.31 1473.73 -0.564  0.003  0.085 -0.056  0.182  0.112  0.010   5.42
22 1 1 8515.17 1226.38 -1.640 -0.028  0.047  0.001  0.091  0.134  0.010  10.79
14 1 1 8881.05  870.50 -0.320  0.082  0.105  0.237  0.311  0.122  0.010   3.17
26 1 1 8573.89 1392.24 -0.817  0.031  0.080  0.525  0.291  0.131  0.010   3.38
14 1 1 9129.73 1266.90  0.507 -0.014  0.182  0.400  0.679  0.116  0.010   1.45
26 1 1 8458.34  908.83 -0.769 -0.011  0.081 -0.172  0.167  0.139  0.010   5.90
14 1 1 8807.78  986.72 -0.172 -0.049  0.111 -1.030  0.131  0.120  0.010   7.50
26 1 1 8535.94  998.88 -0.798 -0.029  0.080 -0.015  0.183  0.138  0.010   5.38
14 1 1 8499.83  976.31 -0.443 -0.008  0.092 -0.294  0.168  0.121  0.010   5.85
 2 1 1 8457.62 1359.39  0.391 -0.003  0.172 -0.591  0.287  0.115  0.010   3.44
18 1 1 8674.70 1001.45 -0.845 -0.054  0.077  0.305  0.222  0.137  0.010   4.44
26 1 1 8486.65 1024.54 -0.737 -0.011  0.084 -0.360  0.151  0.138  0.010   6.52
 6 1 1 8457.62 1359.39  0.352 -0.158  0.154 -0.520  0.255  0.115  0.010   3.86
18 1 1 8820.97  910.18 -0.869 -0.064  0.075 -0.499  0.117  0.139  0.010   8.42
 2 1 1 8616.80 1311.16  0.058  0.008  0.132 -0.269  0.270  0.116  0.010   3.66
30 1 1 9121.03 1118.59 -0.487 -0.020  0.099  0.891  0.523  0.135  0.010   1.88
10 1 1 8583.25 1522.48  0.733 -0.106  0.209 -0.218  0.458  0.112  0.010   2.15
14 1 1 8793.21 1298.58  0.006 -0.041  0.124  0.080  0.322  0.116  0.010   3.06
 2 1 1 8637.90  989.90 -0.064 -0.074  0.119 -0.643  0.180  0.121  0.010   5.46
18 1 1 8838.64 1181.31 -0.886 -0.009  0.076  0.303  0.219  0.134  0.010   4.49
22 1 1 8758.62 1466.71 -1.625 -0.028  0.047 -0.177  0.080  0.129  0.010  12.25
 6 1 1 8616.80 1311.16  0.131 -0.057  0.135 -0.118  0.305  0.116  0.010   3.23
10 1 1 8880.23 1395.12 -0.929 -0.031  0.074 -0.579  0.113  0.114  0.010   8.57
 2 1 1 8519.86  907.75  0.129  0.011  0.143 -0.059  0.349  0.122  0.010   2.82
22 1 1 9032.31 1473.73 -1.621  0.009  0.049  0.039  0.097  0.129  0.010  10.20
10 1 1 8870.81 1333.17 -0.565  0.060  0.090  0.358  0.285  0.115  0.010   3.45
22 1 1 8881.05  870.50 -1.643 -0.002  0.048  0.064  0.099  0.139  0.010   9.96
10 1 1 9078.51 1223.95 -0.740  0.049  0.079  1.045  0.423  0.117  0.010   2.33
22 1 1 9129.73 1266.90 -1.616 -0.028  0.048 -0.162  0.082  0.132  0.010  12.01
10 1 1 9125.70 1105.11 -0.655 -0.022  0.082 -0.246  0.153  0.119  0.010   6.41
22 1 1 8807.78  986.72 -1.620  0.023  0.049  0.072  0.102  0.137  0.010   9.69
14 1 1 9034.11 1310.92 -0.341 -0.063  0.098 -0.609  0.146  0.115  0.010   6.72
30 1 1 8639.15 1259.06 -0.908 -0.034  0.073  0.123  0.178  0.133  0.010   5.52
 2 1 1 8582.85  864.87  0.427  0.079  0.184 -0.299  0.397  0.123  0.010   2.48
30 1 1 9222.78 1363.42 -0.968  0.024  0.072  0.948  0.354  0.131  0.010   2.79
18 1 1 8862.09  917.85 -0.851 -0.039  0.076  0.038  0.180  0.138  0.010   5.47
 2 1 1 9000.56 1470.28  0.019 -0.073  0.123 -0.069  0.278  0.113  0.010   3.54
10 1 1 9201.61 1110.45 -0.660  0.024  0.082 -0.230  0.156  0.119  0.010   6.31
14 1 1 8716.25 1354.57  0.065 -0.110  0.126 -0.543  0.201  0.115  0.010   4.91
22 1 1 8499.83  976.31 -1.563 -0.003  0.049  0.049  0.101  0.138  0.010   9.74
 6 1 1 8637.90  989.90  0.113 -0.061  0.134  0.149  0.376  0.121  0.010   2.62
10 1 1 8474.67  992.58 -0.133 -0.033  0.116  0.139  0.309  0.121  0.010   3.19
 2 1 1 9023.72 1059.88  0.508 -0.170  0.171 -0.081  0.413  0.120  0.010   2.38
30 1 1 8755.76 1433.64 -0.972 -0.007  0.071  0.228  0.190  0.130  0.010   5.18
18 1 1 8432.40 1162.19 -0.873  0.018  0.077  0.288  0.226  0.135  0.010   4.36
22 1 1 8793.21 1298.58 -1.580 -0.002  0.049  0.180  0.110  0.132  0.010   8.96
18 1 1 8748.26 1183.74 -0.829 -0.006  0.079 -0.535  0.123  0.134  0.010   8.03
 2 1 1 8702.14 1513.67  0.449 -0.121  0.165 -0.618  0.261  0.112  0.010   3.78
18 1 1 8662.36  992.01 -0.819 -0.015  0.079 -0.119  0.166  0.138  0.010   5.92
10 1 1 8613.31 1448.06 -0.434  0.000  0.094  0.323  0.279  0.114  0.010   3.53
18 1 1 8573.89 1392.24 -0.731  0.025  0.084  0.816  0.401  0.131  0.010   2.46
10 1 1 8510.02 1071.66 -0.235 -0.027  0.109 -0.126  0.231  0.120  0.010   4.26
 2 1 1 9192.26  807.23 -0.129 -0.073  0.112  0.291  0.338  0.124  0.010   2.92
26 1 1 8652.88 1291.77 -0.765 -0.009  0.082  0.076  0.201  0.133  0.010   4.90
14 1 1 8705.45 1201.93 -0.064 -0.064  0.116 -0.478  0.196  0.117  0.010   5.02
10 1 1 9181.95 1028.33 -0.421 -0.050  0.096 -0.408  0.163  0.120  0.010   6.02
14 1 1 8566.07 1417.50 -0.209  0.114  0.116  0.242  0.352  0.114  0.010   2.80
18 1 1 8458.34  908.83 -0.810  0.034  0.082 -0.281  0.157  0.139  0.010   6.29
 6 1 1 8519.86  907.75  0.012 -0.022  0.131 -0.134  0.285  0.122  0.010   3.46
14 1 1 8623.16  922.02 -0.373 -0.067  0.095  0.088  0.227  0.122  0.010   4.34
 2 1 1 8711.07 1439.65  0.276 -0.100  0.148 -0.332  0.283  0.114  0.010   3.48
 6 1 1 8582.85  864.87  0.579 -0.055  0.195  0.165  0.583  0.122  0.010   1.69
 2 1 1 8928.04 1256.12  0.185 -0.039  0.142  0.023  0.373  0.117  0.010   2.64
30 1 1 8670.38 1367.97 -0.923 -0.040  0.073 -0.342  0.125  0.131  0.010   7.90
10 1 1 8723.53 1025.14 -0.665 -0.080  0.080 -0.868  0.097  0.120  0.010  10.10
18 1 1 8535.94  998.88 -0.749 -0.052  0.082 -0.216  0.161  0.138  0.010   6.13
22 1 1 9034.11 1310.92 -1.573 -0.050  0.050 -0.369  0.077  0.132  0.010  12.83
 6 1 1 9000.56 1470.28 -0.054 -0.055  0.118 -0.576  0.185  0.112  0.010   5.34
 2 1 1 8824.08 1495.38  0.148  0.115  0.151  0.281  0.502  0.112  0.010   1.96
22 1 1 8716.25 1354.57 -1.587 -0.004  0.049  0.135  0.107  0.131  0.010   9.22
30 1 1 8551.09 1462.48 -0.930 -0.033  0.073 -0.270  0.133  0.130  0.010   7.42
 6 1 1 9023.72 1059.88  0.542 -0.129  0.180 -0.941  0.236  0.119  0.010   4.16
26 1 1 9184.55 1324.45 -0.790  0.021  0.080 -0.379  0.140  0.132  0.010   7.06
 2 1 1 9117.83 1481.12 -0.201 -0.217  0.100 -0.231  0.181  0.112  0.010   5.46
18 1 1 8486.65 1024.54 -0.749  0.037  0.086  0.518  0.316  0.137  0.010   3.12
22 1 1 8705.45 1201.93 -1.566 -0.025  0.049 -0.352  0.076  0.134  0.010  12.92
10 1 1 8754.74  889.81 -0.215 -0.079  0.106  0.138  0.275  0.122  0.010   3.58
18 1 1 8652.88 1291.77 -0.815 -0.022  0.079 -0.187  0.155  0.133  0.010   6.34
26 1 1 8550.81 1301.57 -0.826 -0.018  0.078  0.019  0.182  0.133  0.010   5.43
18 1 1 9184.55 1324.45 -0.870  0.071  0.077  0.455  0.262  0.132  0.010   3.76
26 1 1 8881.15 1110.47 -0.797  0.004  0.081  0.176  0.215  0.136  0.010   4.59
10 1 1 9229.35 1076.82 -0.600  0.011  0.085  0.920  0.421  0.119  0.010   2.34
18 1 1 8550.81 1301.57 -0.758  0.001  0.082  0.022  0.195  0.133  0.010   5.04
30 1 1 9216.44  789.15 -0.933  0.007  0.073  0.469  0.242  0.141  0.010   4.08
18 1 1 8881.15 1110.47 -0.712 -0.008  0.085 -0.050  0.192  0.135  0.010   5.12
30 1 1 8488.19  872.86 -0.866 -0.068  0.075 -0.131  0.150  0.140  0.010   6.59
10 1 1 8727.20 1001.24 -0.253 -0.111  0.103 -0.471  0.165  0.121  0.010   5.97
30 1 1 8510.92 1459.91 -0.920  0.007  0.075  0.301  0.216  0.130  0.010   4.56
26 1 1 8499.98 1418.07 -0.833 -0.065  0.076 -0.430  0.125  0.131  0.010   7.87
18 1 1 8499.98 1418.07 -0.750  0.002  0.084 -0.152  0.173  0.131  0.010   5.68
30 1 1 8742.14 1443.80 -0.947 -0.023  0.071 -0.255  0.131  0.130  0.010   7.52
10 1 1 8449.51 1035.01 -0.607  0.024  0.086  0.321  0.250  0.120  0.010   3.94
18 1 1 8885.28 1525.01 -0.815  0.042  0.081  0.558  0.302  0.128  0.010   3.26
26 1 1 8885.28 1525.01 -0.697 -0.015  0.084 -0.099  0.185  0.129  0.010   5.32
18 1 1 8875.76 1540.95 -0.778 -0.036  0.079 -0.517  0.125  0.128  0.010   7.91
10 1 1 8510.30 1300.28 -0.278 -0.049  0.102  0.421  0.340  0.116  0.010   2.90
26 1 1 8875.76 1540.95 -0.834 -0.018  0.077  0.040  0.181  0.128  0.010   5.45
 2 1 1 8899.26  970.05  0.649  0.004  0.210 -0.539  0.377  0.121  0.010   2.61
10 1 1 8628.14 1297.49 -0.652 -0.013  0.082 -0.180  0.157  0.116  0.010   6.29
30 1 1 8951.89 1028.29 -0.974 -0.022  0.070  0.039  0.163  0.137  0.010   6.04
26 1 1 8823.03 1475.04 -0.753  0.054  0.084  0.554  0.325  0.130  0.010   3.03
10 1 1 8585.23 1150.00 -0.476 -0.060  0.089  0.405  0.277  0.119  0.010   3.55
 2 1 1 8818.58  827.30  0.249  0.029  0.156 -0.415  0.298  0.123  0.010   3.30
18 1 1 8823.03 1475.04 -0.811 -0.025  0.079  0.211  0.217  0.129  0.010   4.54
 2 1 1 8628.09  846.31  0.051 -0.124  0.125 -0.200  0.257  0.123  0.010   3.84
10 1 1 8761.76 1217.10 -0.689 -0.028  0.080  0.175  0.197  0.117  0.010   5.01
18 1 1 8669.59  867.68 -0.780 -0.022  0.081 -0.233  0.156  0.139  0.010   6.30
26 1 1 8669.59  867.68 -0.774 -0.055  0.080 -0.173  0.159  0.140  0.010   6.19
18 1 1 8621.54 1262.93 -0.773 -0.008  0.081 -0.196  0.164  0.133  0.010   6.01
 2 1 1 9025.45  861.80 -0.807 -0.015  0.074  0.871  0.325  0.123  0.010   3.03
18 1 1 8812.20 1461.44 -0.746 -0.084  0.081 -0.129  0.166  0.130  0.010   5.93
10 1 1 8904.65 1025.73 -0.043 -0.028  0.122  0.080  0.319  0.120  0.010   3.08
26 1 1 8621.54 1262.93 -0.766 -0.025  0.081 -0.211  0.161  0.134  0.010   6.13
18 1 1 8983.37 1095.78 -0.806  0.010  0.081  0.231  0.230  0.136  0.010   4.27
26 1 1 8812.20 1461.44 -0.743  0.005  0.083  0.137  0.221  0.130  0.010   4.46
 2 1 1 8760.54 1041.62 -0.585 -0.050  0.085  0.002  0.188  0.120  0.010   5.23
18 1 1 8891.02 1170.80 -0.736 -0.100  0.080  0.334  0.236  0.134  0.010   4.18
10 1 1 8515.17 1226.38 -0.070 -0.102  0.116 -0.670  0.169  0.117  0.010   5.84
 2 1 1 8886.38  901.03  0.048 -0.305  0.116 -1.446  0.110  0.122  0.010   8.96
26 1 1 8983.37 1095.78 -0.720  0.033  0.086  0.457  0.304  0.136  0.010   3.23
18 1 1 8560.13  790.87 -0.714 -0.026  0.083 -0.077  0.183  0.141  0.010   5.39
 2 1 1 8991.81  836.99 -0.759 -0.030  0.076 -0.324  0.129  0.123  0.010   7.67
18 1 1 8794.20 1338.54 -0.659  0.038  0.089  0.930  0.475  0.132  0.010   2.07
26 1 1 8891.02 1170.80 -0.769  0.010  0.081  0.174  0.220  0.135  0.010   4.49
18 1 1 8933.77 1176.74 -0.727 -0.051  0.083 -0.058  0.182  0.134  0.010   5.43
26 1 1 8560.13  790.87 -0.671 -0.064  0.084 -0.220  0.166  0.141  0.010   5.95
18 1 1 8430.81  904.90 -0.744  0.027  0.085  0.456  0.299  0.139  0.010   3.29
10 1 1 8758.62 1466.71 -0.061 -0.006  0.119  0.093  0.318  0.113  0.010   3.10
26 1 1 8933.77 1176.74 -0.765 -0.088  0.078 -0.067  0.168  0.135  0.010   5.86
18 1 1 9165.27 1437.17 -0.765 -0.000  0.080 -0.050  0.179  0.130  0.010   5.51
10 1 1 9032.31 1473.73 -0.556 -0.046  0.085 -0.306  0.148  0.113  0.010   6.68
26 1 1 8430.81  904.90 -0.693 -0.041  0.085  0.242  0.243  0.140  0.010   4.05
18 1 1 9023.40 1550.05 -0.767  0.027  0.081  0.361  0.257  0.128  0.010   3.83
10 1 1 8881.05  870.50 -0.421 -0.046  0.095 -0.182  0.187  0.122  0.010   5.27
26 1 1 9165.27 1437.17 -0.716 -0.023  0.082 -0.145  0.172  0.130  0.010   5.75
10 1 1 9129.73 1266.90  0.502  0.153  0.203  0.122  0.632  0.116  0.010   1.56
 2 1 1 8489.30 1006.77  0.540  0.037  0.199 -0.102  0.499  0.121  0.010   1.97
10 1 1 8807.78  986.72 -0.156  0.006  0.114  1.108  0.731  0.121  0.010   1.35
26 1 1 9023.40 1550.05 -0.779 -0.007  0.079 -0.022  0.180  0.128  0.010   5.49
18 1 1 8539.07 1107.61 -0.779 -0.037  0.080 -0.305  0.147  0.136  0.010   6.69
26 1 1 8527.45 1159.34 -0.749  0.063  0.084  2.408  1.732  0.135  0.010   0.57
 2 1 1 8591.20  809.92  0.624  0.047  0.211 -0.192  0.500  0.124  0.010   1.97
26 1 1 8539.07 1107.61 -0.781  0.048  0.084  0.119  0.218  0.136  0.010   4.52
22 1 1 8566.07 1417.50 -1.584  0.005  0.049  0.079  0.102  0.130  0.010   9.67
18 1 1 8559.89 1195.34 -0.747  0.018  0.084  0.892  0.426  0.134  0.010   2.31
 2 1 1 9033.29 1296.76  0.407  0.059  0.178 -0.152  0.427  0.116  0.010   2.31
22 1 1 8762.76  810.17 -1.577  0.015  0.049  0.131  0.108  0.140  0.010   9.12
 6 1 1 8702.14 1513.67  0.416 -0.022  0.169 -0.848  0.239  0.112  0.010   4.12
30 1 1 8746.99  966.46 -0.924 -0.040  0.072 -0.177  0.141  0.138  0.010   6.99
 6 1 1 9192.26  807.23 -0.092 -0.070  0.114  0.638  0.463  0.123  0.010   2.13
14 1 1 9034.80  790.00 -0.389  0.008  0.098  0.807  0.446  0.123  0.010   2.21
30 1 1 9042.76 1149.29 -0.834  0.003  0.077  0.292  0.227  0.135  0.010   4.34
14 1 1 8509.59 1020.23 -0.141 -0.004  0.114  0.045  0.284  0.120  0.010   3.47
30 1 1 9002.30  958.69 -0.881  0.028  0.077  0.352  0.240  0.138  0.010   4.10
26 1 1 8559.89 1195.34 -0.690  0.040  0.088  2.063  1.310  0.135  0.010   0.75
30 1 1 8712.25 1097.55 -0.821 -0.005  0.079  1.007  0.426  0.136  0.010   2.31
14 1 1 8544.45 1275.07 -0.415  0.036  0.096  3.795  6.716  0.116  0.010   0.15
 2 1 1 8697.96 1388.72  0.555 -0.057  0.185  0.255  0.602  0.115  0.010   1.64
14 1 1 8624.46 1184.85 -0.475 -0.007  0.090  1.364  0.658  0.118  0.010   1.50
10 1 1 8499.83  976.31 -0.414  0.004  0.097 -0.443  0.161  0.121  0.010   6.13
 2 1 1 8932.35  968.47  0.469 -0.083  0.172 -0.264  0.365  0.121  0.010   2.70
14 1 1 8668.71 1534.90  0.059 -0.036  0.128 -0.218  0.266  0.111  0.010   3.71
10 1 1 8793.21 1298.58  0.104  0.082  0.142  1.227  1.087  0.116  0.010   0.91
14 1 1 9110.64 1074.66 -0.116 -0.052  0.113  0.019  0.277  0.119  0.010   3.55
 2 1 1 8536.65 1061.50  0.219 -0.057  0.148  0.018  0.378  0.120  0.010   2.60
14 1 1 8742.88 1129.99 -0.008  0.043  0.128 -0.205  0.271  0.118  0.010   3.63
10 1 1 9034.11 1310.92 -0.299 -0.065  0.102 -0.871  0.131  0.116  0.010   7.51
 2 1 1 9125.78 1317.78  0.945 -0.159  0.235 -0.857  0.337  0.115  0.010   2.93
14 1 1 8746.56 1372.11 -0.058 -0.048  0.119  1.045  0.699  0.114  0.010   1.41
10 1 1 8716.25 1354.57 -0.080  0.006  0.120 -0.110  0.271  0.115  0.010   3.63
 2 1 1 8827.38 1438.31  0.399  0.108  0.183  1.381  1.699  0.113  0.010   0.58
10 1 1 8705.45 1201.93 -0.089 -0.041  0.118 -0.660  0.177  0.118  0.010   5.56
14 1 1 9013.64 1033.47  0.222 -0.018  0.146 -0.268  0.302  0.120  0.010   3.26
 2 1 1 9040.74 1562.70  0.426 -0.068  0.161 -0.536  0.277  0.111  0.010   3.56
10 1 1 8566.07 1417.50 -0.062  0.081  0.126  0.293  0.406  0.114  0.010   2.43
14 1 1 8983.87 1022.43 -0.364  0.030  0.099  0.253  0.287  0.120  0.010   3.43
10 1 1 8762.76  810.17 -0.452 -0.001  0.093 -0.065  0.202  0.123  0.010   4.89
14 1 1 8564.05 1349.82  0.193 -0.049  0.142 -0.681  0.216  0.115  0.010   4.57
 2 1 1 8696.69 1541.55  0.301  0.049  0.161  2.069  2.639  0.112  0.010   0.37
22 1 1 8623.16  922.02 -1.464  0.015  0.053  0.172  0.123  0.138  0.010   8.02
14 1 1 8880.19  941.04 -0.088  0.046  0.121  1.844  1.516  0.121  0.010   0.65
 2 1 1 9222.57 1537.18  0.420  0.158  0.184  0.218  0.617  0.111  0.010   1.60
14 1 1 8484.53 1349.64  0.139 -0.059  0.137 -0.403  0.249  0.115  0.010   3.96
 2 1 1 8606.54 1088.99  0.672  0.005  0.216 -0.101  0.545  0.120  0.010   1.81
14 1 1 8837.84 1026.15 -0.241 -0.096  0.103 -0.517  0.160  0.120  0.010   6.17
22 1 1 9034.80  790.00 -1.530  0.019  0.052  0.551  0.161  0.140  0.010   6.11
14 1 1 9195.46  863.37 -0.975 -0.049  0.066 -0.430  0.098  0.122  0.010  10.06
22 1 1 8509.59 1020.23 -1.564  0.002  0.050  0.175  0.113  0.137  0.010   8.69
10 1 1 8623.16  922.02 -0.423 -0.017  0.095  0.218  0.256  0.122  0.010   3.84
 2 1 1 8835.20 1523.46  0.884 -0.226  0.220 -0.401  0.407  0.112  0.010   2.42
10 1 1 9034.80  790.00 -0.366  0.026  0.102  2.665  2.549  0.123  0.010   0.39
14 1 1 8863.94 1410.46 -0.185  0.097  0.123  0.221  0.395  0.113  0.010   2.47
10 1 1 8509.59 1020.23  0.007  0.033  0.130  0.093  0.357  0.121  0.010   2.76
22 1 1 8544.45 1275.07 -1.497  0.028  0.052  0.091  0.112  0.133  0.010   8.77
14 1 1 8982.06  819.21  0.088 -0.058  0.132 -0.186  0.279  0.123  0.010   3.54
10 1 1 8544.45 1275.07 -0.360 -0.033  0.098  0.245  0.275  0.117  0.010   3.58
22 1 1 8624.46 1184.85 -1.504 -0.013  0.051 -0.036  0.099  0.134  0.010   9.96
14 1 1 8650.98 1155.81 -0.255  0.053  0.108  0.810  0.514  0.118  0.010   1.92
22 1 1 8668.71 1534.90 -1.492 -0.008  0.051 -0.121  0.093  0.128  0.010  10.63
 2 1 1 8557.21 1479.88  0.830 -0.213  0.222  0.371  0.757  0.113  0.010   1.30
14 1 1 8615.82  862.71  0.296 -0.073  0.151 -0.591  0.241  0.122  0.010   4.09
10 1 1 8624.46 1184.85 -0.464 -0.077  0.089 -0.575  0.131  0.118  0.010   7.51
14 1 1 9170.94 1301.93  0.519 -0.012  0.180 -0.571  0.312  0.115  0.010   3.16
 2 1 1 8914.15 1530.15  0.462 -0.055  0.173 -0.408  0.329  0.112  0.010   3.00
10 1 1 8668.71 1534.90  0.000  0.006  0.128  0.022  0.318  0.112  0.010   3.10
14 1 1 8633.97  945.85  0.058 -0.081  0.126 -0.181  0.264  0.121  0.010   3.73
10 1 1 9110.64 1074.66 -0.016  0.022  0.127 -0.067  0.308  0.119  0.010   3.19
22 1 1 9110.64 1074.66 -1.479 -0.023  0.052 -0.383  0.080  0.136  0.010  12.25
 2 1 1 8617.03 1384.46  0.810  0.154  0.259 -1.075  0.345  0.115  0.010   2.85
22 1 1 8742.88 1129.99 -1.432  0.009  0.054  0.251  0.131  0.135  0.010   7.51
10 1 1 8742.88 1129.99  0.184 -0.014  0.145  0.893  0.790  0.119  0.010   1.25
14 1 1 8649.13  991.62  0.307 -0.094  0.150 -0.369  0.283  0.121  0.010   3.48
22 1 1 8746.56 1372.11 -1.474 -0.035  0.052 -0.127  0.094  0.131  0.010  10.48
 2 1 1 9016.49  897.46  0.673  0.046  0.216  2.382  5.091  0.122  0.010   0.19
14 1 1 8595.88 1498.29  0.378  0.055  0.170  0.055  0.481  0.112  0.010   2.05
 2 1 1 8777.68  914.36  0.359  0.058  0.175  1.491  1.725  0.122  0.010   0.57
14 1 1 8614.12 1241.48  0.516  0.053  0.190  0.889  1.118  0.117  0.010   0.88
10 1 1 8746.56 1372.11  0.062 -0.040  0.129 -0.186  0.277  0.115  0.010   3.56
 6 1 1 8711.07 1439.65  0.305 -0.091  0.151  0.290  0.485  0.113  0.010   2.03
10 1 1 9013.64 1033.47  0.058 -0.074  0.132 -0.309  0.251  0.120  0.010   3.93
 6 1 1 8928.04 1256.12  0.227 -0.065  0.144 -0.692  0.218  0.116  0.010   4.53
10 1 1 8983.87 1022.43 -0.136  0.092  0.123 -0.461  0.220  0.120  0.010   4.48
 6 1 1 8824.08 1495.38  0.172  0.053  0.148  0.091  0.415  0.112  0.010   2.37
22 1 1 9013.64 1033.47 -1.453  0.044  0.054  0.536  0.171  0.136  0.010   5.76
 6 1 1 9117.83 1481.12 -0.165 -0.190  0.102 -0.551  0.152  0.112  0.010   6.51
30 1 1 8935.36  887.42 -0.907  0.019  0.075  0.416  0.239  0.139  0.010   4.13
14 1 1 8896.58  830.90  0.092  0.027  0.137  0.268  0.431  0.123  0.010   2.28
30 1 1 8655.97 1371.99 -0.871  0.017  0.076 -0.434  0.127  0.131  0.010   7.77
 2 1 1 8938.62 1109.37  0.660  0.079  0.221  1.080  1.595  0.119  0.010   0.62
30 1 1 8648.12  857.08 -0.802  0.007  0.079  0.147  0.210  0.139  0.010   4.70
14 1 1 8666.74 1073.32  0.263 -0.023  0.150 -0.105  0.352  0.119  0.010   2.80
22 1 1 8983.87 1022.43 -1.377  0.015  0.056  0.342  0.153  0.136  0.010   6.45
 6 1 1 8899.26  970.05  0.480 -0.115  0.169 -0.046  0.418  0.121  0.010   2.36
 2 1 1 9121.03 1118.59 -0.717 -0.037  0.079 -0.250  0.146  0.119  0.010   6.72
30 1 1 9170.55 1078.77 -0.907 -0.021  0.073  0.244  0.201  0.136  0.010   4.89
22 1 1 8564.05 1349.82 -1.369 -0.022  0.055  0.123  0.123  0.131  0.010   7.98
18 1 1 9014.08  909.70 -0.738 -0.035  0.083  1.110  0.500  0.139  0.010   1.97
26 1 1 9059.48 1516.75 -0.845 -0.040  0.075  0.090  0.180  0.129  0.010   5.47
22 1 1 8880.19  941.04 -1.415  0.010  0.054  0.244  0.134  0.138  0.010   7.33
26 1 1 9173.76  815.39 -0.688 -0.056  0.084  0.104  0.211  0.140  0.010   4.67
22 1 1 8484.53 1349.64 -1.375 -0.009  0.055 -0.086  0.107  0.132  0.010   9.22
26 1 1 8713.03 1277.98 -0.719 -0.050  0.083 -0.317  0.150  0.133  0.010   6.56
22 1 1 8837.84 1026.15 -1.346 -0.020  0.057 -0.156  0.104  0.136  0.010   9.51
14 1 1 9175.95  797.80 -0.249 -0.010  0.105 -0.331  0.190  0.123  0.010   5.18
10 1 1 8564.05 1349.82  0.229 -0.065  0.146 -0.287  0.291  0.115  0.010   3.38
26 1 1 9106.58  794.37 -0.781  0.029  0.082  0.514  0.299  0.141  0.010   3.29
18 1 1 9059.48 1516.75 -0.691 -0.006  0.084 -0.361  0.150  0.129  0.010   6.56
10 1 1 8880.19  941.04  0.114  0.010  0.141  2.258  2.637  0.121  0.010   0.37
14 1 1 8826.34 1309.25  0.247 -0.048  0.146  0.004  0.375  0.115  0.010   2.62
30 1 1 9026.82 1159.74 -0.846 -0.024  0.076  0.197  0.202  0.135  0.010   4.88
18 1 1 9173.76  815.39 -0.730 -0.025  0.083 -0.358  0.147  0.140  0.010   6.72
10 1 1 8484.53 1349.64  0.429  0.026  0.177 -0.304  0.374  0.115  0.010   2.63
14 1 1 9196.44 1440.81 -0.213 -0.017  0.105  0.748  0.468  0.112  0.010   2.11
 2 1 1 8639.15 1259.06  0.342 -0.063  0.161 -0.831  0.223  0.117  0.010   4.42
10 1 1 8837.84 1026.15 -0.242 -0.111  0.105 -0.023  0.232  0.120  0.010   4.25
14 1 1 8561.16 1362.42  0.156 -0.018  0.140  1.211  1.012  0.115  0.010   0.97
 2 1 1 8670.38 1367.97  1.035 -0.074  0.274  2.426  6.495  0.115  0.010   0.15
10 1 1 9195.46  863.37 -0.964 -0.052  0.066 -0.070  0.128  0.122  0.010   7.71
26 1 1 8741.99 1197.88 -0.713 -0.003  0.085  0.377  0.272  0.134  0.010   3.62
 2 1 1 8551.09 1462.48  0.775 -0.207  0.207  0.531  0.827  0.114  0.010   1.19
10 1 1 8982.06  819.21  0.045 -0.008  0.131  1.793  1.602  0.123  0.010   0.61
22 1 1 9195.46  863.37 -1.121 -0.066  0.064 -0.431  0.100  0.139  0.010   9.89
 2 1 1 9216.44  789.15  0.415  0.055  0.181  0.071  0.510  0.124  0.010   1.93
22 1 1 8863.94 1410.46 -1.398  0.014  0.061 -0.770  0.081  0.130  0.010  12.05
 2 1 1 8488.19  872.86  0.256  0.033  0.157 -0.276  0.333  0.123  0.010   2.96
22 1 1 8982.06  819.21 -1.399 -0.042  0.054 -0.066  0.105  0.140  0.010   9.42
18 1 1 8713.03 1277.98 -0.726 -0.021  0.085 -0.471  0.138  0.133  0.010   7.13
10 1 1 8650.98 1155.81 -0.252  0.017  0.107  0.515  0.395  0.119  0.010   2.50
 2 1 1 8742.14 1443.80  0.401 -0.023  0.169  0.823  0.884  0.113  0.010   1.12
10 1 1 8615.82  862.71  0.193 -0.012  0.145  0.193  0.431  0.123  0.010   2.29
18 1 1 9106.58  794.37 -0.683  0.025  0.088  0.419  0.298  0.140  0.010   3.31
 2 1 1 8951.89 1028.29  0.437 -0.134  0.165 -0.486  0.291  0.120  0.010   3.39
26 1 1 8848.37 1513.56 -0.706  0.006  0.085  0.673  0.357  0.129  0.010   2.76
 2 1 1 8746.99  966.46  0.706 -0.106  0.205 -1.013  0.266  0.121  0.010   3.71
26 1 1 8785.36  803.51 -0.712 -0.014  0.084  0.183  0.230  0.140  0.010   4.29
18 1 1 8741.99 1197.88 -0.767 -0.006  0.082 -0.357  0.146  0.134  0.010   6.74
26 1 1 8927.52 1090.45 -0.749  0.033  0.085  0.478  0.300  0.136  0.010   3.28
 6 1 1 8844.79  939.33  0.313  0.086  0.170  0.988  1.068  0.121  0.010   0.92
30 1 1 8928.81  864.86 -0.854  0.043  0.078  0.308  0.233  0.139  0.010   4.23
10 1 1 9170.94 1301.93  0.541  0.199  0.215  0.527  0.951  0.115  0.010   1.04
18 1 1 8848.37 1513.56 -0.760  0.063  0.084  1.233  0.591  0.129  0.010   1.67
30 1 1 8472.13 1500.92 -0.792 -0.018  0.080 -0.056  0.175  0.129  0.010   5.62
14 1 1 8472.82 1288.96  0.233 -0.009  0.151 -0.751  0.221  0.116  0.010   4.46
 2 1 1 9042.76 1149.29  0.421  0.056  0.182 -0.493  0.332  0.118  0.010   2.97
 6 1 1 8628.09  846.31 -0.029  0.018  0.125  0.968  0.715  0.123  0.010   1.38
14 1 1 8601.53  784.96 -0.153 -0.040  0.111 -0.158  0.230  0.124  0.010   4.28
22 1 1 8650.98 1155.81 -1.362  0.005  0.056  0.057  0.120  0.135  0.010   8.19
10 1 1 8633.97  945.85  0.056 -0.032  0.130  0.114  0.355  0.122  0.010   2.77
22 1 1 8615.82  862.71 -1.334 -0.022  0.057 -0.069  0.110  0.139  0.010   8.97
14 1 1 8953.64 1154.16  0.479 -0.058  0.172  0.089  0.482  0.118  0.010   2.04
 6 1 1 9025.45  861.80 -0.786 -0.003  0.075  0.010  0.163  0.122  0.010   6.05
10 1 1 8649.13  991.62  0.367 -0.003  0.167 -0.390  0.326  0.121  0.010   3.02
14 1 1 8742.02 1421.18  0.921 -0.017  0.251  1.391  2.387  0.113  0.010   0.41
26 1 1 8449.90  804.80 -0.622 -0.034  0.088 -0.181  0.183  0.141  0.010   5.39
14 1 1 8721.56  910.06  0.242  0.017  0.152  0.474  0.584  0.122  0.010   1.69
 6 1 1 8760.54 1041.62 -0.541  0.004  0.089  0.237  0.243  0.120  0.010   4.06
10 1 1 8595.88 1498.29  0.147 -0.083  0.136 -0.707  0.198  0.113  0.010   4.98
26 1 1 8604.94 1314.90 -0.684 -0.063  0.083  0.346  0.256  0.133  0.010   3.85
30 1 1 8728.28  953.62 -0.834 -0.023  0.077 -0.193  0.155  0.138  0.010   6.37
 2 1 1 9002.30  958.69 -0.103  0.082  0.125  1.051  0.784  0.121  0.010   1.26
22 1 1 9170.94 1301.93 -1.364  0.013  0.055  0.578  0.182  0.132  0.010   5.42
10 1 1 8463.09 1042.47  0.117  0.039  0.143 -0.102  0.337  0.120  0.010   2.92
 6 1 1 8886.38  901.03  0.382 -0.327  0.149 -1.514  0.138  0.121  0.010   7.14
26 1 1 8673.56 1265.57 -0.689 -0.066  0.083  0.461  0.281  0.133  0.010   3.51
10 1 1 8896.58  830.90  0.054 -0.020  0.130 -0.202  0.277  0.123  0.010   3.55
 2 1 1 8712.25 1097.55  0.836  0.034  0.253  7.371 582.778  0.119  0.010   0.00
14 1 1 9027.43  978.39 -0.076  0.036  0.121  1.053  0.739  0.121  0.010   1.33
 2 1 1 8935.36  887.42  0.305  0.008  0.161 -0.614  0.265  0.122  0.010   3.72
22 1 1 8633.97  945.85 -1.338  0.007  0.057  0.307  0.151  0.138  0.010   6.53
18 1 1 8785.36  803.51 -0.701  0.084  0.088  5.692 37.192  0.140  0.010   0.03
26 1 1 8715.40 1457.74 -0.615  0.007  0.091  0.625  0.369  0.130  0.010   2.67
22 1 1 8649.13  991.62 -1.340  0.025  0.057  0.662  0.206  0.137  0.010   4.79
10 1 1 8666.74 1073.32  0.219  0.025  0.153 -0.853  0.214  0.120  0.010   4.61
18 1 1 8927.52 1090.45 -0.760 -0.004  0.083  0.188  0.225  0.136  0.010   4.37
14 1 1 8974.22 1010.31  0.664 -0.039  0.200  0.487  0.819  0.120  0.010   1.20
26 1 1 8533.68 1414.93 -0.668  0.057  0.089  0.413  0.307  0.131  0.010   3.21
10 1 1 9175.95  797.80 -0.151 -0.014  0.112 -0.023  0.268  0.124  0.010   3.68
18 1 1 8990.79  972.88 -0.743  0.043  0.085  1.612  0.832  0.138  0.010   1.18
26 1 1 8461.59 1526.47 -0.639  0.019  0.089  0.804  0.425  0.129  0.010   2.32
18 1 1 8449.90  804.80 -0.724 -0.021  0.083 -0.221  0.164  0.141  0.010   6.00
26 1 1 9072.93 1203.59 -0.691 -0.016  0.086  0.152  0.227  0.134  0.010   4.34
10 1 1 8826.34 1309.25  0.131 -0.045  0.137 -0.703  0.204  0.116  0.010   4.82
18 1 1 8604.94 1314.90 -0.687  0.034  0.087  0.437  0.300  0.132  0.010   3.29
26 1 1 9047.48 1059.06 -0.576  0.094  0.096  1.083  0.622  0.137  0.010   1.59
10 1 1 9196.44 1440.81 -0.186  0.009  0.109  0.244  0.321  0.113  0.010   3.07
18 1 1 8673.56 1265.57 -0.744 -0.070  0.080  0.055  0.191  0.133  0.010   5.15
30 1 1 8477.51  797.44 -0.871  0.007  0.075  0.258  0.216  0.141  0.010   4.57
10 1 1 8561.16 1362.42  0.398 -0.131  0.159 -0.064  0.378  0.115  0.010   2.61
30 1 1 9174.23 1282.56 -0.844  0.036  0.078  0.076  0.192  0.132  0.010   5.13
10 1 1 8472.82 1288.96  0.196  0.076  0.153  0.552  0.651  0.117  0.010   1.51
26 1 1 8898.19 1524.75 -0.628 -0.007  0.089  0.425  0.305  0.129  0.010   3.23
30 1 1 8612.84  991.27 -0.913 -0.023  0.074 -0.140  0.152  0.138  0.010   6.47
26 1 1 8470.78 1309.86 -0.569 -0.046  0.092 -0.231  0.183  0.133  0.010   5.39
10 1 1 8601.53  784.96 -0.220  0.043  0.111  0.229  0.324  0.124  0.010   3.04
26 1 1 9064.36 1021.29 -0.591 -0.077  0.089 -0.092  0.194  0.137  0.010   5.08
10 1 1 8953.64 1154.16  0.464 -0.133  0.168 -0.741  0.244  0.118  0.010   4.03
30 1 1 9099.22 1397.37 -0.803 -0.004  0.078  0.345  0.237  0.131  0.010   4.16
26 1 1 8607.90 1274.41 -0.478 -0.078  0.097 -0.478  0.161  0.133  0.010   6.14
30 1 1 8634.09 1079.26 -0.837 -0.017  0.078 -0.047  0.172  0.136  0.010   5.72
26 1 1 8829.54  849.49 -0.543 -0.063  0.093 -0.368  0.165  0.140  0.010   5.95
10 1 1 8742.02 1421.18  0.841  0.028  0.242 -0.091  0.626  0.114  0.010   1.57
30 1 1 8684.48  959.36 -0.836  0.006  0.078 -0.224  0.152  0.138  0.010   6.47
26 1 1 8439.74 1384.90 -0.663 -0.042  0.087  0.032  0.209  0.132  0.010   4.72
30 1 1 8783.44 1476.81 -0.870 -0.018  0.075 -0.017  0.169  0.129  0.010   5.82
10 1 1 8721.56  910.06  0.413  0.019  0.176 -0.310  0.362  0.122  0.010   2.72
26 1 1 8522.67  849.74 -0.500  0.042  0.099 -0.172  0.217  0.140  0.010   4.53
30 1 1 8674.70 1001.45 -0.765  0.003  0.082  3.482  4.333  0.137  0.010   0.23
26 1 1 8555.40 1431.67 -0.606 -0.067  0.089 -0.675  0.128  0.131  0.010   7.68
30 1 1 8820.97  910.18 -0.804 -0.041  0.078 -0.377  0.134  0.138  0.010   7.32
10 1 1 9027.43  978.39 -0.187 -0.086  0.107  0.187  0.293  0.121  0.010   3.36
26 1 1 8503.57 1358.42 -0.612 -0.010  0.093 -0.063  0.207  0.132  0.010   4.76
30 1 1 8838.64 1181.31 -0.779 -0.036  0.080 -0.226  0.153  0.134  0.010   6.43
26 1 1 8675.73 1433.49 -0.553  0.005  0.094 -0.041  0.222  0.131  0.010   4.45
30 1 1 8862.09  917.85 -0.791 -0.060  0.078 -0.144  0.159  0.138  0.010   6.19
26 1 1 8897.76 1347.70 -0.588 -0.018  0.101  0.134  0.282  0.132  0.010   3.47
10 1 1 8457.62 1359.39  0.396  0.099  0.184 -0.158  0.434  0.115  0.010   2.27
26 1 1 8655.61 1552.52 -0.639 -0.035  0.086 -0.077  0.190  0.129  0.010   5.20
10 1 1 8616.80 1311.16  0.107 -0.026  0.135 -0.443  0.241  0.116  0.010   4.08
26 1 1 8887.24  926.78 -0.567 -0.012  0.093  0.183  0.263  0.139  0.010   3.75
30 1 1 8432.40 1162.19 -0.837  0.023  0.079 -0.017  0.182  0.135  0.010   5.42
26 1 1 8448.06 1536.84 -0.603 -0.017  0.090  0.829  0.437  0.129  0.010   2.25
30 1 1 8748.26 1183.74 -0.834 -0.021  0.077 -0.328  0.138  0.134  0.010   7.14
10 1 1 8637.90  989.90  0.126 -0.056  0.136 -0.319  0.266  0.121  0.010   3.70
26 1 1 8678.95 1309.63 -0.524 -0.018  0.095  0.330  0.303  0.133  0.010   3.25
10 1 1 8519.86  907.75  0.236  0.071  0.159  0.072  0.442  0.122  0.010   2.23
26 1 1 8755.53 1416.28  0.063 -0.157  0.138 -0.659  0.209  0.131  0.010   4.71
10 1 1 8582.85  864.87  0.572 -0.203  0.176 -0.530  0.291  0.123  0.010   3.38
30 1 1 8662.36  992.01 -0.856 -0.011  0.076 -0.078  0.166  0.137  0.010   5.94
14 1 1 8616.80 1311.16  0.174 -0.075  0.140 -0.550  0.225  0.115  0.010   4.38
26 1 1 8652.29  900.45 -0.385  0.040  0.108  0.235  0.335  0.139  0.010   2.94
10 1 1 9000.56 1470.28  0.008  0.003  0.125  1.245  0.918  0.113  0.010   1.07
30 1 1 8573.89 1392.24 -0.843  0.056  0.079  0.359  0.251  0.131  0.010   3.92
14 1 1 8637.90  989.90  0.085 -0.021  0.133 -0.211  0.280  0.121  0.010   3.52
30 1 1 8458.34  908.83 -0.798  0.012  0.081 -0.362  0.144  0.139  0.010   6.82
14 1 1 8519.86  907.75  0.132 -0.016  0.139  1.250  1.020  0.122  0.010   0.97
26 1 1 8836.02  895.11 -0.546 -0.029  0.093  1.003  0.531  0.139  0.010   1.85
10 1 1 9023.72 1059.88  0.571 -0.055  0.194  0.913  1.130  0.120  0.010   0.87
30 1 1 8535.94  998.88 -0.754 -0.013  0.083  0.696  0.347  0.137  0.010   2.83
14 1 1 8582.85  864.87  0.554 -0.173  0.174 -0.840  0.237  0.122  0.010   4.15
26 1 1 8643.89 1565.72 -0.554  0.012  0.093  1.660  0.961  0.128  0.010   1.03
14 1 1 9000.56 1470.28 -0.156 -0.057  0.109  0.196  0.299  0.112  0.010   3.29
30 1 1 8486.65 1024.54 -0.851  0.048  0.080 -0.191  0.163  0.137  0.010   6.05
18 1 1 8715.40 1457.74 -0.758 -0.009  0.083 -0.227  0.160  0.130  0.010   6.15
30 1 1 8652.88 1291.77 -0.787 -0.055  0.078  0.060  0.185  0.133  0.010   5.33
14 1 1 9023.72 1059.88  0.644  0.072  0.213 -0.677  0.355  0.119  0.010   2.77
10 1 1 8702.14 1513.67  0.536 -0.030  0.186 -0.723  0.283  0.112  0.010   3.48
26 1 1 8573.53 1477.15 -0.451 -0.004  0.101  0.754  0.471  0.130  0.010   2.09
30 1 1 9184.55 1324.45 -0.766 -0.063  0.078 -0.338  0.135  0.132  0.010   7.28
26 1 1 8636.11  833.61 -0.519 -0.031  0.095  0.224  0.274  0.140  0.010   3.59
10 1 1 9192.26  807.23 -0.102 -0.062  0.113 -0.278  0.220  0.123  0.010   4.48
26 1 1 8660.80  971.16 -0.488 -0.002  0.099  0.418  0.345  0.138  0.010   2.85
14 1 1 8702.14 1513.67  0.235 -0.106  0.140  0.208  0.409  0.112  0.010   2.41
30 1 1 8550.81 1301.57 -0.773  0.001  0.081 -0.139  0.169  0.133  0.010   5.83
10 1 1 8711.07 1439.65  0.125 -0.056  0.134 -0.510  0.226  0.113  0.010   4.36
30 1 1 8881.15 1110.47 -0.773 -0.043  0.080 -0.138  0.164  0.135  0.010   6.02
26 1 1 8511.25 1425.42 -0.517 -0.081  0.094 -0.549  0.148  0.131  0.010   6.65
30 1 1 8499.98 1418.07 -0.815  0.016  0.080 -0.109  0.171  0.131  0.010   5.75
26 1 1 8828.41  922.85 -0.455 -0.032  0.099  0.617  0.411  0.139  0.010   2.40
10 1 1 8928.04 1256.12  0.192 -0.110  0.139  0.287  0.432  0.117  0.010   2.28
30 1 1 8885.28 1525.01 -0.769  0.053  0.083  0.864  0.411  0.128  0.010   2.40
10 1 1 8824.08 1495.38  0.050 -0.031  0.128 -0.041  0.309  0.112  0.010   3.19
26 1 1 8588.92 1178.44 -0.368 -0.057  0.105 -0.522  0.174  0.135  0.010   5.67
30 1 1 8875.76 1540.95 -0.742 -0.006  0.082 -0.136  0.172  0.128  0.010   5.73
26 1 1 8539.46 1429.12 -0.499 -0.031  0.097 -0.022  0.230  0.131  0.010   4.28
10 1 1 9117.83 1481.12 -0.185 -0.134  0.103 -0.139  0.209  0.112  0.010   4.72
30 1 1 8823.03 1475.04 -0.723  0.028  0.086 -0.087  0.192  0.129  0.010   5.14
10 1 1 8899.26  970.05  0.652 -0.250  0.183 -0.477  0.314  0.121  0.010   3.13
30 1 1 8669.59  867.68 -0.790 -0.067  0.078 -0.530  0.120  0.139  0.010   8.23
26 1 1 8698.40 1128.49 -0.531 -0.031  0.094 -0.243  0.188  0.136  0.010   5.25
30 1 1 8621.54 1262.93 -0.779  0.036  0.082  0.267  0.241  0.133  0.010   4.08
26 1 1 8719.23 1506.04 -0.478 -0.030  0.097  0.841  0.479  0.129  0.010   2.06
10 1 1 8628.09  846.31  0.006 -0.017  0.127  0.021  0.315  0.123  0.010   3.13
30 1 1 8812.20 1461.44 -0.831 -0.069  0.076 -0.014  0.170  0.129  0.010   5.78
26 1 1 8529.79 1022.26 -0.370 -0.029  0.107  0.452  0.393  0.138  0.010   2.51
10 1 1 9025.45  861.80 -0.816 -0.027  0.073  0.138  0.173  0.123  0.010   5.71
30 1 1 8983.37 1095.78 -0.826  0.023  0.079  0.248  0.230  0.136  0.010   4.28
26 1 1 8732.56 1405.94 -0.476 -0.004  0.099  0.366  0.329  0.131  0.010   3.00
30 1 1 8891.02 1170.80 -0.831 -0.024  0.077 -0.385  0.132  0.134  0.010   7.47
26 1 1 8880.26 1506.44 -0.400 -0.029  0.105  0.607  0.437  0.129  0.010   2.25
30 1 1 8560.13  790.87 -0.694  0.036  0.086  0.043  0.215  0.141  0.010   4.58
10 1 1 8760.54 1041.62 -0.558  0.013  0.087  1.413  0.669  0.120  0.010   1.47
26 1 1 9211.60 1566.31 -0.453 -0.073  0.095 -0.538  0.151  0.128  0.010   6.53
10 1 1 8886.38  901.03  0.313 -0.408  0.138 -1.632  0.118  0.122  0.010   8.32
30 1 1 8794.20 1338.54 -0.798  0.022  0.080  0.519  0.288  0.132  0.010   3.42
26 1 1 8494.09 1132.39 -0.494  0.033  0.099  0.099  0.270  0.136  0.010   3.64
10 1 1 8991.81  836.99 -0.827 -0.012  0.074 -0.015  0.154  0.123  0.010   6.39
26 1 1 8900.88 1147.28 -0.381 -0.060  0.104 -0.241  0.208  0.135  0.010   4.74
30 1 1 8933.77 1176.74 -0.763 -0.046  0.081 -0.189  0.159  0.134  0.010   6.21
26 1 1 8867.97 1523.99 -0.578 -0.008  0.092  0.376  0.303  0.129  0.010   3.25
30 1 1 8430.81  904.90 -0.828 -0.010  0.079  0.318  0.236  0.139  0.010   4.18
10 1 1 8489.30 1006.77  0.558 -0.164  0.179 -0.850  0.243  0.121  0.010   4.05
18 1 1 8533.68 1414.93 -0.677  0.050  0.089  0.427  0.305  0.131  0.010   3.23
10 1 1 8591.20  809.92  0.732  0.230  0.255  1.128  1.993  0.124  0.010   0.49
30 1 1 9165.27 1437.17 -0.743  0.031  0.083 -0.068  0.184  0.130  0.010   5.35
26 1 1 8713.39  888.50 -0.437 -0.049  0.100  1.032  0.589  0.139  0.010   1.67
18 1 1 8461.59 1526.47 -0.614 -0.005  0.090  0.661  0.378  0.129  0.010   2.61
26 1 1 8475.19 1270.02 -0.367 -0.016  0.107 -0.118  0.245  0.134  0.010   4.03
18 1 1 9072.93 1203.59 -0.617 -0.020  0.089 -0.316  0.167  0.134  0.010   5.90
10 1 1 9033.29 1296.76  0.427 -0.038  0.170  0.613  0.760  0.116  0.010   1.30
18 1 1 9047.48 1059.06 -0.604  0.020  0.093  0.600  0.372  0.136  0.010   2.65
10 1 1 8697.96 1388.72  0.379  0.009  0.170  0.375  0.603  0.114  0.010   1.64
26 1 1 8577.51 1049.78 -0.448  0.067  0.105  0.589  0.441  0.137  0.010   2.23
18 1 1 8898.19 1524.75 -0.660 -0.023  0.087  0.625  0.348  0.128  0.010   2.83
10 1 1 8932.35  968.47  0.340 -0.028  0.163 -0.828  0.230  0.121  0.010   4.28
30 1 1 8527.45 1159.34 -0.698  0.053  0.088  1.984  1.215  0.135  0.010   0.81
26 1 1 8816.80 1116.76 -0.288 -0.028  0.113  0.251  0.344  0.136  0.010   2.86
30 1 1 8539.07 1107.61 -0.620  0.032  0.092  0.342  0.297  0.136  0.010   3.32
26 1 1 8472.11  978.71 -0.400  0.057  0.109  0.694  0.504  0.138  0.010   1.95
30 1 1 8559.89 1195.34 -0.730  0.029  0.084  1.639  0.843  0.134  0.010   1.17
18 1 1 9064.36 1021.29 -0.597 -0.042  0.091 -0.158  0.190  0.137  0.010   5.19
30 1 1 9059.48 1516.75 -0.629  0.004  0.088  0.718  0.381  0.128  0.010   2.59
26 1 1 8629.47 1131.70 -0.320 -0.045  0.110 -0.429  0.196  0.136  0.010   5.04
10 1 1 8536.65 1061.50  0.382 -0.048  0.165 -0.142  0.379  0.120  0.010   2.60
26 1 1 8538.57 1489.67 -0.347  0.032  0.111  1.303  0.871  0.130  0.010   1.13
18 1 1 8607.90 1274.41 -0.655 -0.141  0.084 -0.655  0.117  0.133  0.010   8.41
26 1 1 8873.91 1084.89 -0.438 -0.079  0.098 -0.069  0.222  0.136  0.010   4.44
10 1 1 9125.78 1317.78  0.909 -0.227  0.229 -0.821  0.315  0.115  0.010   3.12
30 1 1 8713.03 1277.98 -0.755 -0.091  0.079 -0.347  0.136  0.133  0.010   7.23
26 1 1 8571.92 1446.73 -0.482  0.021  0.099  0.458  0.364  0.130  0.010   2.71
10 1 1 8827.38 1438.31  0.539 -0.078  0.183 -0.457  0.337  0.113  0.010   2.92
26 1 1 8644.99 1023.63 -0.421 -0.056  0.102 -0.380  0.185  0.137  0.010   5.33
18 1 1 8829.54  849.49 -0.544 -0.040  0.093 -0.295  0.178  0.139  0.010   5.52
10 1 1 9040.74 1562.70  0.245 -0.019  0.149  0.417  0.529  0.111  0.010   1.86
18 1 1 8439.74 1384.90 -0.546 -0.097  0.092  0.139  0.240  0.131  0.010   4.10
26 1 1 9161.83 1402.73 -0.305  0.019  0.112  0.293  0.362  0.131  0.010   2.72
10 1 1 9222.57 1537.18  0.450 -0.152  0.161 -0.809  0.223  0.111  0.010   4.42
18 1 1 8522.67  849.74 -0.622  0.045  0.092  0.893  0.484  0.140  0.010   2.04
14 1 1 9192.26  807.23 -0.093 -0.102  0.111 -0.208  0.221  0.123  0.010   4.46
26 1 1 8432.22 1414.11 -0.354 -0.046  0.107  0.183  0.309  0.131  0.010   3.19
30 1 1 9106.58  794.37 -0.723  0.046  0.085  0.695  0.370  0.140  0.010   2.66
10 1 1 9149.71 1582.50  0.762  0.141  0.245  0.235  0.837  0.110  0.010   1.18
26 1 1 8542.16  797.64 -0.289 -0.052  0.111 -0.410  0.200  0.141  0.010   4.92
10 1 1 8606.54 1088.99  0.741 -0.050  0.218 -0.675  0.354  0.120  0.010   2.78
26 1 1 8679.16 1229.65  0.215  0.064  0.172  0.092  0.519  0.134  0.010   1.90
14 1 1 8711.07 1439.65  0.025  0.018  0.130  0.620  0.548  0.113  0.010   1.80
10 1 1 8751.87  951.14  0.688 -0.091  0.204  0.265  0.669  0.121  0.010   1.47
26 1 1 8837.04  865.06 -0.333  0.026  0.111  0.166  0.326  0.140  0.010   3.02
30 1 1 8741.99 1197.88 -0.670 -0.027  0.087 -0.325  0.158  0.134  0.010   6.22
26 1 1 8767.36 1254.06 -0.297 -0.111  0.108 -0.163  0.228  0.133  0.010   4.32
10 1 1 8835.20 1523.46  0.932 -0.210  0.228 -0.359  0.445  0.112  0.010   2.21
30 1 1 8785.36  803.51 -0.725 -0.043  0.082  0.377  0.258  0.140  0.010   3.82
26 1 1 8510.20 1209.66 -0.197 -0.021  0.121 -0.022  0.303  0.135  0.010   3.25
14 1 1 8928.04 1256.12  0.089  0.036  0.137  0.138  0.391  0.116  0.010   2.52
10 1 1 8557.21 1479.88  0.720 -0.299  0.191  0.662  0.804  0.113  0.010   1.22
14 1 1 8824.08 1495.38  0.003  0.072  0.130  0.333  0.440  0.112  0.010   2.24
26 1 1 9122.11 1528.57 -0.255 -0.057  0.112 -0.389  0.203  0.129  0.010   4.87
30 1 1 8927.52 1090.45 -0.698 -0.031  0.085 -0.086  0.186  0.136  0.010   5.30
14 1 1 9117.83 1481.12 -0.200 -0.159  0.101 -0.417  0.164  0.112  0.010   6.00
10 1 1 8914.15 1530.15  0.751  0.022  0.225 -1.070  0.293  0.112  0.010   3.36
30 1 1 8449.90  804.80 -0.676 -0.007  0.087 -0.077  0.193  0.141  0.010   5.11
26 1 1 9042.83 1046.41 -0.269  0.047  0.119  1.528  1.178  0.137  0.010   0.84
22 1 1 8595.88 1498.29 -1.265 -0.009  0.058 -0.218  0.104  0.129  0.010   9.45
 2 1 1 8648.12  857.08  0.663  0.069  0.223 -0.107  0.563  0.123  0.010   1.75
22 1 1 8614.12 1241.48 -1.280  0.020  0.059  0.434  0.176  0.133  0.010   5.58
18 1 1 8555.40 1431.67 -0.580 -0.010  0.093 -0.223  0.188  0.130  0.010   5.24
 6 1 1 8991.81  836.99 -0.799  0.010  0.075 -0.135  0.146  0.123  0.010   6.74
 2 1 1 9026.82 1159.74  0.307 -0.073  0.155  0.121  0.432  0.118  0.010   2.28
26 1 1 9104.70 1451.32 -0.183 -0.009  0.121 -0.432  0.220  0.130  0.010   4.49
18 1 1 8503.57 1358.42 -0.553 -0.055  0.094 -0.484  0.153  0.132  0.010   6.45
10 1 1 8617.03 1384.46  0.551  0.159  0.208 -0.519  0.391  0.115  0.010   2.52
 2 1 1 8928.81  864.86  0.461  0.199  0.202  2.141  3.886  0.123  0.010   0.25
18 1 1 8897.76 1347.70 -0.585 -0.063  0.099 -0.269  0.197  0.132  0.010   4.98
10 1 1 9016.49  897.46  0.630 -0.141  0.190 -0.070  0.467  0.122  0.010   2.11
18 1 1 8655.61 1552.52 -0.499  0.025  0.098  0.231  0.292  0.128  0.010   3.37
10 1 1 8777.68  914.36  0.237  0.033  0.155 -0.030  0.393  0.122  0.010   2.51
 2 1 1 8472.13 1500.92  0.469 -0.032  0.177 -0.697  0.275  0.113  0.010   3.58
30 1 1 8604.94 1314.90 -0.625  0.023  0.090  0.644  0.373  0.132  0.010   2.64
10 1 1 8938.62 1109.37  0.898  0.053  0.261 -0.398  0.540  0.119  0.010   1.83
 2 1 1 8728.28  953.62  0.592 -0.077  0.192  0.747  0.975  0.121  0.010   1.01
30 1 1 8673.56 1265.57 -0.660 -0.041  0.086  0.216  0.237  0.133  0.010   4.16
10 1 1 9121.03 1118.59 -0.785 -0.075  0.075 -0.173  0.140  0.119  0.010   7.04
30 1 1 8715.40 1457.74 -0.681 -0.013  0.087 -0.081  0.190  0.130  0.010   5.19
10 1 1 8639.15 1259.06  0.039  0.034  0.134 -0.477  0.234  0.117  0.010   4.20
30 1 1 8533.68 1414.93 -0.577 -0.024  0.091 -0.437  0.156  0.131  0.010   6.30
18 1 1 8887.24  926.78 -0.498 -0.063  0.098 -0.438  0.168  0.138  0.010   5.86
10 1 1 9222.78 1363.42  0.421 -0.082  0.166  6.151 112.206  0.114  0.010   0.01
30 1 1 9072.93 1203.59 -0.613  0.038  0.091  0.208  0.265  0.134  0.010   3.72
 2 1 1 9174.23 1282.56  0.598  0.119  0.214  0.275  0.756  0.116  0.010   1.30
18 1 1 8448.06 1536.84 -0.523 -0.007  0.096  0.142  0.264  0.129  0.010   3.73
 2 1 1 8612.84  991.27  0.436 -0.258  0.156 -1.132  0.178  0.121  0.010   5.55
10 1 1 8755.76 1433.64  0.538 -0.136  0.175 -0.845  0.241  0.114  0.010   4.08
14 1 1 8899.26  970.05  0.476 -0.178  0.165 -0.014  0.399  0.121  0.010   2.47
 6 1 1 8489.30 1006.77  0.543  0.164  0.210  0.262  0.741  0.121  0.010   1.33
26 1 1 8901.71  883.85 -0.139  0.106  0.134  0.587  0.601  0.139  0.010   1.64
14 1 1 8818.58  827.30  0.149  0.008  0.141  2.011  2.107  0.123  0.010   0.47
18 1 1 9001.86 1353.84 -0.527  0.067  0.100  1.159  0.686  0.131  0.010   1.43
10 1 1 8670.38 1367.97  1.120 -0.227  0.272  5.021 66.351  0.115  0.010   0.01
18 1 1 8678.95 1309.63 -0.463  0.057  0.102  1.521  0.981  0.132  0.010   1.00
14 1 1 8844.79  939.33  0.329  0.004  0.163 -0.834  0.229  0.121  0.010   4.30
18 1 1 8755.53 1416.28 -0.147 -0.028  0.125 -0.650  0.195  0.130  0.010   5.05
14 1 1 8628.09  846.31 -0.101 -0.035  0.115  0.159  0.313  0.123  0.010   3.15
 2 1 1 9099.22 1397.37  0.760 -0.093  0.210  0.324  0.734  0.114  0.010   1.34
18 1 1 8652.29  900.45 -0.458 -0.050  0.100 -0.445  0.172  0.139  0.010   5.72
 2 1 1 8684.48  959.36  0.365 -0.074  0.162 -0.199  0.355  0.121  0.010   2.78
14 1 1 9025.45  861.80 -0.840  0.042  0.073  0.209  0.186  0.122  0.010   5.29
26 1 1 9050.61 1409.28 -0.263  0.085  0.121  0.548  0.504  0.131  0.010   1.95
 6 1 1 8591.20  809.92  0.535 -0.143  0.179 -0.712  0.263  0.123  0.010   3.75
30 1 1 9047.48 1059.06 -0.712  0.044  0.086  1.033  0.500  0.136  0.010   1.97
18 1 1 8836.02  895.11 -0.482  0.040  0.102  0.173  0.295  0.139  0.010   3.34
 2 1 1 8783.44 1476.81  0.837  0.229  0.275  0.561  1.319  0.113  0.010   0.75
30 1 1 8470.78 1309.86 -0.539 -0.092  0.092 -0.132  0.192  0.133  0.010   5.12
22 1 1 8463.09 1042.47 -1.303 -0.039  0.057 -0.190  0.103  0.137  0.010   9.61
18 1 1 8643.89 1565.72 -0.448  0.003  0.101  1.118  0.650  0.128  0.010   1.52
 2 1 1 8820.97  910.18  0.842  0.057  0.254 -0.749  0.404  0.122  0.010   2.44
18 1 1 8573.53 1477.15 -0.336 -0.086  0.106 -0.299  0.203  0.130  0.010   4.86
14 1 1 8760.54 1041.62 -0.484  0.000  0.091  0.184  0.237  0.120  0.010   4.15
 2 1 1 8838.64 1181.31  1.039 -0.195  0.260 -0.924  0.346  0.118  0.010   2.85
 6 1 1 9033.29 1296.76  0.486 -0.133  0.169  0.087  0.462  0.115  0.010   2.13
14 1 1 8886.38  901.03  0.307 -0.400  0.133 -1.580  0.117  0.122  0.010   8.38
22 1 1 8896.58  830.90 -1.237 -0.006  0.060 -0.051  0.124  0.139  0.010   7.92
14 1 1 8991.81  836.99 -0.807 -0.042  0.073 -0.071  0.144  0.122  0.010   6.84
22 1 1 8666.74 1073.32 -1.225 -0.024  0.060 -0.051  0.121  0.136  0.010   8.12
 6 1 1 8697.96 1388.72  0.385  0.077  0.175  1.071  1.194  0.114  0.010   0.83
14 1 1 9033.29 1296.76  0.288 -0.090  0.150 -0.368  0.280  0.115  0.010   3.51
 6 1 1 8932.35  968.47  0.303 -0.089  0.152 -0.736  0.221  0.121  0.010   4.46
14 1 1 8697.96 1388.72  0.551  0.070  0.198  0.044  0.560  0.114  0.010   1.76
18 1 1 8636.11  833.61 -0.520 -0.002  0.097  0.007  0.237  0.140  0.010   4.16
14 1 1 8932.35  968.47  0.485  0.039  0.185  0.595  0.821  0.121  0.010   1.20
18 1 1 8660.80  971.16 -0.436  0.053  0.105  0.596  0.443  0.138  0.010   2.22
14 1 1 8536.65 1061.50  0.353 -0.057  0.157 -0.524  0.268  0.120  0.010   3.68
22 1 1 9175.95  797.80 -1.279  0.006  0.059  0.059  0.130  0.140  0.010   7.58
18 1 1 8511.25 1425.42 -0.533  0.037  0.097  0.991  0.568  0.131  0.010   1.73
22 1 1 8826.34 1309.25 -1.259 -0.009  0.059 -0.127  0.113  0.132  0.010   8.72
 6 1 1 8536.65 1061.50  0.325 -0.042  0.160  0.807  0.813  0.120  0.010   1.21
26 1 1 8914.08  954.56 -0.228  0.033  0.121  0.757  0.602  0.138  0.010   1.64
14 1 1 9125.78 1317.78  0.710  0.007  0.213 -0.485  0.404  0.115  0.010   2.44
18 1 1 8828.41  922.85 -0.438 -0.019  0.102  0.056  0.265  0.138  0.010   3.72
26 1 1 8583.66  920.56 -0.158 -0.090  0.120 -0.689  0.179  0.139  0.010   5.51
22 1 1 9196.44 1440.81 -1.182 -0.011  0.061 -0.099  0.120  0.129  0.010   8.25
18 1 1 8588.92 1178.44 -0.541 -0.017  0.095 -0.358  0.176  0.135  0.010   5.60
22 1 1 8561.16 1362.42 -1.271 -0.003  0.058  0.205  0.144  0.131  0.010   6.85
14 1 1 9040.74 1562.70  0.352  0.046  0.162 -0.094  0.397  0.110  0.010   2.49
18 1 1 8539.46 1429.12 -0.477  0.041  0.102  0.177  0.293  0.131  0.010   3.37
22 1 1 8472.82 1288.96 -1.236  0.016  0.061  0.368  0.175  0.133  0.010   5.63
14 1 1 8696.69 1541.55  0.265  0.035  0.153  0.251  0.493  0.111  0.010   2.00
18 1 1 8698.40 1128.49 -0.422 -0.050  0.102 -0.603  0.158  0.135  0.010   6.23
14 1 1 9222.57 1537.18  0.481  0.176  0.193 -0.821  0.298  0.111  0.010   3.31
22 1 1 8601.53  784.96 -1.232  0.023  0.061  0.657  0.222  0.140  0.010   4.44
14 1 1 9149.71 1582.50  1.033  0.090  0.287 -0.028  0.805  0.110  0.010   1.22
26 1 1 8560.57 1376.08 -0.165  0.039  0.127  0.822  0.675  0.132  0.010   1.46
22 1 1 8953.64 1154.16 -1.217 -0.046  0.060 -0.044  0.120  0.134  0.010   8.22
14 1 1 8606.54 1088.99  0.569 -0.138  0.178 -0.581  0.293  0.119  0.010   3.36
22 1 1 9177.35 1059.19 -1.283  0.002  0.059  0.401  0.171  0.136  0.010   5.78
18 1 1 8719.23 1506.04 -0.542  0.037  0.096  0.421  0.336  0.129  0.010   2.94
14 1 1 8751.87  951.14  0.742  0.087  0.238  1.855  3.403  0.121  0.010   0.29
26 1 1 8516.03  962.91 -0.049  0.006  0.136 -0.319  0.279  0.138  0.010   3.53
14 1 1 8557.21 1479.88  0.777 -0.180  0.219 -0.214  0.453  0.112  0.010   2.17
18 1 1 8529.79 1022.26 -0.544  0.001  0.096  0.648  0.408  0.137  0.010   2.41
26 1 1 8634.92  895.61 -0.254  0.089  0.123  0.027  0.330  0.139  0.010   2.99
18 1 1 8732.56 1405.94 -0.467 -0.026  0.098 -0.021  0.235  0.131  0.010   4.20
14 1 1 8914.15 1530.15  0.492 -0.129  0.170 -0.531  0.287  0.111  0.010   3.43
26 1 1 9117.74 1396.09 -0.011 -0.112  0.132 -0.781  0.185  0.131  0.010   5.33
22 1 1 8742.02 1421.18 -1.201  0.016  0.062  0.027  0.135  0.130  0.010   7.31
14 1 1 8617.03 1384.46  0.874 -0.236  0.220 -0.818  0.299  0.114  0.010   3.29
18 1 1 8880.26 1506.44 -0.510  0.060  0.101  1.121  0.679  0.129  0.010   1.45
14 1 1 8777.68  914.36  0.341  0.001  0.163  2.655  4.545  0.122  0.010   0.22
18 1 1 9211.60 1566.31 -0.446 -0.072  0.096 -0.260  0.187  0.128  0.010   5.28
26 1 1 9211.08  813.89 -0.157  0.001  0.127 -0.204  0.274  0.140  0.010   3.60
22 1 1 8721.56  910.06 -1.143 -0.003  0.064  0.043  0.143  0.138  0.010   6.90
14 1 1 8938.62 1109.37  0.788  0.003  0.232  1.305  1.973  0.119  0.010   0.50
26 1 1 8492.54 1303.88 -0.015  0.030  0.141 -0.359  0.284  0.133  0.010   3.47
14 1 1 9121.03 1118.59 -0.650 -0.027  0.081  0.087  0.196  0.118  0.010   5.04
22 1 1 9220.87 1060.79 -1.184  0.031  0.063  0.316  0.177  0.136  0.010   5.58
18 1 1 8494.09 1132.39 -0.415  0.072  0.108  1.406  0.947  0.136  0.010   1.04
26 1 1 8975.43 1160.52 -0.138  0.102  0.133  3.532  8.661  0.135  0.010   0.11
18 1 1 8900.88 1147.28 -0.461 -0.017  0.099  1.579  0.971  0.135  0.010   1.01
26 1 1 9004.52  859.86 -0.089  0.053  0.135 -0.088  0.335  0.140  0.010   2.94
22 1 1 9027.43  978.39 -1.141  0.037  0.065  1.278  0.421  0.137  0.010   2.34
26 1 1 9184.36 1477.06 -0.060 -0.009  0.132  0.253  0.423  0.130  0.010   2.33
14 1 1 8639.15 1259.06  0.179 -0.008  0.142  0.056  0.376  0.117  0.010   2.62
26 1 1 9183.86 1312.06 -0.038 -0.024  0.133 -0.110  0.315  0.132  0.010   3.13
14 1 1 9222.78 1363.42  0.283 -0.033  0.152 -0.312  0.301  0.114  0.010   3.28
18 1 1 8867.97 1523.99 -0.378  0.071  0.110  0.298  0.365  0.128  0.010   2.70
22 1 1 8974.22 1010.31 -1.144 -0.006  0.063 -0.182  0.121  0.137  0.010   8.15
14 1 1 8755.76 1433.64  0.537  0.040  0.191  0.761  1.003  0.113  0.010   0.98
26 1 1 9171.34 1554.84 -0.219 -0.041  0.115 -0.102  0.263  0.128  0.010   3.75
18 1 1 8713.39  888.50 -0.434 -0.062  0.101  0.287  0.309  0.139  0.010   3.19
22 1 1 8457.62 1359.39 -1.114 -0.014  0.066 -0.167  0.125  0.131  0.010   7.88
26 1 1 9199.84 1314.09  0.517 -0.023  0.206  0.849  1.188  0.132  0.010   0.83
14 1 1 8670.38 1367.97  1.226  0.140  0.357  0.502  1.629  0.115  0.010   0.60
18 1 1 8475.19 1270.02 -0.376  0.042  0.110 -0.145  0.251  0.133  0.010   3.93
 6 1 1 9125.78 1317.78  0.790 -0.143  0.214 -0.401  0.406  0.115  0.010   2.43
18 1 1 8577.51 1049.78 -0.346  0.121  0.117  0.590  0.510  0.137  0.010   1.93
 6 1 1 8827.38 1438.31  0.514 -0.066  0.181  0.544  0.759  0.113  0.010   1.30
10 1 1 8551.09 1462.48  0.643  0.076  0.219  0.269  0.748  0.113  0.010   1.32
 6 1 1 9040.74 1562.70  0.257 -0.021  0.148 -0.414  0.273  0.110  0.010   3.61
18 1 1 8816.80 1116.76 -0.468 -0.042  0.099 -0.124  0.216  0.135  0.010   4.57
10 1 1 8488.19  872.86  0.149 -0.087  0.135 -0.696  0.200  0.123  0.010   4.94
18 1 1 8472.11  978.71 -0.366  0.066  0.112 -0.185  0.250  0.138  0.010   3.94
 6 1 1 8696.69 1541.55  0.359  0.083  0.173  0.592  0.763  0.111  0.010   1.29
14 1 1 8551.09 1462.48  0.517 -0.023  0.184 -0.188  0.418  0.113  0.010   2.35
 6 1 1 9222.57 1537.18  0.732 -0.131  0.203 -1.204  0.233  0.111  0.010   4.24
14 1 1 8488.19  872.86  0.273 -0.024  0.153  0.448  0.562  0.122  0.010   1.75
22 1 1 8616.80 1311.16 -1.146  0.018  0.064  0.446  0.196  0.132  0.010   5.02
14 1 1 8742.14 1443.80  0.415 -0.056  0.165  0.713  0.781  0.113  0.010   1.26
 6 1 1 9149.71 1582.50  1.069 -0.077  0.275 -0.219  0.621  0.110  0.010   1.59
14 1 1 8951.89 1028.29  0.417 -0.034  0.168  0.375  0.597  0.120  0.010   1.65
22 1 1 8637.90  989.90 -1.139  0.029  0.065  0.553  0.226  0.137  0.010   4.37
 6 1 1 8606.54 1088.99  0.411  0.210  0.195  1.107  1.457  0.119  0.010   0.68
14 1 1 8746.99  966.46  0.919 -0.151  0.232 -0.628  0.380  0.121  0.010   2.59
22 1 1 8519.86  907.75 -1.182  0.017  0.064  0.191  0.160  0.139  0.010   6.17
 6 1 1 8835.20 1523.46  1.268 -0.176  0.306 -1.192  0.363  0.111  0.010   2.72
22 1 1 8582.85  864.87 -1.117  0.006  0.066  0.461  0.208  0.139  0.010   4.73
14 1 1 9042.76 1149.29  0.551 -0.078  0.179  0.142  0.529  0.118  0.010   1.86
 6 1 1 8557.21 1479.88  1.002 -0.393  0.232 -0.571  0.353  0.113  0.010   2.79
14 1 1 9002.30  958.69 -0.081 -0.005  0.119 -0.097  0.270  0.121  0.010   3.65
 6 1 1 8914.15 1530.15  0.629 -0.064  0.194 -0.082  0.487  0.111  0.010   2.02
22 1 1 9000.56 1470.28 -1.099 -0.032  0.064  0.033  0.140  0.129  0.010   7.06
30 1 1 9064.36 1021.29 -0.625 -0.065  0.087 -0.073  0.192  0.137  0.010   5.14
22 1 1 9023.72 1059.88 -1.116 -0.031  0.064 -0.174  0.123  0.136  0.010   8.02
 6 1 1 8617.03 1384.46  0.450 -0.011  0.174 -0.551  0.301  0.114  0.010   3.27
22 1 1 8702.14 1513.67 -1.102 -0.025  0.064 -0.073  0.130  0.128  0.010   7.59
30 1 1 8607.90 1274.41 -0.576 -0.062  0.090 -0.500  0.145  0.133  0.010   6.80
 6 1 1 9016.49  897.46  0.729  0.139  0.241  1.081  1.785  0.122  0.010   0.55
22 1 1 9192.26  807.23 -1.084 -0.028  0.065 -0.178  0.124  0.140  0.010   7.96
14 1 1 8935.36  887.42  0.322 -0.153  0.150 -0.273  0.293  0.122  0.010   3.37
 6 1 1 8777.68  914.36  0.288  0.027  0.162 -0.351  0.324  0.122  0.010   3.04
22 1 1 8711.07 1439.65 -1.202  0.031  0.062  0.247  0.163  0.130  0.010   6.04
30 1 1 8829.54  849.49 -0.585  0.003  0.092 -0.270  0.181  0.139  0.010   5.46
14 1 1 8655.97 1371.99  0.560  0.144  0.209  0.437  0.842  0.114  0.010   1.17
30 1 1 8439.74 1384.90 -0.573 -0.043  0.092  0.637  0.372  0.131  0.010   2.64
22 1 1 8928.04 1256.12 -1.106 -0.016  0.065  0.222  0.168  0.133  0.010   5.85
14 1 1 8648.12  857.08  0.992 -0.107  0.253  0.242  0.838  0.122  0.010   1.18
 6 1 1 9121.03 1118.59 -0.702 -0.097  0.078 -0.183  0.146  0.118  0.010   6.73
22 1 1 8824.08 1495.38 -1.079  0.021  0.066  0.215  0.174  0.129  0.010   5.66
14 1 1 9170.55 1078.77  0.206 -0.099  0.140  1.040  0.837  0.119  0.010   1.18
 6 1 1 8639.15 1259.06  0.175 -0.038  0.141  0.092  0.384  0.116  0.010   2.57
14 1 1 9026.82 1159.74  0.229 -0.103  0.142 -0.210  0.292  0.118  0.010   3.38
10 1 1 8742.14 1443.80  0.421  0.106  0.184  0.808  0.993  0.113  0.010   0.99
14 1 1 8928.81  864.86  0.561  0.169  0.213  1.071  1.520  0.122  0.010   0.65
22 1 1 9117.83 1481.12 -1.008 -0.153  0.065 -0.315  0.105  0.129  0.010   9.39
14 1 1 8472.13 1500.92  0.427  0.131  0.187 -0.023  0.502  0.112  0.010   1.96
30 1 1 8522.67  849.74 -0.630  0.046  0.091  0.678  0.393  0.140  0.010   2.51
22 1 1 8899.26  970.05 -1.077 -0.027  0.066  0.155  0.162  0.137  0.010   6.08
 6 1 1 9222.78 1363.42  0.276 -0.049  0.149  0.745  0.712  0.114  0.010   1.38
14 1 1 8728.28  953.62  0.508  0.026  0.187 -0.532  0.334  0.121  0.010   2.95
30 1 1 8555.40 1431.67 -0.517 -0.041  0.096 -0.218  0.194  0.130  0.010   5.09
 6 1 1 8755.76 1433.64  0.478 -0.035  0.176  0.289  0.594  0.113  0.010   1.66
30 1 1 8503.57 1358.42 -0.649 -0.043  0.088 -0.356  0.155  0.132  0.010   6.35
22 1 1 8818.58  827.30 -1.109 -0.009  0.065  0.599  0.231  0.139  0.010   4.27
 6 1 1 8670.38 1367.97  1.113 -0.004  0.303 -0.902  0.436  0.115  0.010   2.26
30 1 1 8675.73 1433.49 -0.484  0.004  0.099  0.442  0.350  0.130  0.010   2.82
14 1 1 8477.51  797.44  0.502 -0.044  0.176  0.446  0.674  0.124  0.010   1.46
22 1 1 8844.79  939.33 -1.082 -0.010  0.066  0.185  0.168  0.138  0.010   5.87
14 1 1 8612.84  991.27  0.373 -0.083  0.159 -0.428  0.291  0.121  0.010   3.38
 6 1 1 9216.44  789.15  0.454 -0.033  0.171 -0.310  0.353  0.123  0.010   2.79
14 1 1 8684.48  959.36  0.405 -0.212  0.152 -0.916  0.194  0.121  0.010   5.08
 6 1 1 8488.19  872.86  0.339  0.062  0.169 -0.332  0.348  0.122  0.010   2.83
30 1 1 8897.76 1347.70 -0.602 -0.093  0.098 -0.965  0.119  0.131  0.010   8.19
14 1 1 8783.44 1476.81  0.948  0.064  0.272 -0.886  0.400  0.112  0.010   2.46
30 1 1 8655.61 1552.52 -0.541 -0.040  0.092 -0.132  0.198  0.128  0.010   4.98
22 1 1 8628.09  846.31 -1.073 -0.003  0.066 -0.042  0.141  0.139  0.010   6.97
 6 1 1 8510.92 1459.91  0.699 -0.098  0.205  0.046  0.562  0.113  0.010   1.75
14 1 1 8820.97  910.18  1.136 -0.073  0.289  1.718  3.701  0.122  0.010   0.27
22 1 1 9025.45  861.80 -0.584 -0.011  0.092 -0.644  0.139  0.139  0.010   7.07
30 1 1 8887.24  926.78 -0.511  0.048  0.100 -0.384  0.185  0.138  0.010   5.31
 6 1 1 8742.14 1443.80  0.537  0.090  0.198 -0.583  0.349  0.113  0.010   2.82
26 1 1 9225.99  838.92  0.147 -0.062  0.154  1.232  1.178  0.140  0.010   0.84
14 1 1 8862.09  917.85  0.424 -0.077  0.167  0.407  0.602  0.121  0.010   1.64
30 1 1 8448.06 1536.84 -0.601 -0.009  0.091  0.408  0.306  0.129  0.010   3.22
14 1 1 8432.40 1162.19  0.593 -0.043  0.191 -0.303  0.400  0.118  0.010   2.47
30 1 1 9001.86 1353.84 -0.550 -0.017  0.094  1.061  0.566  0.131  0.010   1.74
22 1 1 8760.54 1041.62 -0.862 -0.013  0.076 -0.075  0.163  0.136  0.010   6.04
14 1 1 8662.36  992.01  0.935  0.058  0.267 -1.290  0.316  0.121  0.010   3.11
26 1 1 8716.64 1520.52  0.055 -0.026  0.145 -0.142  0.337  0.129  0.010   2.93
 6 1 1 8746.99  966.46  1.047 -0.134  0.263 -0.490  0.487  0.121  0.010   2.02
30 1 1 8678.95 1309.63 -0.580  0.028  0.093  0.184  0.264  0.132  0.010   3.74
 6 1 1 9042.76 1149.29  0.311 -0.047  0.157  1.529  1.538  0.118  0.010   0.64
14 1 1 8573.89 1392.24  0.927 -0.003  0.259 -1.150  0.322  0.114  0.010   3.06
 6 1 1 9002.30  958.69 -0.010  0.005  0.126  0.032  0.328  0.121  0.010   3.01
14 1 1 8458.34  908.83  0.264 -0.028  0.152  0.048  0.399  0.122  0.010   2.47
22 1 1 8886.38  901.03 -1.083 -0.192  0.063 -1.168  0.064  0.138  0.010  15.34
30 1 1 8755.53 1416.28 -0.071 -0.063  0.131 -0.413  0.240  0.130  0.010   4.11
18 1 1 8629.47 1131.70 -0.354 -0.019  0.108 -0.550  0.179  0.135  0.010   5.50
14 1 1 8535.94  998.88  0.397 -0.179  0.155 -0.612  0.239  0.121  0.010   4.12
 2 1 1 8862.09  917.85  0.500 -0.159  0.170 -0.421  0.311  0.122  0.010   3.17
18 1 1 8538.57 1489.67 -0.386 -0.025  0.105  0.449  0.378  0.130  0.010   2.61
 2 1 1 8432.40 1162.19  0.696  0.022  0.221 -0.677  0.362  0.119  0.010   2.72
18 1 1 8564.07 1569.69 -0.361  0.038  0.112  0.553  0.445  0.128  0.010   2.21
 2 1 1 8748.26 1183.74  0.678  0.003  0.215 -0.493  0.398  0.118  0.010   2.47
14 1 1 8486.65 1024.54  1.149 -0.148  0.293 -0.614  0.473  0.120  0.010   2.08
 2 1 1 8662.36  992.01  0.844 -0.021  0.244 -0.712  0.394  0.121  0.010   2.50
18 1 1 8873.91 1084.89 -0.335 -0.065  0.107  0.575  0.425  0.136  0.010   2.32
 2 1 1 8573.89 1392.24  0.869 -0.053  0.237 -0.865  0.344  0.115  0.010   2.87
18 1 1 8571.92 1446.73 -0.357  0.012  0.111 -0.372  0.207  0.130  0.010   4.77
 2 1 1 8458.34  908.83  0.228 -0.030  0.152 -0.253  0.312  0.122  0.010   3.16
18 1 1 8644.99 1023.63 -0.279 -0.024  0.116  0.019  0.294  0.137  0.010   3.34
 2 1 1 8535.94  998.88  0.296 -0.110  0.155  0.302  0.495  0.121  0.010   1.99
18 1 1 9161.83 1402.73 -0.266  0.072  0.118  1.611  1.256  0.131  0.010   0.78
 2 1 1 8486.65 1024.54  1.156  0.127  0.346 -0.038  0.996  0.121  0.010   0.99
14 1 1 8652.88 1291.77  0.658  0.034  0.212 -0.048  0.551  0.116  0.010   1.79
 2 1 1 8652.88 1291.77  0.686 -0.054  0.208 -0.870  0.293  0.116  0.010   3.36
14 1 1 9184.55 1324.45  0.455 -0.040  0.169  0.399  0.615  0.115  0.010   1.60
26 1 1 8571.51 1208.58  0.342 -0.173  0.172 -0.277  0.347  0.135  0.010   2.84
18 1 1 8432.22 1414.11 -0.210  0.030  0.124  4.113 13.179  0.131  0.010   0.07
 2 1 1 9184.55 1324.45  0.388  0.066  0.171 -0.538  0.306  0.115  0.010   3.23
14 1 1 8550.81 1301.57  0.844 -0.021  0.228  0.681  1.166  0.116  0.010   0.84
18 1 1 8542.16  797.64 -0.187  0.016  0.122  0.355  0.428  0.141  0.010   2.30
 2 1 1 8550.81 1301.57  1.112 -0.297  0.257 -0.648  0.399  0.116  0.010   2.47
18 1 1 8679.16 1229.65  0.184  0.171  0.180  0.124  0.573  0.134  0.010   1.72
26 1 1 8440.90  818.37  0.187  0.103  0.174  4.633 32.312  0.141  0.010   0.03
18 1 1 8837.04  865.06 -0.333  0.065  0.114  0.768  0.571  0.139  0.010   1.73
14 1 1 8881.15 1110.47  0.995 -0.153  0.248 -0.442  0.463  0.118  0.010   2.13
18 1 1 8767.36 1254.06 -0.346 -0.040  0.109 -0.419  0.192  0.133  0.010   5.14
14 1 1 8499.98 1418.07  0.692  0.137  0.230  0.972  1.531  0.114  0.010   0.64
26 1 1 8571.13 1546.98  0.180 -0.036  0.160 -0.353  0.314  0.129  0.010   3.14
 2 1 1 8881.15 1110.47  0.820 -0.107  0.227 -0.443  0.425  0.119  0.010   2.32
18 1 1 8510.20 1209.66 -0.356  0.014  0.109  0.589  0.457  0.134  0.010   2.16
 6 1 1 8712.25 1097.55  0.800 -0.013  0.237  1.954  3.659  0.119  0.010   0.27
 2 1 1 8823.03 1475.04  0.494  0.033  0.187  0.463  0.754  0.113  0.010   1.30
 6 1 1 8935.36  887.42  0.333 -0.049  0.158  0.206  0.484  0.122  0.010   2.04
 2 1 1 8669.59  867.68  0.581 -0.239  0.176 -0.520  0.291  0.123  0.010   3.39
14 1 1 8875.76 1540.95  0.691 -0.257  0.185 -0.694  0.268  0.111  0.010   3.67
 2 1 1 8621.54 1262.93  0.641 -0.068  0.200  0.106  0.578  0.117  0.010   1.70
14 1 1 8823.03 1475.04  0.747  0.155  0.248 -0.075  0.664  0.112  0.010   1.48
 2 1 1 8812.20 1461.44  0.590 -0.049  0.194 -0.748  0.293  0.113  0.010   3.36
26 1 1 9192.71 1410.36  0.855 -0.106  0.263 -0.069  0.674  0.131  0.010   1.47
14 1 1 8669.59  867.68  0.573 -0.093  0.185 -0.727  0.277  0.122  0.010   3.56
22 1 1 8991.81  836.99 -0.576 -0.040  0.091 -0.171  0.193  0.139  0.010   5.12
 2 1 1 8794.20 1338.54  0.377 -0.044  0.166  0.076  0.450  0.115  0.010   2.19
 6 1 1 8655.97 1371.99  0.522  0.146  0.206 -0.018  0.558  0.114  0.010   1.77
22 1 1 9017.01 1097.93 -1.021  0.021  0.070  2.292  1.153  0.135  0.010   0.85
 6 1 1 8648.12  857.08  0.681  0.006  0.217  0.556  0.937  0.122  0.010   1.05
22 1 1 8489.30 1006.77 -1.069 -0.049  0.066 -0.483  0.100  0.137  0.010   9.82
 6 1 1 9026.82 1159.74  0.521  0.007  0.186 -0.128  0.455  0.118  0.010   2.16
 2 1 1 8933.77 1176.74  0.540 -0.122  0.184 -0.356  0.350  0.118  0.010   2.82
22 1 1 8591.20  809.92 -1.037 -0.024  0.068 -0.166  0.131  0.140  0.010   7.51
 6 1 1 8928.81  864.86  0.407  0.040  0.174  1.347  1.521  0.122  0.010   0.65
 2 1 1 8430.81  904.90  0.945  0.031  0.269  0.421  1.101  0.123  0.010   0.89
22 1 1 9033.29 1296.76 -1.060  0.009  0.067  0.605  0.244  0.132  0.010   4.04
 6 1 1 8472.13 1500.92  0.614 -0.182  0.186 -0.317  0.360  0.112  0.010   2.73
22 1 1 8697.96 1388.72 -1.017  0.021  0.069  0.047  0.160  0.130  0.010   6.16
 6 1 1 8728.28  953.62  0.781  0.014  0.236 -0.686  0.385  0.121  0.010   2.56
 2 1 1 9165.27 1437.17  0.555 -0.035  0.184  0.973  1.135  0.113  0.010   0.87
22 1 1 8932.35  968.47 -1.017 -0.041  0.068 -0.000  0.148  0.137  0.010   6.65
 6 1 1 8477.51  797.44  0.506 -0.206  0.167 -0.071  0.389  0.124  0.010   2.53
22 1 1 8536.65 1061.50 -1.080 -0.013  0.066  0.279  0.179  0.136  0.010   5.50
 2 1 1 8539.07 1107.61  0.620  0.009  0.207  5.145 60.392  0.120  0.010   0.02
22 1 1 9125.78 1317.78 -0.998  0.023  0.070  0.262  0.196  0.132  0.010   5.02
 2 1 1 8559.89 1195.34  0.652 -0.037  0.206  2.284  4.295  0.118  0.010   0.23
22 1 1 8827.38 1438.31 -1.032  0.055  0.071  0.897  0.345  0.129  0.010   2.85
 2 1 1 9059.48 1516.75  0.813 -0.036  0.229 -0.893  0.319  0.112  0.010   3.09
 6 1 1 8612.84  991.27  0.444 -0.059  0.174 -0.374  0.333  0.120  0.010   2.95
22 1 1 9040.74 1562.70 -1.008  0.009  0.067  0.283  0.186  0.127  0.010   5.29
 2 1 1 9173.76  815.39  1.397  0.037  0.404  1.128  3.122  0.123  0.010   0.32
22 1 1 8696.69 1541.55 -0.994  0.002  0.069  0.178  0.173  0.128  0.010   5.69
 2 1 1 8713.03 1277.98  0.596  0.014  0.206  1.819  2.743  0.116  0.010   0.36
22 1 1 9222.57 1537.18 -0.989 -0.001  0.068 -0.074  0.144  0.128  0.010   6.85
 2 1 1 9106.58  794.37  0.688 -0.154  0.200 -0.029  0.503  0.124  0.010   1.96
 6 1 1 9099.22 1397.37  0.741  0.024  0.223 -0.001  0.607  0.113  0.010   1.63
22 1 1 9149.71 1582.50 -0.980  0.010  0.069  1.173  0.413  0.127  0.010   2.39
 6 1 1 8634.09 1079.26  1.395 -0.013  0.376  0.474  1.657  0.119  0.010   0.59
10 1 1 8951.89 1028.29  0.380 -0.076  0.162  0.275  0.525  0.120  0.010   1.87
 2 1 1 8741.99 1197.88  0.518  0.075  0.198 -0.438  0.387  0.118  0.010   2.54
10 1 1 8746.99  966.46  0.903 -0.066  0.244 -0.865  0.352  0.121  0.010   2.79
 6 1 1 8684.48  959.36  0.301 -0.066  0.155 -0.486  0.267  0.121  0.010   3.68
22 1 1 8606.54 1088.99 -1.003  0.014  0.069  0.284  0.196  0.136  0.010   5.02
 6 1 1 8674.70 1001.45  0.599 -0.028  0.198  0.322  0.691  0.120  0.010   1.43
10 1 1 9042.76 1149.29  0.290 -0.031  0.153 -0.455  0.279  0.118  0.010   3.54
30 1 1 8652.29  900.45 -0.465  0.068  0.103  0.394  0.364  0.139  0.010   2.71
 6 1 1 8820.97  910.18  0.877 -0.259  0.217 -0.965  0.278  0.121  0.010   3.54
22 1 1 8751.87  951.14 -0.946  0.018  0.072  0.437  0.234  0.138  0.010   4.21
 2 1 1 8848.37 1513.56  0.779 -0.045  0.222  0.035  0.625  0.112  0.010   1.58
22 1 1 8835.20 1523.46 -0.933  0.009  0.072 -0.063  0.156  0.128  0.010   6.33
30 1 1 8836.02  895.11 -0.517  0.030  0.098  1.656  1.029  0.139  0.010   0.96
 6 1 1 8862.09  917.85  0.490 -0.101  0.175  0.860  0.945  0.121  0.010   1.04
30 1 1 8643.89 1565.72 -0.516  0.006  0.097  0.328  0.307  0.128  0.010   3.22
22 1 1 8557.21 1479.88 -0.970 -0.090  0.070 -0.268  0.121  0.129  0.010   8.14
30 1 1 8573.53 1477.15 -0.397 -0.022  0.104 -0.314  0.200  0.130  0.010   4.91
22 1 1 8914.15 1530.15 -1.018 -0.038  0.067  0.064  0.155  0.128  0.010   6.36
 2 1 1 8927.52 1090.45  0.524  0.163  0.210  0.403  0.839  0.119  0.010   1.17
22 1 1 8617.03 1384.46 -1.022  0.033  0.069  0.423  0.217  0.131  0.010   4.54
30 1 1 8636.11  833.61 -0.474 -0.038  0.097 -0.031  0.229  0.140  0.010   4.30
10 1 1 8712.25 1097.55  1.036  0.089  0.302  1.719  4.013  0.119  0.010   0.25
22 1 1 9016.49  897.46 -1.004  0.040  0.072  0.635  0.278  0.138  0.010   3.54
 6 1 1 8432.40 1162.19  0.573 -0.074  0.190 -0.057  0.478  0.119  0.010   2.06
 2 1 1 8449.90  804.80  0.953  0.166  0.298 -0.223  0.729  0.124  0.010   1.35
22 1 1 8777.68  914.36 -0.985 -0.016  0.070  0.037  0.161  0.138  0.010   6.13
 2 1 1 8604.94 1314.90  0.999  0.220  0.312  1.213  2.730  0.116  0.010   0.36
22 1 1 8938.62 1109.37 -1.004  0.015  0.070  0.324  0.203  0.135  0.010   4.86
 2 1 1 8673.56 1265.57  0.897 -0.025  0.252  0.500  1.059  0.117  0.010   0.93
 6 1 1 8748.26 1183.74  0.558  0.190  0.220  1.267  1.901  0.118  0.010   0.52
 2 1 1 8715.40 1457.74  1.022  0.008  0.279 -0.382  0.578  0.113  0.010   1.71
30 1 1 8660.80  971.16 -0.491 -0.061  0.096  0.423  0.327  0.138  0.010   3.02
 6 1 1 8662.36  992.01  0.795 -0.119  0.218 -0.822  0.314  0.121  0.010   3.14
10 1 1 8935.36  887.42  0.070  0.023  0.136  1.092  0.889  0.122  0.010   1.11
22 1 1 9121.03 1118.59 -0.434 -0.017  0.103  0.201  0.301  0.135  0.010   3.27
10 1 1 8655.97 1371.99  0.615  0.060  0.205  1.824  2.863  0.115  0.010   0.34
 6 1 1 8573.89 1392.24  0.841 -0.043  0.239  2.244  4.768  0.114  0.010   0.21
18 1 1 9122.11 1528.57 -0.296  0.019  0.113 -0.336  0.219  0.128  0.010   4.50
14 1 1 8812.20 1461.44  0.566 -0.140  0.181 -0.552  0.300  0.112  0.010   3.28
18 1 1 9042.83 1046.41 -0.307  0.002  0.113  1.503  1.071  0.136  0.010   0.92
22 1 1 8639.15 1259.06 -0.985 -0.029  0.069 -0.226  0.128  0.133  0.010   7.69
10 1 1 8648.12  857.08  0.901 -0.088  0.240 -0.220  0.541  0.123  0.010   1.82
 6 1 1 8458.34  908.83  0.130 -0.067  0.135 -0.549  0.222  0.122  0.010   4.44
22 1 1 9222.78 1363.42 -0.935  0.011  0.073  0.260  0.200  0.131  0.010   4.92
 6 1 1 8535.94  998.88  0.513 -0.208  0.169  0.000  0.415  0.121  0.010   2.37
18 1 1 9104.70 1451.32 -0.330  0.054  0.111  0.608  0.475  0.130  0.010   2.08
22 1 1 8755.76 1433.64 -0.946  0.040  0.072  0.699  0.297  0.130  0.010   3.32
10 1 1 9026.82 1159.74  0.391 -0.064  0.162  0.238  0.511  0.118  0.010   1.93
30 1 1 8511.25 1425.42 -0.452 -0.012  0.100  0.284  0.316  0.130  0.010   3.11
22 1 1 8670.38 1367.97 -0.825 -0.040  0.077 -0.263  0.141  0.131  0.010   7.00
30 1 1 8828.41  922.85 -0.493 -0.060  0.096 -0.071  0.217  0.138  0.010   4.54
22 1 1 8551.09 1462.48 -0.892 -0.038  0.074 -0.319  0.130  0.129  0.010   7.57
30 1 1 8588.92 1178.44 -0.431 -0.004  0.103 -0.001  0.256  0.135  0.010   3.85
 6 1 1 8486.65 1024.54  1.025 -0.005  0.286 -0.399  0.573  0.120  0.010   1.72
22 1 1 9216.44  789.15 -0.934  0.026  0.073  0.712  0.302  0.140  0.010   3.26
 6 1 1 9184.55 1324.45  0.595 -0.044  0.191 -0.494  0.341  0.115  0.010   2.89
22 1 1 8488.19  872.86 -0.954  0.039  0.073  0.860  0.344  0.139  0.010   2.86
30 1 1 8539.46 1429.12 -0.480  0.034  0.100  0.130  0.278  0.130  0.010   3.54
18 1 1 9050.61 1409.28 -0.255 -0.009  0.114  0.065  0.305  0.130  0.010   3.23
 6 1 1 8550.81 1301.57  1.110  0.140  0.332 -0.151  0.852  0.116  0.010   1.16
22 1 1 8510.92 1459.91 -0.955  0.000  0.072  0.189  0.187  0.130  0.010   5.27
 6 1 1 8881.15 1110.47  0.968 -0.121  0.254  0.432  0.967  0.119  0.010   1.02
22 1 1 8742.14 1443.80 -0.977  0.023  0.070  0.393  0.217  0.129  0.010   4.53
30 1 1 8698.40 1128.49 -0.483 -0.012  0.098  0.409  0.337  0.135  0.010   2.92
22 1 1 8951.89 1028.29 -0.935  0.017  0.073  0.347  0.222  0.136  0.010   4.43
 6 1 1 8499.98 1418.07  0.560  0.028  0.195  0.358  0.719  0.114  0.010   1.37
22 1 1 8746.99  966.46 -0.902 -0.022  0.073 -0.263  0.134  0.137  0.010   7.34
 6 1 1 8885.28 1525.01  1.141  0.066  0.320  2.670 10.252  0.111  0.010   0.10
22 1 1 9042.76 1149.29 -0.973  0.011  0.071  0.194  0.186  0.134  0.010   5.30
14 1 1 8983.37 1095.78  0.706 -0.055  0.208 -0.211  0.471  0.119  0.010   2.09
30 1 1 8719.23 1506.04 -0.448  0.001  0.100  0.841  0.505  0.129  0.010   1.95
14 1 1 8891.02 1170.80  0.558  0.156  0.207  1.196  1.650  0.118  0.010   0.60
 6 1 1 8875.76 1540.95  0.661 -0.168  0.192 -0.033  0.469  0.111  0.010   2.10
10 1 1 8928.81  864.86  0.659 -0.167  0.192 -0.409  0.356  0.122  0.010   2.77
 6 1 1 8823.03 1475.04  0.621  0.004  0.203 -0.205  0.469  0.112  0.010   2.10
30 1 1 8529.79 1022.26 -0.422  0.057  0.107  0.487  0.414  0.137  0.010   2.38
14 1 1 8794.20 1338.54  0.286  0.026  0.159  1.733  1.899  0.115  0.010   0.52
30 1 1 8732.56 1405.94 -0.412 -0.079  0.100 -0.258  0.195  0.130  0.010   5.05
18 1 1 8583.66  920.56 -0.131 -0.109  0.124 -0.547  0.201  0.139  0.010   4.90
14 1 1 8933.77 1176.74  0.775 -0.109  0.212 -0.759  0.316  0.118  0.010   3.11
18 1 1 8560.57 1376.08 -0.205 -0.013  0.120 -0.082  0.285  0.131  0.010   3.45
30 1 1 8880.26 1506.44 -0.409 -0.008  0.105  0.769  0.507  0.129  0.010   1.94
14 1 1 9165.27 1437.17  0.793  0.287  0.270  1.655  3.477  0.113  0.010   0.28
18 1 1 8967.95 1506.45 -0.110  0.067  0.134  2.279  2.723  0.129  0.010   0.36
30 1 1 9211.60 1566.31 -0.374 -0.084  0.101 -0.233  0.200  0.128  0.010   4.92
14 1 1 8527.45 1159.34  0.871 -0.122  0.227 -0.112  0.551  0.118  0.010   1.79
30 1 1 8494.09 1132.39 -0.390 -0.065  0.103 -0.088  0.232  0.135  0.010   4.24
 6 1 1 8669.59  867.68  0.655 -0.108  0.202 -0.976  0.258  0.122  0.010   3.82
14 1 1 8539.07 1107.61  0.861 -0.007  0.241 -0.208  0.562  0.119  0.010   1.75
 6 1 1 8812.20 1461.44  0.686 -0.016  0.213 -0.626  0.357  0.113  0.010   2.76
18 1 1 8634.92  895.61 -0.188 -0.019  0.123 -0.147  0.279  0.139  0.010   3.53
22 1 1 9002.30  958.69 -0.817  0.054  0.081  0.557  0.309  0.137  0.010   3.19
10 1 1 8472.13 1500.92  0.395 -0.168  0.155 -0.247  0.314  0.113  0.010   3.14
 2 1 1 8533.68 1414.93  0.741  0.184  0.253 -0.593  0.454  0.114  0.010   2.17
22 1 1 8712.25 1097.55 -0.802 -0.003  0.079  0.423  0.256  0.135  0.010   3.84
10 1 1 8728.28  953.62  0.731  0.033  0.231 -0.552  0.412  0.121  0.010   2.39
30 1 1 8900.88 1147.28 -0.439 -0.082  0.098 -0.184  0.201  0.135  0.010   4.90
22 1 1 8935.36  887.42 -0.822 -0.002  0.078  0.241  0.221  0.138  0.010   4.46
 2 1 1 9072.93 1203.59  0.744  0.183  0.251  0.347  0.988  0.118  0.010   1.00
30 1 1 8713.39  888.50 -0.331 -0.067  0.107 -0.069  0.247  0.139  0.010   3.99
 6 1 1 8891.02 1170.80  0.932 -0.050  0.250 -0.039  0.668  0.118  0.010   1.47
22 1 1 8655.97 1371.99 -0.886  0.021  0.076 -0.421  0.126  0.131  0.010   7.85
30 1 1 8475.19 1270.02 -0.417 -0.032  0.103 -0.259  0.205  0.133  0.010   4.81
22 1 1 8648.12  857.08 -0.893  0.051  0.077 -0.069  0.170  0.139  0.010   5.81
 2 1 1 9047.48 1059.06  0.571 -0.050  0.195  1.557  2.017  0.120  0.010   0.49
18 1 1 9117.74 1396.09 -0.191 -0.009  0.120  0.755  0.583  0.131  0.010   1.69
30 1 1 8816.80 1116.76 -0.353 -0.065  0.105  0.225  0.307  0.135  0.010   3.21
18 1 1 9211.08  813.89 -0.209  0.002  0.121  0.914  0.677  0.140  0.010   1.46
22 1 1 9170.55 1078.77 -0.859  0.053  0.078  1.651  0.761  0.135  0.010   1.30
18 1 1 8994.10 1563.86 -0.189  0.064  0.124  1.643  1.402  0.128  0.010   0.70
30 1 1 8472.11  978.71 -0.382  0.146  0.115  1.073  0.772  0.138  0.010   1.28
22 1 1 9026.82 1159.74 -0.923 -0.057  0.071 -0.173  0.137  0.134  0.010   7.20
30 1 1 8629.47 1131.70 -0.335  0.008  0.110 -0.382  0.208  0.135  0.010   4.73
18 1 1 8975.43 1160.52 -0.077  0.027  0.134 -0.175  0.308  0.135  0.010   3.20
22 1 1 8928.81  864.86 -0.922  0.010  0.074  0.541  0.264  0.139  0.010   3.73
18 1 1 9004.52  859.86  0.009  0.088  0.150  0.054  0.427  0.139  0.010   2.30
30 1 1 8538.57 1489.67 -0.396  0.046  0.107  0.184  0.316  0.129  0.010   3.11
18 1 1 9184.36 1477.06  0.012 -0.125  0.133  0.126  0.366  0.129  0.010   2.70
22 1 1 8472.13 1500.92 -0.868  0.016  0.076  0.181  0.201  0.129  0.010   4.91
30 1 1 8564.07 1569.69 -0.338  0.066  0.115  0.541  0.461  0.128  0.010   2.14
22 1 1 8728.28  953.62 -0.862  0.019  0.077 -0.057  0.172  0.138  0.010   5.74
30 1 1 8873.91 1084.89 -0.339 -0.026  0.108  0.225  0.322  0.136  0.010   3.06
18 1 1 9183.86 1312.06 -0.182  0.011  0.122  0.721  0.579  0.132  0.010   1.70
22 1 1 8477.51  797.44 -0.836 -0.002  0.077  0.336  0.235  0.140  0.010   4.19
18 1 1 9171.34 1554.84 -0.062 -0.034  0.129 -0.003  0.329  0.128  0.010   3.00
30 1 1 8571.92 1446.73 -0.173  0.039  0.128  0.175  0.382  0.130  0.010   2.58
22 1 1 9174.23 1282.56 -0.882 -0.025  0.073 -0.114  0.152  0.132  0.010   6.49
18 1 1 9199.84 1314.09  0.531 -0.015  0.210  2.204  4.172  0.132  0.010   0.24
30 1 1 8644.99 1023.63 -0.310  0.006  0.113 -0.350  0.219  0.137  0.010   4.50
18 1 1 9225.99  838.92  0.453 -0.009  0.204  0.448  0.813  0.140  0.010   1.21
30 1 1 9161.83 1402.73 -0.340  0.052  0.110 -0.043  0.270  0.130  0.010   3.65
22 1 1 8612.84  991.27 -0.809 -0.073  0.077 -0.563  0.116  0.137  0.010   8.48
18 1 1 9203.00 1488.53  0.183 -0.058  0.155 -0.327  0.311  0.129  0.010   3.17
22 1 1 9099.22 1397.37 -0.913  0.044  0.074  0.292  0.215  0.130  0.010   4.59
18 1 1 8716.64 1520.52  0.123  0.035  0.158 -0.350  0.322  0.129  0.010   3.07
30 1 1 8432.22 1414.11 -0.460 -0.060  0.099  0.403  0.333  0.131  0.010   2.96
18 1 1 8571.51 1208.58  0.166 -0.095  0.156 -0.314  0.310  0.134  0.010   3.18
30 1 1 8542.16  797.64 -0.327 -0.051  0.108  0.013  0.266  0.141  0.010   3.70
18 1 1 8440.90  818.37  0.220  0.079  0.175  0.229  0.592  0.141  0.010   1.66
22 1 1 8634.09 1079.26 -0.807  0.048  0.080  0.701  0.341  0.136  0.010   2.89
30 1 1 8679.16 1229.65  0.413 -0.063  0.190 -1.012  0.244  0.134  0.010   4.04
 6 1 1 8933.77 1176.74  0.694 -0.111  0.200 -0.715  0.310  0.118  0.010   3.18
22 1 1 8684.48  959.36 -0.830 -0.049  0.076 -0.174  0.150  0.138  0.010   6.59
 6 1 1 8608.00  902.08 -0.938 -0.070  0.068 -0.472  0.099  0.122  0.010   9.93
22 1 1 8783.44 1476.81 -0.822  0.020  0.078 -0.291  0.145  0.129  0.010   6.77
 6 1 1 8430.81  904.90  0.811 -0.052  0.230  0.076  0.671  0.122  0.010   1.47
18 1 1 9085.73 1479.68  0.364 -0.117  0.175 -0.140  0.402  0.129  0.010   2.45
22 1 1 8674.70 1001.45 -0.815 -0.013  0.078  0.518  0.276  0.137  0.010   3.56
 2 1 1 8470.78 1309.86  0.515  0.107  0.197  2.439  4.904  0.116  0.010   0.20
30 1 1 8837.04  865.06 -0.180  0.043  0.127  2.079  2.077  0.139  0.010   0.47
 2 1 1 9064.36 1021.29  0.912 -0.202  0.237 -0.139  0.541  0.120  0.010   1.82
10 1 1 8477.51  797.44  0.420 -0.133  0.161 -0.121  0.368  0.124  0.010   2.68
30 1 1 8767.36 1254.06 -0.237 -0.063  0.114 -0.108  0.258  0.133  0.010   3.82
14 1 1 8559.89 1195.34  0.764  0.039  0.229  0.295  0.817  0.118  0.010   1.20
 6 1 1 9165.27 1437.17  0.524 -0.003  0.181  0.282  0.613  0.113  0.010   1.61
18 1 1 8571.13 1546.98  0.373 -0.098  0.180  1.474  1.736  0.128  0.010   0.57
22 1 1 8820.97  910.18 -0.808  0.006  0.079  0.077  0.197  0.138  0.010   5.01
 6 1 1 8539.07 1107.61  0.725  0.066  0.231 -0.188  0.554  0.119  0.010   1.78
22 1 1 8838.64 1181.31 -0.735 -0.019  0.083 -0.119  0.174  0.134  0.010   5.67
 6 1 1 8559.89 1195.34  0.894 -0.121  0.236 -0.723  0.369  0.118  0.010   2.67
22 1 1 8862.09  917.85 -0.809 -0.059  0.078 -0.257  0.145  0.138  0.010   6.81
 2 1 1 8607.90 1274.41  0.729 -0.174  0.204  0.926  1.165  0.117  0.010   0.85
 6 1 1 9059.48 1516.75  0.861 -0.089  0.226 -0.439  0.433  0.111  0.010   2.28
30 1 1 8510.20 1209.66 -0.266  0.034  0.118 -0.166  0.266  0.134  0.010   3.70
22 1 1 8432.40 1162.19 -0.787  0.043  0.082  0.146  0.218  0.135  0.010   4.52
 2 1 1 8829.54  849.49  0.550 -0.231  0.173 -0.777  0.241  0.123  0.010   4.09
22 1 1 8748.26 1183.74 -0.787 -0.028  0.080 -0.292  0.145  0.134  0.010   6.79
 2 1 1 8439.74 1384.90  0.632  0.005  0.208 -0.344  0.424  0.115  0.010   2.32
10 1 1 9174.23 1282.56  0.757  0.045  0.227  0.028  0.656  0.116  0.010   1.50
22 1 1 8662.36  992.01 -0.737  0.043  0.084  0.411  0.281  0.137  0.010   3.50
30 1 1 9122.11 1528.57 -0.297 -0.007  0.110 -0.221  0.230  0.128  0.010   4.29
22 1 1 8573.89 1392.24 -0.795 -0.041  0.079  0.087  0.191  0.131  0.010   5.16
30 1 1 9104.70 1451.32 -0.156 -0.029  0.122 -0.012  0.305  0.130  0.010   3.24
22 1 1 8458.34  908.83 -0.768  0.003  0.081 -0.208  0.163  0.139  0.010   6.05
14 1 1 9059.48 1516.75  0.641 -0.086  0.193  0.449  0.728  0.111  0.010   1.35
 2 1 1 8522.67  849.74  0.816 -0.140  0.224 -0.199  0.500  0.123  0.010   1.97
22 1 1 8535.94  998.88 -0.913 -0.047  0.073  0.206  0.191  0.137  0.010   5.16
14 1 1 8741.99 1197.88  0.525  0.025  0.195  4.831 40.790  0.117  0.010   0.02
22 1 1 8486.65 1024.54 -0.784  0.026  0.083  1.218  0.548  0.137  0.010   1.80
 2 1 1 8555.40 1431.67  0.542 -0.065  0.185 -0.304  0.379  0.114  0.010   2.60
14 1 1 8848.37 1513.56  0.599  0.085  0.206  0.724  1.074  0.112  0.010   0.92
22 1 1 8652.88 1291.77 -0.820  0.003  0.079  0.639  0.304  0.132  0.010   3.24
14 1 1 8785.36  803.51  0.611 -0.121  0.187  0.214  0.570  0.123  0.010   1.73
22 1 1 9184.55 1324.45 -0.754 -0.018  0.080  0.009  0.185  0.131  0.010   5.34
30 1 1 9050.61 1409.28 -0.225 -0.017  0.117  0.177  0.341  0.130  0.010   2.89
18 1 1 9192.71 1410.36  0.805 -0.019  0.266 -0.496  0.494  0.130  0.010   2.00
30 1 1 8914.08  954.56 -0.192  0.027  0.123 -0.012  0.317  0.138  0.010   3.10
22 1 1 8550.81 1301.57 -0.703  0.029  0.086  0.173  0.235  0.132  0.010   4.19
30 1 1 8583.66  920.56 -0.287  0.006  0.115  0.036  0.298  0.139  0.010   3.31
22 1 1 8881.15 1110.47 -0.825 -0.032  0.077  0.015  0.176  0.135  0.010   5.59
30 1 1 8560.57 1376.08 -0.354 -0.032  0.108 -0.098  0.243  0.131  0.010   4.05
10 1 1 8612.84  991.27  0.500 -0.048  0.180 -0.004  0.479  0.121  0.010   2.06
22 1 1 8499.98 1418.07 -0.773  0.020  0.081  0.489  0.285  0.130  0.010   3.46
30 1 1 8516.03  962.91 -0.192  0.049  0.126  2.298  2.529  0.138  0.010   0.39
22 1 1 8885.28 1525.01 -0.747  0.035  0.083  1.030  0.473  0.128  0.010   2.08
10 1 1 9099.22 1397.37  1.012  0.097  0.286  0.408  1.182  0.114  0.010   0.83
30 1 1 8634.92  895.61 -0.216  0.081  0.126  1.010  0.790  0.139  0.010   1.25
22 1 1 8875.76 1540.95 -0.790 -0.040  0.078  0.130  0.196  0.128  0.010   5.02
30 1 1 9117.74 1396.09 -0.221 -0.031  0.117 -0.426  0.209  0.131  0.010   4.72
14 1 1 8927.52 1090.45  0.479 -0.012  0.177  0.022  0.479  0.119  0.010   2.06
22 1 1 8823.03 1475.04 -0.840 -0.033  0.076 -0.028  0.170  0.129  0.010   5.77
 6 1 1 8713.03 1277.98  0.819 -0.263  0.210 -0.493  0.354  0.116  0.010   2.78
14 1 1 8604.94 1314.90  1.115 -0.174  0.276  0.725  1.352  0.115  0.010   0.73
 6 1 1 8741.99 1197.88  0.586  0.027  0.202  0.095  0.601  0.117  0.010   1.64
30 1 1 9211.08  813.89 -0.261  0.017  0.119  0.379  0.407  0.140  0.010   2.42
10 1 1 8634.09 1079.26  1.019 -0.187  0.250 -0.521  0.445  0.120  0.010   2.21
30 1 1 8994.10 1563.86 -0.115 -0.075  0.124  0.514  0.480  0.128  0.010   2.06
10 1 1 8684.48  959.36  0.592 -0.051  0.194 -0.426  0.367  0.121  0.010   2.68
14 1 1 8673.56 1265.57  0.858  0.006  0.246  2.168  4.646  0.116  0.010   0.21
10 1 1 8783.44 1476.81  0.815  0.058  0.246 -0.309  0.527  0.113  0.010   1.87
14 1 1 8715.40 1457.74  0.985 -0.043  0.260 -0.481  0.491  0.113  0.010   2.01
10 1 1 8674.70 1001.45  0.484  0.042  0.187  1.393  1.741  0.121  0.010   0.57
30 1 1 8492.54 1303.88 -0.172  0.005  0.124  0.349  0.429  0.133  0.010   2.30
10 1 1 8838.64 1181.31  1.109 -0.124  0.279 -0.642  0.465  0.118  0.010   2.12
22 1 1 8669.59  867.68 -0.741 -0.002  0.083  0.010  0.195  0.139  0.010   5.05
 6 1 1 8785.36  803.51  0.607 -0.050  0.193  0.598  0.861  0.123  0.010   1.14
 2 1 1 8675.73 1433.49  0.209  0.107  0.156  1.649  1.763  0.114  0.010   0.56
30 1 1 8975.43 1160.52 -0.136  0.003  0.127 -0.474  0.227  0.135  0.010   4.35
10 1 1 8862.09  917.85  0.600 -0.068  0.193 -0.500  0.348  0.122  0.010   2.83
30 1 1 9004.52  859.86 -0.084  0.001  0.132  0.528  0.539  0.139  0.010   1.83
14 1 1 8533.68 1414.93  0.829 -0.018  0.232  0.268  0.806  0.114  0.010   1.22
10 1 1 8432.40 1162.19  0.552  0.126  0.208  1.128  1.556  0.119  0.010   0.63
30 1 1 9184.36 1477.06 -0.118 -0.020  0.125  0.617  0.544  0.129  0.010   1.81
 2 1 1 8897.76 1347.70  0.507  0.008  0.197 -0.930  0.276  0.115  0.010   3.55
10 1 1 8748.26 1183.74  1.024  0.047  0.292 -1.388  0.331  0.118  0.010   2.97
30 1 1 9183.86 1312.06 -0.050 -0.014  0.132  0.047  0.354  0.132  0.010   2.79
 6 1 1 8927.52 1090.45  0.572 -0.051  0.191  0.995  1.195  0.119  0.010   0.82
30 1 1 9171.34 1554.84  0.028 -0.093  0.134 -0.622  0.210  0.128  0.010   4.70
22 1 1 8621.54 1262.93 -0.755 -0.052  0.081 -0.460  0.131  0.133  0.010   7.52
 6 1 1 8449.90  804.80  1.378 -0.041  0.362 -0.116  0.949  0.123  0.010   1.04
30 1 1 8984.81  990.26 -0.120  0.119  0.136  0.739  0.697  0.137  0.010   1.41
 2 1 1 8655.61 1552.52  0.777  0.001  0.227 -0.689  0.368  0.112  0.010   2.68
10 1 1 8662.36  992.01  0.965 -0.227  0.245 -0.205  0.522  0.121  0.010   1.89
30 1 1 9225.99  838.92  0.451  0.078  0.208  0.839  1.229  0.140  0.010   0.80
 2 1 1 8887.24  926.78  0.882  0.047  0.264  0.392  1.025  0.122  0.010   0.96
10 1 1 8573.89 1392.24  1.052  0.082  0.300 -0.152  0.762  0.115  0.010   1.29
30 1 1 8716.64 1520.52  0.142  0.145  0.171  0.943  1.074  0.129  0.010   0.92
10 1 1 8458.34  908.83  0.200  0.041  0.150 -0.847  0.213  0.122  0.010   4.63
30 1 1 8571.51 1208.58  0.187 -0.153  0.152 -0.328  0.293  0.134  0.010   3.37
 2 1 1 8755.53 1416.28 -0.314 -0.079  0.098  0.353  0.298  0.114  0.010   3.31
30 1 1 8440.90  818.37  0.161 -0.099  0.152 -0.057  0.373  0.140  0.010   2.64
10 1 1 8535.94  998.88  0.574 -0.270  0.173 -0.476  0.290  0.121  0.010   3.39
 2 1 1 8643.89 1565.72  0.607 -0.005  0.197  2.328  4.261  0.112  0.010   0.23
10 1 1 8652.88 1291.77  0.778 -0.202  0.207 -0.127  0.475  0.116  0.010   2.07
30 1 1 9085.73 1479.68  0.308  0.050  0.179  0.370  0.680  0.129  0.010   1.45
 2 1 1 8636.11  833.61  0.515 -0.105  0.179 -0.392  0.337  0.123  0.010   2.92
10 1 1 9184.55 1324.45  0.328 -0.040  0.154 -0.442  0.282  0.115  0.010   3.49
 2 1 1 8660.80  971.16  0.845 -0.186  0.220  0.038  0.596  0.121  0.010   1.65
30 1 1 8571.13 1546.98  0.243 -0.107  0.162  0.610  0.698  0.128  0.010   1.41
 2 1 1 8828.41  922.85  1.227 -0.236  0.292 -0.421  0.553  0.122  0.010   1.78
10 1 1 8550.81 1301.57  1.298  0.183  0.402 -1.248  0.507  0.116  0.010   1.94
 2 1 1 8588.92 1178.44  1.268  0.145  0.384 -1.002  0.548  0.119  0.010   1.80
10 1 1 8881.15 1110.47  1.141  0.149  0.347  0.652  1.769  0.119  0.010   0.56
 2 1 1 8698.40 1128.49  0.760 -0.138  0.213  0.038  0.573  0.119  0.010   1.72
10 1 1 8499.98 1418.07  0.886  0.019  0.251 -1.082  0.327  0.114  0.010   3.01
14 1 1 8470.78 1309.86  0.952  0.053  0.273  0.675  1.384  0.116  0.010   0.71
 2 1 1 8719.23 1506.04  0.790 -0.114  0.215  1.087  1.467  0.113  0.010   0.67
22 1 1 8812.20 1461.44 -0.737 -0.036  0.082 -0.045  0.183  0.129  0.010   5.39
 6 1 1 8604.94 1314.90  1.091  0.096  0.308 -0.051  0.868  0.116  0.010   1.13
 2 1 1 8732.56 1405.94  0.964  0.030  0.268 -0.841  0.405  0.114  0.010   2.43
14 1 1 9064.36 1021.29  0.722 -0.242  0.193  0.373  0.646  0.120  0.010   1.52
 2 1 1 8880.26 1506.44  0.809 -0.171  0.215 -0.314  0.437  0.112  0.010   2.25
 6 1 1 8715.40 1457.74  0.756 -0.011  0.223 -0.009  0.604  0.113  0.010   1.63
14 1 1 8607.90 1274.41  0.544 -0.200  0.170  1.828  2.132  0.116  0.010   0.46
 6 1 1 8461.59 1526.47  0.995  0.026  0.279  1.418  2.782  0.112  0.010   0.35
14 1 1 8829.54  849.49  0.704 -0.144  0.199 -0.500  0.346  0.122  0.010   2.85
 6 1 1 9072.93 1203.59  0.396  0.005  0.171 -0.284  0.359  0.117  0.010   2.74
 2 1 1 9211.60 1566.31  1.433 -0.270  0.322 -1.138  0.387  0.111  0.010   2.55
14 1 1 8439.74 1384.90  0.973 -0.179  0.241 -0.221  0.534  0.115  0.010   1.84
 6 1 1 9047.48 1059.06  0.538  0.075  0.196  1.135  1.463  0.119  0.010   0.67
14 1 1 8522.67  849.74  0.868 -0.039  0.242 -0.601  0.408  0.123  0.010   2.42
 2 1 1 8494.09 1132.39  0.720 -0.090  0.213 -0.400  0.409  0.119  0.010   2.41
14 1 1 8555.40 1431.67  0.521 -0.047  0.183  0.161  0.547  0.113  0.010   1.80
 6 1 1 8898.19 1524.75  0.773  0.040  0.231  2.421  5.695  0.111  0.010   0.17
14 1 1 8503.57 1358.42  0.854 -0.024  0.240  0.389  0.914  0.115  0.010   1.08
 2 1 1 8475.19 1270.02  0.903 -0.060  0.246 -0.682  0.403  0.117  0.010   2.45
 6 1 1 8470.78 1309.86  0.702 -0.140  0.200 -0.847  0.279  0.116  0.010   3.53
10 1 1 8885.28 1525.01  1.055 -0.087  0.272 -0.360  0.557  0.112  0.010   1.77
14 1 1 8675.73 1433.49  0.406  0.125  0.183  0.912  1.091  0.113  0.010   0.90
10 1 1 8875.76 1540.95  0.825 -0.042  0.227 -0.437  0.441  0.111  0.010   2.23
14 1 1 8897.76 1347.70  0.456 -0.102  0.182 -1.196  0.209  0.114  0.010   4.68
 2 1 1 8577.51 1049.78  0.893 -0.124  0.239  0.127  0.714  0.120  0.010   1.38
10 1 1 8823.03 1475.04  0.613 -0.206  0.181 -0.910  0.235  0.113  0.010   4.19
 2 1 1 8816.80 1116.76  0.865 -0.173  0.229  1.189  1.673  0.119  0.010   0.59
14 1 1 8655.61 1552.52  1.028  0.297  0.333 -0.483  0.684  0.111  0.010   1.44
 2 1 1 8472.11  978.71  0.772 -0.019  0.229 -0.297  0.496  0.121  0.010   1.99
10 1 1 8669.59  867.68  0.518  0.006  0.192 -0.414  0.363  0.123  0.010   2.72
 2 1 1 8629.47 1131.70  0.824 -0.249  0.212 -0.728  0.310  0.119  0.010   3.18
14 1 1 8448.06 1536.84  0.830  0.034  0.239  0.672  1.209  0.112  0.010   0.82
 2 1 1 8564.07 1569.69  1.300  0.096  0.381  1.509  4.213  0.111  0.010   0.23
14 1 1 8781.88  790.51  0.594 -0.003  0.195  0.502  0.800  0.123  0.010   1.23
10 1 1 8621.54 1262.93  0.567  0.062  0.203 -0.231  0.462  0.117  0.010   2.13
14 1 1 9001.86 1353.84  1.466  0.044  0.415  0.122  1.355  0.114  0.010   0.73
 2 1 1 8873.91 1084.89  1.165 -0.318  0.269 -0.330  0.521  0.119  0.010   1.89
10 1 1 8812.20 1461.44  0.587 -0.108  0.186  0.450  0.703  0.113  0.010   1.40
 2 1 1 8571.92 1446.73  0.667  0.058  0.225 -0.844  0.326  0.114  0.010   3.02
14 1 1 8678.95 1309.63  0.712  0.090  0.227 -0.482  0.436  0.116  0.010   2.26
 2 1 1 8644.99 1023.63  0.857 -0.154  0.233 -0.258  0.498  0.120  0.010   1.98
10 1 1 8891.02 1170.80  0.854  0.189  0.273 -0.073  0.751  0.118  0.010   1.31
 2 1 1 9161.83 1402.73  0.621  0.014  0.202 -0.784  0.303  0.114  0.010   3.26
10 1 1 8560.13  790.87  1.446 -0.060  0.385 -0.445  0.759  0.124  0.010   1.30
14 1 1 8755.53 1416.28 -0.245 -0.009  0.106 -0.496  0.174  0.113  0.010   5.67
22 1 1 8983.37 1095.78 -0.697  0.033  0.087  1.138  0.556  0.135  0.010   1.77
 2 1 1 8679.16 1229.65 -0.199 -0.083  0.107 -0.276  0.203  0.118  0.010   4.86
22 1 1 8891.02 1170.80 -0.688  0.038  0.086  0.110  0.227  0.134  0.010   4.35
10 1 1 8794.20 1338.54  0.114  0.009  0.138  0.400  0.491  0.115  0.010   2.01
22 1 1 8794.20 1338.54 -0.734  0.012  0.083  0.806  0.383  0.131  0.010   2.58
 2 1 1 8767.36 1254.06  0.815 -0.219  0.216 -0.442  0.382  0.117  0.010   2.58
22 1 1 8933.77 1176.74 -0.793 -0.081  0.077 -0.483  0.120  0.134  0.010   8.18
 2 1 1 8510.20 1209.66  0.959 -0.063  0.257 -0.826  0.386  0.118  0.010   2.55
22 1 1 8608.00  902.08  0.869 -0.060  0.274 -0.432  0.538  0.139  0.010   1.83
10 1 1 8933.77 1176.74  0.696 -0.021  0.213  0.364  0.781  0.118  0.010   1.26
 2 1 1 9122.11 1528.57  0.950  0.048  0.264 -0.505  0.502  0.111  0.010   1.96
10 1 1 9165.27 1437.17  0.559 -0.165  0.173 -0.275  0.349  0.113  0.010   2.82
22 1 1 8430.81  904.90 -0.741  0.038  0.084  0.332  0.266  0.139  0.010   3.70
10 1 1 9023.40 1550.05  0.819 -0.047  0.226  0.407  0.864  0.111  0.010   1.14
22 1 1 9165.27 1437.17 -0.802  0.005  0.078 -0.087  0.167  0.130  0.010   5.90
 2 1 1 9104.70 1451.32  0.752  0.003  0.223 -0.582  0.384  0.113  0.010   2.57
22 1 1 9023.40 1550.05 -0.692  0.005  0.083  0.156  0.222  0.128  0.010   4.43
10 1 1 8539.07 1107.61  0.667 -0.049  0.213 -0.843  0.299  0.119  0.010   3.29
 2 1 1 8901.71  883.85  1.227  0.123  0.359 -0.176  0.928  0.122  0.010   1.06
22 1 1 8527.45 1159.34 -0.729  0.008  0.084  1.324  0.618  0.135  0.010   1.59
 2 1 1 9050.61 1409.28  0.793 -0.012  0.226  0.237  0.762  0.114  0.010   1.29
22 1 1 8539.07 1107.61 -0.760  0.018  0.082 -0.292  0.154  0.135  0.010   6.40
10 1 1 9059.48 1516.75  0.665 -0.086  0.194 -1.187  0.229  0.112  0.010   4.30
 2 1 1 8583.66  920.56  0.862 -0.124  0.233  0.716  1.136  0.122  0.010   0.87
10 1 1 9173.76  815.39  1.066  0.035  0.296  2.562  8.428  0.123  0.010   0.12
22 1 1 8559.89 1195.34 -0.778  0.016  0.081  0.354  0.256  0.134  0.010   3.85
10 1 1 8713.03 1277.98  0.751 -0.036  0.221 -0.183  0.515  0.116  0.010   1.91
22 1 1 9059.48 1516.75 -0.769 -0.035  0.078 -0.329  0.138  0.128  0.010   7.14
 2 1 1 8516.03  962.91  0.862 -0.134  0.231  0.042  0.634  0.122  0.010   1.55
10 1 1 9106.58  794.37  0.679  0.006  0.214  1.389  1.996  0.124  0.010   0.49
22 1 1 9173.76  815.39 -0.689  0.011  0.086  0.544  0.322  0.140  0.010   3.06
10 1 1 8741.99 1197.88  0.741 -0.020  0.222 -0.432  0.430  0.118  0.010   2.29
22 1 1 8713.03 1277.98 -0.657 -0.079  0.085 -0.261  0.159  0.132  0.010   6.20
10 1 1 8848.37 1513.56  0.690 -0.082  0.203  0.432  0.782  0.112  0.010   1.26
 2 1 1 9117.74 1396.09  0.880  0.157  0.267  0.630  1.340  0.114  0.010   0.74
10 1 1 8785.36  803.51  0.494  0.151  0.199  1.027  1.363  0.123  0.010   0.72
 2 1 1 9211.08  813.89  1.000  0.016  0.276  0.501  1.206  0.123  0.010   0.82
22 1 1 9106.58  794.37 -0.729 -0.001  0.083  0.288  0.250  0.140  0.010   3.94
 2 1 1 8994.10 1563.86  0.923 -0.096  0.237 -0.090  0.600  0.111  0.010   1.64
10 1 1 8990.79  972.88  0.798  0.071  0.245  0.950  1.606  0.121  0.010   0.61
22 1 1 8741.99 1197.88 -0.696 -0.048  0.084 -0.227  0.162  0.134  0.010   6.08
 2 1 1 8492.54 1303.88  1.066  0.191  0.334  1.320  3.140  0.116  0.010   0.31
10 1 1 8449.90  804.80  1.327 -0.126  0.331 -0.275  0.736  0.124  0.010   1.34
 2 1 1 8975.43 1160.52  0.892 -0.002  0.250  1.089  1.820  0.118  0.010   0.54
22 1 1 8848.37 1513.56 -0.730  0.023  0.084  0.759  0.378  0.128  0.010   2.60
10 1 1 8604.94 1314.90  0.805 -0.132  0.220 -0.091  0.532  0.116  0.010   1.85
22 1 1 8785.36  803.51 -0.710 -0.008  0.084  0.770  0.378  0.140  0.010   2.61
10 1 1 8715.40 1457.74  0.693 -0.066  0.204  0.455  0.798  0.113  0.010   1.24
 2 1 1 9184.36 1477.06  0.768 -0.071  0.213  0.690  1.038  0.113  0.010   0.95
22 1 1 8927.52 1090.45 -0.640  0.037  0.091  1.200  0.617  0.135  0.010   1.60
10 1 1 9072.93 1203.59  0.276 -0.011  0.155  0.320  0.524  0.117  0.010   1.88
 2 1 1 9183.86 1312.06  0.795  0.174  0.256  0.250  0.913  0.115  0.010   1.08
10 1 1 8898.19 1524.75  1.165 -0.095  0.292  3.489 19.255  0.112  0.010   0.05
22 1 1 8449.90  804.80 -0.706  0.022  0.085  0.190  0.238  0.140  0.010   4.14
10 1 1 8470.78 1309.86  0.704  0.002  0.222  0.153  0.677  0.116  0.010   1.46
 2 1 1 9171.34 1554.84  1.107 -0.191  0.258 -0.388  0.505  0.111  0.010   1.95
10 1 1 9064.36 1021.29  1.044 -0.394  0.232 -0.340  0.432  0.120  0.010   2.28
22 1 1 8604.94 1314.90 -0.736  0.071  0.084  0.126  0.225  0.132  0.010   4.38
 2 1 1 8984.81  990.26  1.229  0.303  0.407 -0.472  0.863  0.121  0.010   1.14
10 1 1 8607.90 1274.41  1.007 -0.313  0.237 -0.323  0.453  0.117  0.010   2.17
 6 1 1 9064.36 1021.29  0.839 -0.262  0.206  0.819  1.061  0.120  0.010   0.93
22 1 1 8673.56 1265.57 -0.651 -0.037  0.086 -0.091  0.186  0.133  0.010   5.28
 6 1 1 8607.90 1274.41  0.897 -0.060  0.241 -0.761  0.375  0.116  0.010   2.63
22 1 1 8715.40 1457.74 -0.669  0.015  0.087  0.356  0.275  0.129  0.010   3.58
 6 1 1 9029.86  961.56  0.761  0.089  0.241  2.054  4.258  0.121  0.010   0.23
22 1 1 8533.68 1414.93 -0.705 -0.017  0.083  0.062  0.204  0.130  0.010   4.83
 6 1 1 8829.54  849.49  0.755 -0.051  0.218  1.134  1.595  0.122  0.010   0.62
 2 1 1 9199.84 1314.09  0.283  0.127  0.165  2.995  6.609  0.115  0.010   0.15
22 1 1 9072.93 1203.59 -0.575 -0.041  0.090  0.701  0.387  0.133  0.010   2.55
 6 1 1 8555.40 1431.67  0.635 -0.050  0.201 -0.406  0.387  0.114  0.010   2.55
22 1 1 9047.48 1059.06 -0.615  0.044  0.091  0.011  0.225  0.136  0.010   4.37
 2 1 1 9225.99  838.92  0.475 -0.143  0.170  0.383  0.591  0.123  0.010   1.67
 6 1 1 8503.57 1358.42  1.109 -0.277  0.262 -1.176  0.296  0.115  0.010   3.32
22 1 1 8898.19 1524.75 -0.593 -0.004  0.091  0.942  0.488  0.128  0.010   2.02
 6 1 1 8675.73 1433.49  0.592  0.199  0.222  1.419  2.212  0.113  0.010   0.45
14 1 1 8836.02  895.11  0.971 -0.061  0.262  0.713  1.299  0.122  0.010   0.76
 2 1 1 8716.64 1520.52  1.331  0.020  0.360  0.257  1.296  0.112  0.010   0.76
22 1 1 8470.78 1309.86 -0.697 -0.023  0.084  0.244  0.239  0.132  0.010   4.13
 2 1 1 8571.51 1208.58  0.972 -0.272  0.239 -0.661  0.361  0.118  0.010   2.73
14 1 1 8643.89 1565.72  0.775 -0.262  0.201 -0.597  0.308  0.111  0.010   3.20
22 1 1 9064.36 1021.29 -0.611 -0.062  0.088 -0.053  0.197  0.136  0.010   5.01
14 1 1 8636.11  833.61  0.607 -0.228  0.176 -0.144  0.382  0.123  0.010   2.58
22 1 1 8607.90 1274.41 -0.680 -0.084  0.083 -0.329  0.147  0.133  0.010   6.69
 6 1 1 8897.76 1347.70  0.682 -0.157  0.205 -1.517  0.210  0.115  0.010   4.66
10 1 1 8829.54  849.49  0.520 -0.055  0.183 -0.675  0.286  0.123  0.010   3.44
 6 1 1 8655.61 1552.52  0.743  0.039  0.227 -0.624  0.388  0.111  0.010   2.54
30 1 1 9192.71 1410.36  0.994  0.209  0.348  0.271  1.341  0.130  0.010   0.74
 6 1 1 8887.24  926.78  0.684 -0.098  0.202 -0.806  0.296  0.121  0.010   3.33
10 1 1 8439.74 1384.90  0.886 -0.159  0.229  0.223  0.727  0.115  0.010   1.35
14 1 1 8511.25 1425.42  1.273  0.106  0.360  0.207  1.292  0.114  0.010   0.76
22 1 1 8829.54  849.49 -0.675 -0.031  0.086 -0.486  0.140  0.139  0.010   7.05
10 1 1 8522.67  849.74  0.834  0.001  0.237  0.511  1.020  0.123  0.010   0.97
22 1 1 8439.74 1384.90 -0.571 -0.082  0.090 -0.354  0.160  0.131  0.010   6.16
14 1 1 8588.92 1178.44  1.225  0.146  0.366  2.798 13.275  0.118  0.010   0.07
10 1 1 8555.40 1431.67  0.407 -0.040  0.169 -0.758  0.248  0.114  0.010   3.97
14 1 1 8539.46 1429.12  0.939  0.045  0.265  0.774  1.469  0.114  0.010   0.67
10 1 1 8503.57 1358.42  0.937 -0.152  0.248  0.169  0.733  0.115  0.010   1.34
22 1 1 8522.67  849.74 -0.580 -0.014  0.091 -0.043  0.213  0.139  0.010   4.62
10 1 1 8675.73 1433.49  0.508 -0.052  0.178 -0.053  0.444  0.114  0.010   2.22
14 1 1 8698.40 1128.49  1.052 -0.144  0.260  0.062  0.730  0.118  0.010   1.35
10 1 1 8897.76 1347.70  0.593 -0.052  0.206 -0.275  0.448  0.115  0.010   2.18
22 1 1 8555.40 1431.67 -0.588 -0.010  0.091  0.250  0.269  0.130  0.010   3.67
14 1 1 8719.23 1506.04  0.843 -0.087  0.224  0.789  1.191  0.112  0.010   0.83
22 1 1 8503.57 1358.42 -0.532 -0.055  0.094 -0.237  0.182  0.131  0.010   5.41
10 1 1 8655.61 1552.52  0.950 -0.266  0.226 -1.022  0.276  0.112  0.010   3.57
14 1 1 8529.79 1022.26  1.044  0.051  0.294 -0.483  0.564  0.120  0.010   1.75
22 1 1 8675.73 1433.49 -0.580  0.023  0.092  0.909  0.483  0.130  0.010   2.04
10 1 1 8887.24  926.78  0.868  0.098  0.265  0.405  1.074  0.122  0.010   0.92
14 1 1 8732.56 1405.94  0.915 -0.092  0.241 -0.293  0.510  0.114  0.010   1.93
22 1 1 8897.76 1347.70 -0.538 -0.121  0.100 -1.005  0.119  0.131  0.010   8.23
14 1 1 8880.26 1506.44  0.920  0.005  0.255  0.469  1.076  0.112  0.010   0.91
10 1 1 8678.95 1309.63  0.443 -0.136  0.165  1.965  2.371  0.116  0.010   0.42
 2 1 1 9192.71 1410.36  1.062 -0.159  0.263 -1.122  0.314  0.114  0.010   3.14
 6 1 1 8448.06 1536.84  0.800  0.132  0.251 -0.214  0.615  0.112  0.010   1.60
14 1 1 9211.60 1566.31  1.045 -0.009  0.272 -0.626  0.466  0.110  0.010   2.11
10 1 1 8755.53 1416.28 -0.122 -0.029  0.114  0.002  0.274  0.114  0.010   3.60
14 1 1 8494.09 1132.39  0.888 -0.046  0.242  0.275  0.828  0.119  0.010   1.19
22 1 1 8655.61 1552.52 -0.563  0.020  0.093 -0.204  0.189  0.128  0.010   5.22
10 1 1 8836.02  895.11  0.908 -0.210  0.227 -1.173  0.265  0.122  0.010   3.72
14 1 1 8900.88 1147.28  1.146  0.364  0.390  0.836  2.477  0.118  0.010   0.40
22 1 1 8887.24  926.78 -0.633 -0.024  0.089 -0.283  0.170  0.138  0.010   5.80
10 1 1 8643.89 1565.72  0.688  0.036  0.215  0.593  0.978  0.111  0.010   1.01
14 1 1 8713.39  888.50  0.903 -0.309  0.214  0.395  0.733  0.122  0.010   1.34
22 1 1 8448.06 1536.84 -0.520  0.002  0.095  0.463  0.341  0.128  0.010   2.89
10 1 1 8636.11  833.61  0.950 -0.278  0.231 -0.286  0.450  0.123  0.010   2.19
14 1 1 8475.19 1270.02  1.038 -0.155  0.262  0.912  1.530  0.116  0.010   0.64
22 1 1 9001.86 1353.84 -0.428  0.036  0.105  2.512  2.482  0.131  0.010   0.40
10 1 1 8660.80  971.16  0.845 -0.013  0.243 -0.503  0.449  0.121  0.010   2.20
22 1 1 8678.95 1309.63 -0.568 -0.031  0.091  0.361  0.290  0.132  0.010   3.40
10 1 1 8511.25 1425.42  1.221 -0.067  0.318 -1.283  0.369  0.114  0.010   2.67
22 1 1 8755.53 1416.28 -0.157 -0.007  0.125 -0.431  0.228  0.130  0.010   4.32
10 1 1 8588.92 1178.44  1.409 -0.122  0.355 -1.126  0.452  0.118  0.010   2.18
22 1 1 8652.29  900.45 -0.332 -0.015  0.109 -0.349  0.207  0.138  0.010   4.74
10 1 1 8539.46 1429.12  0.647 -0.193  0.186 -0.928  0.240  0.114  0.010   4.11
22 1 1 8836.02  895.11 -0.478 -0.020  0.099  0.606  0.400  0.138  0.010   2.46
10 1 1 8698.40 1128.49  0.930 -0.285  0.223 -0.086  0.522  0.119  0.010   1.89
22 1 1 8643.89 1565.72 -0.454  0.014  0.099  1.090  0.620  0.128  0.010   1.59
 6 1 1 9001.86 1353.84  1.226  0.267  0.399  1.975  7.192  0.114  0.010   0.14
14 1 1 8816.80 1116.76  0.639 -0.221  0.181  0.213  0.533  0.119  0.010   1.85
22 1 1 8573.53 1477.15 -0.473  0.039  0.100  0.157  0.282  0.129  0.010   3.49
10 1 1 8719.23 1506.04  0.828 -0.089  0.225 -0.445  0.419  0.112  0.010   2.36
22 1 1 8636.11  833.61 -0.461 -0.098  0.095 -0.164  0.198  0.140  0.010   4.98
10 1 1 8529.79 1022.26  1.054  0.091  0.310 -0.030  0.870  0.120  0.010   1.13
 6 1 1 8755.53 1416.28 -0.192 -0.040  0.109  0.028  0.263  0.113  0.010   3.75
14 1 1 8472.11  978.71  1.148  0.190  0.344  0.115  1.133  0.121  0.010   0.87
 6 1 1 8836.02  895.11  0.796  0.116  0.251 -0.305  0.563  0.122  0.010   1.75
14 1 1 8629.47 1131.70  0.646 -0.080  0.194 -1.263  0.222  0.118  0.010   4.44
10 1 1 8732.56 1405.94  1.242 -0.016  0.327  0.711  1.724  0.114  0.010   0.57
22 1 1 8660.80  971.16 -0.563 -0.012  0.092  0.187  0.257  0.137  0.010   3.83
10 1 1 8880.26 1506.44  0.863 -0.068  0.237  1.630  2.760  0.112  0.010   0.36
22 1 1 8511.25 1425.42 -0.461  0.048  0.102  1.100  0.664  0.130  0.010   1.48
10 1 1 9211.60 1566.31  1.315 -0.015  0.340  0.284  1.239  0.111  0.010   0.80
 6 1 1 8643.89 1565.72  0.539 -0.016  0.186 -0.282  0.396  0.111  0.010   2.49
10 1 1 8494.09 1132.39  0.866  0.030  0.251 -0.142  0.629  0.119  0.010   1.57
14 1 1 8538.57 1489.67  0.417  0.042  0.175  0.618  0.794  0.113  0.010   1.24
10 1 1 8867.97 1523.99  1.029 -0.138  0.257 -0.278  0.551  0.112  0.010   1.79
22 1 1 8828.41  922.85 -0.448  0.004  0.101  1.331  0.799  0.138  0.010   1.23
10 1 1 8713.39  888.50  1.071 -0.214  0.259 -0.156  0.594  0.122  0.010   1.66
14 1 1 8564.07 1569.69  1.123  0.176  0.335 -0.047  0.954  0.111  0.010   1.03
10 1 1 8475.19 1270.02  1.010 -0.133  0.255 -0.507  0.467  0.117  0.010   2.11
14 1 1 8873.91 1084.89  0.909 -0.314  0.212  0.772  1.014  0.119  0.010   0.97
10 1 1 8816.80 1116.76  0.620 -0.072  0.196  0.251  0.633  0.119  0.010   1.56
14 1 1 8571.92 1446.73  0.683 -0.081  0.203  0.400  0.748  0.113  0.010   1.32
22 1 1 8588.92 1178.44 -0.480 -0.011  0.098 -0.332  0.187  0.134  0.010   5.26
14 1 1 8644.99 1023.63  1.204 -0.210  0.285 -0.448  0.534  0.120  0.010   1.84
22 1 1 8539.46 1429.12 -0.468 -0.018  0.099  0.447  0.346  0.130  0.010   2.85
14 1 1 9161.83 1402.73  0.493  0.082  0.186  0.103  0.553  0.113  0.010   1.78
22 1 1 8698.40 1128.49 -0.445  0.017  0.102 -0.224  0.210  0.135  0.010   4.68
14 1 1 8432.22 1414.11  0.811 -0.038  0.233 -0.004  0.627  0.114  0.010   1.57
22 1 1 8719.23 1506.04 -0.492 -0.010  0.096 -0.132  0.208  0.128  0.010   4.73
10 1 1 8629.47 1131.70  0.843 -0.047  0.238 -0.701  0.380  0.119  0.010   2.59
14 1 1 8679.16 1229.65 -0.100 -0.041  0.116 -0.221  0.234  0.117  0.010   4.22
22 1 1 8529.79 1022.26 -0.477 -0.028  0.097  0.440  0.346  0.137  0.010   2.85
14 1 1 8837.04  865.06  1.017  0.073  0.292  0.518  1.282  0.122  0.010   0.77
22 1 1 8732.56 1405.94 -0.535 -0.054  0.092 -0.202  0.185  0.130  0.010   5.32
14 1 1 8767.36 1254.06  1.250  0.051  0.343 -0.980  0.486  0.116  0.010   2.03
22 1 1 8880.26 1506.44 -0.560 -0.036  0.093  0.040  0.231  0.128  0.010   4.26
14 1 1 9122.11 1528.57  0.965  0.073  0.265  1.480  2.826  0.111  0.010   0.35
22 1 1 9211.60 1566.31 -0.477 -0.055  0.093 -0.063  0.210  0.127  0.010   4.69
14 1 1 9104.70 1451.32  0.572  0.240  0.220  0.300  0.807  0.112  0.010   1.22
22 1 1 8494.09 1132.39 -0.393 -0.053  0.103  0.366  0.336  0.135  0.010   2.93
 6 1 1 8511.25 1425.42  1.094  0.087  0.312 -0.298  0.717  0.114  0.010   1.37
22 1 1 8900.88 1147.28 -0.374 -0.010  0.106  0.538  0.410  0.134  0.010   2.40
10 1 1 8538.57 1489.67  0.632 -0.082  0.193  0.955  1.165  0.113  0.010   0.85
 6 1 1 8828.41  922.85  1.117 -0.179  0.275 -0.351  0.557  0.121  0.010   1.77
22 1 1 8867.97 1523.99 -0.350  0.023  0.109  0.330  0.362  0.128  0.010   2.72
 6 1 1 8588.92 1178.44  1.316 -0.047  0.350  0.107  1.101  0.118  0.010   0.89
10 1 1 8564.07 1569.69  1.087  0.166  0.327  0.642  1.665  0.111  0.010   0.59
 6 1 1 8539.46 1429.12  0.590 -0.107  0.186  0.380  0.664  0.114  0.010   1.48
10 1 1 8873.91 1084.89  0.901 -0.175  0.229 -0.304  0.471  0.119  0.010   2.09
14 1 1 9050.61 1409.28  0.796 -0.121  0.214  0.349  0.755  0.113  0.010   1.31
 6 1 1 8698.40 1128.49  0.806  0.126  0.261  0.622  1.249  0.119  0.010   0.79
14 1 1 8914.08  954.56  1.077  0.045  0.293 -0.540  0.552  0.121  0.010   1.78
 6 1 1 8719.23 1506.04  0.766 -0.050  0.218  0.777  1.156  0.112  0.010   0.85
22 1 1 8713.39  888.50 -0.439 -0.066  0.098  0.578  0.385  0.139  0.010   2.56
 6 1 1 8529.79 1022.26  1.082 -0.125  0.274 -0.246  0.612  0.120  0.010   1.61
22 1 1 8475.19 1270.02 -0.379  0.076  0.110  0.427  0.406  0.133  0.010   2.43
10 1 1 8571.92 1446.73  0.547  0.178  0.212  1.552  2.351  0.114  0.010   0.42
 6 1 1 8732.56 1405.94  0.978  0.045  0.276  0.992  1.851  0.114  0.010   0.53
10 1 1 8644.99 1023.63  1.404 -0.083  0.373 -1.526  0.396  0.120  0.010   2.49
14 1 1 8583.66  920.56  1.091 -0.104  0.275 -0.517  0.498  0.122  0.010   1.98
10 1 1 9161.83 1402.73  0.474 -0.038  0.173  0.449  0.663  0.114  0.010   1.49
 6 1 1 9211.60 1566.31  1.188 -0.252  0.266 -0.513  0.469  0.110  0.010   2.10
14 1 1 8560.57 1376.08  0.994  0.012  0.277  1.999  4.565  0.114  0.010   0.22
 6 1 1 8494.09 1132.39  0.765  0.046  0.235 -0.271  0.529  0.119  0.010   1.86
10 1 1 8542.16  797.64  1.436  0.287  0.479 -1.265  0.612  0.124  0.010   1.61
 6 1 1 8900.88 1147.28  0.899  0.148  0.276  0.787  1.592  0.118  0.010   0.62
22 1 1 8577.51 1049.78 -0.386 -0.031  0.105 -0.216  0.215  0.136  0.010   4.57
 6 1 1 8867.97 1523.99  1.133 -0.094  0.290 -0.516  0.528  0.111  0.010   1.87
22 1 1 8816.80 1116.76 -0.387  0.004  0.105  0.689  0.465  0.135  0.010   2.12
 6 1 1 8713.39  888.50  1.046 -0.134  0.264 -0.204  0.606  0.122  0.010   1.62
22 1 1 8472.11  978.71 -0.356  0.075  0.110  2.866  3.730  0.138  0.010   0.26
 6 1 1 8475.19 1270.02  0.927 -0.078  0.251 -0.473  0.468  0.116  0.010   2.11
22 1 1 8629.47 1131.70 -0.441  0.013  0.101 -0.178  0.220  0.135  0.010   4.48
10 1 1 8679.16 1229.65 -0.002 -0.015  0.126  0.036  0.325  0.117  0.010   3.04
14 1 1 9100.78  859.52  0.799  0.063  0.241  2.609  7.046  0.122  0.010   0.14
10 1 1 8837.04  865.06  0.644 -0.117  0.193 -0.715  0.294  0.123  0.010   3.35
 6 1 1 8577.51 1049.78  0.848  0.043  0.250  0.129  0.779  0.120  0.010   1.26
14 1 1 9117.74 1396.09  0.751 -0.163  0.199 -0.398  0.376  0.114  0.010   2.62
 6 1 1 8816.80 1116.76  0.906  0.013  0.254  0.779  1.412  0.118  0.010   0.70
14 1 1 9211.08  813.89  1.114 -0.044  0.292  0.753  1.537  0.123  0.010   0.64
10 1 1 8767.36 1254.06  0.661  0.086  0.219 -0.415  0.443  0.117  0.010   2.23
 6 1 1 8629.47 1131.70  0.657  0.036  0.216 -0.273  0.476  0.119  0.010   2.07
14 1 1 8492.54 1303.88  1.176  0.244  0.368 -0.498  0.752  0.116  0.010   1.31
10 1 1 8510.20 1209.66  1.169 -0.142  0.291 -0.388  0.585  0.118  0.010   1.68
 6 1 1 8538.57 1489.67  0.541 -0.038  0.185  1.724  2.271  0.113  0.010   0.43
10 1 1 9122.11 1528.57  1.154  0.059  0.319 -0.590  0.572  0.111  0.010   1.72
 6 1 1 8564.07 1569.69  1.310 -0.114  0.337  0.291  1.181  0.111  0.010   0.83
10 1 1 9104.70 1451.32  0.536  0.007  0.185 -0.202  0.422  0.113  0.010   2.34
14 1 1 8975.43 1160.52  0.955 -0.123  0.239 -0.520  0.430  0.118  0.010   2.29
 6 1 1 8873.91 1084.89  0.647 -0.087  0.195  0.424  0.737  0.119  0.010   1.34
22 1 1 8538.57 1489.67 -0.295  0.075  0.116  0.878  0.637  0.129  0.010   1.55
 6 1 1 8571.92 1446.73  0.709 -0.143  0.200 -0.765  0.295  0.113  0.010   3.34
14 1 1 9184.36 1477.06  0.558 -0.043  0.180  0.340  0.642  0.112  0.010   1.54
22 1 1 8873.91 1084.89 -0.324 -0.067  0.106  0.368  0.352  0.135  0.010   2.80
10 1 1 8583.66  920.56  0.811  0.058  0.244  0.129  0.763  0.122  0.010   1.29
14 1 1 9183.86 1312.06  1.084 -0.009  0.280 -0.783  0.441  0.115  0.010   2.24
 6 1 1 8644.99 1023.63  0.673 -0.182  0.196 -0.308  0.387  0.120  0.010   2.54
22 1 1 8571.92 1446.73 -0.294 -0.011  0.112  0.298  0.358  0.130  0.010   2.75
10 1 1 8516.03  962.91  1.187 -0.297  0.271 -0.854  0.372  0.121  0.010   2.65
22 1 1 8644.99 1023.63 -0.329  0.036  0.112 -0.030  0.279  0.137  0.010   3.53
14 1 1 9171.34 1554.84  1.293 -0.018  0.328 -1.059  0.440  0.110  0.010   2.24
10 1 1 8634.92  895.61  0.884 -0.129  0.235 -0.465  0.427  0.122  0.010   2.31
 6 1 1 9161.83 1402.73  0.598 -0.212  0.175 -0.375  0.322  0.113  0.010   3.07
10 1 1 9117.74 1396.09  0.498 -0.084  0.171  0.302  0.574  0.114  0.010   1.72
14 1 1 9199.84 1314.09  0.076  0.049  0.134  1.419  1.181  0.115  0.010   0.84
 6 1 1 8432.22 1414.11  0.918 -0.128  0.244  3.659 17.557  0.114  0.010   0.06
22 1 1 9161.83 1402.73 -0.331 -0.007  0.108  0.124  0.296  0.130  0.010   3.34
 6 1 1 8679.16 1229.65 -0.077 -0.050  0.118  0.009  0.289  0.117  0.010   3.42
10 1 1 8492.54 1303.88  0.998  0.035  0.279 -0.468  0.550  0.116  0.010   1.79
14 1 1 9225.99  838.92  0.370 -0.143  0.153  0.043  0.390  0.123  0.010   2.53
 6 1 1 8837.04  865.06  1.238  0.182  0.373 -0.374  0.836  0.122  0.010   1.18
10 1 1 8975.43 1160.52  0.880 -0.036  0.240 -0.139  0.595  0.118  0.010   1.66
22 1 1 8542.16  797.64 -0.424  0.025  0.103  0.194  0.304  0.140  0.010   3.24
 6 1 1 8767.36 1254.06  0.638  0.005  0.206 -0.205  0.472  0.116  0.010   2.09
14 1 1 8571.51 1208.58  1.002 -0.051  0.264 -0.663  0.436  0.118  0.010   2.26
 6 1 1 8510.20 1209.66  1.227  0.234  0.399  1.006  2.880  0.117  0.010   0.34
22 1 1 8679.16 1229.65  0.231 -0.075  0.162  1.431  1.497  0.133  0.010   0.66
10 1 1 9184.36 1477.06  0.798 -0.075  0.217  3.394 12.501  0.112  0.010   0.08
 6 1 1 9122.11 1528.57  0.919 -0.147  0.229 -1.409  0.244  0.111  0.010   4.04
14 1 1 9085.73 1479.68  1.382  0.173  0.406 -1.433  0.480  0.112  0.010   2.05
22 1 1 8837.04  865.06 -0.335 -0.068  0.107 -0.005  0.259  0.139  0.010   3.80
 6 1 1 9104.70 1451.32  0.661 -0.011  0.207 -0.730  0.318  0.112  0.010   3.10
10 1 1 9183.86 1312.06  1.324 -0.341  0.292 -1.087  0.345  0.115  0.010   2.86
14 1 1 8571.13 1546.98  1.394 -0.030  0.366  0.740  1.998  0.111  0.010   0.49
22 1 1 8767.36 1254.06 -0.227 -0.058  0.115 -0.456  0.200  0.133  0.010   4.93
 6 1 1 8583.66  920.56  0.994 -0.124  0.258  0.543  1.094  0.122  0.010   0.90
10 1 1 9199.84 1314.09  0.262 -0.122  0.142  0.238  0.428  0.115  0.010   2.31
22 1 1 8510.20 1209.66 -0.320 -0.057  0.110  0.234  0.323  0.134  0.010   3.05
 6 1 1 8560.57 1376.08  1.406 -0.194  0.340 -0.152  0.818  0.114  0.010   1.20
10 1 1 9225.99  838.92  0.343  0.056  0.167  0.884  0.961  0.123  0.010   1.03
22 1 1 9122.11 1528.57 -0.334 -0.062  0.103 -0.406  0.183  0.128  0.010   5.38
 6 1 1 8516.03  962.91  1.108 -0.164  0.275 -1.179  0.323  0.121  0.010   3.05
22 1 1 9042.83 1046.41 -0.145  0.012  0.127  0.493  0.498  0.136  0.010   1.98
10 1 1 8716.64 1520.52  1.070 -0.124  0.267 -0.623  0.443  0.112  0.010   2.23
 6 1 1 8634.92  895.61  0.984 -0.186  0.245 -0.172  0.560  0.122  0.010   1.76
10 1 1 8571.51 1208.58  1.120  0.177  0.345 -0.617  0.626  0.118  0.010   1.57
 6 1 1 9117.74 1396.09  0.600 -0.013  0.193  0.097  0.562  0.113  0.010   1.76
22 1 1 9104.70 1451.32 -0.258  0.029  0.116  1.097  0.754  0.129  0.010   1.31
14 1 1 9192.71 1410.36  1.026 -0.242  0.236 -0.754  0.347  0.113  0.010   2.84
10 1 1 9085.73 1479.68  1.175 -0.039  0.304  0.784  1.669  0.112  0.010   0.59
22 1 1 9050.61 1409.28 -0.234 -0.000  0.116 -0.227  0.246  0.130  0.010   4.00
 6 1 1 8994.10 1563.86  1.372  0.059  0.381  0.772  2.205  0.110  0.010   0.45
22 1 1 8914.08  954.56 -0.270  0.083  0.119  0.569  0.508  0.137  0.010   1.94
22 1 1 8583.66  920.56 -0.270  0.025  0.117 -0.207  0.251  0.138  0.010   3.93
 6 1 1 8975.43 1160.52  1.184 -0.263  0.273 -0.937  0.362  0.118  0.010   2.72
22 1 1 8560.57 1376.08 -0.079 -0.019  0.132  0.424  0.478  0.131  0.010   2.06
 6 1 1 9004.52  859.86  0.903 -0.073  0.245  1.957  3.813  0.122  0.010   0.26
22 1 1 8516.03  962.91 -0.323 -0.020  0.109  0.561  0.434  0.138  0.010   2.27
 6 1 1 9184.36 1477.06  0.771 -0.018  0.220  0.273  0.758  0.112  0.010   1.30
22 1 1 9100.78  859.52 -0.269  0.084  0.121  2.170  2.201  0.139  0.010   0.45
 6 1 1 9183.86 1312.06  0.828  0.034  0.238  0.516  1.026  0.115  0.010   0.96
10 1 1 9192.71 1410.36  1.005 -0.147  0.249  0.007  0.661  0.113  0.010   1.49
22 1 1 8634.92  895.61 -0.147 -0.047  0.124 -0.129  0.281  0.139  0.010   3.51
 6 1 1 9199.84 1314.09  0.218  0.021  0.147  2.002  2.241  0.115  0.010   0.44
22 1 1 9117.74 1396.09 -0.226 -0.069  0.113 -0.301  0.220  0.130  0.010   4.48
22 1 1 9211.08  813.89 -0.140  0.059  0.131  0.569  0.557  0.140  0.010   1.77
 6 1 1 8716.64 1520.52  1.139 -0.106  0.285 -1.092  0.363  0.112  0.010   2.72
22 1 1 8994.10 1563.86 -0.132  0.022  0.126  2.642  3.469  0.127  0.010   0.28
 6 1 1 8571.51 1208.58  1.113 -0.184  0.269 -0.947  0.365  0.118  0.010   2.70
22 1 1 8492.54 1303.88 -0.246  0.048  0.119  0.515  0.477  0.132  0.010   2.07
22 1 1 8975.43 1160.52 -0.091 -0.034  0.128 -0.614  0.205  0.134  0.010   4.80
22 1 1 9004.52  859.86 -0.241  0.021  0.121  0.204  0.365  0.139  0.010   2.70
22 1 1 9184.36 1477.06 -0.048  0.004  0.132  0.902  0.751  0.129  0.010   1.31
22 1 1 9183.86 1312.06 -0.016 -0.017  0.135  0.810  0.702  0.132  0.010   1.40
22 1 1 9171.34 1554.84 -0.001 -0.116  0.128 -0.339  0.243  0.128  0.010   4.06
22 1 1 9199.84 1314.09  0.653 -0.053  0.227  2.372  5.197  0.132  0.010   0.19
22 1 1 9225.99  838.92  0.254 -0.160  0.161 -0.246  0.332  0.139  0.010   2.97
 6 1 1 9192.71 1410.36  0.927  0.212  0.285  0.553  1.362  0.113  0.010   0.72
22 1 1 9203.00 1488.53  0.098  0.000  0.147 -0.478  0.267  0.129  0.010   3.70
22 1 1 8716.64 1520.52  0.241 -0.052  0.162 -0.604  0.266  0.128  0.010   3.71
22 1 1 8571.51 1208.58  0.130 -0.146  0.144 -0.517  0.243  0.134  0.010   4.06
22 1 1 8440.90  818.37  0.216  0.066  0.172  0.125  0.529  0.140  0.010   1.86
22 1 1 9085.73 1479.68  0.147  0.002  0.153  0.025  0.416  0.129  0.010   2.37
22 1 1 9192.71 1410.36  0.823 -0.025  0.262  2.581  7.519  0.130  0.010   0.13
